word,lemma,esdb_pos
abased,abase,vd
abases,abase,vs
abashed,abash,vd
abashes,abash,vs
abasing,abase,vg
abated,abate,vd
abates,abate,vs
abating,abate,vg
abbes,abbe,ns
abbeys,abbey,ns
abbots,abbot,ns
abducts,abduct,vs
abets,abet,vs
abetted,abet,vd
abhors,abhor,vs
abides,abide,vs
abiding,abide,vg
abjured,abjure,vd
abjures,abjure,vs
ablated,ablate,vd
ablates,ablate,vs
abler,able,aj1
ablest,able,aj2
abode,abide,vd
abodes,abode,ns
aborted,abort,vd
aborts,abort,vs
abounds,abound,vs
abraded,abrade,vd
abrades,abrade,vs
abseils,abseil,ms
absents,absent,vs
absorbs,absorb,vs
abused,abuse,vd
abusers,abuser,ns
abuses,abuse,ms
abusing,abuse,vg
abuts,abut,vs
abutted,abut,vd
abysses,abyss,ns
acacias,acacia,ns
acceded,accede,vd
accedes,accede,vs
accents,accent,ms
accepts,accept,vs
accords,accord,ms
accosts,accost,ms
accrued,accrue,vd
accrues,accrue,vs
accused,accuse,vd
accuses,accuse,vs
aced,ace,vd
aces,ace,ms
ached,ache,vd
achenes,achene,ns
aches,ache,ms
achier,achy,aj1
achiest,achy,aj2
aching,ache,vg
acids,acid,ns
acing,ace,vg
acmes,acme,ns
acorns,acorn,ns
acquits,acquit,vs
acres,acre,ns
acrider,acrid,aj1
acted,act,vd
acting,act,vg
actions,action,ns
actives,active,ns
actors,actor,ns
acts,act,ms
acuter,acute,aj1
acutes,acute,ns
acutest,acute,aj2
adages,adage,ns
adagios,adagio,ns
adapted,adapt,vd
adapts,adapt,vs
added,add,vd
addenda,addendum,ns
addends,addend,ns
adders,adder,ns
addicts,addict,ms
adding,add,vg
addled,addle,vd
addles,addle,vs
addling,addle,vg
adds,add,vs
adduced,adduce,vd
adduces,adduce,vs
adepts,adept,ns
adhered,adhere,vd
adheres,adhere,vs
adieus,adieu,ns
adjoins,adjoin,vs
adjured,adjure,vd
adjures,adjure,vs
adjusts,adjust,vs
admen,adman,ns
admired,admire,vd
admires,admire,vs
admits,admit,vs
admixed,admix,vd
admixes,admix,vs
adobes,adobe,ns
adopted,adopt,vd
adopts,adopt,vs
adored,adore,vd
adorers,adorer,ns
adores,adore,vs
adoring,adore,vg
adorned,adorn,vd
adorns,adorn,vs
ads,ad,ns
adsorbs,adsorb,vs
adults,adult,ns
advents,advent,ns
adverbs,adverb,ns
adverts,advert,ns
adverts,advert,vs
advised,advise,vd
advises,advise,vs
adzes,adze,ns
aerated,aerate,vd
aerates,aerate,vs
aerials,aerial,ns
aeries,aerie,ns
affairs,affair,ns
affects,affect,ms
affirms,affirm,vs
affixed,affix,vd
affixes,affix,ms
affords,afford,vs
affrays,affray,ns
afghans,afghan,ns
afters,after,ns
agates,agate,ns
aged,age,vd
ageists,ageist,ns
agendas,agenda,ns
agents,agent,ns
ages,age,ms
aging,age,vg
agings,aging,ns
agonies,agony,ns
agreed,agree,vd
agrees,agree,vs
aided,aid,vd
aides,aide,ns
aiding,aid,vg
aids,aid,ms
ailed,ail,vd
ailing,ail,vg
ails,ail,vs
aimed,aim,vd
aiming,aim,vg
aims,aim,ms
airbags,airbag,ns
airbeds,airbed,ns
aired,air,vd
airguns,airgun,ns
airier,airy,aj1
airiest,airy,aj2
airing,air,vg
airings,airing,ns
airmen,airman,ns
airs,air,ms
airways,airway,ns
aisles,aisle,ns
aitches,aitch,ns
alarmed,alarm,vd
alarms,alarm,ms
albinos,albino,ns
albs,alb,ns
albums,album,ns
alcoves,alcove,ns
alders,alder,ns
alerted,alert,vd
alerts,alert,ms
ales,ale,ns
algae,alga,ns
aliased,alias,vd
aliases,alias,ms
alibied,alibi,vd
alibis,alibi,ms
aliens,alien,ns
alights,alight,vs
aligned,align,vd
aligns,align,vs
aliyahs,aliyah,ns
alkyds,alkyd,ns
allayed,allay,vd
allays,allay,vs
alleged,allege,vd
alleges,allege,vs
alleles,allele,ns
alleys,alley,ns
allied,ally,vd
allies,ally,ms
allots,allot,vs
allowed,allow,vd
allows,allow,vs
alloyed,alloy,vd
alloys,alloy,ms
alluded,allude,vd
alludes,allude,vs
allured,allure,vd
allures,allure,vs
allying,ally,vg
almonds,almond,ns
aloes,aloe,ns
alohas,aloha,ns
alpacas,alpaca,ns
alphas,alpha,ns
alpines,alpine,ns
alps,alp,ns
altars,altar,ns
altered,alter,vd
alters,alter,vs
altos,alto,ns
alumnae,alumna,ns
alumni,alumnus,ns
alums,alum,ns
amassed,amass,vd
amasses,amass,vs
amazed,amaze,vd
amazes,amaze,ms
amazing,amaze,vg
amazons,amazon,ns
ambled,amble,vd
amblers,ambler,ns
ambles,amble,ms
ambling,amble,vg
amended,amend,vd
amends,amend,vs
amerced,amerce,vd
amerces,amerce,vs
amides,amide,ns
amigos,amigo,ns
amines,amine,ns
amnions,amnion,ns
amoebas,amoeba,ns
amounts,amount,ms
amours,amour,ns
amperes,ampere,ns
ampler,ample,aj1
amplest,ample,aj2
amps,amp,ns
ampules,ampule,ns
amulets,amulet,ns
amused,amuse,vd
amuses,amuse,vs
amusing,amuse,vg
analogs,analog,ns
anchors,anchor,ms
angels,angel,ns
angered,anger,vd
angers,anger,vs
angled,angle,vd
anglers,angler,ns
angles,angle,ms
angling,angle,vg
angoras,angora,ns
angrier,angry,aj1
animals,animal,ns
anions,anion,ns
ankhs,ankh,ns
ankles,ankle,ns
anklets,anklet,ns
anneals,anneal,vs
annexed,annex,vd
annexes,annex,ns
annexes,annex,vs
annoyed,annoy,vd
annoys,annoy,vs
annuals,annual,ns
annuli,annulus,ns
annuls,annul,vs
anodes,anode,ns
anoints,anoint,vs
anoraks,anorak,ns
answers,answer,ms
anted,ante,vd
anteing,ante,vg
antes,ante,ns
antes,ante,vs
anthems,anthem,ns
anthers,anther,ns
antics,antic,ns
antis,anti,ns
antlers,antler,ns
ants,ant,ns
antsier,antsy,aj1
anuses,anus,ns
anvils,anvil,ns
aortas,aorta,ns
aped,ape,vd
apes,ape,ms
apexes,apex,ns
aphelia,aphelion,ns
aphids,aphid,ns
aping,ape,vg
apneas,apnea,ns
apogees,apogee,ns
appalls,appall,vs
appeals,appeal,ms
appears,appear,vs
appends,append,vs
apples,apple,ns
applets,applet,ns
applied,apply,vd
applies,apply,vs
apposed,appose,vd
apposes,appose,vs
apps,app,ns
aprons,apron,ns
apses,apse,ns
apter,apt,aj1
aptest,apt,aj2
aquas,aqua,ns
arbors,arbor,ns
arcades,arcade,ns
arced,arc,vd
arched,arch,vd
archer,arch,aj1
archers,archer,ns
arches,arch,ms
arching,arch,vg
arcing,arc,vg
arcs,arc,ms
arctics,arctic,ns
ardors,ardor,ns
are,be,vs2
are,be,vss
areas,area,ns
arenas,arena,ns
ares,are,ns
argots,argot,ns
argued,argue,vd
arguers,arguer,ns
argues,argue,vs
arguing,argue,vg
argyles,argyle,ns
arias,aria,ns
arisen,arise,vn
arises,arise,vs
arising,arise,vg
arks,ark,ns
armadas,armada,ns
armed,arm,vd
armfuls,armful,ns
armies,army,ns
arming,arm,vg
armlets,armlet,ns
armored,armor,vd
armors,armor,vs
armpits,armpit,ns
arms,arm,ms
aromas,aroma,ns
arose,arise,vd
aroused,arouse,vd
arouses,arouse,vs
arrases,arras,ns
arrayed,array,vd
arrays,array,ms
arrests,arrest,ms
arrived,arrive,vd
arrives,arrive,vs
arrows,arrow,ns
arroyos,arroyo,ns
artier,arty,aj1
artiest,arty,aj2
artists,artist,ns
arts,art,ns
artsier,artsy,aj1
arums,arum,ns
asanas,asana,ns
ascends,ascend,vs
ascents,ascent,ns
ascots,ascot,ns
ashcans,ashcan,ns
ashes,ash,ns
ashier,ashy,aj1
ashiest,ashy,aj2
ashlars,ashlar,ns
ashrams,ashram,ns
asides,aside,ns
asked,ask,vd
asking,ask,vg
asks,ask,vs
aspects,aspect,ns
aspens,aspen,ns
aspics,aspic,ns
aspired,aspire,vd
aspires,aspire,vs
asps,asp,ns
assails,assail,vs
assayed,assay,vd
assays,assay,ms
assents,assent,ms
asserts,assert,vs
asses,ass,ns
assets,asset,ns
assigns,assign,ms
assists,assist,ms
assizes,assize,ns
assorts,assort,vs
assumed,assume,vd
assumes,assume,vs
assured,assure,vd
assures,assure,vs
asters,aster,ns
asylums,asylum,ns
ataxics,ataxic,ns
ate,eat,vd
atlases,atlas,ns
atolls,atoll,ns
atoms,atom,ns
atoned,atone,vd
atones,atone,vs
atoning,atone,vg
atria,atrium,ns
attacks,attack,ms
attains,attain,vs
attends,attend,vs
attests,attest,vs
attics,attic,ns
attired,attire,vd
attires,attire,vs
attuned,attune,vd
attunes,attune,vs
audios,audio,ns
audited,audit,vd
audits,audit,ms
augers,auger,ns
aughts,aught,ns
augured,augur,vd
augurs,augur,ms
auks,auk,ns
aunties,auntie,ns
aunts,aunt,ns
auras,aura,ns
auroras,aurora,ns
auteurs,auteur,ns
authors,author,ms
autos,auto,ns
autumns,autumn,ns
availed,avail,vd
avails,avail,vs
avatars,avatar,ns
avenged,avenge,vd
avenges,avenge,vs
avenues,avenue,ns
averred,aver,vd
avers,aver,vs
averted,avert,vd
averts,avert,vs
avoided,avoid,vd
avoids,avoid,vs
avowals,avowal,ns
avowed,avow,vd
avowing,avow,vg
avows,avow,vs
awaited,await,vd
awaits,await,vs
awakens,awaken,vs
awakes,awake,vs
awaking,awake,vg
awarded,award,vd
awards,award,ms
awed,awe,vd
awes,awe,vs
awing,awe,vg
awls,awl,ns
awnings,awning,ns
awns,awn,ns
awoke,awake,vd
awoken,awake,vn
axed,ax,vd
axed,axe,vd
axes,ax,ms
axes,axe,ms
axes,axis,ns
axing,ax,vg
axing,axe,vg
axioms,axiom,ns
axles,axle,ns
axons,axon,ns
ayahs,ayah,ns
ayes,aye,ns
azaleas,azalea,ns
azures,azure,ns
baaed,baa,vd
baaing,baa,vg
baas,baa,ms
babbled,babble,vd
babbles,babble,vs
babels,babel,ns
babes,babe,ns
babied,baby,vd
babies,baby,ms
baboons,baboon,ns
babying,baby,vg
babysat,babysit,vn
bacilli,bacillus,ns
backbit,backbite,vd
backed,back,vd
backers,backer,ns
backing,back,vg
backs,back,ms
backups,backup,ns
badder,bad,a1
baddest,bad,a2
baddies,baddie,ns
badgers,badger,ms
badges,badge,ns
badmen,badman,ns
baffled,baffle,vd
baffles,baffle,ms
bagels,bagel,ns
bagfuls,bagful,ns
bagged,bag,vd
baggers,bagger,ns
baggier,baggy,aj1
baggies,baggie,ns
bagging,bag,vg
bags,bag,ms
bahts,baht,ns
bailed,bail,vd
baileys,bailey,ns
bailing,bail,vg
bails,bail,ms
bairns,bairn,ns
baited,bait,vd
baiting,bait,vg
baits,bait,vs
baked,bake,vd
bakers,baker,ns
bakes,bake,ms
baking,bake,vg
balboas,balboa,ns
balded,bald,vd
balder,bald,aj1
baldest,bald,aj2
baldies,baldy,ns
balding,bald,vg
balds,bald,vs
baled,bale,vd
balers,baler,ns
bales,bale,ms
baling,bale,vg
balked,balk,vd
balkier,balky,aj1
balking,balk,vg
balks,balk,ms
ballads,ballad,ns
balled,ball,vd
ballers,baller,ns
ballets,ballet,ns
balling,ball,vg
ballots,ballot,ms
balls,ball,ms
ballsed,balls,vd
ballses,balls,vs
balmier,balmy,aj1
balms,balm,ns
balsams,balsam,ns
balsas,balsa,ns
bamboos,bamboo,ns
bananas,banana,ns
banded,band,vd
bandied,bandy,vd
bandies,bandy,vs
banding,band,vg
bandits,bandit,ns
bands,band,ms
banes,bane,ns
banged,bang,vd
banging,bang,vg
bangles,bangle,ns
bangs,bang,ms
bani,ban,ns
banjos,banjo,ns
banked,bank,vd
bankers,banker,ns
banking,bank,vg
banks,bank,ms
banned,ban,vd
banners,banner,ns
banning,ban,vg
bans,ban,ns
bans,ban,vs
bantams,bantam,ns
banters,banter,vs
banyans,banyan,ns
banzais,banzai,ns
baobabs,baobab,ns
baps,bap,ns
barbed,barb,vd
barbels,barbel,ns
barbers,barber,ms
barbies,barbie,ns
barbing,barb,vg
barbs,barb,ms
bards,bard,ns
bared,bare,vd
barer,bare,aj1
bares,bare,vs
barest,bare,aj2
barfed,barf,vd
barfing,barf,vg
barfs,barf,vs
barged,barge,vd
barges,barge,ms
barging,barge,vg
barhops,barhop,vs
baring,bare,vg
barked,bark,vd
barkers,barker,ns
barking,bark,vg
barks,bark,ns
barks,bark,vs
barmen,barman,ns
barneys,barney,ns
barns,barn,ns
barons,baron,ns
barred,bar,vd
barrels,barrel,ms
barrens,barren,ns
barres,barre,ns
barring,bar,vg
barrios,barrio,ns
barrows,barrow,ns
bars,bar,ms
barters,barter,vs
baryons,baryon,ns
based,base,vd
basemen,baseman,ns
baser,base,aj1
bases,base,ms
bases,basis,ns
basest,base,aj2
bashed,bash,vd
bashes,bash,ms
bashing,bash,vg
basics,basic,ns
basing,base,vg
basins,basin,ns
basked,bask,vd
baskets,basket,ns
basking,bask,vg
basks,bask,vs
basques,basque,ns
basses,bass,ns
bassets,basset,ns
bassos,basso,ns
basted,baste,vd
basters,baster,ns
bastes,baste,vs
basting,baste,vg
batched,batch,vd
batches,batch,ms
bated,bate,vd
bates,bate,vs
bathed,bathe,vd
bathers,bather,ns
bathes,bathe,ms
bathing,bathe,vg
baths,bath,ns
batiks,batik,ns
bating,bate,vg
batmen,batman,ns
batons,baton,ns
bats,bat,ms
batsmen,batsman,ns
batted,bat,vd
battens,batten,ms
batters,batter,ms
battier,batty,aj1
batting,bat,vg
battled,battle,vd
battles,battle,ms
baubles,bauble,ns
bawdier,bawdy,aj1
bawds,bawd,ns
bawled,bawl,vd
bawling,bawl,vg
bawls,bawl,ms
bayed,bay,vd
baying,bay,vg
bayous,bayou,ns
bays,bay,ms
bazaars,bazaar,ns
beached,beach,vd
beaches,beach,ms
beacons,beacon,ns
beaded,bead,vd
beadier,beady,aj1
beading,bead,vg
beadles,beadle,ns
beads,bead,ms
beagles,beagle,ns
beakers,beaker,ns
beaks,beak,ns
beamed,beam,vd
beaming,beam,vg
beams,beam,ms
beaned,bean,vd
beanies,beanie,ns
beaning,bean,vg
beans,bean,ms
bearded,beard,vd
beards,beard,ms
bearers,bearer,ns
bearing,bear,vg
bears,bear,ns
bears,bear,vs
beasts,beast,ns
beaten,beat,vn
beaters,beater,ns
beating,beat,vg
beats,beat,ms
beaus,beau,ns
beauts,beaut,ns
beavers,beaver,ns
beavers,beaver,vs
bebops,bebop,ns
becalms,becalm,vs
became,become,vd
beckons,beckon,vs
becks,beck,ns
becomes,become,vs
bedaubs,bedaub,vs
bedbugs,bedbug,ns
bedded,bed,vd
bedding,bed,vg
bedecks,bedeck,vs
bedims,bedim,vs
bedlams,bedlam,ns
bedpans,bedpan,ns
beds,bed,ms
bedsits,bedsit,ns
beeches,beech,ns
beefed,beef,vd
beefier,beefy,aj1
beefing,beef,vg
beefs,beef,ns
beefs,beef,vs
been,be,vn
beeped,beep,vd
beepers,beeper,ns
beeping,beep,vg
beeps,beep,ms
beerier,beery,aj1
beers,beer,ns
bees,bee,ns
beetled,beetle,vd
beetles,beetle,ms
beets,beet,ns
beeves,beef,ns
befalls,befall,vs
befell,befall,vd
befits,befit,vs
befogs,befog,vs
befouls,befoul,vs
began,begin,vd
begat,beget,vd
begets,beget,vs
beggars,beggar,ms
begged,beg,vd
begging,beg,vg
begins,begin,vs
begot,beget,vd
begs,beg,vs
begums,begum,ns
begun,begin,vn
behaved,behave,vd
behaves,behave,vs
beheads,behead,vs
beheld,behold,vd
behests,behest,ns
behinds,behind,ns
beholds,behold,vs
being,be,vg
beings,being,ns
belayed,belay,vd
belays,belay,vs
belched,belch,vd
belches,belch,ms
belied,belie,vd
beliefs,belief,ns
belies,belie,vs
belled,bell,vd
belles,belle,ns
bellied,belly,vd
bellies,belly,ms
belling,bell,vg
bellmen,bellman,ns
bellows,bellow,ms
bells,bell,ms
belongs,belong,vs
belted,belt,vd
belting,belt,vg
belts,belt,ms
belugas,beluga,ns
belying,belie,vg
bemired,bemire,vd
bemires,bemire,vs
bemoans,bemoan,vs
bemused,bemuse,vd
bemuses,bemuse,vs
benched,bench,vd
benches,bench,ms
benders,bender,ns
bendier,bendy,aj1
bending,bend,vg
bends,bend,ms
bent,bend,vd
bents,bent,ns
benumbs,benumb,vs
berated,berate,vd
berates,berate,vs
berets,beret,ns
bergs,berg,ns
berks,berk,ns
berms,berm,ns
berried,berry,vd
berries,berry,ms
berthed,berth,vd
berths,berth,ms
beryls,beryl,ns
beseems,beseem,vs
besets,beset,vs
besoms,besom,ns
besots,besot,vs
bespoke,bespeak,vd
best,good,a2
best,well,aj2
bested,best,vd
besting,best,vg
bestirs,bestir,vs
bestows,bestow,vs
bests,best,ms
betaken,betake,vn
betakes,betake,vs
betas,beta,ns
betided,betide,vd
betides,betide,vs
betook,betake,vd
betrays,betray,vs
bets,bet,ms
better,good,a1
better,well,aj1
betters,better,ms
betting,bet,vg
bettors,bettor,ns
beveled,bevel,vd
bevels,bevel,ms
bevies,bevy,ns
bevvies,bevvy,ns
bewails,bewail,vs
bewared,beware,vd
bewares,beware,vs
beys,bey,ns
bezels,bezel,ns
biased,bias,vd
biases,bias,ns
biases,bias,vs
biasing,bias,vg
bibles,bible,ns
bibs,bib,ns
bicarbs,bicarb,ns
biceps,bicep,ns
bickers,bicker,ms
bidders,bidder,ns
biddies,biddy,ns
bidding,bid,vg
bides,bide,vs
bidets,bidet,ns
biding,bide,vg
bids,bid,ns
bids,bid,vs
biers,bier,ns
biffed,biff,vd
biffing,biff,vg
biffs,biff,ns
biffs,biff,vs
bigger,big,a1
biggest,big,a2
biggies,biggie,ns
bights,bight,ns
bigots,bigot,ns
bigwigs,bigwig,ns
bijoux,bijou,ns
biked,bike,vd
bikers,biker,ns
bikes,bike,ms
biking,bike,vg
bikinis,bikini,ns
bilges,bilge,ns
bilked,bilk,vd
bilkers,bilker,ns
bilking,bilk,vg
bilks,bilk,vs
billed,bill,vd
billets,billet,ms
billies,billy,ns
billing,bill,vg
billows,billow,ms
bills,bill,ms
bimbos,bimbo,ns
binders,binder,ns
binding,bind,vg
bindis,bindi,ns
binds,bind,ms
binged,binge,vd
binges,binge,ms
binmen,binman,ns
binned,bin,vd
binning,bin,vg
bins,bin,ms
biomes,biome,ns
biopics,biopic,ns
bios,bio,ns
biotas,biota,ns
bipeds,biped,ns
birched,birch,vd
birches,birch,ms
birded,bird,vd
birders,birder,ns
birdied,birdie,vd
birdies,birdie,ns
birdies,birdie,vs
birding,bird,vg
birds,bird,ms
birthed,birth,vd
births,birth,ms
bis,bi,ns
bisects,bisect,vs
bishops,bishop,ns
bistros,bistro,ns
bit,bite,vd
bitched,bitch,vd
bitches,bitch,ms
biters,biter,ns
bites,bite,ms
biting,bite,vg
bitmaps,bitmap,ns
bits,bit,ns
bitten,bite,vn
bittier,bitty,aj1
blabbed,blab,vd
blabs,blab,vs
blacked,black,vd
blacker,black,aj1
blacks,black,ms
blades,blade,ns
blagged,blag,vd
blags,blag,vs
blamed,blame,vd
blames,blame,vs
blaming,blame,vg
blander,bland,aj1
blanked,blank,vd
blanker,blank,aj1
blanks,blank,ms
blared,blare,vd
blares,blare,ms
blaring,blare,vg
blasted,blast,vd
blasts,blast,ms
blazed,blaze,vd
blazers,blazer,ns
blazes,blaze,ms
blazing,blaze,vg
blazons,blazon,ms
bleaker,bleak,aj1
bleated,bleat,vd
bleats,bleat,ms
bled,bleed,vd
bleeds,bleed,vs
bleeped,bleep,vd
bleeps,bleep,ms
blended,blend,vd
blends,blend,ms
blessed,bless,vd
blesses,bless,vs
blew,blow,vd
blights,blight,ms
blimps,blimp,ns
blinded,blind,vd
blinder,blind,aj1
blinds,blind,ms
blini,blin,ns
blinked,blink,vd
blinks,blink,ms
blips,blip,ns
blissed,bliss,vd
blisses,bliss,vs
blither,blithe,aj1
blitzed,blitz,vd
blitzes,blitz,ms
bloated,bloat,vd
bloats,bloat,vs
blobbed,blob,vd
blobs,blob,ms
blocked,block,vd
blocks,block,ms
blocs,bloc,ns
blogged,blog,vd
blogs,blog,ms
blokes,bloke,ns
blonder,blond,aj1
blonder,blonde,aj1
blondes,blonde,ns
blonds,blond,ns
blooded,blood,vd
bloods,blood,vs
bloomed,bloom,vd
blooms,bloom,ms
blooped,bloop,vd
bloops,bloop,ms
blots,blot,ms
blotted,blot,vd
bloused,blouse,vd
blouses,blouse,ms
blowers,blower,ns
blowier,blowy,aj1
blowing,blow,vg
blown,blow,vn
blows,blow,ms
blowups,blowup,ns
blued,blue,vd
bluer,blue,aj1
blues,blue,ms
bluest,blue,aj2
bluets,bluet,ns
bluffed,bluff,vd
bluffer,bluff,aj1
bluffs,bluff,ms
bluing,blue,vg
blunted,blunt,vd
blunter,blunt,aj1
blunts,blunt,vs
blurbs,blurb,ns
blurred,blur,vd
blurs,blur,ms
blurted,blurt,vd
blurts,blurt,vs
blushed,blush,vd
blushes,blush,ms
boarded,board,vd
boards,board,ms
boars,boar,ns
boas,boa,ns
boasted,boast,vd
boasts,boast,ms
boated,boat,vd
boaters,boater,ns
boating,boat,vg
boatmen,boatman,ns
boats,boat,ms
bobbed,bob,vd
bobbers,bobber,ns
bobbies,bobby,ns
bobbing,bob,vg
bobbins,bobbin,ns
bobbled,bobble,vd
bobbles,bobble,ms
bobcats,bobcat,ns
bobs,bob,ms
bode,bide,vd
boded,bode,vd
bodegas,bodega,ns
bodes,bode,vs
bodged,bodge,vd
bodges,bodge,vs
bodging,bodge,vg
bodices,bodice,ns
bodies,body,ns
boding,bode,vg
bodkins,bodkin,ns
bods,bod,ns
boffins,boffin,ns
bogeyed,bogey,vd
bogeys,bogey,ns
bogeys,bogey,vs
bogged,bog,vd
boggier,boggy,aj1
bogging,bog,vg
boggled,boggle,vd
boggles,boggle,vs
bogies,bogie,ns
bogs,bog,ms
bogymen,bogyman,ns
boiled,boil,vd
boilers,boiler,ns
boiling,boil,vg
boils,boil,ms
boings,boing,ns
bolas,bola,ns
bolder,bold,aj1
boldest,bold,aj2
boleros,bolero,ns
boles,bole,ns
bolls,boll,ns
bolted,bolt,vd
bolting,bolt,vg
bolts,bolt,ms
boluses,bolus,ns
bombed,bomb,vd
bombers,bomber,ns
bombing,bomb,vg
bombs,bomb,ms
bonbons,bonbon,ns
bonces,bonce,ns
bonded,bond,vd
bonding,bond,vg
bondmen,bondman,ns
bonds,bond,ms
boned,bone,vd
boners,boner,ns
bones,bone,ms
bonged,bong,vd
bonging,bong,vg
bongos,bongo,ns
bongs,bong,ms
bonier,bony,aj1
boniest,bony,aj2
boning,bone,vg
bonitos,bonito,ns
bonked,bonk,vd
bonking,bonk,vg
bonks,bonk,vs
bonnets,bonnet,ns
bonnier,bonny,aj1
bonobos,bonobo,ns
bonuses,bonus,ns
boobed,boob,vd
boobies,booby,ns
boobing,boob,vg
boobs,boob,ms
boodles,boodle,ns
booed,boo,vd
boogers,booger,ns
boogied,boogie,vd
boogies,boogie,vs
boohoos,boohoo,ms
booing,boo,vg
booked,book,vd
bookies,bookie,ns
booking,book,vg
books,book,ms
boomed,boom,vd
boomers,boomer,ns
booming,boom,vg
booms,boom,ms
boons,boon,ns
boors,boor,ns
boos,boo,ms
boosted,boost,vd
boosts,boost,ms
booted,boot,vd
bootees,bootee,ns
booths,booth,ns
booties,booty,ns
booting,boot,vg
boots,boot,ms
boozed,booze,vd
boozers,boozer,ns
boozes,booze,ms
boozier,boozy,aj1
boozing,booze,vg
bopped,bop,vd
bopping,bop,vg
bops,bop,vs
borders,border,ms
bore,bear,vd
bored,bore,vd
borers,borer,ns
bores,bore,ms
boring,bore,vg
born,bear,vn
borne,bear,vn
borrows,borrow,vs
borzois,borzoi,ns
bosoms,bosom,ns
bossed,boss,vd
bosses,boss,ms
bossier,bossy,aj1
bossing,boss,vg
botched,botch,vd
botches,botch,ms
bothers,bother,ms
botnets,botnet,ns
bots,bot,ns
bottled,bottle,vd
bottles,bottle,ms
bottoms,bottom,ms
boughs,bough,ns
bought,buy,vd
bought,buy,vn
bounced,bounce,vd
bounces,bounce,ms
bound,bind,vd
bounded,bound,vd
bounds,bound,ms
bouts,bout,ns
bovines,bovine,ns
bowed,bow,vd
bowels,bowel,ns
bowers,bower,ns
bowing,bow,vg
bowled,bowl,vd
bowlegs,bowleg,ns
bowlers,bowler,ns
bowling,bowl,vg
bowls,bowl,ms
bowmen,bowman,ns
bows,bow,ms
bowwows,bowwow,ns
boxcars,boxcar,ns
boxed,box,vd
boxers,boxer,ns
boxes,box,ns
boxes,box,vs
boxier,boxy,aj1
boxiest,boxy,aj2
boxing,box,vg
boys,boy,ns
bozos,bozo,ns
braced,brace,vd
bracers,bracer,ns
braces,brace,ms
bracing,brace,vg
bracts,bract,ns
brads,brad,ns
braes,brae,ns
bragged,brag,vd
brags,brag,ms
braided,braid,vd
braids,braid,ms
brained,brain,vd
brains,brain,ms
braised,braise,vd
braises,braise,vs
braked,brake,vd
brakes,brake,ms
braking,brake,vg
branded,brand,vd
brands,brand,ms
bras,bra,ns
brasher,brash,aj1
brasses,brass,ns
brats,brat,ns
braved,brave,vd
braver,brave,aj1
braves,brave,ms
bravest,brave,aj2
braving,brave,vg
bravos,bravo,ns
brawled,brawl,vd
brawls,brawl,ms
brayed,bray,vd
braying,bray,vg
brays,bray,ms
brazed,braze,vd
brazens,brazen,vs
brazers,brazer,ns
brazes,braze,vs
brazing,braze,vg
breaded,bread,vd
breads,bread,vs
breaks,break,ms
breams,bream,ns
breasts,breast,ms
breaths,breath,ns
bred,breed,vd
breeds,breed,ms
breezed,breeze,vd
breezes,breeze,ms
breves,breve,ns
brevets,brevet,ms
brewed,brew,vd
brewers,brewer,ns
brewing,brew,vg
brews,brew,ms
briars,briar,ns
bribed,bribe,vd
bribers,briber,ns
bribes,bribe,ms
bribing,bribe,vg
bricked,brick,vd
bricks,brick,ms
bridals,bridal,ns
brides,bride,ns
bridged,bridge,vd
bridges,bridge,ms
bridled,bridle,vd
bridles,bridle,ms
briefed,brief,vd
briefer,brief,aj1
briefs,brief,ms
brigs,brig,ns
brimmed,brim,vd
brims,brim,ms
brined,brine,vd
brines,brine,vs
brings,bring,vs
brinier,briny,aj1
brining,brine,vg
brinks,brink,ns
brisked,brisk,vd
brisker,brisk,aj1
brisks,brisk,vs
broader,broad,aj1
broads,broad,ns
brogans,brogan,ns
brogues,brogue,ns
broiled,broil,vd
broils,broil,ms
broke,break,vd
broken,break,vn
brokers,broker,ms
bronchi,bronchus,ns
broncos,bronco,ns
broncs,bronc,ns
bronzed,bronze,vd
bronzes,bronze,ms
brooded,brood,vd
broods,brood,ms
brooked,brook,vd
brooks,brook,ms
brooms,broom,ns
bros,bro,ns
broths,broth,ns
brought,bring,vd
browned,brown,vd
browner,brown,aj1
browns,brown,ms
brows,brow,ns
browsed,browse,vd
browses,browse,ms
bruins,bruin,ns
bruised,bruise,vd
bruises,bruise,ms
bruited,bruit,vd
bruits,bruit,vs
brunets,brunet,ns
brushed,brush,vd
brushes,brush,ms
brutes,brute,ns
bubbled,bubble,vd
bubbles,bubble,ms
buboes,bubo,ns
bubs,bub,ns
bucked,buck,vd
buckets,bucket,ms
bucking,buck,vg
buckled,buckle,vd
buckles,buckle,ms
bucks,buck,ns
bucks,buck,vs
budded,bud,vd
buddies,buddy,ns
budding,bud,vg
budged,budge,vd
budges,budge,vs
budgets,budget,ms
budgies,budgie,ns
budging,budge,vg
buds,bud,ms
buffed,buff,vd
buffers,buffer,ms
buffets,buffet,ms
buffing,buff,vg
buffs,buff,ms
bugged,bug,vd
buggier,buggy,aj1
buggies,buggy,ns
bugging,bug,vg
bugled,bugle,vd
buglers,bugler,ns
bugles,bugle,ms
bugling,bugle,vg
bugs,bug,ms
builds,build,ms
built,build,vd
bulbs,bulb,ns
bulged,bulge,vd
bulges,bulge,ms
bulgier,bulgy,aj1
bulging,bulge,vg
bulked,bulk,vd
bulkier,bulky,aj1
bulking,bulk,vg
bulks,bulk,ms
bulled,bull,vd
bullets,bullet,ns
bullied,bully,vd
bullies,bully,ms
bulling,bull,vg
bulls,bull,ms
bumbags,bumbag,ns
bumbled,bumble,vd
bumbles,bumble,vs
bummed,bum,vd
bummer,bum,aj1
bummers,bummer,ns
bummest,bum,aj2
bumming,bum,vg
bumped,bump,vd
bumpers,bumper,ns
bumpier,bumpy,aj1
bumping,bump,vg
bumps,bump,ms
bums,bum,ms
bunched,bunch,vd
bunches,bunch,ms
buncoed,bunco,vd
buncos,bunco,ns
buncos,bunco,vs
bundled,bundle,vd
bundles,bundle,ms
bunged,bung,vd
bungees,bungee,ns
bunging,bung,vg
bungled,bungle,vd
bungles,bungle,ms
bungs,bung,ms
bunions,bunion,ns
bunked,bunk,vd
bunkers,bunker,ns
bunking,bunk,vg
bunks,bunk,ms
bunnies,bunny,ns
buns,bun,ns
bunted,bunt,vd
bunting,bunt,vg
bunts,bunt,ms
buoyed,buoy,vd
buoying,buoy,vg
buoys,buoy,ms
burbled,burble,vd
burbles,burble,ns
burbles,burble,vs
burdens,burden,ms
bureaus,bureau,ns
burgers,burger,ns
burghs,burgh,ns
burgled,burgle,vd
burgles,burgle,vs
burgs,burg,ns
burials,burial,ns
buried,bury,vd
buries,bury,vs
burkas,burka,ns
burlier,burly,aj1
burls,burl,ns
burned,burn,vd
burners,burner,ns
burning,burn,vg
burns,burn,ms
burped,burp,vd
burping,burp,vg
burps,burp,ms
burred,burr,vd
burring,burr,vg
burros,burro,ns
burrows,burrow,ms
burrs,burr,ms
burs,bur,ns
bursae,bursa,ns
bursars,bursar,ns
bursts,burst,ms
burying,bury,vg
busbies,busby,ns
busboys,busboy,ns
bused,bus,vd
buses,bus,ns
buses,bus,vs
bushed,bush,vd
bushels,bushel,ms
bushes,bush,ms
bushier,bushy,aj1
bushing,bush,vg
bushmen,bushman,ns
busied,busy,vd
busier,busy,aj1
busies,busy,vs
busiest,busy,aj2
busing,bus,vg
busked,busk,vd
buskers,busker,ns
busking,busk,vg
buskins,buskin,ns
busks,busk,vs
bussed,buss,vd
busses,buss,ms
bussing,buss,vg
busted,bust,vd
busters,buster,ns
bustier,busty,aj1
busting,bust,vg
bustled,bustle,vd
bustles,bustle,ms
busts,bust,ms
busying,busy,vg
butcher,butch,aj1
butches,butch,ns
butlers,butler,ns
butted,butt,vd
butters,butter,vs
buttes,butte,ns
butties,butty,ns
butting,butt,vg
buttons,button,ms
butts,butt,ms
buyers,buyer,ns
buying,buy,vg
buyouts,buyout,ns
buys,buy,ms
buzzed,buzz,vd
buzzers,buzzer,ns
buzzes,buzz,ms
buzzing,buzz,vg
byes,by,ns
byes,bye,ns
bygones,bygone,ns
bylaws,bylaw,ns
bylines,byline,ns
bypaths,bypath,ns
byres,byre,ns
byroads,byroad,ns
bytes,byte,ns
byways,byway,ns
bywords,byword,ns
cabals,cabal,ns
cabanas,cabana,ns
cabbed,cab,vd
cabbies,cabby,ns
cabbing,cab,vg
cabers,caber,ns
cabins,cabin,ns
cabled,cable,vd
cables,cable,ms
cabling,cable,vg
cabs,cab,ms
cacaos,cacao,ns
cached,cache,vd
caches,cache,ms
cachets,cachet,ns
caching,cache,vg
cackled,cackle,vd
cackles,cackle,ms
cacti,cactus,ns
caddied,caddie,vd
caddied,caddy,vd
caddies,caddie,ms
caddies,caddy,ms
cadets,cadet,ns
cadged,cadge,vd
cadgers,cadger,ns
cadges,cadge,vs
cadging,cadge,vg
cadres,cadre,ns
cads,cad,ns
caducei,caduceus,ns
cafes,cafe,ns
caffs,caff,ns
caftans,caftan,ns
caged,cage,vd
cages,cage,ms
cagier,cagey,aj1
cagiest,cagey,aj2
caging,cage,vg
cahoots,cahoot,ns
caimans,caiman,ns
cairns,cairn,ns
cajoled,cajole,vd
cajoles,cajole,vs
caked,cake,vd
cakes,cake,ms
caking,cake,vg
calculi,calculus,ns
caliphs,caliph,ns
calked,calk,vd
calking,calk,vg
calks,calk,vs
callas,calla,ns
called,call,vd
callers,caller,ns
calling,call,vg
calls,call,ms
calmed,calm,vd
calmer,calm,aj1
calmest,calm,aj2
calming,calm,vg
calms,calm,vs
calved,calve,vd
calves,calf,ns
calves,calve,vs
calving,calve,vg
calyxes,calyx,ns
cambers,camber,ms
came,come,vd
came,cum,vd
camels,camel,ns
cameos,cameo,ns
cameras,camera,ns
camos,camo,ns
camped,camp,vd
camper,camp,aj1
campers,camper,ns
campier,campy,aj1
camping,camp,vg
camps,camp,ms
cams,cam,ns
canals,canal,ns
canapes,canape,ns
canards,canard,ns
cancans,cancan,ns
cancels,cancel,vs
cancers,cancer,ns
candied,candy,vd
candies,candy,ms
candled,candle,vd
candles,candle,ms
caned,cane,vd
caners,caner,ns
canes,cane,ms
canines,canine,ns
caning,cane,vg
cankers,canker,ms
canned,can,vd
cannier,canny,aj1
canning,can,vg
cannons,cannon,ns
cannons,cannon,vs
canoed,canoe,vd
canoes,canoe,ms
canons,canon,ns
cans,can,ns
cans,can,vs
canted,cant,vd
canters,canter,ms
canting,cant,vg
cantons,canton,ns
cantors,cantor,ns
cantos,canto,ns
cants,cant,ms
canyons,canyon,ns
capered,caper,vd
capers,caper,ms
capes,cape,ns
caplets,caplet,ns
capons,capon,ns
capos,capo,ns
capped,cap,vd
capping,cap,vg
caps,cap,ms
captors,captor,ns
carafes,carafe,ns
carats,carat,ns
carbons,carbon,ns
carboys,carboy,ns
carbs,carb,ns
carded,card,vd
carders,carder,ns
cardies,cardie,ns
carding,card,vg
cards,card,ms
cared,care,vd
careens,careen,vs
careers,career,ms
carers,carer,ns
cares,care,ms
carets,caret,ns
cargoes,cargo,ns
carhops,carhop,ns
caring,care,vg
carnies,carny,ns
carobs,carob,ns
caroled,carol,vd
carols,carol,ms
caromed,carom,vd
caroms,carom,ms
carpals,carpal,ns
carped,carp,vd
carpels,carpel,ns
carpers,carper,ns
carpets,carpet,ms
carpi,carpus,ns
carping,carp,vg
carps,carp,ns
carps,carp,vs
carrels,carrel,ns
carried,carry,vd
carries,carry,ms
carrots,carrot,ns
cars,car,ns
carted,cart,vd
cartels,cartel,ns
carters,carter,ns
carting,cart,vg
cartons,carton,ns
carts,cart,ms
carved,carve,vd
carvers,carver,ns
carves,carve,vs
carving,carve,vg
casabas,casaba,ns
casas,casa,ns
cased,case,vd
cases,case,ms
cashed,cash,vd
cashes,cash,vs
cashews,cashew,ns
cashing,cash,vg
casing,case,vg
casings,casing,ns
casinos,casino,ns
caskets,casket,ns
casks,cask,ns
cassias,cassia,ns
casters,caster,ns
castes,caste,ns
casting,cast,vg
castled,castle,vd
castles,castle,ms
castors,castor,ns
casts,cast,ms
casuals,casual,ns
catches,catch,ms
catered,cater,vd
caters,cater,vs
cations,cation,ns
catkins,catkin,ns
catnaps,catnap,ms
cats,cat,ns
cattier,catty,aj1
caught,catch,vd
caulked,caulk,vd
caulks,caulk,vs
caused,cause,vd
causers,causer,ns
causes,cause,ms
causing,cause,vg
caveats,caveat,ns
caved,cave,vd
cavemen,caveman,ns
caverns,cavern,ns
cavers,caver,ns
caves,cave,ms
caviled,cavil,vd
cavils,cavil,ms
caving,cave,vg
cavorts,cavort,vs
cawed,caw,vd
cawing,caw,vg
caws,caw,ms
cays,cay,ns
cayuses,cayuse,ns
ceased,cease,vd
ceases,cease,vs
ceasing,cease,vg
ceca,cecum,ns
cedars,cedar,ns
ceded,cede,vd
ceders,ceder,ns
cedes,cede,vs
ceding,cede,vg
celebs,celeb,ns
cellars,cellar,ns
cellos,cello,ns
cells,cell,ns
cements,cement,vs
censers,censer,ns
censors,censor,ms
centers,center,ns
centers,center,vs
cents,cent,ns
cereals,cereal,ns
certs,cert,ns
chadors,chador,ns
chafed,chafe,vd
chafes,chafe,vs
chaffed,chaff,vd
chaffs,chaff,vs
chafing,chafe,vg
chained,chain,vd
chains,chain,ms
chaired,chair,vd
chairs,chair,ms
chaises,chaise,ns
chakras,chakra,ns
chalets,chalet,ns
chalked,chalk,vd
chalks,chalk,ms
champed,champ,vd
champs,champ,ms
chanced,chance,vd
chances,chance,ms
changed,change,vd
changes,change,ms
chanted,chant,vd
chants,chant,ms
chapels,chapel,ns
chapped,chap,vd
chaps,chap,ms
charged,charge,vd
charges,charge,ms
charier,chary,aj1
charmed,charm,vd
charms,charm,ms
charred,char,vd
chars,char,ns
chars,char,vs
charted,chart,vd
charts,chart,ms
chased,chase,vd
chasers,chaser,ns
chases,chase,ms
chasing,chase,vg
chasms,chasm,ns
chaster,chaste,aj1
chats,chat,ms
chatted,chat,vd
cheaper,cheap,aj1
cheated,cheat,vd
cheats,cheat,ms
checked,check,vd
checks,check,ns
checks,check,vs
cheeked,cheek,vd
cheeks,cheek,ms
cheeped,cheep,vd
cheeps,cheep,ms
cheered,cheer,vd
cheers,cheer,ms
cheeses,cheese,ns
chefs,chef,ns
cherubs,cherub,ns
chests,chest,ns
chewed,chew,vd
chewers,chewer,ns
chewier,chewy,aj1
chewing,chew,vg
chews,chew,ms
chicer,chic,aj1
chicest,chic,aj2
chichis,chichi,ns
chicks,chick,ns
chided,chide,vd
chided,chide,vn
chides,chide,vs
chiding,chide,vg
chiefer,chief,aj1
chiefs,chief,ns
chilies,chili,ns
chilled,chill,vd
chiller,chill,aj1
chills,chill,ms
chimed,chime,vd
chimers,chimer,ns
chimes,chime,ms
chiming,chime,vg
chimps,chimp,ns
chines,chine,ns
chinked,chink,vd
chinks,chink,ms
chinned,chin,vd
chinos,chino,ns
chins,chin,ms
chipped,chip,vd
chips,chip,ms
chirped,chirp,vd
chirps,chirp,ms
chis,chi,ns
chisels,chisel,ms
chits,chit,ns
chives,chive,ns
chivied,chivy,vd
chivies,chivy,vs
chocked,chock,vd
chocks,chock,ms
chocs,choc,ns
choicer,choice,aj1
choices,choice,ns
choirs,choir,ns
choked,choke,vd
chokers,choker,ns
chokes,choke,ms
choking,choke,vg
chomped,chomp,vd
chomps,chomp,ms
chooses,choose,vs
chopped,chop,vd
chops,chop,ms
chorals,choral,ns
chords,chord,ns
chores,chore,ns
chose,choose,vd
chosen,choose,vn
chowed,chow,vd
chowing,chow,vg
chows,chow,ms
chromed,chrome,vd
chromes,chrome,vs
chubs,chub,ns
chucked,chuck,vd
chucks,chuck,ms
chugged,chug,vd
chugs,chug,ms
chukkas,chukka,ns
chummed,chum,vd
chumps,chump,ns
chums,chum,ms
chunked,chunk,vd
chunks,chunk,ns
churls,churl,ns
churned,churn,vd
churns,churn,ms
churros,churro,ns
chutes,chute,ns
chyrons,chyron,ns
cicadas,cicada,ns
ciders,cider,ns
cigars,cigar,ns
cilia,cilium,ns
cinched,cinch,vd
cinches,cinch,ms
cinders,cinder,ms
cinemas,cinema,ns
ciphers,cipher,ms
circled,circle,vd
circles,circle,ms
cirques,cirque,ns
cirri,cirrus,ns
cited,cite,vd
cites,cite,ms
cities,city,ns
citing,cite,vg
citrons,citron,ns
civets,civet,ns
clacked,clack,vd
clacks,clack,ms
clades,clade,ns
claimed,claim,vd
claims,claim,ms
clammed,clam,vd
clamors,clamor,ms
clamped,clamp,vd
clamps,clamp,ms
clams,clam,ms
clanged,clang,vd
clangs,clang,ms
clanked,clank,vd
clanks,clank,ms
clans,clan,ns
clapped,clap,vd
claps,clap,ms
claques,claque,ns
clarets,claret,ns
clashed,clash,vd
clashes,clash,ms
clasped,clasp,vd
clasps,clasp,ms
classed,class,vd
classes,class,ms
clauses,clause,ns
clawed,claw,vd
clawing,claw,vg
claws,claw,ms
clayier,clayey,aj1
cleaned,clean,vd
cleaner,clean,a1
cleans,clean,vs
cleared,clear,vd
clearer,clear,a1
clears,clear,ms
cleats,cleat,ns
cleaved,cleave,vd
cleaved,cleave,vn
cleaves,cleave,vs
clefs,clef,ns
clefts,cleft,ns
clerics,cleric,ns
clerked,clerk,vd
clerks,clerk,ms
clewed,clew,vd
clewing,clew,vg
clews,clew,ms
cliches,cliche,ns
clicked,click,vd
clicks,click,ms
clients,client,ns
cliffs,cliff,ns
climbed,climb,vd
climbs,climb,ms
climes,clime,ns
clings,cling,vs
clinics,clinic,ns
clinked,clink,vd
clinks,clink,ms
clipped,clip,vd
clipped,clip,vn
clips,clip,ns
clips,clip,vs
cliques,clique,ns
clits,clit,ns
cloacae,cloaca,ns
cloaked,cloak,vd
cloaks,cloak,ms
cloches,cloche,ns
clocked,clock,vd
clocks,clock,ms
clods,clod,ns
clogged,clog,vd
clogs,clog,ms
clomped,clomp,vd
clomps,clomp,vs
cloned,clone,vd
clones,clone,ns
clones,clone,vs
cloning,clone,vg
clonked,clonk,vd
clonks,clonk,ms
clopped,clop,vd
clops,clop,ms
closed,close,vd
closer,close,a1
closers,closer,ns
closes,close,ms
closest,close,a2
closets,closet,ms
closing,close,vg
clothed,clothe,vd
clothes,clothe,vs
cloths,cloth,ns
clots,clot,ms
clotted,clot,vd
clouded,cloud,vd
clouds,cloud,ms
clouted,clout,vd
clouts,clout,ms
clovers,clover,ns
cloves,clove,ns
clowned,clown,vd
clowns,clown,ms
cloyed,cloy,vd
cloying,cloy,vg
cloys,cloy,vs
clubbed,club,vd
clubs,club,ms
clucked,cluck,vd
clucks,cluck,ms
clued,clue,vd
clues,clue,ms
cluing,clue,vg
clumped,clump,vd
clumps,clump,ms
clung,cling,vd
clunked,clunk,vd
clunks,clunk,ms
coached,coach,vd
coaches,coach,ms
coaled,coal,vd
coaling,coal,vg
coals,coal,ms
coarser,coarse,aj1
coasted,coast,vd
coasts,coast,ms
coated,coat,vd
coating,coat,vg
coats,coat,ms
coaxed,coax,vd
coaxers,coaxer,ns
coaxes,coax,vs
coaxing,coax,vg
cobbers,cobber,ns
cobbled,cobble,vd
cobbles,cobble,ms
cobnuts,cobnut,ns
cobras,cobra,ns
cobs,cob,ns
cobwebs,cobweb,ns
cocci,coccus,ns
cocked,cock,vd
cockers,cocker,ns
cockier,cocky,aj1
cocking,cock,vg
cockles,cockle,ns
cocks,cock,ms
cocoas,cocoa,ns
cocoons,cocoon,ms
cocos,coco,ns
codas,coda,ns
coddled,coddle,vd
coddles,coddle,vs
codecs,codec,ns
coded,code,vd
coders,coder,ns
codes,code,ms
codgers,codger,ns
codices,codex,ns
coding,code,vg
codons,codon,ns
cods,cod,ns
coeds,coed,ns
coerced,coerce,vd
coerces,coerce,vs
coevals,coeval,ns
coffees,coffee,ns
coffers,coffer,ns
coffins,coffin,ms
cognacs,cognac,ns
cogs,cog,ns
coheirs,coheir,ns
cohered,cohere,vd
coheres,cohere,vs
cohorts,cohort,ns
cohos,coho,ns
cohosts,cohost,ms
coiffed,coif,vd
coifs,coif,ms
coiled,coil,vd
coiling,coil,vg
coils,coil,ms
coined,coin,vd
coiners,coiner,ns
coining,coin,vg
coins,coin,ms
coked,coke,vd
cokes,coke,vs
coking,coke,vg
colas,cola,ns
colder,cold,aj1
coldest,cold,aj2
colds,cold,ns
coleys,coley,ns
collars,collar,ms
collies,collie,ns
colones,colon,ns
colons,colon,ns
colored,color,vd
colors,color,ms
colossi,colossus,ns
cols,col,ns
colts,colt,ns
columns,column,ns
comas,coma,ns
combats,combat,ms
combed,comb,vd
combers,comber,ns
combing,comb,vg
combos,combo,ns
combs,comb,ms
comers,comer,ns
comes,come,vs
comets,comet,ns
comfier,comfy,aj1
comfits,comfit,ns
comics,comic,ns
coming,come,vg
comings,coming,ns
commas,comma,ns
commies,commie,ns
commits,commit,vs
commons,common,ns
comped,comp,vd
compels,compel,vs
comping,comp,vg
comps,comp,ms
conchs,conch,ns
concurs,concur,vs
condoms,condom,ns
condors,condor,ns
condos,condo,ns
coned,cone,vd
cones,cone,ns
cones,cone,vs
coneys,coney,ns
confabs,confab,ms
confers,confer,vs
congaed,conga,vd
congas,conga,ms
congers,conger,ns
conics,conic,ns
coning,cone,vg
conked,conk,vd
conkers,conker,ns
conking,conk,vg
conks,conk,ms
conned,con,vd
conning,con,vg
cons,con,ms
consuls,consul,ns
conveys,convey,vs
convoys,convoy,ms
cooed,coo,vd
cooing,coo,vg
cooked,cook,vd
cookers,cooker,ns
cookies,cookie,ns
cooking,cook,vg
cooks,cook,ms
cooled,cool,vd
cooler,cool,aj1
coolers,cooler,ns
coolest,cool,aj2
coolies,coolie,ns
cooling,cool,vg
cools,cool,vs
cooped,coop,vd
coopers,cooper,ms
cooping,coop,vg
coops,coop,ns
coops,coop,vs
coos,coo,ms
cooties,cootie,ns
coots,coot,ns
coped,cope,vd
copes,cope,ms
copied,copy,vd
copiers,copier,ns
copies,copy,ms
coping,cope,vg
copings,coping,ns
copped,cop,vd
coppers,copper,ns
copping,cop,vg
cops,cop,ms
copses,copse,ns
copters,copter,ns
copulas,copula,ns
copying,copy,vg
corals,coral,ns
corbels,corbel,ns
corded,cord,vd
cording,cord,vg
cordons,cordon,ms
cords,cord,ms
cored,core,vd
corers,corer,ns
cores,core,ms
corgis,corgi,ns
coring,core,vg
corked,cork,vd
corkers,corker,ns
corking,cork,vg
corks,cork,ms
corms,corm,ns
corneas,cornea,ns
corned,corn,vd
corners,corner,ms
cornets,cornet,ns
cornier,corny,aj1
corning,corn,vg
corns,corn,ms
coronas,corona,ns
corpora,corpus,ns
corpses,corpse,ns
corrals,corral,ms
corries,corrie,ns
corsets,corset,ms
coshed,cosh,vd
coshes,cosh,ms
coshing,cosh,vg
cosigns,cosign,vs
cosines,cosine,ns
cossets,cosset,vs
costars,costar,ms
costed,cost,vd
costing,cost,vg
costs,cost,ns
costs,cost,vs
cotes,cote,ns
cots,cot,ns
cottars,cottar,ns
cotters,cotter,ns
cottons,cotton,ms
couched,couch,vd
couches,couch,ms
cougars,cougar,ns
coughed,cough,vd
coughs,cough,ms
could,can,vd
coulees,coulee,ns
counted,count,vd
counts,count,ms
coupes,coupe,ns
coupled,couple,vd
couples,couple,ms
coupons,coupon,ns
coups,coup,ns
coursed,course,vd
courses,course,ms
courted,court,vd
courts,court,ms
cousins,cousin,ns
covens,coven,ns
covered,cover,vd
covers,cover,ms
coverts,covert,ns
coves,cove,ns
coveted,covet,vd
covets,covet,vs
coveys,covey,ns
cowards,coward,ns
cowboys,cowboy,ns
cowed,cow,vd
cowered,cower,vd
cowers,cower,vs
cowing,cow,vg
cowls,cowl,ns
cowmen,cowman,ns
cowpats,cowpat,ns
cowries,cowrie,ns
cows,cow,ns
cows,cow,vs
coxed,cox,vd
coxes,cox,ms
coxing,cox,vg
coyer,coy,aj1
coyest,coy,aj2
coyotes,coyote,ns
coypus,coypu,ns
cozened,cozen,vd
cozens,cozen,vs
cozied,cozy,vd
cozier,cozy,aj1
cozies,cozy,ns
cozies,cozy,vs
coziest,cozy,aj2
cozying,cozy,vg
crabbed,crab,vd
crabs,crab,ms
cracked,crack,vd
cracks,crack,ms
cradled,cradle,vd
cradles,cradle,ms
crafted,craft,vd
crafts,craft,ms
crags,crag,ns
crammed,cram,vd
cramped,cramp,vd
cramps,cramp,ms
crams,cram,vs
craned,crane,vd
cranes,crane,ms
craning,crane,vg
cranked,crank,vd
cranks,crank,ms
crapes,crape,ns
crashed,crash,vd
crashes,crash,ms
crasser,crass,aj1
crated,crate,vd
craters,crater,ms
crates,crate,ms
crating,crate,vg
cravats,cravat,ns
craved,crave,vd
cravens,craven,ns
craves,crave,vs
craving,crave,vg
crawled,crawl,vd
crawls,crawl,ms
craws,craw,ns
crayons,crayon,ms
crazed,craze,vd
crazes,craze,ms
crazier,crazy,aj1
crazies,crazy,ns
crazing,craze,vg
creaked,creak,vd
creaks,creak,ms
creamed,cream,vd
creams,cream,ms
creased,crease,vd
creases,crease,ms
created,create,vd
creates,create,vs
creches,creche,ns
credits,credit,ms
credos,credo,ns
creeds,creed,ns
creeks,creek,ns
creels,creel,ns
creeps,creep,ms
cremes,creme,ns
creoles,creole,ns
crepes,crepe,ns
crept,creep,vd
crested,crest,vd
crests,crest,ms
cretins,cretin,ns
crewed,crew,vd
crewing,crew,vg
crewmen,crewman,ns
crews,crew,ms
cribbed,crib,vd
cribs,crib,ms
cricked,crick,vd
cricks,crick,ms
cried,cry,vd
criers,crier,ns
cries,cry,ms
crimes,crime,ns
crimped,crimp,vd
crimps,crimp,ms
cringed,cringe,vd
cringes,cringe,ms
crises,crisis,ns
crisped,crisp,vd
crisper,crisp,aj1
crisps,crisp,ms
critics,critic,ns
croaked,croak,vd
croaks,croak,ms
crocks,crock,ns
crofts,croft,ns
crones,crone,ns
cronies,crony,ns
crooked,crook,vd
crooks,crook,ms
crooned,croon,vd
croons,croon,ms
cropped,crop,vd
crops,crop,ms
crossed,cross,vd
crosser,cross,aj1
crosses,cross,ms
crowded,crowd,vd
crowds,crowd,ms
crowed,crow,vd
crowing,crow,vg
crowned,crown,vd
crowns,crown,ms
crows,crow,ms
cruder,crude,aj1
crudest,crude,aj2
crueler,cruel,aj1
cruets,cruet,ns
cruised,cruise,vd
cruises,cruise,ms
crumbed,crumb,vd
crumbs,crumb,ms
cruses,cruse,ns
crushed,crush,vd
crushes,crush,ms
crusted,crust,vd
crusts,crust,ms
cruxes,crux,ns
crying,cry,vg
cryings,crying,ns
crypts,crypt,ns
cubbies,cubby,ns
cubed,cube,vd
cubers,cuber,ns
cubes,cube,ms
cubing,cube,vg
cubists,cubist,ns
cubits,cubit,ns
cuboids,cuboid,ns
cubs,cub,ns
cuckoos,cuckoo,ns
cuddled,cuddle,vd
cuddles,cuddle,ms
cudgels,cudgel,ms
cuds,cud,ns
cued,cue,vd
cues,cue,ms
cuffed,cuff,vd
cuffing,cuff,vg
cuffs,cuff,ms
cuing,cue,vg
culled,cull,vd
culling,cull,vg
culls,cull,ms
cults,cult,ns
cumbers,cumber,vs
cumming,cum,vg
cums,cum,vs
cumuli,cumulus,ns
cupfuls,cupful,ns
cupids,cupid,ns
cupolas,cupola,ns
cuppas,cuppa,ns
cupped,cup,vd
cupping,cup,vg
cups,cup,ms
curated,curate,vd
curates,curate,ms
curbed,curb,vd
curbing,curb,vg
curbs,curb,ms
curbs,curb,ns
curbs,curb,vs
curdled,curdle,vd
curdles,curdle,vs
curds,curd,ns
cured,cure,vd
curers,curer,ns
cures,cure,ms
curfews,curfew,ns
curiae,curia,ns
curies,curie,ns
curing,cure,vg
curios,curio,ns
curled,curl,vd
curlers,curler,ns
curlews,curlew,ns
curlier,curly,aj1
curling,curl,vg
curls,curl,ms
curried,curry,vd
curries,curry,ms
curs,cur,ns
cursed,curse,vd
curses,curse,ms
cursing,curse,vg
cursors,cursor,ns
curter,curt,aj1
curtest,curt,aj2
curved,curve,vd
curves,curve,ms
curvier,curvy,aj1
curving,curve,vg
cushier,cushy,aj1
cuspids,cuspid,ns
cusps,cusp,ns
cussed,cuss,vd
cusses,cuss,ms
cussing,cuss,vg
customs,custom,ns
cuter,cute,aj1
cutest,cute,aj2
cuteys,cutey,ns
cuties,cutie,ns
cutlers,cutler,ns
cutlets,cutlet,ns
cutoffs,cutoff,ns
cutouts,cutout,ns
cuts,cut,ms
cutters,cutter,ns
cutting,cut,vg
cutups,cutup,ns
cyborgs,cyborg,ns
cycled,cycle,vd
cycles,cycle,ms
cycling,cycle,vg
cygnets,cygnet,ns
cymbals,cymbal,ns
cynics,cynic,ns
cysts,cyst,ns
czars,czar,ns
dabbed,dab,vd
dabbers,dabber,ns
dabbing,dab,vg
dabbled,dabble,vd
dabbles,dabble,vs
dabs,dab,ms
daces,dace,ns
dachas,dacha,ns
dactyls,dactyl,ns
daddies,daddy,ns
dadoes,dado,ns
dads,dad,ns
daemons,daemon,ns
daffier,daffy,aj1
dafter,daft,aj1
daftest,daft,aj2
daggers,dagger,ns
dagoes,dago,ns
dagos,dago,ns
dags,dag,ns
dahlias,dahlia,ns
dailies,daily,ns
dairies,dairy,ns
daises,dais,ns
daisies,daisy,ns
dales,dale,ns
dallied,dally,vd
dallies,dally,vs
damaged,damage,vd
damages,damage,vs
damasks,damask,vs
dames,dame,ns
dammed,dam,vd
damming,dam,vg
damned,damn,vd
damning,damn,vg
damns,damn,ms
damped,damp,vd
dampens,dampen,vs
damper,damp,aj1
dampers,damper,ns
dampest,damp,aj2
damping,damp,vg
damps,damp,vs
dams,dam,ms
damsels,damsel,ns
damsons,damson,ns
danced,dance,vd
dancers,dancer,ns
dances,dance,ms
dancing,dance,vg
dandier,dandy,aj1
dandies,dandy,ns
dandled,dandle,vd
dandles,dandle,vs
danged,dang,vd
dangers,danger,ns
danging,dang,vg
dangled,dangle,vd
dangles,dangle,vs
dangs,dang,vs
danker,dank,aj1
dankest,dank,aj2
dappled,dapple,vd
dapples,dapple,ms
dared,dare,vd
darers,darer,ns
dares,dare,ns
dares,dare,vs
daring,dare,vg
darkens,darken,vs
darker,dark,aj1
darkest,dark,aj2
darkies,darkie,ns
darned,darn,vd
darners,darner,ns
darning,darn,vg
darns,darn,ms
darted,dart,vd
darters,darter,ns
darting,dart,vg
darts,dart,ms
dashed,dash,vd
dashers,dasher,ns
dashes,dash,ms
dashing,dash,vg
data,datum,ns
dated,date,vd
daters,dater,ns
dates,date,ms
dating,date,vg
datives,dative,ns
daubed,daub,vd
daubers,dauber,ns
daubing,daub,vg
daubs,daub,ms
daunted,daunt,vd
daunts,daunt,vs
davits,davit,ns
dawdled,dawdle,vd
dawdles,dawdle,vs
dawned,dawn,vd
dawning,dawn,vg
dawns,dawn,ms
daybeds,daybed,ns
days,day,ns
dazed,daze,vd
dazes,daze,ms
dazing,daze,vg
dazzled,dazzle,vd
dazzles,dazzle,vs
deacons,deacon,ns
deadens,deaden,vs
deader,dead,a1
deadest,dead,a2
deafens,deafen,vs
deafer,deaf,aj1
deafest,deaf,aj2
dealers,dealer,ns
dealing,deal,vg
deals,deal,ms
dealt,deal,vd
deans,dean,ns
dearer,dear,a1
dearest,dear,a2
dearies,deary,ns
dears,dear,ns
dearths,dearth,ns
deaths,death,ns
debarks,debark,vs
debars,debar,vs
debased,debase,vd
debases,debase,vs
debated,debate,vd
debates,debate,ms
debited,debit,vd
debits,debit,ms
debs,deb,ns
debtors,debtor,ns
debts,debt,ns
debugs,debug,vs
debunks,debunk,vs
debuted,debut,vd
debuts,debut,ms
decades,decade,ns
decaffs,decaff,ns
decafs,decaf,ns
decals,decal,ns
decamps,decamp,vs
decants,decant,vs
decayed,decay,vd
decays,decay,vs
deceits,deceit,ns
decided,decide,vd
decides,decide,vs
decked,deck,vd
decking,deck,vg
decks,deck,ms
declaws,declaw,vs
decoded,decode,vd
decodes,decode,vs
decors,decor,ns
decoyed,decoy,vd
decoys,decoy,ms
decreed,decree,vd
decrees,decree,ms
decried,decry,vd
decries,decry,vs
deduced,deduce,vd
deduces,deduce,vs
deducts,deduct,vs
deeded,deed,vd
deeding,deed,vg
deeds,deed,ms
deejays,deejay,ns
deemed,deem,vd
deeming,deem,vg
deems,deem,vs
deepens,deepen,vs
deeper,deep,a1
deepest,deep,a2
deeps,deep,ns
defaced,deface,vd
defaces,deface,vs
defamed,defame,vd
defames,defame,vs
defangs,defang,vs
defeats,defeat,ms
defects,defect,ms
defends,defend,vs
defers,defer,vs
deffer,def,aj1
deffest,def,aj2
defied,defy,vd
defies,defy,vs
defiled,defile,vd
defiles,defile,ms
defined,define,vd
defines,define,vs
defogs,defog,vs
deforms,deform,vs
defrays,defray,vs
defter,deft,aj1
deftest,deft,aj2
defunds,defund,vs
defused,defuse,vd
defuses,defuse,vs
defying,defy,vg
degases,degas,vs
degrees,degree,ns
deiced,deice,vd
deicers,deicer,ns
deices,deice,vs
deicing,deice,vg
deified,deify,vd
deifies,deify,vs
deigned,deign,vd
deigns,deign,vs
deists,deist,ns
deities,deity,ns
dejects,deject,vs
delayed,delay,vd
delays,delay,ms
deleted,delete,vd
deletes,delete,vs
delis,deli,ns
dells,dell,ns
deltas,delta,ns
deluded,delude,vd
deludes,delude,vs
deluged,deluge,vd
deluges,deluge,ms
delved,delve,vd
delvers,delver,ns
delves,delve,vs
delving,delve,vg
demands,demand,ms
demeans,demean,vs
demised,demise,vd
demises,demise,ms
demists,demist,vs
demobs,demob,vs
demons,demon,ns
demos,demo,ns
demoted,demote,vd
demotes,demote,vs
demurer,demure,aj1
demurs,demur,vs
denials,denial,ns
denied,deny,vd
deniers,denier,ns
denies,deny,vs
denims,denim,ns
denoted,denote,vd
denotes,denote,vs
dens,den,ns
denser,dense,aj1
densest,dense,aj2
dented,dent,vd
denting,dent,vg
dents,dent,ms
denuded,denude,vd
denudes,denude,vs
denying,deny,vg
departs,depart,vs
depends,depend,vs
depicts,depict,vs
deploys,deploy,vs
deports,deport,vs
deposed,depose,vd
deposes,depose,vs
depots,depot,ns
depths,depth,ns
deputed,depute,vd
deputes,depute,vs
derails,derail,vs
derbies,derby,ns
derided,deride,vd
derides,deride,vs
derived,derive,vd
derives,derive,vs
desalts,desalt,vs
deserts,desert,ms
designs,design,ms
desired,desire,vd
desires,desire,ms
desists,desist,vs
desks,desk,ns
despots,despot,ns
details,detail,ms
detains,detain,vs
detects,detect,vs
deters,deter,vs
detests,detest,vs
detours,detour,ms
detoxed,detox,vd
detoxes,detox,vs
deuces,deuce,ns
devices,device,ns
deviled,devil,vd
devils,devil,ms
devised,devise,vd
devises,devise,ms
devoted,devote,vd
devotes,devote,vs
devours,devour,vs
dewier,dewy,aj1
dewiest,dewy,aj2
dewlaps,dewlap,ns
dhotis,dhoti,ns
dhows,dhow,ns
diadems,diadem,ns
dialed,dial,vd
dialers,dialer,ns
dialing,dial,vg
dials,dial,ms
diapers,diaper,ms
diaries,diary,ns
diatoms,diatom,ns
dibbled,dibble,vd
dibbles,dibble,ms
dice,die,ns
diced,dice,vd
dices,dice,vs
dicier,dicey,aj1
diciest,dicey,aj2
dicing,dice,vg
dickeys,dickey,ns
dicta,dictum,ns
did,do,vd
diddled,diddle,vd
diddles,diddle,vs
didoes,dido,ns
died,die,vd
dies,die,ns
dies,die,vs
diesels,diesel,ms
dieted,diet,vd
dieters,dieter,ns
dieting,diet,vg
diets,diet,ms
differs,differ,vs
digests,digest,ms
diggers,digger,ns
digging,dig,vg
digits,digit,ns
digs,dig,ms
diked,dike,vd
dikes,dike,ns
dikes,dike,vs
diking,dike,vg
diktats,diktat,ns
dilated,dilate,vd
dilates,dilate,vs
dildos,dildo,ns
dillies,dilly,ns
dills,dill,ns
diluted,dilute,vd
dilutes,dilute,vs
dimes,dime,ns
dimmed,dim,vd
dimmer,dim,aj1
dimmers,dimmer,ns
dimmest,dim,aj2
dimming,dim,vg
dimpled,dimple,vd
dimples,dimple,ms
dims,dim,vs
dimwits,dimwit,ns
dinars,dinar,ns
dined,dine,vd
diners,diner,ns
dines,dine,vs
dinged,ding,vd
dingier,dingy,aj1
dinging,ding,vg
dingles,dingle,ns
dingoes,dingo,ns
dings,ding,ms
dining,dine,vg
dinkier,dinky,aj1
dinkies,dinky,ns
dinned,din,vd
dinners,dinner,ms
dinning,din,vg
dins,din,ms
diodes,diode,ns
dioxins,dioxin,ns
dipoles,dipole,ns
dipped,dip,vd
dippers,dipper,ns
dippier,dippy,aj1
dipping,dip,vg
dips,dip,ms
dipsos,dipso,ns
directs,direct,vs
direr,dire,aj1
direst,dire,aj2
dirges,dirge,ns
dirks,dirk,ns
dirndls,dirndl,ns
dirtied,dirty,vd
dirtier,dirty,aj1
dirties,dirty,vs
disarms,disarm,vs
disbars,disbar,vs
discoed,disco,vd
discos,disco,ns
discos,disco,vs
discs,disc,ns
dished,dish,vd
dishes,dish,ms
dishing,dish,vg
disks,disk,ns
dismays,dismay,vs
disowns,disown,vs
dispels,dispel,vs
dissed,dis,vd
disses,dis,vs
dissing,dis,vg
disused,disuse,vd
disuses,disuse,vs
ditched,ditch,vd
ditches,ditch,ms
dithers,dither,ms
ditties,ditty,ns
dittoed,ditto,vd
dittos,ditto,ns
dittos,ditto,vs
ditzes,ditz,ns
divans,divan,ns
divas,diva,ns
dived,dive,vd
dived,dive,vn
divers,diver,ns
diverts,divert,vs
dives,dive,ms
divests,divest,vs
divided,divide,vd
divides,divide,ms
divined,divine,vd
diviner,divine,aj1
divines,divine,ms
diving,dive,vg
divots,divot,ns
divvied,divvy,vd
divvies,divvy,ms
dizzied,dizzy,vd
dizzier,dizzy,aj1
dizzies,dizzy,vs
dobbed,dob,vd
dobbing,dob,vg
dobbins,dobbin,ns
dobros,dobro,ns
dobs,dob,ms
docents,docent,ns
docked,dock,vd
dockers,docker,ns
dockets,docket,ms
docking,dock,vg
docks,dock,ms
docs,doc,ns
doctors,doctor,ms
dodders,dodder,ms
dodged,dodge,vd
dodgems,dodgem,ns
dodgers,dodger,ns
dodges,dodge,ms
dodgier,dodgy,aj1
dodging,dodge,vg
dodos,dodo,ns
doers,doer,ns
does,do,vs
does,doe,ns
doffed,doff,vd
doffing,doff,vg
doffs,doff,vs
doges,doge,ns
dogged,dog,vd
doggier,doggy,aj1
doggies,doggy,ns
dogging,dog,vg
dogies,dogie,ns
doglegs,dogleg,ms
dogmas,dogma,ns
dogs,dog,ms
doilies,doily,ns
doing,do,vg
doings,doing,ns
doled,dole,vd
doles,dole,ms
doling,dole,vg
dollars,dollar,ns
dolled,doll,vd
dollies,dolly,ns
dolling,doll,vg
dollops,dollop,ms
dolls,doll,ms
dolmens,dolmen,ns
dolors,dolor,ns
dolts,dolt,ns
domains,domain,ns
domed,dome,vd
domes,dome,ms
doming,dome,vg
donas,dona,ns
donated,donate,vd
donates,donate,vs
done,do,vn
dongles,dongle,ns
dongs,dong,ns
donkeys,donkey,ns
donned,don,vd
donning,don,vg
donors,donor,ns
dons,don,ns
dons,don,vs
donuts,donut,ns
doodads,doodad,ns
doodahs,doodah,ns
doodled,doodle,vd
doodles,doodle,ms
doomed,doom,vd
doomers,doomer,ns
dooming,doom,vg
dooms,doom,vs
doormen,doorman,ns
doors,door,ns
doozies,doozy,ns
doped,dope,vd
dopers,doper,ns
dopes,dope,ms
dopier,dopey,aj1
dopiest,dopey,aj2
doping,dope,vg
dories,dory,ns
dorkier,dorky,aj1
dorks,dork,ns
dormers,dormer,ns
dormice,dormouse,ns
dorms,dorm,ns
dos,do,ns
dosages,dosage,ns
dosed,dose,vd
doses,dose,ms
dosing,dose,vg
dossed,doss,vd
dossers,dosser,ns
dosses,doss,vs
dossing,doss,vg
dost,do,vs2
dotards,dotard,ns
dotcoms,dotcom,ns
doted,dote,vd
doters,doter,ns
dotes,dote,vs
doth,do,vs3
doting,dote,vg
dots,dot,ms
dotted,dot,vd
dottier,dotty,aj1
dotting,dot,vg
doubled,double,vd
doubles,double,ms
doubted,doubt,vd
doubts,doubt,ms
douched,douche,vd
douches,douche,ms
doulas,doula,ns
dourer,dour,aj1
dourest,dour,aj2
doused,douse,vd
douses,douse,vs
dousing,douse,vg
doves,dove,ns
dowdier,dowdy,aj1
doweled,dowel,vd
dowels,dowel,ms
dowered,dower,vd
dowers,dower,ms
downed,down,vd
downers,downer,ns
downier,downy,aj1
downing,down,vg
downs,down,ms
dowries,dowry,ns
dowsed,dowse,vd
dowsers,dowser,ns
dowses,dowse,vs
dowsing,dowse,vg
doxed,dox,vd
doxes,dox,vs
doxing,dox,vg
doxings,doxing,ns
doxxed,doxx,vd
doxxes,doxx,vs
doxxing,doxx,vg
doyens,doyen,ns
dozed,doze,vd
dozens,dozen,ns
dozers,dozer,ns
dozes,doze,ms
dozier,dozy,aj1
doziest,dozy,aj2
dozing,doze,vg
drabber,drab,aj1
drabs,drab,ns
drafted,draft,vd
drafts,draft,ns
drafts,draft,vs
dragged,drag,vd
dragons,dragon,ns
drags,drag,ms
drained,drain,vd
drains,drain,ms
drakes,drake,ns
dramas,drama,ns
drams,dram,ns
drank,drink,vd
draped,drape,vd
drapers,draper,ns
drapes,drape,ms
draping,drape,vg
drawers,drawer,ns
drawing,draw,vg
drawled,drawl,vd
drawls,drawl,ms
drawn,draw,vn
draws,draw,ms
drays,dray,ns
dreaded,dread,vd
dreads,dread,vs
dreamed,dream,vd
dreams,dream,ms
dredged,dredge,vd
dredges,dredge,ms
dressed,dress,vd
dresses,dress,ms
drew,draw,vd
dried,dry,vd
drier,dry,aj1
dries,dry,vs
driest,dry,aj2
drifted,drift,vd
drifts,drift,ms
drilled,drill,vd
drills,drill,ms
drinks,drink,ms
dripped,drip,vd
drips,drip,ms
drivels,drivel,vs
driven,drive,vn
drivers,driver,ns
drives,drive,ms
driving,drive,vg
drogues,drogue,ns
droids,droid,ns
droller,droll,aj1
droned,drone,vd
drones,drone,ms
droning,drone,vg
drooled,drool,vd
drools,drool,vs
drooped,droop,vd
droops,droop,ms
dropped,drop,vd
drops,drop,ms
drove,drive,vd
drovers,drover,ns
droves,drove,ns
drowned,drown,vd
drowns,drown,vs
drowsed,drowse,vd
drowses,drowse,ms
drubbed,drub,vd
drubs,drub,vs
drudged,drudge,vd
drudges,drudge,ms
drugged,drug,vd
drugs,drug,ms
druids,druid,ns
drummed,drum,vd
drums,drum,ms
drunk,drink,vn
drunker,drunk,aj1
drunks,drunk,ns
drupes,drupe,ns
dryads,dryad,ns
dryers,dryer,ns
drying,dry,vg
drys,dry,ns
dubbed,dub,vd
dubbers,dubber,ns
dubbing,dub,vg
dubs,dub,ms
ducats,ducat,ns
duchies,duchy,ns
ducked,duck,vd
duckier,ducky,aj1
duckies,ducky,ns
ducking,duck,vg
ducks,duck,ns
ducks,duck,vs
ducts,duct,ns
duded,dude,vd
dudes,dude,ms
duding,dude,vg
duds,dud,ns
dueled,duel,vd
duelers,dueler,ns
dueling,duel,vg
duels,duel,ms
duennas,duenna,ns
dues,due,ns
duets,duet,ns
duffed,duff,vd
duffels,duffel,ns
duffers,duffer,ns
duffing,duff,vg
duffles,duffle,ns
duffs,duff,ns
duffs,duff,vs
dug,dig,vd
dugouts,dugout,ns
dukes,duke,ns
dulled,dull,vd
duller,dull,aj1
dullest,dull,aj2
dulling,dull,vg
dulls,dull,vs
dumbed,dumb,vd
dumber,dumb,aj1
dumbest,dumb,aj2
dumbing,dumb,vg
dumbos,dumbo,ns
dumbs,dumb,vs
dumdums,dumdum,ns
dummies,dummy,ns
dumped,dump,vd
dumpers,dumper,ns
dumpier,dumpy,aj1
dumping,dump,vg
dumps,dump,ms
dunces,dunce,ns
dunes,dune,ns
dunged,dung,vd
dunging,dung,vg
dungs,dung,vs
dunked,dunk,vd
dunking,dunk,vg
dunks,dunk,ms
dunned,dun,vd
dunner,dun,aj1
dunnest,dun,aj2
dunning,dun,vg
duns,dun,vs
duodena,duodenum,ns
duos,duo,ns
duped,dupe,vd
dupers,duper,ns
dupes,dupe,ms
duping,dupe,vg
durians,durian,ns
duskier,dusky,aj1
dusted,dust,vd
dusters,duster,ns
dustier,dusty,aj1
dusting,dust,vg
dustmen,dustman,ns
dusts,dust,vs
dustups,dustup,ns
duties,duty,ns
duvets,duvet,ns
dwarfed,dwarf,vd
dwarfs,dwarf,ns
dwarfs,dwarf,vs
dweebs,dweeb,ns
dwells,dwell,vs
dwelt,dwell,vd
dyads,dyad,ns
dyed,dye,vd
dyeing,dye,vg
dyers,dyer,ns
dyes,dye,ns
dyes,dye,vs
dying,die,vg
dykes,dyke,ns
dynamos,dynamo,ns
eagerer,eager,aj1
eagles,eagle,ns
eaglets,eaglet,ns
earbuds,earbud,ns
earfuls,earful,ns
earlier,early,a1
earls,earl,ns
earned,earn,vd
earners,earner,ns
earning,earn,vg
earns,earn,vs
ears,ear,ns
earthed,earth,vd
earths,earth,vs
earwigs,earwig,ns
eased,ease,vd
easels,easel,ns
eases,ease,vs
easier,easy,a1
easiest,easy,a2
easing,ease,vg
eaten,eat,vn
eaters,eater,ns
eating,eat,vg
eats,eat,vs
eaves,eave,ns
ebbed,ebb,vd
ebbing,ebb,vg
ebbs,ebb,ms
ebonies,ebony,ns
echoed,echo,vd
echoes,echo,ms
echoing,echo,vg
eclairs,eclair,ns
ecus,ecu,ns
eddied,eddy,vd
eddies,eddy,ms
eddying,eddy,vg
edged,edge,vd
edgers,edger,ns
edges,edge,ms
edgier,edgy,aj1
edgiest,edgy,aj2
edging,edge,vg
edgings,edging,ns
edibles,edible,ns
edicts,edict,ns
edified,edify,vd
edifies,edify,vs
edited,edit,vd
editing,edit,vg
editors,editor,ns
edits,edit,ms
educed,educe,vd
educes,educe,vs
educing,educe,vg
eels,eel,ns
eerier,eerie,aj1
eeriest,eerie,aj2
effaced,efface,vd
effaces,efface,vs
effects,effect,ms
effed,eff,vd
effing,eff,vg
efforts,effort,ns
effs,eff,vs
effused,effuse,vd
effuses,effuse,vs
eggcups,eggcup,ns
egged,egg,vd
egging,egg,vg
eggs,egg,ms
egoists,egoist,ns
egos,ego,ns
egrets,egret,ns
eiders,eider,ns
eighths,eighth,ns
eights,eight,ns
ejected,eject,vd
ejects,eject,vs
eked,eke,vd
ekes,eke,vs
eking,eke,vg
elands,eland,ns
elapsed,elapse,vd
elapses,elapse,vs
elated,elate,vd
elates,elate,vs
elating,elate,vg
elbowed,elbow,vd
elbows,elbow,ms
elders,elder,ns
elected,elect,vd
elects,elect,vs
elegies,elegy,ns
elevens,eleven,ns
elicits,elicit,vs
elided,elide,vd
elides,elide,vs
eliding,elide,vg
elites,elite,ns
elixirs,elixir,ns
elks,elk,ns
ells,ell,ns
elms,elm,ns
elodeas,elodea,ns
eloped,elope,vd
elopes,elope,vs
eloping,elope,vg
eluded,elude,vd
eludes,elude,vs
eluding,elude,vg
elvers,elver,ns
elves,elf,ns
emailed,email,vd
emails,email,ms
embalms,embalm,vs
embanks,embank,vs
embarks,embark,vs
embeds,embed,vs
embers,ember,ns
emblems,emblem,ns
embryos,embryo,ns
emceed,emcee,vd
emcees,emcee,ms
emended,emend,vd
emends,emend,vs
emerged,emerge,vd
emerges,emerge,vs
emetics,emetic,ns
emigres,emigre,ns
emirs,emir,ns
emits,emit,vs
emitted,emit,vd
emojis,emoji,ns
emos,emo,ns
emoted,emote,vd
emotes,emote,vs
emoting,emote,vg
empires,empire,ns
employs,employ,vs
emptied,empty,vd
emptier,empty,aj1
empties,empty,ms
ems,em,ns
emus,emu,ns
enabled,enable,vd
enables,enable,vs
enacted,enact,vd
enacts,enact,vs
enamels,enamel,vs
enamors,enamor,vs
encamps,encamp,vs
encased,encase,vd
encases,encase,vs
encoded,encode,vd
encodes,encode,vs
encored,encore,vd
encores,encore,ms
encysts,encyst,vs
endears,endear,vs
ended,end,vd
ending,end,vg
endings,ending,ns
endives,endive,ns
endowed,endow,vd
endows,endow,vs
ends,end,ms
endued,endue,vd
endues,endue,vs
enduing,endue,vg
endured,endure,vd
endures,endure,vs
enemas,enema,ns
enemies,enemy,ns
enfolds,enfold,vs
engaged,engage,vd
engages,engage,vs
engines,engine,ns
engrams,engram,ns
engulfs,engulf,vs
enigmas,enigma,ns
enjoins,enjoin,vs
enjoyed,enjoy,vd
enjoys,enjoy,vs
enlists,enlist,vs
enraged,enrage,vd
enrages,enrage,vs
enrolls,enroll,vs
ens,en,ns
ensigns,ensign,ns
ensued,ensue,vd
ensues,ensue,vs
ensuing,ensue,vg
ensured,ensure,vd
ensures,ensure,vs
entails,entail,vs
entered,enter,vd
enters,enter,vs
enticed,entice,vd
entices,entice,vs
entombs,entomb,vs
entraps,entrap,vs
entrees,entree,ns
entries,entry,ns
envied,envy,vd
envies,envy,vs
envoys,envoy,ns
envying,envy,vg
enzymes,enzyme,ns
eons,eon,ns
epees,epee,ns
epics,epic,ns
epochs,epoch,ns
epoxied,epoxy,vd
epoxies,epoxy,vs
equaled,equal,vd
equals,equal,ms
equated,equate,vd
equates,equate,vs
equines,equine,ns
equips,equip,vs
eras,era,ns
erased,erase,vd
erasers,eraser,ns
erases,erase,vs
erasing,erase,vg
erected,erect,vd
erects,erect,vs
ergs,erg,ns
ermines,ermine,ns
eroded,erode,vd
erodes,erode,vs
eroding,erode,vg
errands,errand,ns
errata,erratum,ns
erratas,errata,ns
erred,err,vd
erring,err,vg
errors,error,ns
errs,err,vs
eructed,eruct,vd
eructs,eruct,vs
erupted,erupt,vd
erupts,erupt,vs
escaped,escape,vd
escapes,escape,ms
eschews,eschew,vs
escorts,escort,ms
escrows,escrow,ns
escudos,escudo,ns
espied,espy,vd
espies,espy,vs
espying,espy,vg
essayed,essay,vd
essays,essay,ms
estates,estate,ns
esteems,esteem,vs
esters,ester,ns
etas,eta,ns
etched,etch,vd
etchers,etcher,ns
etches,etch,vs
etching,etch,vg
ethics,ethic,ns
ethnics,ethnic,ns
etudes,etude,ns
euchred,euchre,vd
euchres,euchre,vs
eunuchs,eunuch,ns
euros,euro,ns
evaded,evade,vd
evaders,evader,ns
evades,evade,vs
evading,evade,vg
evened,even,vd
evener,even,aj1
evenest,even,aj2
evening,even,vg
evens,even,ms
events,event,ns
eves,eve,ns
evicted,evict,vd
evicts,evict,vs
eviler,evil,aj1
evilest,evil,aj2
evils,evil,ns
evinced,evince,vd
evinces,evince,vs
evoked,evoke,vd
evokes,evoke,vs
evoking,evoke,vg
evolved,evolve,vd
evolves,evolve,vs
ewers,ewer,ns
ewes,ewe,ns
exacted,exact,vd
exacter,exact,aj1
exacts,exact,vs
exalted,exalt,vd
exalts,exalt,vs
exams,exam,ns
exceeds,exceed,vs
excels,excel,vs
excepts,except,vs
excised,excise,vd
excises,excise,ms
excited,excite,vd
excites,excite,vs
excused,excuse,vd
excuses,excuse,ms
execs,exec,ns
exempts,exempt,vs
exerted,exert,vd
exerts,exert,vs
exes,ex,ns
exhaled,exhale,vd
exhales,exhale,vs
exhorts,exhort,vs
exhumed,exhume,vd
exhumes,exhume,vs
exiled,exile,vd
exiles,exile,ms
exiling,exile,vg
existed,exist,vd
exists,exist,vs
exited,exit,vd
exiting,exit,vg
exits,exit,ms
exons,exon,ns
exotics,exotic,ns
expands,expand,vs
expats,expat,ns
expects,expect,vs
expels,expel,vs
expends,expend,vs
experts,expert,ns
expired,expire,vd
expires,expire,vs
exports,export,ms
expos,expo,ns
exposed,expose,vd
exposes,expose,ms
extends,extend,vs
extents,extent,ns
extols,extol,vs
extorts,extort,vs
extras,extra,ns
exuded,exude,vd
exudes,exude,vs
exuding,exude,vg
exulted,exult,vd
exults,exult,vs
exurbs,exurb,ns
eyed,eye,vd
eyefuls,eyeful,ns
eyeing,eye,vg
eyelets,eyelet,ns
eyelids,eyelid,ns
eyes,eye,ns
eyes,eye,vs
fables,fable,ns
fabrics,fabric,ns
facades,facade,ns
faced,face,vd
faces,face,ms
faceted,facet,vd
facets,facet,ms
facials,facial,ns
facing,face,vg
facings,facing,ns
factors,factor,ms
facts,fact,ns
faded,fade,vd
fades,fade,ms
fading,fade,vg
fads,fad,ns
faeries,faerie,ns
faffed,faff,vd
faffing,faff,vg
faffs,faff,ms
fagged,fag,vd
fagging,fag,vg
faggots,faggot,ns
fagots,fagot,ns
fags,fag,ms
failed,fail,vd
failing,fail,vg
fails,fail,ms
fainer,fain,a1
fainest,fain,a2
fainted,faint,vd
fainter,faint,aj1
faints,faint,ms
fairer,fair,a1
fairest,fair,a2
fairies,fairy,ns
fairs,fair,ns
faiths,faith,ns
fajitas,fajita,ns
faked,fake,vd
fakers,faker,ns
fakes,fake,ms
faking,fake,vg
fakirs,fakir,ns
falcons,falcon,ns
fallen,fall,vn
falling,fall,vg
fallows,fallow,vs
falls,fall,ms
falser,false,a1
falsest,false,a2
falsies,falsie,ns
falters,falter,ms
famines,famine,ns
fanboys,fanboy,ns
fancied,fancy,vd
fancier,fancy,aj1
fancies,fancy,ms
fandoms,fandom,ns
fanfics,fanfic,ns
fangs,fang,ns
fanned,fan,vd
fannies,fanny,ns
fanning,fan,vg
fans,fan,ms
farads,farad,ns
farces,farce,ns
fared,fare,vd
fares,fare,ms
faring,fare,vg
farmed,farm,vd
farmers,farmer,ns
farming,farm,vg
farms,farm,ms
farrows,farrow,ms
farther,far,a1
fascias,fascia,ns
fasted,fast,vd
fastens,fasten,vs
faster,fast,a1
fastest,fast,a2
fasting,fast,vg
fasts,fast,ms
fated,fate,vd
fates,fate,ms
fathers,father,ms
fathoms,fathom,ms
fating,fate,vg
fats,fat,ns
fatsos,fatso,ns
fattens,fatten,vs
fatter,fat,aj1
fattest,fat,aj2
fattier,fatty,aj1
fatties,fatty,ns
fatwas,fatwa,ns
faucets,faucet,ns
faulted,fault,vd
faults,fault,ms
faunas,fauna,ns
fauns,faun,ns
favas,fava,ns
favelas,favela,ns
faves,fave,ns
favored,favor,vd
favors,favor,ms
fawned,fawn,vd
fawners,fawner,ns
fawning,fawn,vg
fawns,fawn,ms
faxed,fax,vd
faxes,fax,ms
faxing,fax,vg
fays,fay,ns
fazed,faze,vd
fazes,faze,vs
fazing,faze,vg
feared,fear,vd
fearing,fear,vg
fears,fear,ms
feasted,feast,vd
feasts,feast,ms
feats,feat,ns
fed,feed,vd
fedoras,fedora,ns
feds,fed,ns
feebler,feeble,aj1
feeders,feeder,ns
feeding,feed,vg
feeds,feed,ms
feelers,feeler,ns
feeling,feel,vg
feels,feel,ms
fees,fee,ns
feet,foot,ns
feigned,feign,vd
feigns,feign,vs
feinted,feint,vd
feints,feint,ms
felines,feline,ns
fell,fall,vd
fellas,fella,ns
felled,fell,vd
feller,fell,aj1
fellers,feller,ns
fellest,fell,aj2
felling,fell,vg
fellows,fellow,ns
fells,fell,ms
felons,felon,ns
felt,feel,vd
felted,felt,vd
felting,felt,vg
felts,felt,vs
females,female,ns
femmes,femme,ns
femurs,femur,ns
fenced,fence,vd
fencers,fencer,ns
fences,fence,ms
fencing,fence,vg
fended,fend,vd
fenders,fender,ns
fending,fend,vg
fends,fend,vs
fens,fen,ns
fernier,ferny,aj1
ferns,fern,ns
ferrets,ferret,ms
ferried,ferry,vd
ferries,ferry,ms
ferules,ferule,ns
fessed,fess,vd
fesses,fess,vs
fessing,fess,vg
festers,fester,ms
fests,fest,ns
fetched,fetch,vd
fetches,fetch,vs
feted,fete,vd
fetes,fete,ms
feting,fete,vg
fetters,fetter,ms
fetuses,fetus,ns
feuded,feud,vd
feuding,feud,vg
feuds,feud,ms
fevers,fever,ns
fewer,few,d1
fewest,few,d2
fezzes,fez,ns
fiances,fiance,ns
fiats,fiat,ns
fibbed,fib,vd
fibbers,fibber,ns
fibbing,fib,vg
fibers,fiber,ns
fibrils,fibril,ns
fibs,fib,ms
fibulae,fibula,ns
fiches,fiche,ns
fichus,fichu,ns
fickler,fickle,aj1
fiddled,fiddle,vd
fiddles,fiddle,ms
fidgets,fidget,ms
fiefs,fief,ns
fielded,field,vd
fields,field,ms
fiends,fiend,ns
fiercer,fierce,aj1
fierier,fiery,aj1
fiestas,fiesta,ns
fifers,fifer,ns
fifes,fife,ns
fifths,fifth,ns
fifties,fifty,ns
fights,fight,ms
figs,fig,ns
figured,figure,vd
figures,figure,ms
filched,filch,vd
filches,filch,vs
filed,file,vd
filers,filer,ns
files,file,ms
filing,file,vg
filings,filing,ns
filled,fill,vd
fillers,filler,ns
fillets,fillet,ns
fillets,fillet,vs
fillies,filly,ns
filling,fill,vg
fillips,fillip,ms
fills,fill,vs
filmed,film,vd
filmier,filmy,aj1
filming,film,vg
films,film,ms
filters,filter,ms
finales,finale,ns
finals,final,ns
finches,finch,ns
finders,finder,ns
finding,find,vg
finds,find,ms
fined,fine,vd
finer,fine,a1
fines,fine,ms
finest,fine,a2
fingers,finger,ms
finials,finial,ns
fining,fine,vg
finises,finis,ns
finked,fink,vd
finking,fink,vg
finks,fink,ms
fins,fin,ns
fired,fire,vd
firemen,fireman,ns
firers,firer,ns
fires,fire,ms
firing,fire,vg
firings,firing,ns
firmed,firm,vd
firmer,firm,a1
firmest,firm,a2
firming,firm,vg
firms,firm,ms
firs,fir,ns
firsts,first,ns
firths,firth,ns
fiscals,fiscal,ns
fished,fish,vd
fishers,fisher,ns
fishes,fish,ns
fishes,fish,vs
fishier,fishy,aj1
fishing,fish,vg
fists,fist,ns
fits,fit,ms
fitted,fit,vd
fitter,fit,aj1
fitters,fitter,ns
fittest,fit,aj2
fitting,fit,vg
fivers,fiver,ns
fives,five,ns
fixated,fixate,vd
fixates,fixate,vs
fixed,fix,vd
fixers,fixer,ns
fixes,fix,ms
fixing,fix,vg
fizzed,fizz,vd
fizzes,fizz,vs
fizzier,fizzy,aj1
fizzing,fizz,vg
fizzled,fizzle,vd
fizzles,fizzle,ms
fjords,fjord,ns
flacks,flack,ns
flagged,flag,vd
flagmen,flagman,ns
flagons,flagon,ns
flags,flag,ms
flailed,flail,vd
flails,flail,ms
flairs,flair,ns
flaked,flake,vd
flakes,flake,ms
flakier,flaky,aj1
flaking,flake,vg
flamed,flame,vd
flames,flame,ms
flaming,flame,vg
flanges,flange,ns
flanked,flank,vd
flanks,flank,ms
flans,flan,ns
flapped,flap,vd
flaps,flap,ms
flared,flare,vd
flares,flare,ms
flaring,flare,vg
flashed,flash,vd
flashes,flash,ms
flasks,flask,ns
flats,flat,ms
flatted,flat,vd
flatter,flat,a1
flaunts,flaunt,ms
flavors,flavor,ms
flawed,flaw,vd
flawing,flaw,vg
flaws,flaw,ms
flayed,flay,vd
flaying,flay,vg
flays,flay,vs
fleas,flea,ns
flecked,fleck,vd
flecks,fleck,ms
fled,flee,vd
fleeced,fleece,vd
fleeces,fleece,ms
fleeing,flee,vg
flees,flee,vs
fleeted,fleet,vd
fleeter,fleet,aj1
fleets,fleet,ms
fleshed,flesh,vd
fleshes,flesh,vs
flew,fly,vd
flexed,flex,vd
flexes,flex,ms
flexing,flex,vg
flicked,flick,vd
flicks,flick,ms
flied,fly,vd
flier,fly,aj1
fliers,flier,ns
flies,fly,ns
flies,fly,vs
fliest,fly,aj2
flights,flight,ns
flings,fling,ms
flints,flint,ns
flipped,flip,vd
flipper,flip,aj1
flips,flip,ms
flirted,flirt,vd
flirts,flirt,ms
flits,flit,ms
flitted,flit,vd
floated,float,vd
floats,float,ms
flocked,flock,vd
flocks,flock,ms
floes,floe,ns
flogged,flog,vd
flogs,flog,vs
flooded,flood,vd
floods,flood,ms
floored,floor,vd
floors,floor,ms
flopped,flop,vd
flops,flop,ms
florals,floral,ns
floras,flora,ns
florets,floret,ns
florins,florin,ns
flossed,floss,vd
flosses,floss,vs
floured,flour,vd
flours,flour,vs
flouted,flout,vd
flouts,flout,ms
flowed,flow,vd
flowers,flower,ms
flowing,flow,vg
flown,fly,vn
flows,flow,ms
flubbed,flub,vd
flubs,flub,ms
flues,flue,ns
fluffed,fluff,vd
fluffs,fluff,ms
fluids,fluid,ns
flukes,fluke,ns
flukier,fluky,aj1
flumes,flume,ns
flung,fling,vd
flunked,flunk,vd
flunks,flunk,ms
flushed,flush,vd
flusher,flush,a1
flushes,flush,ms
fluted,flute,vd
flutes,flute,ms
fluting,flute,vg
fluxed,flux,vd
fluxes,flux,ms
fluxing,flux,vg
flybys,flyby,ns
flying,fly,vg
flyways,flyway,ns
foaled,foal,vd
foaling,foal,vg
foals,foal,ms
foamed,foam,vd
foamier,foamy,aj1
foaming,foam,vg
foams,foam,vs
fobbed,fob,vd
fobbing,fob,vg
fobs,fob,ms
focused,focus,vd
focuses,focus,ns
focuses,focus,vs
fodders,fodder,ns
foes,foe,ns
fogged,fog,vd
foggier,foggy,aj1
fogging,fog,vg
fogies,fogy,ns
fogs,fog,ms
foibles,foible,ns
foiled,foil,vd
foiling,foil,vg
foils,foil,ms
foisted,foist,vd
foists,foist,vs
folded,fold,vd
folders,folder,ns
folding,fold,vg
folds,fold,ms
folios,folio,ns
folks,folk,ns
follies,folly,ns
follows,follow,vs
foments,foment,vs
fonder,fond,aj1
fondest,fond,aj2
fondled,fondle,vd
fondles,fondle,vs
fondues,fondue,ns
fonts,font,ns
foodies,foodie,ns
foods,food,ns
fooled,fool,vd
fooling,fool,vg
fools,fool,ms
footed,foot,vd
footers,footer,ns
footing,foot,vg
footmen,footman,ns
foots,foot,vs
fops,fop,ns
foraged,forage,vd
forages,forage,vs
forayed,foray,vd
forays,foray,ms
forbade,forbid,vd
forbids,forbid,vs
forbore,forbear,vd
forced,force,vd
forces,force,ms
forcing,force,vg
forded,ford,vd
fording,ford,vg
fords,ford,ms
foremen,foreman,ns
fores,fore,ns
foresaw,foresee,vd
forests,forest,ms
forgave,forgive,vd
forged,forge,vd
forgers,forger,ns
forges,forge,ms
forgets,forget,vs
forging,forge,vg
forgoes,forgo,vs
forgone,forgo,vn
forgot,forget,vd
forked,fork,vd
forking,fork,vg
forks,fork,ms
formals,formal,ns
formats,format,ms
formed,form,vd
forming,form,vg
forms,form,ms
forsook,forsake,vd
fortes,forte,ns
forties,forty,ns
forts,fort,ns
forums,forum,ns
forwent,forgo,vd
fossas,fossa,ns
fossils,fossil,ns
fosters,foster,vs
fought,fight,vd
fouled,foul,vd
fouler,foul,aj1
foulest,foul,aj2
fouling,foul,vg
fouls,foul,ms
found,find,vd
founded,found,vd
founds,found,vs
founts,fount,ns
fours,four,ns
fourths,fourth,ns
fowled,fowl,vd
fowling,fowl,vg
fowls,fowl,ns
fowls,fowl,vs
foxed,fox,vd
foxes,fox,ms
foxier,foxy,aj1
foxiest,foxy,aj2
foxing,fox,vg
foyers,foyer,ns
fracked,frack,vd
fracks,frack,vs
frailer,frail,aj1
framed,frame,vd
framers,framer,ns
frames,frame,ms
framing,frame,vg
francs,franc,ns
franked,frank,vd
franker,frank,aj1
franks,frank,ms
frats,frat,ns
frauds,fraud,ns
frayed,fray,vd
fraying,fray,vg
frays,fray,ms
freaked,freak,vd
freaks,freak,ms
freed,free,vd
freeing,free,vg
freemen,freeman,ns
freer,free,a1
frees,free,vs
freest,free,a2
freezes,freeze,ms
fresher,fresh,a1
frets,fret,ms
fretted,fret,vd
friars,friar,ns
fridges,fridge,ns
fried,fry,vd
friends,friend,ms
fries,fry,ns
fries,fry,vs
friezes,frieze,ns
frigged,frig,vd
frights,fright,ms
frigs,frig,vs
frills,frill,ns
fringed,fringe,vd
fringes,fringe,ms
frisked,frisk,vd
frisks,frisk,vs
frizzed,frizz,vd
frizzes,frizz,ms
frocks,frock,ns
frogmen,frogman,ns
frogs,frog,ns
frolics,frolic,ms
fronds,frond,ns
fronted,front,vd
fronts,front,ms
frosted,frost,vd
frosts,frost,ms
frothed,froth,vd
froths,froth,vs
frowned,frown,vd
frowns,frown,ms
froze,freeze,vd
frozen,freeze,vn
fruited,fruit,vd
fruits,fruit,ns
fruits,fruit,vs
frumps,frump,ns
fryers,fryer,ns
frying,fry,vg
fuddled,fuddle,vd
fuddles,fuddle,ms
fudged,fudge,vd
fudges,fudge,vs
fudging,fudge,vg
fueled,fuel,vd
fueling,fuel,vg
fuels,fuel,ms
fugues,fugue,ns
fuhrers,fuhrer,ns
fulled,full,vd
fuller,full,a1
fullers,fuller,ns
fullest,full,a2
fulling,full,vg
fulls,full,vs
fumbled,fumble,vd
fumbles,fumble,ms
fumed,fume,vd
fumes,fume,ms
fumier,fumy,aj1
fumiest,fumy,aj2
fuming,fume,vg
funded,fund,vd
funders,funder,ns
funding,fund,vg
funds,fund,ms
fungi,fungus,ns
funked,funk,vd
funkier,funky,aj1
funking,funk,vg
funks,funk,ms
funnels,funnel,ms
funner,fun,aj1
funnest,fun,aj2
funnier,funny,aj1
funnies,funny,ns
furies,fury,ns
furled,furl,vd
furling,furl,vg
furls,furl,ms
furors,furor,ns
furred,fur,vd
furrier,furry,aj1
furring,fur,vg
furrows,furrow,ms
furs,fur,ms
fused,fuse,vd
fusees,fusee,ns
fuses,fuse,ms
fusing,fuse,vg
fusions,fusion,ns
fussed,fuss,vd
fusses,fuss,ms
fussier,fussy,aj1
fussing,fuss,vg
fustier,fusty,aj1
futons,futon,ns
futures,future,ns
futzed,futz,vd
futzes,futz,vs
futzing,futz,vg
fuzzed,fuzz,vd
fuzzes,fuzz,vs
fuzzier,fuzzy,aj1
fuzzing,fuzz,vg
gabbed,gab,vd
gabbier,gabby,aj1
gabbing,gab,vg
gabbled,gabble,vd
gabbles,gabble,vs
gables,gable,ns
gabs,gab,vs
gadded,gad,vd
gadders,gadder,ns
gadding,gad,vg
gadgets,gadget,ns
gads,gad,vs
gaffed,gaff,vd
gaffers,gaffer,ns
gaffes,gaffe,ns
gaffing,gaff,vg
gaffs,gaff,ms
gagged,gag,vd
gagging,gag,vg
gaggles,gaggle,ns
gags,gag,ms
gained,gain,vd
gainers,gainer,ns
gaining,gain,vg
gains,gain,ms
gaiters,gaiter,ns
gaits,gait,ns
galas,gala,ns
gales,gale,ns
galled,gall,vd
galleys,galley,ns
galling,gall,vg
gallons,gallon,ns
gallops,gallop,ms
galls,gall,ms
galoots,galoot,ns
gals,gal,ns
gambits,gambit,ns
gambled,gamble,vd
gambles,gamble,ms
gambols,gambol,ms
gamed,game,vd
gamer,game,aj1
games,game,ms
gamest,game,aj2
gametes,gamete,ns
gamier,gamy,aj1
gamiest,gamy,aj2
gamines,gamine,ns
gaming,game,vg
gamins,gamin,ns
gammas,gamma,ns
gamuts,gamut,ns
ganders,gander,ns
ganged,gang,vd
ganging,gang,vg
ganglia,ganglion,ns
gangs,gang,ms
gannets,gannet,ns
gaped,gape,vd
gapes,gape,ms
gaping,gape,vg
gaps,gap,ns
garaged,garage,vd
garages,garage,ms
garbed,garb,vd
garbing,garb,vg
garbled,garble,vd
garbles,garble,vs
garbs,garb,vs
garcons,garcon,ns
gardens,garden,ms
gargled,gargle,vd
gargles,gargle,ms
garners,garner,vs
garnets,garnet,ns
garrets,garret,ns
gars,gar,ns
garters,garter,ns
gasbags,gasbag,ns
gases,gas,ms
gashed,gash,vd
gashes,gash,ms
gashing,gash,vg
gaskets,gasket,ns
gaslit,gaslight,vd
gasmen,gasman,ns
gasped,gasp,vd
gasping,gasp,vg
gasps,gasp,ms
gassed,gas,vd
gassier,gassy,aj1
gassing,gas,vg
gateaux,gateau,ns
gated,gate,vd
gates,gate,ms
gathers,gather,ms
gating,gate,vg
gators,gator,ns
gaucher,gauche,aj1
gauchos,gaucho,ns
gaudier,gaudy,aj1
gauged,gauge,vd
gauges,gauge,ms
gauging,gauge,vg
gaunter,gaunt,aj1
gauzier,gauzy,aj1
gave,give,vd
gavels,gavel,ns
gawked,gawk,vd
gawkers,gawker,ns
gawkier,gawky,aj1
gawking,gawk,vg
gawks,gawk,vs
gawped,gawp,vd
gawping,gawp,vg
gawps,gawp,vs
gayer,gay,aj1
gayest,gay,aj2
gays,gay,ns
gazebos,gazebo,ns
gazed,gaze,vd
gazers,gazer,ns
gazes,gaze,ms
gazing,gaze,vg
gazumps,gazump,vs
geared,gear,vd
gearing,gear,vg
gears,gear,ms
geckos,gecko,ns
geed,gee,vd
geeing,gee,vg
geekier,geeky,aj1
geeks,geek,ns
gees,gee,vs
geese,goose,ns
geezers,geezer,ns
geishas,geisha,ns
gelcaps,gelcap,ns
gelded,geld,vd
gelding,geld,vg
gelds,geld,vs
gelled,gel,vd
gelling,gel,vg
gels,gel,ms
gems,gem,ns
genders,gender,ns
genera,genus,ns
genes,gene,ns
geneses,genesis,ns
genies,genie,ns
genii,genius,ns
genned,gen,vd
genning,gen,vg
genomes,genome,ns
genres,genre,ns
gens,gen,ns
gens,gen,vs
gentled,gentle,vd
gentler,gentle,aj1
gentles,gentle,vs
gents,gent,ns
geodes,geode,ns
gerbils,gerbil,ns
germs,germ,ns
gerunds,gerund,ns
gets,get,ms
getting,get,vg
getups,getup,ns
gewgaws,gewgaw,ns
geysers,geyser,ms
ghats,ghat,ns
ghettos,ghetto,ns
ghosted,ghost,vd
ghosts,ghost,ms
ghouls,ghoul,ns
giants,giant,ns
gibbers,gibber,vs
gibbets,gibbet,ns
gibbets,gibbet,vs
gibbons,gibbon,ns
gibed,gibe,vd
gibes,gibe,ms
gibing,gibe,vg
giblets,giblet,ns
giddier,giddy,aj1
gifted,gift,vd
gifting,gift,vg
gifts,gift,ms
gigged,gig,vd
gigging,gig,vg
giggled,giggle,vd
giggles,giggle,ms
gigolos,gigolo,ns
gigs,gig,ms
gilded,gild,vd
gilders,gilder,ns
gilding,gild,vg
gilds,gild,ms
gillies,gillie,ns
gills,gill,ns
gilts,gilt,ns
gimlets,gimlet,ms
gimmes,gimme,ns
gimped,gimp,vd
gimping,gimp,vg
gimps,gimp,ms
gingers,ginger,ns
ginned,gin,vd
ginning,gin,vg
gins,gin,vs
girded,gird,vd
girders,girder,ns
girding,gird,vg
girdled,girdle,vd
girdles,girdle,ms
girds,gird,vs
girls,girl,ns
giros,giro,ns
girted,girt,vd
girths,girth,ns
girting,girt,vg
girts,girt,ms
gites,gite,ns
gits,git,ns
given,give,vn
givens,given,ns
givers,giver,ns
gives,give,vs
giving,give,vg
gizmos,gizmo,ns
glaceed,glace,vd
glaces,glace,vs
gladder,glad,aj1
glades,glade,ns
glads,glad,ns
glanced,glance,vd
glances,glance,ms
glandes,glans,ns
glands,gland,ns
glared,glare,vd
glares,glare,ms
glaring,glare,vg
glassed,glass,vd
glasses,glass,ms
glazed,glaze,vd
glazes,glaze,ms
glazing,glaze,vg
gleamed,gleam,vd
gleams,gleam,ms
gleaned,glean,vd
gleans,glean,vs
glens,glen,ns
glibber,glib,aj1
glided,glide,vd
gliders,glider,ns
glides,glide,ms
gliding,glide,vg
glinted,glint,vd
glints,glint,ms
gloated,gloat,vd
gloats,gloat,ms
globes,globe,ns
globs,glob,ns
gloried,glory,vd
glories,glory,ms
glossed,gloss,vd
glosses,gloss,ms
gloved,glove,vd
gloves,glove,ms
gloving,glove,vg
glowed,glow,vd
glowers,glower,ms
glowing,glow,vg
glows,glow,ms
glued,glue,vd
glues,glue,ms
gluier,gluey,aj1
gluiest,gluey,aj2
gluing,glue,vg
glummer,glum,aj1
gluons,gluon,ns
glutes,glute,ns
gluts,glut,ms
glutted,glut,vd
glyphs,glyph,ns
gnarled,gnarl,vd
gnarls,gnarl,ms
gnashed,gnash,vd
gnashes,gnash,ms
gnats,gnat,ns
gnawed,gnaw,vd
gnawed,gnaw,vn
gnawing,gnaw,vg
gnaws,gnaw,vs
gnomes,gnome,ns
gnus,gnu,ns
goaded,goad,vd
goading,goad,vg
goads,goad,ms
goalies,goalie,ns
goals,goal,ns
goatees,goatee,ns
goats,goat,ns
gobbed,gob,vd
gobbets,gobbet,ns
gobbing,gob,vg
gobbled,gobble,vd
gobbles,gobble,ms
goblets,goblet,ns
goblins,goblin,ns
gobs,gob,ms
godlier,godly,aj1
gods,god,ns
godsons,godson,ns
goers,goer,ns
goes,go,ns
goes,go,vs
gofers,gofer,ns
goggled,goggle,vd
goggles,goggle,ms
going,go,vg
goings,going,ns
goiters,goiter,ns
golds,gold,ns
golems,golem,ns
golfed,golf,vd
golfers,golfer,ns
golfing,golf,vg
golfs,golf,vs
gollies,golly,ns
gonads,gonad,ns
gone,go,vn
goners,goner,ns
gonged,gong,vd
gonging,gong,vg
gongs,gong,ms
goobers,goober,ns
goodies,goody,ns
goofed,goof,vd
goofier,goofy,aj1
goofing,goof,vg
goofs,goof,ms
googled,google,vd
googles,google,vs
gooier,gooey,aj1
gooiest,gooey,aj2
gooks,gook,ns
goons,goon,ns
goosed,goose,vd
gooses,goose,ns
gooses,goose,vs
goosing,goose,vg
gophers,gopher,ns
gored,gore,vd
gores,gore,vs
gorged,gorge,vd
gorges,gorge,ms
gorging,gorge,vg
gorgons,gorgon,ns
gorier,gory,aj1
goriest,gory,aj2
goring,gore,vg
gospels,gospel,ns
gossips,gossip,ms
got,get,vd
got,get,vn
goths,goth,ns
gotten,get,vn
gouged,gouge,vd
gougers,gouger,ns
gouges,gouge,ms
gouging,gouge,vg
gourdes,gourde,ns
gourds,gourd,ns
goutier,gouty,aj1
governs,govern,vs
gowned,gown,vd
gowning,gown,vg
gowns,gown,ms
grabbed,grab,vd
grabs,grab,ms
graced,grace,vd
graces,grace,ms
gracing,grace,vg
graded,grade,vd
graders,grader,ns
grades,grade,ms
grading,grade,vg
grads,grad,ns
grafted,graft,vd
grafts,graft,ms
grains,grain,ns
grams,gram,ns
grander,grand,aj1
grands,grand,ns
granges,grange,ns
grans,gran,ns
granted,grant,vd
grants,grant,ms
grapes,grape,ns
graphed,graph,vd
graphs,graph,ms
grasped,grasp,vd
grasps,grasp,ms
grassed,grass,vd
grasses,grass,ms
grated,grate,vd
graters,grater,ns
grates,grate,ms
grating,grate,vg
gratins,gratin,ns
graved,grave,vd
graved,grave,vn
gravels,gravel,vs
graver,grave,aj1
graves,grave,ms
gravest,grave,aj2
gravies,gravy,ns
graving,grave,vg
grayed,gray,vd
grayer,gray,aj1
grayest,gray,aj2
graying,gray,vg
grays,gray,ms
grazed,graze,vd
grazers,grazer,ns
grazes,graze,ms
grazing,graze,vg
greased,grease,vd
greases,grease,vs
greater,great,aj1
greats,great,ns
grebes,grebe,ns
greened,green,vd
greener,green,aj1
greens,green,ms
greeted,greet,vd
greets,greet,vs
grew,grow,vd
grids,grid,ns
griefs,grief,ns
grieved,grieve,vd
grieves,grieve,vs
grilled,grill,vd
grilles,grille,ns
grills,grill,ms
grimed,grime,vd
grimes,grime,vs
grimier,grimy,aj1
griming,grime,vg
grimmer,grim,aj1
grinds,grind,ms
gringos,gringo,ns
grinned,grin,vd
grins,grin,ms
griped,gripe,vd
gripers,griper,ns
gripes,gripe,ms
griping,gripe,vg
gripped,grip,vd
grips,grip,ms
grits,grit,vs
gritted,grit,vd
groaned,groan,vd
groans,groan,ms
groats,groat,ns
grocers,grocer,ns
groins,groin,ns
groomed,groom,vd
grooms,groom,ms
grooved,groove,vd
grooves,groove,ms
groped,grope,vd
gropers,groper,ns
gropes,grope,ms
groping,grope,vg
grossed,gross,vd
grosser,gross,aj1
grosses,gross,ns
grosses,gross,vs
ground,grind,vd
grounds,ground,ms
grouped,group,vd
groups,group,ms
groused,grouse,vd
grouses,grouse,vs
grouted,grout,vd
grouts,grout,vs
grovels,grovel,vs
groves,grove,ns
growers,grower,ns
growing,grow,vg
growled,growl,vd
growls,growl,ms
grown,grow,vn
grows,grow,vs
growths,growth,ns
grubbed,grub,vd
grubs,grub,ms
grudged,grudge,vd
grudges,grudge,ms
gruffer,gruff,aj1
grumps,grump,ns
grunted,grunt,vd
grunts,grunt,ms
guarded,guard,vd
guards,guard,ms
guavas,guava,ns
guessed,guess,vd
guesses,guess,ms
guested,guest,vd
guests,guest,ms
guffaws,guffaw,ms
guided,guide,vd
guiders,guider,ns
guides,guide,ms
guiding,guide,vg
guilds,guild,ns
guilted,guilt,vd
guilts,guilt,vs
guineas,guinea,ns
guises,guise,ns
guitars,guitar,ns
gulags,gulag,ns
gulches,gulch,ns
guldens,gulden,ns
gulfs,gulf,ns
gulled,gull,vd
gullets,gullet,ns
gullies,gully,ns
gulling,gull,vg
gulls,gull,ms
gulped,gulp,vd
gulpers,gulper,ns
gulping,gulp,vg
gulps,gulp,ms
gumbos,gumbo,ns
gummed,gum,vd
gummier,gummy,aj1
gumming,gum,vg
gums,gum,ms
gunmen,gunman,ns
gunned,gun,vd
gunnels,gunnel,ns
gunners,gunner,ns
gunning,gun,vg
guns,gun,ms
guppies,guppy,ns
gurgled,gurgle,vd
gurgles,gurgle,ms
gurneys,gurney,ns
gurus,guru,ns
gushed,gush,vd
gushers,gusher,ns
gushes,gush,ms
gushier,gushy,aj1
gushing,gush,vg
gussets,gusset,ms
gussied,gussy,vd
gussies,gussy,vs
gusted,gust,vd
gustier,gusty,aj1
gusting,gust,vg
gusts,gust,ms
guts,gut,ms
gutsier,gutsy,aj1
gutted,gut,vd
gutters,gutter,ms
guttier,gutty,aj1
gutting,gut,vg
guvnors,guvnor,ns
guvs,guv,ns
guyed,guy,vd
guying,guy,vg
guys,guy,ms
guzzled,guzzle,vd
guzzles,guzzle,vs
gyms,gym,ns
gypped,gyp,vd
gyppers,gypper,ns
gypping,gyp,vg
gyps,gyp,ms
gypsies,gypsy,ns
gyrated,gyrate,vd
gyrates,gyrate,vs
gyros,gyro,ns
gyved,gyve,vd
gyves,gyve,ms
gyving,gyve,vg
habits,habit,ns
hacked,hack,vd
hackers,hacker,ns
hacking,hack,vg
hackles,hackle,ns
hacks,hack,ms
had,have,vd
hadiths,hadith,ns
hafts,haft,ns
haggled,haggle,vd
haggles,haggle,ms
hags,hag,ns
hailed,hail,vd
hailing,hail,vg
hails,hail,ms
hairdos,hairdo,ns
hairier,hairy,aj1
hairs,hair,ns
hajjes,hajj,ns
hajjis,hajji,ns
hakes,hake,ns
haled,hale,vd
haler,hale,aj1
hales,hale,vs
halest,hale,aj2
haling,hale,vg
halloos,halloo,ns
halloos,halloo,vs
hallows,hallow,vs
halls,hall,ns
haloed,halo,vd
haloing,halo,vg
halos,halo,ms
halted,halt,vd
halters,halter,ms
halting,halt,vg
halts,halt,ms
halved,halve,vd
halves,half,ns
halves,halve,vs
halving,halve,vg
hamlets,hamlet,ns
hammed,ham,vd
hammers,hammer,ms
hammier,hammy,aj1
hamming,ham,vg
hampers,hamper,ms
hams,ham,ms
handed,hand,vd
handier,handy,aj1
handing,hand,vg
handled,handle,vd
handles,handle,ms
hands,hand,ms
hangars,hangar,ns
hanged,hang,vd
hangers,hanger,ns
hanging,hang,vg
hangmen,hangman,ns
hangs,hang,ns
hangs,hang,vs
hankers,hanker,vs
hankies,hankie,ns
hanks,hank,ns
hansoms,hansom,ns
happens,happen,vs
happier,happy,aj1
harbors,harbor,ms
hardens,harden,vs
harder,hard,a1
hardest,hard,a2
hardier,hardy,aj1
hared,hare,vd
harems,harem,ns
hares,hare,ns
hares,hare,vs
haring,hare,vg
harked,hark,vd
harking,hark,vg
harks,hark,vs
harlots,harlot,ns
harmed,harm,vd
harming,harm,vg
harms,harm,vs
harped,harp,vd
harpies,harpy,ns
harping,harp,vg
harps,harp,ms
harried,harry,vd
harries,harry,vs
harrows,harrow,ms
harsher,harsh,aj1
harts,hart,ns
has,have,vs
hashed,hash,vd
hashes,hash,ms
hashing,hash,vg
hasps,hasp,ns
hassled,hassle,vd
hassles,hassle,ms
hast,have,vs2
hasted,haste,vd
hastens,hasten,vs
hastes,haste,vs
hastier,hasty,aj1
hasting,haste,vg
hatched,hatch,vd
hatches,hatch,ms
hated,hate,vd
haters,hater,ns
hates,hate,ms
hath,have,vs3
hating,hate,vg
hatpins,hatpin,ns
hatreds,hatred,ns
hats,hat,ms
hatted,hat,vd
hatters,hatter,ns
hatting,hat,vg
hauled,haul,vd
haulers,hauler,ns
hauling,haul,vg
hauls,haul,ms
haunted,haunt,vd
haunts,haunt,ms
havens,haven,ns
haves,have,ns
having,have,vg
hawed,haw,vd
hawing,haw,vg
hawked,hawk,vd
hawkers,hawker,ns
hawking,hawk,vg
hawks,hawk,ms
haws,haw,ms
hawsers,hawser,ns
hayed,hay,vd
haying,hay,vg
haymows,haymow,ns
hays,hay,vs
hazards,hazard,ms
hazed,haze,vd
hazels,hazel,ns
hazers,hazer,ns
hazes,haze,ms
hazier,hazy,aj1
haziest,hazy,aj2
hazing,haze,vg
hazings,hazing,ns
headed,head,vd
headers,header,ns
headier,heady,aj1
heading,head,vg
headmen,headman,ns
heads,head,ms
healed,heal,vd
healers,healer,ns
healing,heal,vg
heals,heal,vs
heaped,heap,vd
heaping,heap,vg
heaps,heap,ms
heard,hear,vd
hearers,hearer,ns
hearing,hear,vg
hears,hear,vs
hearses,hearse,ns
hearths,hearth,ns
hearts,heart,ns
heated,heat,vd
heaters,heater,ns
heaths,heath,ns
heating,heat,vg
heats,heat,ms
heaved,heave,vd
heavers,heaver,ns
heaves,heave,ms
heaves,heave,vs
heavier,heavy,a1
heavies,heavy,ns
heaving,heave,vg
heckled,heckle,vd
heckles,heckle,ms
hectors,hector,ms
hedged,hedge,vd
hedgers,hedger,ns
hedges,hedge,ms
hedging,hedge,vg
heeded,heed,vd
heeding,heed,vg
heeds,heed,vs
heehaws,heehaw,ns
heehaws,heehaw,vs
heeled,heel,vd
heeling,heel,vg
heels,heel,ms
hefted,heft,vd
heftier,hefty,aj1
hefting,heft,vg
hefts,heft,vs
hegiras,hegira,ns
heifers,heifer,ns
heights,height,ns
heirs,heir,ns
heisted,heist,vd
heists,heist,ms
held,hold,vd
helices,helix,ns
hellos,hello,ns
helmets,helmet,ns
helms,helm,ns
helots,helot,ns
helped,help,vd
helpers,helper,ns
helping,help,vg
helps,help,ms
helves,helve,ns
hemmed,hem,vd
hemmers,hemmer,ns
hemming,hem,vg
hems,hem,ms
hennaed,henna,vd
hennas,henna,vs
hens,hen,ns
her,she,pn1
her,she,pnd
heralds,herald,ms
herbals,herbal,ns
herbs,herb,ns
herded,herd,vd
herders,herder,ns
herding,herd,vg
herds,herd,ms
hermits,hermit,ns
hernias,hernia,ns
heroes,hero,ns
heroins,heroin,ns
herons,heron,ns
hers,she,pnp
herself,she,pnr0
heteros,hetero,ns
hewed,hew,vd
hewers,hewer,ns
hewing,hew,vg
hewn,hew,vn
hews,hew,vs
hexed,hex,vd
hexes,hex,ms
hexing,hex,vg
heydays,heyday,ns
hiccups,hiccup,ms
hickeys,hickey,ns
hicks,hick,ns
hid,hide,vd
hidden,hide,vn
hided,hide,vd
hiders,hider,ns
hides,hide,ms
hides,hide,vs
hiding,hide,vg
hidings,hiding,ns
hied,hie,vd
hieing,hie,vg
hies,hie,vs
higher,high,a1
highers,higher,ns
highest,high,a2
highs,high,ns
hijabs,hijab,ns
hijacks,hijack,ms
hiked,hike,vd
hikers,hiker,ns
hikes,hike,ms
hiking,hike,vg
hillier,hilly,aj1
hills,hill,ns
hilts,hilt,ns
him,he,pn1
himself,he,pnr0
hinders,hinder,vs
hinds,hind,ns
hinged,hinge,vd
hinges,hinge,ms
hinging,hinge,vg
hinted,hint,vd
hinters,hinter,ns
hinting,hint,vg
hints,hint,ms
hipped,hip,vd
hipper,hip,aj1
hippest,hip,aj2
hippies,hippie,ns
hipping,hip,vg
hippos,hippo,ns
hips,hip,ms
hired,hire,vd
hires,hire,ms
hiring,hire,vg
his,he,pnd
his,he,pnp
hissed,hiss,vd
hisses,hiss,ms
hissing,hiss,vg
hitched,hitch,vd
hitches,hitch,ms
hits,hit,ms
hitters,hitter,ns
hitting,hit,vg
hived,hive,vd
hives,hive,ms
hiving,hive,vg
hoagies,hoagie,ns
hoarded,hoard,vd
hoards,hoard,ms
hoarier,hoary,aj1
hoarser,hoarse,aj1
hoaxed,hoax,vd
hoaxers,hoaxer,ns
hoaxes,hoax,ms
hoaxing,hoax,vg
hobbies,hobby,ns
hobbits,hobbit,ns
hobbled,hobble,vd
hobbles,hobble,ms
hobnobs,hobnob,vs
hobos,hobo,ns
hobs,hob,ns
hocked,hock,vd
hocking,hock,vg
hocks,hock,ms
hods,hod,ns
hoed,hoe,vd
hoeing,hoe,vg
hoers,hoer,ns
hoes,hoe,ms
hogans,hogan,ns
hogged,hog,vd
hogging,hog,vg
hogs,hog,ns
hogs,hog,vs
hogtied,hogtie,vd
hogties,hogtie,vs
hoicked,hoick,vd
hoicks,hoick,vs
hoisted,hoist,vd
hoists,hoist,ms
hoked,hoke,vd
hokes,hoke,vs
hokier,hokey,aj1
hokiest,hokey,aj2
hoking,hoke,vg
holders,holder,ns
holding,hold,vg
holds,hold,ms
holdups,holdup,ns
holed,hole,vd
holes,hole,ms
holier,holy,aj1
holiest,holy,aj2
holing,hole,vg
hollers,holler,ms
hollies,holly,ns
hollows,hollow,ms
homages,homage,ns
hombres,hombre,ns
homed,home,vd
homered,homer,vd
homers,homer,ms
homes,home,ms
homeys,homey,ns
homier,homey,aj1
homiest,homey,aj2
homing,home,vg
homos,homo,ns
honchos,honcho,ns
honed,hone,vd
honers,honer,ns
hones,hone,ms
honeyed,honey,vd
honeys,honey,ms
honing,hone,vg
honked,honk,vd
honkers,honker,ns
honkies,honky,ns
honking,honk,vg
honks,honk,ms
honored,honor,vd
honors,honor,ms
hons,hon,ns
hooded,hood,vd
hoodies,hoodie,ns
hooding,hood,vg
hoodoos,hoodoo,ms
hoods,hood,ms
hoofed,hoof,vd
hoofers,hoofer,ns
hoofing,hoof,vg
hoofs,hoof,ns
hoofs,hoof,vs
hookahs,hookah,ns
hooked,hook,vd
hookers,hooker,ns
hooking,hook,vg
hooks,hook,ms
hookups,hookup,ns
hooped,hoop,vd
hooping,hoop,vg
hoops,hoop,ms
hooted,hoot,vd
hooters,hooter,ns
hooting,hoot,vg
hoots,hoot,ms
hoovers,hoover,vs
hooves,hoof,ns
hoped,hope,vd
hopes,hope,ms
hoping,hope,vg
hopped,hop,vd
hoppers,hopper,ns
hopping,hop,vg
hops,hop,ms
horas,hora,ns
horded,horde,vd
hordes,horde,ms
hording,horde,vg
hornets,hornet,ns
hornier,horny,aj1
horns,horn,ns
horrors,horror,ns
horsed,horse,vd
horses,horse,ns
horses,horse,vs
horsier,horsey,aj1
horsing,horse,vg
hos,ho,ns
hosed,hose,vd
hoses,hose,ns
hoses,hose,vs
hosiers,hosier,ns
hosing,hose,vg
hostas,hosta,ns
hosted,host,vd
hostels,hostel,ms
hosting,host,vg
hosts,host,ms
hotbeds,hotbed,ns
hotels,hotel,ns
hotkeys,hotkey,ns
hotpots,hotpot,ns
hots,hot,vs
hotted,hot,vd
hotter,hot,aj1
hottest,hot,aj2
hotties,hottie,ns
hotting,hot,vg
hounded,hound,vd
hounds,hound,ms
houris,houri,ns
hours,hour,ns
housed,house,vd
houses,house,ms
housing,house,vg
hove,heave,vd
hovels,hovel,ns
hovered,hover,vd
hovers,hover,vs
howdahs,howdah,ns
howled,howl,vd
howlers,howler,ns
howling,howl,vg
howls,howl,ms
hows,how,ns
hoydens,hoyden,ns
hubbies,hubby,ns
hubbubs,hubbub,ns
hubcaps,hubcap,ns
hubs,hub,ns
huddled,huddle,vd
huddles,huddle,ms
hues,hue,ns
huffed,huff,vd
huffier,huffy,aj1
huffing,huff,vg
huffs,huff,ms
huger,huge,aj1
hugest,huge,aj2
hugged,hug,vd
huggers,hugger,ns
hugging,hug,vg
hugs,hug,ms
hulas,hula,ns
hulks,hulk,ns
hulled,hull,vd
hullers,huller,ns
hulling,hull,vg
hulls,hull,ms
humaner,humane,aj1
humans,human,ns
humbled,humble,vd
humbler,humble,aj1
humbles,humble,vs
humbugs,humbug,ms
humeri,humerus,ns
hummed,hum,vd
hummers,hummer,ns
humming,hum,vg
humored,humor,vd
humors,humor,vs
humped,hump,vd
humphed,humph,vd
humphs,humph,vs
humping,hump,vg
humps,hump,ms
hums,hum,ms
hunched,hunch,vd
hunches,hunch,ms
hung,hang,vd
hungers,hunger,ms
hunkers,hunker,vs
hunkier,hunky,aj1
hunks,hunk,ns
hunted,hunt,vd
hunters,hunter,ns
hunting,hunt,vg
hunts,hunt,ms
hurdled,hurdle,vd
hurdles,hurdle,ms
hurled,hurl,vd
hurlers,hurler,ns
hurling,hurl,vg
hurls,hurl,ms
hurrahs,hurrah,ns
hurrahs,hurrah,vs
hurried,hurry,vd
hurries,hurry,vs
hurting,hurt,vg
hurtled,hurtle,vd
hurtles,hurtle,vs
hurts,hurt,ms
hushed,hush,vd
hushes,hush,ms
hushing,hush,vg
husked,husk,vd
huskers,husker,ns
huskier,husky,aj1
huskies,husky,ns
husking,husk,vg
husks,husk,ms
hussars,hussar,ns
hussies,hussy,ns
hustled,hustle,vd
hustles,hustle,ms
hutches,hutch,ns
huts,hut,ns
huzzahs,huzzah,ms
hybrids,hybrid,ns
hydras,hydra,ns
hyenas,hyena,ns
hymens,hymen,ns
hymnals,hymnal,ns
hymned,hymn,vd
hymning,hymn,vg
hymns,hymn,ms
hyped,hype,vd
hypes,hype,vs
hyphens,hyphen,ms
hyping,hype,vg
hypos,hypo,ns
iambics,iambic,ns
iambs,iamb,ns
ibexes,ibex,ns
ibises,ibis,ns
icecaps,icecap,ns
iced,ice,vd
icemen,iceman,ns
ices,ice,ms
icicles,icicle,ns
icier,icy,aj1
iciest,icy,aj2
icing,ice,vg
icings,icing,ns
ickier,icky,aj1
ickiest,icky,aj2
icons,icon,ns
ideals,ideal,ns
ideas,idea,ns
idioms,idiom,ns
idiots,idiot,ns
idled,idle,vd
idler,idle,aj1
idlers,idler,ns
idles,idle,ms
idlest,idle,aj2
idling,idle,vg
idols,idol,ns
ids,id,ns
idylls,idyll,ns
iffier,iffy,aj1
iffiest,iffy,aj2
ifs,if,ns
igloos,igloo,ns
ignited,ignite,vd
ignites,ignite,vs
ignored,ignore,vd
ignores,ignore,vs
iguanas,iguana,ns
ilea,ileum,ns
ilia,ilium,ns
ilks,ilk,ns
ills,ill,ns
imaged,image,vd
images,image,ms
imaging,image,vg
imagoes,imago,ns
imams,imam,ns
imbibed,imbibe,vd
imbibes,imbibe,vs
imbued,imbue,vd
imbues,imbue,vs
imbuing,imbue,vg
immured,immure,vd
immures,immure,vs
impacts,impact,ms
impairs,impair,vs
impalas,impala,ns
impaled,impale,vd
impales,impale,vs
imparts,impart,vs
impeded,impede,vd
impedes,impede,vs
impels,impel,vs
impends,impend,vs
implied,imply,vd
implies,imply,vs
imports,import,ms
imposed,impose,vd
imposes,impose,vs
imposts,impost,ns
improvs,improv,ns
imps,imp,ns
impugns,impugn,vs
imputed,impute,vd
imputes,impute,vs
inaner,inane,aj1
inanest,inane,aj2
inboxes,inbox,ns
inbred,inbreed,vd
inched,inch,vd
inches,inch,ms
inching,inch,vg
incised,incise,vd
incises,incise,vs
incited,incite,vd
incites,incite,vs
incomes,income,ns
incurs,incur,vs
indents,indent,ms
indexed,index,vd
indexes,index,ns
indexes,index,vs
indices,index,ns
indicts,indict,vs
indies,indie,ns
indited,indite,vd
indites,indite,vs
induced,induce,vd
induces,induce,vs
inducts,induct,vs
indwelt,indwell,vd
infants,infant,ns
infects,infect,vs
infers,infer,vs
infests,infest,vs
infills,infill,ns
infills,infill,vs
inflows,inflow,ns
informs,inform,vs
infused,infuse,vd
infuses,infuse,vs
ingests,ingest,vs
ingots,ingot,ns
inhaled,inhale,vd
inhales,inhale,vs
inhered,inhere,vd
inheres,inhere,vs
injects,inject,vs
injured,injure,vd
injures,injure,vs
inked,ink,vd
inkier,inky,aj1
inkiest,inky,aj2
inking,ink,vg
inks,ink,ms
inlaid,inlay,vd
inlays,inlay,ms
inlets,inlet,ns
inmates,inmate,ns
innings,inning,ns
inns,inn,ns
inputs,input,ms
inroads,inroad,ns
ins,in,ns
insaner,insane,aj1
inseams,inseam,ns
insects,insect,ns
inserts,insert,ms
insets,inset,ms
insides,inside,ns
insists,insist,vs
insoles,insole,ns
instars,instar,ns
insteps,instep,ns
insulas,insula,ns
insults,insult,ms
insured,insure,vd
insures,insure,vs
intakes,intake,ns
intends,intend,vs
intents,intent,ns
interns,intern,ns
interns,intern,vs
inters,inter,vs
intoned,intone,vd
intones,intone,vs
intros,intro,ns
intuits,intuit,vs
inured,inure,vd
inures,inure,vs
inuring,inure,vg
invaded,invade,vd
invades,invade,vs
invents,invent,vs
inverts,invert,ms
invests,invest,vs
invited,invite,vd
invites,invite,ms
invoked,invoke,vd
invokes,invoke,vs
iodides,iodide,ns
iodized,iodize,vd
iodizes,iodize,vs
ionized,ionize,vd
ionizes,ionize,vs
ions,ion,ns
iotas,iota,ns
ipecacs,ipecac,ns
irises,iris,ns
irked,irk,vd
irking,irk,vg
irks,irk,vs
ironed,iron,vd
ironies,irony,ns
ironing,iron,vg
irons,iron,ms
irrupts,irrupt,vs
islands,island,ns
isles,isle,ns
islets,islet,ns
isms,ism,ns
isobars,isobar,ns
isomers,isomer,ns
issued,issue,vd
issuers,issuer,ns
issues,issue,ms
issuing,issue,vg
itched,itch,vd
itches,itch,ms
itchier,itchy,aj1
itching,itch,vg
items,item,ns
its,it,pnd
its,it,pnp
itself,it,pnr0
ivies,ivy,ns
ivories,ivory,ns
jabbed,jab,vd
jabbers,jabber,vs
jabbing,jab,vg
jabots,jabot,ns
jabs,jab,ms
jackals,jackal,ns
jacked,jack,vd
jackets,jacket,ns
jacking,jack,vg
jacks,jack,ms
jaded,jade,vd
jades,jade,ms
jading,jade,vg
jags,jag,ns
jaguars,jaguar,ns
jailed,jail,vd
jailers,jailer,ns
jailing,jail,vg
jails,jail,ms
jambs,jamb,ns
jammed,jam,vd
jammers,jammer,ns
jammier,jammy,aj1
jamming,jam,vg
jams,jam,ms
jangled,jangle,vd
jangles,jangle,ms
japans,japan,ms
japed,jape,vd
japes,jape,ms
japing,jape,vg
jarfuls,jarful,ns
jarred,jar,vd
jarring,jar,vg
jars,jar,ms
jatos,jato,ns
jaunted,jaunt,vd
jaunts,jaunt,ms
jawed,jaw,vd
jawing,jaw,vg
jaws,jaw,ms
jays,jay,ns
jazzed,jazz,vd
jazzes,jazz,vs
jazzier,jazzy,aj1
jazzing,jazz,vg
jeeps,jeep,ns
jeered,jeer,vd
jeering,jeer,vg
jeers,jeer,ms
jejuna,jejunum,ns
jelled,jell,vd
jellied,jelly,vd
jellies,jelly,ms
jelling,jell,vg
jells,jell,vs
jemmied,jemmy,vd
jemmies,jemmy,ns
jemmies,jemmy,vs
jennets,jennet,ns
jennies,jenny,ns
jerked,jerk,vd
jerkier,jerky,aj1
jerking,jerk,vg
jerkins,jerkin,ns
jerks,jerk,ms
jerseys,jersey,ns
jested,jest,vd
jesters,jester,ns
jesting,jest,vg
jests,jest,ms
jets,jet,ms
jetted,jet,vd
jetties,jetty,ns
jetting,jet,vg
jeweled,jewel,vd
jewels,jewel,ms
jibbed,jib,vd
jibbing,jib,vg
jibed,jibe,vd
jibes,jibe,ms
jibes,jibe,ns
jibes,jibe,vs
jibing,jibe,vg
jibs,jib,ms
jiffies,jiffy,ns
jiffs,jiff,ns
jigged,jig,vd
jiggers,jigger,ms
jigging,jig,vg
jiggled,jiggle,vd
jiggles,jiggle,ms
jigs,jig,ms
jigsaws,jigsaw,ms
jihadis,jihadi,ns
jihads,jihad,ns
jilted,jilt,vd
jilting,jilt,vg
jilts,jilt,ms
jimmied,jimmy,vd
jimmies,jimmy,ms
jingled,jingle,vd
jingles,jingle,ms
jinked,jink,vd
jinking,jink,vg
jinks,jink,vs
jinnis,jinni,ns
jinxed,jinx,vd
jinxes,jinx,ms
jinxing,jinx,vg
jitneys,jitney,ns
jitters,jitter,vs
jived,jive,vd
jives,jive,vs
jiving,jive,vg
jobbed,job,vd
jobbers,jobber,ns
jobbing,job,vg
jobs,job,ms
jockeys,jockey,ms
jocks,jock,ns
joeys,joey,ns
jogged,jog,vd
joggers,jogger,ns
jogging,jog,vg
joggled,joggle,vd
joggles,joggle,ms
jogs,jog,ms
johns,john,ns
joined,join,vd
joiners,joiner,ns
joining,join,vg
joins,join,ms
jointed,joint,vd
joints,joint,ms
joists,joist,ns
joked,joke,vd
jokers,joker,ns
jokes,joke,ms
jokier,jokey,aj1
jokiest,jokey,aj2
joking,joke,vg
jollied,jolly,vd
jollier,jolly,a1
jollies,jolly,ms
jolted,jolt,vd
jolters,jolter,ns
jolting,jolt,vg
jolts,jolt,ms
joshed,josh,vd
joshers,josher,ns
joshes,josh,ms
joshing,josh,vg
jostled,jostle,vd
jostles,jostle,ms
jots,jot,ms
jotted,jot,vd
jotters,jotter,ns
jotting,jot,vg
joules,joule,ns
jounced,jounce,vd
jounces,jounce,ms
journos,journo,ns
jousted,joust,vd
jousts,joust,ms
jowlier,jowly,aj1
jowls,jowl,ns
joyed,joy,vd
joying,joy,vg
joyrode,joyride,vd
joys,joy,ms
judders,judder,vs
judged,judge,vd
judges,judge,ms
judging,judge,vg
jugfuls,jugful,ns
jugged,jug,vd
jugging,jug,vg
juggled,juggle,vd
juggles,juggle,ms
jugs,jug,ms
juiced,juice,vd
juicers,juicer,ns
juices,juice,ms
juicier,juicy,aj1
juicing,juice,vg
jujubes,jujube,ns
jujus,juju,ns
juked,juke,vd
jukes,juke,vs
juking,juke,vg
juleps,julep,ns
jumbled,jumble,vd
jumbles,jumble,ms
jumbos,jumbo,ns
jumped,jump,vd
jumpers,jumper,ns
jumpier,jumpy,aj1
jumping,jump,vg
jumps,jump,ms
juncos,junco,ns
jungles,jungle,ns
juniors,junior,ns
junked,junk,vd
junkers,junker,ns
junkets,junket,ms
junkier,junky,aj1
junkies,junkie,ns
junkies,junky,ns
junking,junk,vg
junks,junk,ms
juntas,junta,ns
juries,jury,ns
jurists,jurist,ns
jurors,juror,ns
jurymen,juryman,ns
juster,just,a1
justest,just,a2
juts,jut,ms
jutted,jut,vd
jutting,jut,vg
kaisers,kaiser,ns
kanas,kana,ns
kappas,kappa,ns
karats,karat,ns
karts,kart,ns
kayaked,kayak,vd
kayaks,kayak,ms
kayoed,kayo,vd
kayoing,kayo,vg
kayos,kayo,ms
kazoos,kazoo,ns
kebabs,kebab,ns
keeled,keel,vd
keeling,keel,vg
keels,keel,ms
keened,keen,vd
keener,keen,aj1
keenest,keen,aj2
keening,keen,vg
keens,keen,ms
keepers,keeper,ns
keeping,keep,vg
keeps,keep,ms
kegs,keg,ns
kelvins,kelvin,ns
kenned,ken,vd
kennels,kennel,ms
kenning,ken,vg
kens,ken,vs
kepis,kepi,ns
kept,keep,vd
kernels,kernel,ns
ketches,ketch,ns
ketones,ketone,ns
kettles,kettle,ns
keyed,key,vd
keying,key,vg
keypads,keypad,ns
keys,key,ms
khakis,khaki,ns
khans,khan,ns
kibbled,kibble,vd
kibbles,kibble,vs
kicked,kick,vd
kickers,kicker,ns
kickier,kicky,aj1
kicking,kick,vg
kicks,kick,ms
kidded,kid,vd
kidders,kidder,ns
kiddies,kiddie,ns
kidding,kid,vg
kiddos,kiddo,ns
kidnaps,kidnap,vs
kidneys,kidney,ns
kids,kid,ms
kikes,kike,ns
killed,kill,vd
killers,killer,ns
killing,kill,vg
kills,kill,ms
kilned,kiln,vd
kilning,kiln,vg
kilns,kiln,ms
kilos,kilo,ns
kilts,kilt,ns
kimonos,kimono,ns
kinder,kind,aj1
kindest,kind,aj2
kindled,kindle,vd
kindles,kindle,vs
kinds,kind,ns
kings,king,ns
kinked,kink,vd
kinkier,kinky,aj1
kinking,kink,vg
kinks,kink,ms
kinsmen,kinsman,ns
kiosks,kiosk,ns
kipped,kip,vd
kippers,kipper,ms
kipping,kip,vg
kips,kip,vs
kissed,kiss,vd
kissers,kisser,ns
kisses,kiss,ms
kissing,kiss,vg
kited,kite,vd
kites,kite,ms
kiting,kite,vg
kits,kit,ns
kits,kit,vs
kitted,kit,vd
kittens,kitten,ns
kitties,kitty,ns
kitting,kit,vg
kiwis,kiwi,ns
klaxons,klaxon,ns
klutzes,klutz,ns
knacks,knack,ns
knaves,knave,ns
kneaded,knead,vd
kneads,knead,vs
kneed,knee,vd
kneeing,knee,vg
kneels,kneel,vs
knees,knee,ms
knelled,knell,vd
knells,knell,ms
knelt,kneel,vd
knew,know,vd
knifed,knife,vd
knifes,knife,vs
knifing,knife,vg
knights,knight,ms
knishes,knish,ns
knits,knit,ms
knitted,knit,vd
knives,knife,ns
knobs,knob,ns
knocked,knock,vd
knocks,knock,ms
knolls,knoll,ns
knots,knot,ms
knotted,knot,vd
knowing,know,vg
known,know,vn
knows,know,vs
knurled,knurl,vd
knurls,knurl,ms
koalas,koala,ns
kolas,kola,ns
kookier,kooky,aj1
kooks,kook,ns
kopecks,kopeck,ns
koshers,kosher,vs
kowtows,kowtow,ms
kraals,kraal,ns
kroner,krone,ns
kudzus,kudzu,ns
labeled,label,vd
labels,label,ms
labia,labium,ns
labials,labial,ns
labored,labor,vd
labors,labor,ms
labs,lab,ns
laced,lace,vd
laces,lace,ms
lacier,lacy,aj1
laciest,lacy,aj2
lacing,lace,vg
lacked,lack,vd
lackeys,lackey,ns
lacking,lack,vg
lacks,lack,vs
lacunae,lacuna,ns
ladders,ladder,ms
laddies,laddie,ns
laded,lade,vd
lades,lade,vs
ladies,lady,ns
lading,lade,vg
ladings,lading,ns
ladled,ladle,vd
ladles,ladle,ms
ladling,ladle,vg
lads,lad,ns
lagers,lager,ns
lagged,lag,vd
lagging,lag,vg
lagoons,lagoon,ns
lags,lag,ms
laid,lay,vd
lain,lie,vn
lairds,laird,ns
lairs,lair,ns
lakes,lake,ns
lamas,lama,ns
lambdas,lambda,ns
lambed,lamb,vd
lambing,lamb,vg
lambs,lamb,ms
lamed,lame,vd
laments,lament,ms
lamer,lame,aj1
lames,lame,vs
lamest,lame,aj2
laminae,lamina,ns
laming,lame,vg
lammed,lam,vd
lamming,lam,vg
lamps,lamp,ns
lams,lam,ms
lanais,lanai,ns
lanced,lance,vd
lancers,lancer,ns
lances,lance,ms
lancets,lancet,ns
lancing,lance,vg
landaus,landau,ns
landed,land,vd
landers,lander,ns
landing,land,vg
lands,land,ms
lanes,lane,ns
lanker,lank,aj1
lankest,lank,aj2
lankier,lanky,aj1
lapdogs,lapdog,ns
lapels,lapel,ns
lapins,lapin,ns
lapped,lap,vd
lappets,lappet,ns
lapping,lap,vg
laps,lap,ms
lapsed,lapse,vd
lapses,lapse,ms
lapsing,lapse,vg
laptops,laptop,ns
larches,larch,ns
larded,lard,vd
larders,larder,ns
lardier,lardy,aj1
larding,lard,vg
lards,lard,vs
larger,large,a1
larges,large,ns
largest,large,a2
largos,largo,ns
lariats,lariat,ns
larked,lark,vd
larking,lark,vg
larks,lark,ms
larvae,larva,ns
lasers,laser,ns
lashed,lash,vd
lashes,lash,ms
lashing,lash,vg
lasses,lass,ns
lassies,lassie,ns
lassoed,lasso,vd
lassos,lasso,ms
lasted,last,vd
lasting,last,vg
lasts,last,ms
latched,latch,vd
latches,latch,ms
later,late,a1
latest,late,a2
lathed,lath,vd
lathed,lathe,vd
lathers,lather,ms
lathes,lathe,ms
lathing,lath,vg
lathing,lathe,vg
laths,lath,ns
laths,lath,vs
latkes,latke,ns
lattes,latte,ns
lauded,laud,vd
lauding,laud,vg
lauds,laud,vs
laughed,laugh,vd
laughs,laugh,ms
laurels,laurel,ns
lavas,lava,ns
laved,lave,vd
laves,lave,vs
laving,lave,vg
lavs,lav,ns
lawmen,lawman,ns
lawns,lawn,ns
laws,law,ns
lawyers,lawyer,ns
laxer,lax,aj1
laxest,lax,aj2
lay,lie,vd
layered,layer,vd
layers,layer,ms
laying,lay,vg
laymen,layman,ns
layoffs,layoff,ns
layouts,layout,ns
lays,lay,ms
layups,layup,ns
lazed,laze,vd
lazes,laze,ms
lazied,lazy,vd
lazier,lazy,aj1
lazies,lazy,vs
laziest,lazy,aj2
lazing,laze,vg
lazying,lazy,vg
leached,leach,vd
leaches,leach,vs
leaded,lead,vd
leaders,leader,ns
leading,lead,vg
leads,lead,ns
leads,lead,vs
leafed,leaf,vd
leafier,leafy,aj1
leafing,leaf,vg
leafs,leaf,vs
leagued,league,vd
leagues,league,ms
leaked,leak,vd
leakers,leaker,ns
leakier,leaky,aj1
leaking,leak,vg
leaks,leak,ms
leaned,lean,vd
leaner,lean,aj1
leanest,lean,aj2
leaning,lean,vg
leans,lean,vs
leaped,leap,vd
leapers,leaper,ns
leaping,leap,vg
leaps,leap,ms
leapt,leap,vd
learned,learn,vd
learns,learn,vs
leas,lea,ns
leased,lease,vd
leasers,leaser,ns
leases,lease,ms
leashed,leash,vd
leashes,leash,ms
leasing,lease,vg
least,little,av2
least,little,d2
leaved,leave,vd
leavens,leaven,vs
leavers,leaver,ns
leaves,leaf,ns
leaves,leave,ns
leaves,leave,vs
leaving,leave,vg
leched,lech,vd
lechers,lecher,ns
leches,lech,ns
leches,lech,vs
leching,lech,vg
led,lead,vd
ledgers,ledger,ns
ledges,ledge,ns
leeched,leech,vd
leeches,leech,ms
leeks,leek,ns
leered,leer,vd
leerier,leery,aj1
leering,leer,vg
leers,leer,ms
lees,lee,ns
left,leave,vd
lefter,left,a1
leftest,left,a2
lefties,lefty,ns
lefts,left,ns
legals,legal,ns
legates,legate,ns
legatos,legato,ns
legends,legend,ns
legged,leg,vd
leggier,leggy,aj1
legging,leg,vg
legions,legion,ns
legmen,legman,ns
legs,leg,ms
legumes,legume,ns
leis,lei,ns
lemmas,lemma,ns
lemons,lemon,ns
lemurs,lemur,ns
lenders,lender,ns
lending,lend,vg
lends,lend,vs
lengths,length,ns
lenses,lens,ns
lent,lend,vd
lentils,lentil,ns
lepers,leper,ns
lepta,lepton,ns
leptons,lepton,ns
lesions,lesion,ns
less,little,av1
less,little,d1
lessees,lessee,ns
lessens,lessen,vs
lessons,lesson,ns
lessors,lessor,ns
lets,let,ms
letters,letter,ms
letting,let,vg
letups,letup,ns
levees,levee,ns
leveled,level,vd
leveler,level,aj1
levels,level,ms
levered,lever,vd
levers,lever,ms
levied,levy,vd
leviers,levier,ns
levies,levy,ms
levying,levy,vg
lewder,lewd,aj1
lewdest,lewd,aj2
liaised,liaise,vd
liaises,liaise,vs
lianas,liana,ns
liars,liar,ns
libbers,libber,ns
libeled,libel,vd
libels,libel,ms
libidos,libido,ns
lice,louse,ns
lichens,lichen,ns
licked,lick,vd
licking,lick,vg
licks,lick,ms
lidos,lido,ns
lids,lid,ns
lied,lie,vd
lieder,lied,ns
liefer,lief,av1
liefest,lief,av2
lieges,liege,ns
liens,lien,ns
lies,lie,ns
lies,lie,vs
lifers,lifer,ns
lifted,lift,vd
lifters,lifter,ns
lifting,lift,vg
lifts,lift,ms
ligated,ligate,vd
ligates,ligate,vs
lighted,light,vd
lighter,light,a1
lights,light,ms
liked,like,vd
likened,liken,vd
likens,liken,vs
likes,like,ms
liking,like,vg
lilacs,lilac,ns
lilies,lily,ns
lilos,lilo,ns
lilted,lilt,vd
lilting,lilt,vg
lilts,lilt,ms
limbers,limber,vs
limbos,limbo,ns
limbs,limb,ns
limed,lime,vd
limes,lime,ms
limeys,limey,ns
limier,limy,aj1
limiest,limy,aj2
liming,lime,vg
limited,limit,vd
limits,limit,ms
limned,limn,vd
limning,limn,vg
limns,limn,vs
limos,limo,ns
limped,limp,vd
limper,limp,aj1
limpest,limp,aj2
limpets,limpet,ns
limping,limp,vg
limps,limp,ms
lindens,linden,ns
lined,line,vd
linemen,lineman,ns
liners,liner,ns
lines,line,ms
lineups,lineup,ns
lingers,linger,vs
lingoes,lingo,ns
lings,ling,ns
lining,line,vg
linings,lining,ns
linked,link,vd
linking,link,vg
linkmen,linkman,ns
links,link,ms
linkups,linkup,ns
linnets,linnet,ns
lintels,lintel,ns
lintier,linty,aj1
lions,lion,ns
lipids,lipid,ns
lips,lip,ns
liquids,liquid,ns
liquors,liquor,vs
lire,lira,ns
lisped,lisp,vd
lispers,lisper,ns
lisping,lisp,vg
lisps,lisp,ms
listed,list,vd
listens,listen,ms
listing,list,vg
lists,list,ms
lit,light,vd
litchis,litchi,ns
liters,liter,ns
lither,lithe,aj1
lithest,lithe,aj2
litters,litter,ms
lived,live,vd
livened,liven,vd
livens,liven,vs
liver,live,a1
livers,liver,ns
lives,life,ns
lives,live,vs
livest,live,a2
living,live,vg
livings,living,ns
lizards,lizard,ns
llamas,llama,ns
llanos,llano,ns
loaded,load,vd
loaders,loader,ns
loading,load,vg
loads,load,ms
loafed,loaf,vd
loafers,loafer,ns
loafing,loaf,vg
loafs,loaf,vs
loamier,loamy,aj1
loaned,loan,vd
loaners,loaner,ns
loaning,loan,vg
loans,loan,ms
loathed,loathe,vd
loathes,loathe,vs
loaves,loaf,ns
lobbed,lob,vd
lobbers,lobber,ns
lobbied,lobby,vd
lobbies,lobby,ms
lobbing,lob,vg
lobes,lobe,ns
lobs,lob,ms
locales,locale,ns
locals,local,ns
located,locate,vd
locates,locate,vs
lochs,loch,ns
loci,locus,ns
locked,lock,vd
lockers,locker,ns
lockets,locket,ns
locking,lock,vg
locks,lock,ms
lockups,lockup,ns
locos,loco,ns
locums,locum,ns
locusts,locust,ns
lodes,lode,ns
lodged,lodge,vd
lodgers,lodger,ns
lodges,lodge,ms
lodging,lodge,vg
lofted,loft,vd
loftier,lofty,aj1
lofting,loft,vg
lofts,loft,ms
loges,loge,ns
logged,log,vd
loggers,logger,ns
loggias,loggia,ns
logging,log,vg
logier,logy,aj1
logiest,logy,aj2
logins,login,ns
logjams,logjam,ns
logoffs,logoff,ns
logons,logon,ns
logos,logo,ns
logouts,logout,ns
logs,log,ms
loins,loin,ns
loiters,loiter,vs
lolcats,lolcat,ns
lolled,loll,vd
lollies,lolly,ns
lolling,loll,vg
lollops,lollop,vs
lolls,loll,vs
loners,loner,ns
longed,long,vd
longer,long,a1
longest,long,a2
longing,long,vg
longs,long,ms
loofahs,loofah,ns
looked,look,vd
lookers,looker,ns
looking,look,vg
looks,look,ms
loomed,loom,vd
looming,loom,vg
looms,loom,ms
loonier,loony,aj1
loonies,loonie,ns
loonies,loony,ns
loons,loon,ns
looped,loop,vd
loopier,loopy,aj1
looping,loop,vg
loops,loop,ms
loos,loo,ns
loosed,loose,vd
loosens,loosen,vs
looser,loos,a1
looser,loose,a1
looses,loose,vs
loosest,loos,a2
loosest,loose,a2
loosing,loose,vg
looted,loot,vd
looters,looter,ns
looting,loot,vg
loots,loot,vs
loped,lope,vd
lopes,lope,ms
loping,lope,vg
lopped,lop,vd
lopping,lop,vg
lops,lop,vs
lorded,lord,vd
lording,lord,vg
lords,lord,ms
lorises,loris,ns
lorries,lorry,ns
losers,loser,ns
loses,lose,vs
losing,lose,vg
losings,losing,ns
losses,loss,ns
lost,lose,vd
lotions,lotion,ns
lots,lot,ns
lotuses,lotus,ns
louder,loud,a1
loudest,loud,a2
loughs,lough,ns
lounged,lounge,vd
lounges,lounge,ms
loured,lour,vd
louring,lour,vg
lours,lour,vs
loused,louse,vd
louses,louse,ns
louses,louse,vs
lousier,lousy,aj1
lousing,louse,vg
louts,lout,ns
louvers,louver,ns
loved,love,vd
lovers,lover,ns
loves,love,ns
loves,love,vs
loving,love,vg
lowboys,lowboy,ns
lowed,low,vd
lower,low,a1
lowered,lower,vd
lowers,lower,vs
lowest,low,a2
lowing,low,vg
lowlier,lowly,aj1
lows,low,ms
loyaler,loyal,aj1
luaus,luau,ns
lubbers,lubber,ns
lubed,lube,vd
lubes,lube,ms
lubing,lube,vg
lucked,luck,vd
luckier,lucky,aj1
lucking,luck,vg
lucks,luck,vs
luffed,luff,vd
luffing,luff,vg
luffs,luff,vs
luges,luge,ns
lugged,lug,vd
luggers,lugger,ns
lugging,lug,vg
lugs,lug,ms
lulled,lull,vd
lulling,lull,vg
lulls,lull,ms
lulus,lulu,ns
lumbers,lumber,ms
lumens,lumen,ns
lumped,lump,vd
lumpier,lumpy,aj1
lumping,lump,vg
lumps,lump,ms
lunched,lunch,vd
lunches,lunch,ms
lunged,lunge,vd
lunges,lunge,ns
lunges,lunge,vs
lunging,lunge,vg
lungs,lung,ns
lupines,lupine,ns
lurched,lurch,vd
lurches,lurch,ms
lured,lure,vd
lures,lure,ms
luring,lure,vg
lurked,lurk,vd
lurking,lurk,vg
lurks,lurk,vs
lusher,lush,aj1
lushes,lush,ns
lushest,lush,aj2
lusted,lust,vd
lustier,lusty,aj1
lusting,lust,vg
lusts,lust,ms
lutes,lute,ns
lyceums,lyceum,ns
lying,lie,vg
lynched,lynch,vd
lynches,lynch,vs
lynxes,lynx,ns
lyres,lyre,ns
lyrics,lyric,ns
macaws,macaw,ns
maced,mace,vd
maces,mace,ms
machos,macho,ns
macing,mace,vg
macrons,macron,ns
macros,macro,ns
macs,mac,ns
madams,madam,ns
madcaps,madcap,ns
maddens,madden,vs
madder,mad,aj1
madders,madder,ns
maddest,mad,aj2
made,make,vd
madmen,madman,ns
mads,mad,ns
mafias,mafia,ns
mafiosi,mafioso,ns
mages,mage,ns
maggots,maggot,ns
magi,magus,ns
magnets,magnet,ns
magnums,magnum,ns
magpies,magpie,ns
mags,mag,ns
mahouts,mahout,ns
maidens,maiden,ns
maids,maid,ns
mailed,mail,vd
mailers,mailer,ns
mailing,mail,vg
mailmen,mailman,ns
mails,mail,ms
maimed,maim,vd
maiming,maim,vg
maims,maim,vs
mains,main,ns
maizes,maize,ns
majored,major,vd
majors,major,ms
makers,maker,ns
makes,make,ms
makeups,makeup,ns
making,make,vg
males,male,ns
maligns,malign,vs
mallets,mallet,ns
mallows,mallow,ns
malls,mall,ns
malted,malt,vd
malteds,malted,ns
maltier,malty,aj1
malting,malt,vg
malts,malt,ms
mamas,mama,ns
mambas,mamba,ns
mamboed,mambo,vd
mambos,mambo,ms
mammae,mamma,ns
mammals,mammal,ns
mammies,mammy,ns
mams,mam,ns
managed,manage,vd
manages,manage,vs
manes,mane,ns
mangers,manger,ns
mangier,mangy,aj1
mangled,mangle,vd
mangles,mangle,ms
mangoes,mango,ns
maniacs,maniac,ns
manias,mania,ns
manics,manic,ns
maniocs,manioc,ns
manlier,manly,a1
manned,man,vd
manners,manner,ns
manning,man,vg
manors,manor,ns
mans,man,vs
manses,manse,ns
mantas,manta,ns
mantels,mantel,ns
mantled,mantle,vd
mantles,mantle,ms
mantras,mantra,ns
manuals,manual,ns
manured,manure,vd
manures,manure,vs
maples,maple,ns
mapped,map,vd
mappers,mapper,ns
mapping,map,vg
maps,map,ms
maracas,maraca,ns
marauds,maraud,vs
marbled,marble,vd
marbles,marble,ms
marched,march,vd
marches,march,ms
mares,mare,ns
margins,margin,ns
maria,mare,ns
marinas,marina,ns
marines,marine,ns
marked,mark,vd
markers,marker,ns
markets,market,ms
marking,mark,vg
markkaa,markka,ns
marks,mark,ms
markups,markup,ns
marlins,marlin,ns
marmots,marmot,ns
maroons,maroon,vs
marques,marque,ns
marred,mar,vd
married,marry,vd
marries,marry,vs
marring,mar,vg
marrows,marrow,ns
mars,mar,vs
marshes,marsh,ns
martens,marten,ns
martins,martin,ns
marts,mart,ns
martyrs,martyr,ms
marvels,marvel,ms
mas,ma,ns
masas,masa,ns
mascots,mascot,ns
masers,maser,ns
mashed,mash,vd
mashers,masher,ns
mashes,mash,vs
mashing,mash,vg
mashups,mashup,ns
masked,mask,vd
maskers,masker,ns
masking,mask,vg
masks,mask,ms
masons,mason,ns
masques,masque,ns
massed,mas,vd
massed,mass,vd
masses,mas,vs
masses,mass,ms
massifs,massif,ns
massing,mas,vg
massing,mass,vg
masters,master,ms
masts,mast,ns
matched,match,vd
matches,match,ms
mated,mate,vd
maters,mater,ns
mates,mate,ms
mateys,matey,ns
mating,mate,vg
matings,mating,ns
matrons,matron,ns
mats,mat,ms
matted,mat,vd
matted,matte,vd
matters,matter,ms
mattes,matte,ms
matting,mat,vg
matting,matte,vg
matured,mature,vd
maturer,mature,aj1
matures,mature,vs
matzoth,matzo,ns
matzoth,matzoh,ns
mauled,maul,vd
maulers,mauler,ns
mauling,maul,vg
mauls,maul,ms
mavens,maven,ns
maws,maw,ns
maxed,max,vd
maxes,max,vs
maxima,maximum,ns
maxims,maxim,ns
maxing,max,vg
maxis,maxi,ns
maybes,maybe,ns
maydays,mayday,ns
mayors,mayor,ns
mazes,maze,ns
meadows,meadow,ns
mealier,mealy,aj1
meals,meal,ns
meaner,mean,aj1
meanest,mean,aj2
meanies,meanie,ns
meanies,meany,ns
meaning,mean,vg
means,mean,ms
meant,mean,vd
meatier,meaty,aj1
meats,meat,ns
meccas,mecca,ns
medals,medal,ns
meddled,meddle,vd
meddles,meddle,vs
media,medium,ns
medians,median,ns
medicos,medico,ns
medics,medic,ns
mediums,medium,ns
medleys,medley,ns
meds,med,ns
medusae,medusa,ns
meeker,meek,aj1
meekest,meek,aj2
meeting,meet,vg
meets,meet,ms
meetups,meetup,ns
megs,meg,ns
melded,meld,vd
melding,meld,vg
melds,meld,ms
melees,melee,ns
mellows,mellow,vs
melons,melon,ns
melted,melt,vd
melting,melt,vg
melts,melt,ms
members,member,ns
memes,meme,ns
memoirs,memoir,ns
memos,memo,ns
men,man,ns
menaced,menace,vd
menaces,menace,ms
menages,menage,ns
mended,mend,vd
menders,mender,ns
mending,mend,vg
mends,mend,ms
menials,menial,ns
menisci,meniscus,ns
mentees,mentee,ns
mentors,mentor,ms
menus,menu,ns
meowed,meow,vd
meowing,meow,vg
meows,meow,ms
mercers,mercer,ns
mercies,mercy,ns
meres,mere,ns
merest,mere,aj2
merged,merge,vd
mergers,merger,ns
merges,merge,vs
merging,merge,vg
merinos,merino,ns
merited,merit,vd
merits,merit,ms
mermen,merman,ns
merrier,merry,aj1
mesas,mesa,ns
mescals,mescal,ns
meshed,mesh,vd
meshes,mesh,ms
meshing,mesh,vg
mesons,meson,ns
messed,mess,vd
messes,mess,ms
messier,messy,aj1
messing,mess,vg
met,meet,vd
metaled,metal,vd
metals,metal,ns
metals,metal,vs
meted,mete,vd
meteors,meteor,ns
metered,meter,vd
meters,meter,ns
meters,meter,vs
metes,mete,ms
methods,method,ns
meths,meth,ns
metiers,metier,ns
meting,mete,vg
metrics,metric,ns
metros,metro,ns
mewed,mew,vd
mewing,mew,vg
mewled,mewl,vd
mewling,mewl,vg
mewls,mewl,vs
mews,mew,ms
mezzos,mezzo,ns
miasmas,miasma,ns
mice,mouse,ns
mickeys,mickey,ns
micks,mick,ns
microns,micron,ns
micros,micro,ns
mics,mic,ns
middens,midden,ns
middies,middy,ns
middles,middle,ns
midges,midge,ns
midgets,midget,ns
midis,midi,ns
midribs,midrib,ns
midways,midway,ns
miens,mien,ns
miffed,miff,vd
miffing,miff,vg
miffs,miff,vs
might,may,vd
mikados,mikado,ns
miked,mike,vd
mikes,mike,ms
miking,mike,vg
milder,mild,aj1
mildest,mild,aj2
mildews,mildew,vs
milers,miler,ns
miles,mile,ns
milfs,milf,ns
milieus,milieu,ns
milked,milk,vd
milkers,milker,ns
milkier,milky,aj1
milking,milk,vg
milkmen,milkman,ns
milks,milk,ms
milled,mill,vd
millers,miller,ns
milling,mill,vg
mills,mill,ms
mils,mil,ns
milted,milt,vd
milting,milt,vg
milts,milt,vs
mimed,mime,vd
mimes,mime,ms
mimics,mimic,ms
miming,mime,vg
mimosas,mimosa,ns
minced,mince,vd
mincers,mincer,ns
minces,mince,vs
mincing,mince,vg
minded,mind,vd
minders,minder,ns
minding,mind,vg
minds,mind,ms
mined,mine,vd
miners,miner,ns
mines,mine,ms
mingled,mingle,vd
mingles,mingle,vs
minima,minimum,ns
minims,minim,ns
mining,mine,vg
minions,minion,ns
minis,mini,ns
minks,mink,ns
minnows,minnow,ns
minored,minor,vd
minors,minor,ms
minted,mint,vd
minters,minter,ns
mintier,minty,aj1
minting,mint,vg
mints,mint,ms
minuets,minuet,ns
minuses,minus,ns
minuted,minute,vd
minuter,minute,aj1
minutes,minute,ms
minxes,minx,ns
mirages,mirage,ns
mired,mire,vd
mires,mire,vs
mirier,miry,aj1
miriest,miry,aj2
miring,mire,vg
mirrors,mirror,ms
miscued,miscue,vd
miscues,miscue,ns
miscues,miscue,vs
misdid,misdo,vd
misdoes,misdo,vs
misdone,misdo,vn
misers,miser,ns
misfits,misfit,ms
mishaps,mishap,ns
mishits,mishit,ms
mislaid,mislay,vd
mislays,mislay,vs
misled,mislead,vd
misos,miso,ns
missals,missal,ns
missed,miss,vd
misses,miss,ms
missing,miss,vg
misted,mist,vd
misters,mister,ns
mistier,misty,aj1
misting,mist,vg
mistook,mistake,vd
mists,mist,ms
misused,misuse,vd
misuses,misuse,ms
mitered,miter,vd
miters,miter,ms
mites,mite,ns
mittens,mitten,ns
mitts,mitt,ns
mitzvot,mitzvah,ns
mixed,mix,vd
mixers,mixer,ns
mixes,mix,ms
mixing,mix,vg
mizzens,mizzen,ns
moaned,moan,vd
moaners,moaner,ns
moaning,moan,vg
moans,moan,ms
moats,moat,ns
mobbed,mob,vd
mobbing,mob,vg
mobiles,mobile,ns
mobs,mob,ms
mochas,mocha,ns
mocked,mock,vd
mockers,mocker,ns
mocking,mock,vg
mocks,mock,vs
modals,modal,ns
modeled,model,vd
models,model,ms
modems,modem,ns
moderns,modern,ns
modes,mode,ns
modi,modus,ns
mods,mod,ns
modules,module,ns
moguls,mogul,ns
moiled,moil,vd
moiling,moil,vg
moils,moil,vs
moires,moire,ns
moister,moist,aj1
mojitos,mojito,ns
molars,molar,ns
molded,mold,vd
molders,molder,ns
molders,molder,vs
moldier,moldy,aj1
molding,mold,vg
molds,mold,ms
moles,mole,ns
molests,molest,vs
mollies,molly,ns
molls,moll,ns
molted,molt,vd
molters,molter,ns
molting,molt,vg
molts,molt,ms
moments,moment,ns
mommies,mommy,ns
moms,mom,ns
monads,monad,ns
moneys,money,ns
mongers,monger,ms
mongols,mongol,ns
monists,monist,ns
monkeys,monkey,ms
monks,monk,ns
months,month,ns
mooched,mooch,vd
mooches,mooch,ms
moodier,moody,aj1
moods,mood,ns
mooed,moo,vd
mooing,moo,vg
mooned,moon,vd
mooning,moon,vg
moonlit,moonlight,vd
moons,moon,ms
moored,moor,vd
mooring,moor,vg
moors,moor,ms
moos,moo,ms
mooted,moot,vd
mooting,moot,vg
moots,moot,vs
moped,mope,vd
mopeds,moped,ns
mopers,moper,ns
mopes,mope,ms
mopier,mopey,aj1
mopier,mopy,aj1
mopiest,mopey,aj2
mopiest,mopy,aj2
moping,mope,vg
mopped,mop,vd
moppets,moppet,ns
mopping,mop,vg
mops,mop,ms
morals,moral,ns
morays,moray,ns
more,many,av1
more,many,d1
morels,morel,ns
morgues,morgue,ns
morns,morn,ns
morons,moron,ns
morphed,morph,vd
morphs,morph,vs
morrows,morrow,ns
morsels,morsel,ns
mortals,mortal,ns
mortars,mortar,ms
mosaics,mosaic,ns
moseyed,mosey,vd
moseys,mosey,vs
moshed,mosh,vd
moshes,mosh,vs
moshing,mosh,vg
mosques,mosque,ns
mosses,moss,ns
mossier,mossy,aj1
most,many,av2
most,many,d2
motels,motel,ns
motes,mote,ns
motets,motet,ns
mothers,mother,ms
moths,moth,ns
motifs,motif,ns
motions,motion,ms
motives,motive,ns
motleys,motley,ns
motlier,motley,aj1
motored,motor,vd
motors,motor,ms
mots,mot,ns
mottled,mottle,vd
mottles,mottle,vs
mottoes,motto,ns
moues,moue,ns
mounded,mound,vd
mounds,mound,ms
mounted,mount,vd
mounts,mount,ms
mourned,mourn,vd
mourns,mourn,vs
moused,mouse,vd
mousers,mouser,ns
mouses,mouse,vs
mousier,mousy,aj1
mousing,mouse,vg
moussed,mousse,vd
mousses,mousse,ms
mouthed,mouth,vd
mouths,mouth,ms
moved,move,vd
movers,mover,ns
moves,move,ms
movies,movie,ns
moving,move,vg
mowed,mow,vd
mowed,mow,vn
mowers,mower,ns
mowing,mow,vg
mows,mow,ms
mucked,muck,vd
muckier,mucky,aj1
mucking,muck,vg
mucks,muck,vs
muddied,muddy,vd
muddier,muddy,aj1
muddies,muddy,vs
muddled,muddle,vd
muddles,muddle,ms
muffed,muff,vd
muffing,muff,vg
muffins,muffin,ns
muffled,muffle,vd
muffles,muffle,vs
muffs,muff,ms
muftis,mufti,ns
mugfuls,mugful,ns
mugged,mug,vd
muggers,mugger,ns
muggier,muggy,aj1
mugging,mug,vg
muggles,muggle,ns
mugs,mug,ms
mukluks,mukluk,ns
mulched,mulch,vd
mulches,mulch,ms
mulcted,mulct,vd
mulcts,mulct,ms
mules,mule,ns
mullahs,mullah,ns
mulled,mull,vd
mullets,mullet,ns
mulling,mull,vg
mulls,mull,vs
mumbled,mumble,vd
mumbles,mumble,ms
mummers,mummer,ns
mummies,mummy,ns
munched,munch,vd
munches,munch,vs
munis,muni,ns
murals,mural,ns
murders,murder,ms
murkier,murky,aj1
murks,murk,ns
murmurs,murmur,ms
mus,mu,ns
muscats,muscat,ns
muscled,muscle,vd
muscles,muscle,ms
mused,muse,vd
muses,muse,ms
museums,museum,ns
mushed,mush,vd
mushers,musher,ns
mushes,mush,vs
mushier,mushy,aj1
mushing,mush,vg
musing,muse,vg
musings,musing,ns
muskegs,muskeg,ns
muskets,musket,ns
muskier,musky,aj1
muskies,muskie,ns
mussed,muss,vd
mussels,mussel,ns
musses,muss,ms
mussier,mussy,aj1
mussing,muss,vg
musters,muster,ms
mustier,musty,aj1
musts,must,ns
mutants,mutant,ns
mutated,mutate,vd
mutates,mutate,vs
muted,mute,vd
muter,mute,aj1
mutes,mute,ms
mutest,mute,aj2
muting,mute,vg
mutters,mutter,ms
mutts,mutt,ns
muumuus,muumuu,ns
muzzled,muzzle,vd
muzzles,muzzle,ms
mynas,myna,ns
myriads,myriad,ns
myrtles,myrtle,ns
mystics,mystic,ns
myths,myth,ns
naans,naan,ns
nabbed,nab,vd
nabbing,nab,vg
nabobs,nabob,ns
nabs,nab,vs
nachos,nacho,ns
nadirs,nadir,ns
naffer,naff,aj1
naffest,naff,aj2
nagged,nag,vd
naggers,nagger,ns
nagging,nag,vg
nags,nag,ms
naiads,naiad,ns
naifs,naif,ns
nailed,nail,vd
nailing,nail,vg
nails,nail,ms
naiver,naive,aj1
naivest,naive,aj2
named,name,vd
names,name,ms
naming,name,vg
nannies,nanny,ns
napalms,napalm,vs
napes,nape,ns
napkins,napkin,ns
napped,nap,vd
nappers,napper,ns
nappier,nappy,aj1
nappies,nappy,ns
napping,nap,vg
naps,nap,ms
narcos,narco,ns
narcs,narc,ns
narcs,narc,vs
narrows,narrow,ms
nasals,nasal,ns
nastier,nasty,aj1
nations,nation,ns
natives,native,ns
natters,natter,ms
nattier,natty,aj1
natures,nature,ns
naughts,naught,ns
navels,navel,ns
naves,nave,ns
navies,navy,ns
navvies,navvy,ns
nays,nay,ns
neaps,neap,ns
neared,near,vd
nearer,near,a1
nearest,near,a2
nearing,near,vg
nears,near,vs
neatens,neaten,vs
neater,neat,aj1
neatest,neat,aj2
nebulae,nebula,ns
necked,neck,vd
necking,neck,vg
necks,neck,ms
needed,need,vd
needier,needy,aj1
needing,need,vg
needled,needle,vd
needles,needle,ms
needs,need,ms
negated,negate,vd
negates,negate,vs
neighed,neigh,vd
neighs,neigh,ms
nelsons,nelson,ns
nemeses,nemesis,ns
neocons,neocon,ns
nephews,nephew,ns
nerdier,nerdy,aj1
nerds,nerd,ns
nerved,nerve,vd
nerves,nerve,ms
nervier,nervy,aj1
nerving,nerve,vg
nested,nest,vd
nesting,nest,vg
nestled,nestle,vd
nestles,nestle,vs
nests,nest,ms
nets,net,ms
netted,net,vd
netting,net,vg
nettled,nettle,vd
nettles,nettle,ms
neurons,neuron,ns
neuters,neuter,ms
nevi,nevus,ns
newbies,newbie,ns
newels,newel,ns
newer,new,a1
newest,new,a2
newsier,newsy,aj1
newsmen,newsman,ns
newtons,newton,ns
newts,newt,ns
nexuses,nexus,ns
nibbled,nibble,vd
nibbles,nibble,ms
nibs,nib,ns
nicer,nice,aj1
nicest,nice,aj2
niches,niche,ns
nicked,nick,vd
nickels,nickel,ns
nickers,nicker,ms
nicking,nick,vg
nicks,nick,ms
nieces,niece,ns
niftier,nifty,aj1
niggled,niggle,vd
niggles,niggle,ms
nigher,nigh,a1
nighest,nigh,a2
nights,night,ns
nimbi,nimbus,ns
nimbler,nimble,aj1
nimrods,nimrod,ns
nines,nine,ns
ninjas,ninja,ns
ninnies,ninny,ns
ninths,ninth,ns
nipped,nip,vd
nippers,nipper,ns
nippier,nippy,aj1
nipping,nip,vg
nipples,nipple,ns
nips,nip,ms
nits,nit,ns
nitwits,nitwit,ns
nixed,nix,vd
nixes,nix,vs
nixing,nix,vg
nobbled,nobble,vd
nobbles,nobble,vs
nobler,noble,aj1
nobles,noble,ns
noblest,noble,aj2
nobs,nob,ns
nodded,nod,vd
nodding,nod,vg
noddles,noddle,ns
nodes,node,ns
nods,nod,ms
nodules,nodule,ns
noels,noel,ns
noggins,noggin,ns
noirs,noir,ns
noised,noise,vd
noises,noise,ms
noisier,noisy,aj1
noising,noise,vg
nomads,nomad,ns
nonages,nonage,ns
noncoms,noncom,ns
noodled,noodle,vd
noodles,noodle,ms
nooks,nook,ns
nooses,noose,ns
noris,nori,ns
norms,norm,ns
nosed,nose,vd
noses,nose,ms
noshed,nosh,vd
noshers,nosher,ns
noshes,nosh,ms
noshing,nosh,vg
nosier,nosy,aj1
nosiest,nosy,aj2
nosing,nose,vg
notated,notate,vd
notates,notate,vs
notched,notch,vd
notches,notch,ms
noted,note,vd
notes,note,ms
noticed,notice,vd
notices,notice,ms
noting,note,vg
notions,notion,ns
nougats,nougat,ns
nouns,noun,ns
novas,nova,ns
novels,novel,ns
novenas,novena,ns
novene,novena,ns
novices,novice,ns
nozzles,nozzle,ns
nuances,nuance,ns
nubbier,nubby,aj1
nubbins,nubbin,ns
nubs,nub,ns
nuclei,nucleus,ns
nuder,nude,aj1
nudes,nude,ns
nudest,nude,aj2
nudged,nudge,vd
nudges,nudge,ms
nudging,nudge,vg
nudists,nudist,ns
nuggets,nugget,ns
nuked,nuke,vd
nukes,nuke,ms
nuking,nuke,vg
nulls,null,vs
numbed,numb,vd
number,numb,aj1
numbers,number,ms
numbest,numb,aj2
numbing,numb,vg
numbs,numb,vs
nuncios,nuncio,ns
nuns,nun,ns
nursed,nurse,vd
nursers,nurser,ns
nurses,nurse,ms
nursing,nurse,vg
nus,nu,ns
nutmegs,nutmeg,ns
nutrias,nutria,ns
nuts,nut,ms
nutted,nut,vd
nutters,nutter,ns
nuttier,nutty,aj1
nutting,nut,vg
nuzzled,nuzzle,vd
nuzzles,nuzzle,ms
nymphos,nympho,ns
nymphs,nymph,ns
oafs,oaf,ns
oaks,oak,ns
oared,oar,vd
oaring,oar,vg
oars,oar,ms
oarsmen,oarsman,ns
oases,oasis,ns
oaths,oath,ns
obeyed,obey,vd
obeying,obey,vg
obeys,obey,vs
obis,obi,ns
obits,obit,ns
objects,object,ms
obliged,oblige,vd
obliges,oblige,vs
oblongs,oblong,ns
oboes,oboe,ns
oboists,oboist,ns
obtains,obtain,vs
obtuser,obtuse,aj1
occurs,occur,vs
oceans,ocean,ns
ocelots,ocelot,ns
ockers,ocker,ns
octanes,octane,ns
octaves,octave,ns
octavos,octavo,ns
octets,octet,ns
oculars,ocular,ns
odder,odd,aj1
oddest,odd,aj2
odes,ode,ns
odors,odor,ns
oeuvres,oeuvre,ns
offed,off,vd
offends,offend,vs
offered,offer,vd
offers,offer,ms
offices,office,ns
offing,off,vg
offings,offing,ns
offs,off,vs
offsets,offset,ms
oftener,often,av1
ogled,ogle,vd
oglers,ogler,ns
ogles,ogle,ms
ogling,ogle,vg
ogres,ogre,ns
ohms,ohm,ns
ohs,oh,ns
oiks,oik,ns
oilcans,oilcan,ns
oiled,oil,vd
oilier,oily,aj1
oiliest,oily,aj2
oiling,oil,vg
oilmen,oilman,ns
oils,oil,ms
oinked,oink,vd
oinking,oink,vg
oinks,oink,ms
okapis,okapi,ns
okayed,okay,vd
okaying,okay,vg
okays,okay,ns
okays,okay,vs
okras,okra,ns
older,old,aj1
older,olde,aj1
oldest,old,aj2
oldest,olde,aj2
oldies,oldie,ns
olives,olive,ns
omegas,omega,ns
omelets,omelet,ns
omens,omen,ns
omits,omit,vs
omitted,omit,vd
oms,om,ns
ones,one,ns
ones,one,pns
oneself,one,pnr0
onesies,onesie,ns
onions,onion,ns
onsets,onset,ns
onuses,onus,ns
onyxes,onyx,ns
oohed,ooh,vd
oohing,ooh,vg
oohs,ooh,vs
oozed,ooze,vd
oozes,ooze,vs
oozier,oozy,aj1
ooziest,oozy,aj2
oozing,ooze,vg
opals,opal,ns
opaqued,opaque,vd
opaquer,opaque,aj1
opaques,opaque,vs
opcodes,opcode,ns
oped,ope,vd
opened,open,vd
opener,open,aj1
openers,opener,ns
openest,open,aj2
opening,open,vg
opens,open,ms
opera,opus,ns
operas,opera,ns
opes,ope,vs
opiates,opiate,ns
opined,opine,vd
opines,opine,vs
oping,ope,vg
opining,opine,vg
opioids,opioid,ns
opposed,oppose,vd
opposes,oppose,vs
ops,op,ns
opted,opt,vd
optics,optic,ns
optima,optimum,ns
opting,opt,vg
options,option,ms
opts,opt,vs
oracles,oracle,ns
orals,oral,ns
oranges,orange,ns
orated,orate,vd
orates,orate,vs
orating,orate,vg
orators,orator,ns
orbited,orbit,vd
orbits,orbit,ms
orbs,orb,ns
orcas,orca,ns
orchids,orchid,ns
orcs,orc,ns
ordains,ordain,vs
ordeals,ordeal,ns
ordered,order,vd
orders,order,ms
ores,ore,ns
organs,organ,ns
orgasms,orgasm,ns
orgies,orgy,ns
oriels,oriel,ns
orients,orient,vs
origins,origin,ns
orioles,oriole,ns
orisons,orison,ns
orphans,orphan,ms
orrises,orris,ns
osiers,osier,ns
ospreys,osprey,ns
ostlers,ostler,ns
others,other,pns
otters,otter,ns
ounces,ounce,ns
our,we,pnd
ours,we,pnp
ourself,we,pnrs
ousted,oust,vd
ousters,ouster,ns
ousting,oust,vg
ousts,oust,vs
outages,outage,ns
outbids,outbid,vs
outdid,outdo,vd
outdoes,outdo,vs
outdone,outdo,vn
outdrew,outdraw,vd
outed,out,vd
outfits,outfit,ms
outgoes,outgo,ns
outgrew,outgrow,vd
outguns,outgun,vs
outhits,outhit,vs
outing,out,vg
outings,outing,ns
outlaid,outlay,vd
outlaws,outlaw,ms
outlays,outlay,ms
outlets,outlet,ns
outputs,output,ms
outran,outrun,vd
outruns,outrun,vs
outs,out,ms
outsets,outset,ns
outsold,outsell,vd
outwits,outwit,vs
outwore,outwear,vd
outworn,outwear,vn
ouzos,ouzo,ns
ova,ovum,ns
ovals,oval,ns
ovaries,ovary,ns
ovens,oven,ns
overate,overeat,vd
overdid,overdo,vd
overfed,overfeed,vd
overlay,overlie,vd
overran,overrun,vd
overs,over,ns
oversaw,oversee,vd
ovoids,ovoid,ns
ovules,ovule,ns
owed,owe,vd
owes,owe,vs
owing,owe,vg
owlets,owlet,ns
owls,owl,ns
owned,own,vd
owners,owner,ns
owning,own,vg
owns,own,vs
oxbows,oxbow,ns
oxcarts,oxcart,ns
oxen,ox,ns
oxfords,oxford,ns
oxides,oxide,ns
oxtails,oxtail,ns
oxymora,oxymoron,ns
oysters,oyster,ns
paced,pace,vd
pacers,pacer,ns
paces,pace,ms
pacier,pacey,aj1
pacier,pacy,aj1
paciest,pacey,aj2
paciest,pacy,aj2
pacing,pace,vg
packed,pack,vd
packers,packer,ns
packets,packet,ns
packing,pack,vg
packs,pack,ms
pacts,pact,ns
padded,pad,vd
paddies,paddy,ns
padding,pad,vg
paddled,paddle,vd
paddles,paddle,ms
padres,padre,ns
pads,pad,ms
paeans,paean,ns
paellas,paella,ns
pagans,pagan,ns
paged,page,vd
pagers,pager,ns
pages,page,ms
paging,page,vg
pagodas,pagoda,ns
paid,pay,vd
pails,pail,ns
pained,pain,vd
paining,pain,vg
pains,pain,ms
painted,paint,vd
paints,paint,ms
paired,pair,vd
pairing,pair,vg
pairs,pair,ns
pairs,pair,vs
palaces,palace,ns
palates,palate,ns
palazzi,palazzo,ns
paled,pale,vd
paler,pale,aj1
pales,pale,ms
palest,pale,aj2
paling,pale,vg
palings,paling,ns
palled,pal,vd
palled,pall,vd
pallets,pallet,ns
palling,pal,vg
palling,pall,vg
palls,pall,ms
palmed,palm,vd
palmier,palmy,aj1
palming,palm,vg
palms,palm,ms
pals,pal,ms
palsied,palsy,vd
palsies,palsy,ms
pampers,pamper,vs
panamas,panama,ns
pandas,panda,ns
panders,pander,ms
paneled,panel,vd
panels,panel,ms
panes,pane,ns
pangs,pang,ns
panics,panic,ms
panned,pan,vd
panning,pan,vg
pans,pan,ms
pansies,pansy,ns
panted,pant,vd
panties,pantie,ns
panting,pant,vg
pantos,panto,ns
pants,pant,ms
papas,papa,ns
papayas,papaya,ns
papered,paper,vd
papers,paper,ms
papists,papist,ns
pappies,pappy,ns
paps,pap,ns
papyri,papyrus,ns
paraded,parade,vd
parades,parade,ms
paras,para,ns
parcels,parcel,ms
parched,parch,vd
parches,parch,vs
pardons,pardon,ms
pared,pare,vd
parents,parent,ms
parers,parer,ns
pares,pare,vs
pariahs,pariah,ns
paring,pare,vg
parings,paring,ns
parkas,parka,ns
parked,park,vd
parking,park,vg
parks,park,ms
parlays,parlay,ms
parleys,parley,ms
parlors,parlor,ns
paroled,parole,vd
paroles,parole,vs
parred,par,vd
parried,parry,vd
parries,parry,ms
parring,par,vg
parrots,parrot,ms
pars,par,ms
parsecs,parsec,ns
parsed,parse,vd
parses,parse,vs
parsing,parse,vg
parsons,parson,ns
parted,part,vd
partied,party,vd
parties,party,ms
parting,part,vg
partook,partake,vd
parts,part,ms
pas,pa,ns
pascals,pascal,ns
pashas,pasha,ns
passed,pass,vd
passels,passel,ns
passers,passer,ns
passes,pass,ms
passing,pass,vg
pastas,pasta,ns
pasted,paste,vd
pastels,pastel,ns
pastes,paste,ms
pastier,pasty,aj1
pasties,pasty,ns
pasting,paste,vg
pastors,pastor,ns
pasts,past,ns
patched,patch,vd
patches,patch,ms
patents,patent,ms
pates,pate,ns
paths,path,ns
patinas,patina,ns
patine,patina,ns
patios,patio,ns
patrols,patrol,ms
patrons,patron,ns
pats,pat,ms
patsies,patsy,ns
patted,pat,vd
patters,patter,ms
patties,patty,ns
patting,pat,vg
paupers,pauper,ns
paused,pause,vd
pauses,pause,ms
pausing,pause,vg
paved,pave,vd
pavers,paver,ns
paves,pave,vs
paving,pave,vg
pavings,paving,ns
pawed,paw,vd
pawing,paw,vg
pawls,pawl,ns
pawned,pawn,vd
pawning,pawn,vg
pawns,pawn,ms
pawpaws,pawpaw,ns
paws,paw,ms
paydays,payday,ns
payed,pay,vd
payees,payee,ns
payers,payer,ns
paying,pay,vg
payoffs,payoff,ns
payouts,payout,ns
pays,pay,vs
peaces,peace,ns
peaches,peach,ns
peahens,peahen,ns
peaked,peak,vd
peaking,peak,vg
peaks,peak,ms
pealed,peal,vd
pealing,peal,vg
peals,peal,ms
peanuts,peanut,ns
pearled,pearl,vd
pearls,pearl,ms
pears,pear,ns
peas,pea,ns
peatier,peaty,aj1
pebbled,pebble,vd
pebbles,pebble,ms
pecans,pecan,ns
pecked,peck,vd
peckers,pecker,ns
pecking,peck,vg
pecks,peck,ms
pecs,pec,ns
pedaled,pedal,vd
pedalos,pedalo,ns
pedals,pedal,ms
pedants,pedant,ns
peddled,peddle,vd
peddles,peddle,vs
peed,pee,vd
peeing,pee,vg
peeked,peek,vd
peeking,peek,vg
peeks,peek,ms
peeled,peel,vd
peelers,peeler,ns
peeling,peel,vg
peels,peel,ms
peens,peen,ns
peeped,peep,vd
peepers,peeper,ns
peeping,peep,vg
peeps,peep,ms
peered,peer,vd
peering,peer,vg
peers,peer,ms
pees,pee,ms
peeved,peeve,vd
peeves,peeve,ms
peeving,peeve,vg
peewees,peewee,ns
peewits,peewit,ns
pegged,peg,vd
pegging,peg,vg
pegs,peg,ms
pekes,peke,ns
pellets,pellet,ms
pelmets,pelmet,ns
pelted,pelt,vd
pelting,pelt,vg
pelts,pelt,ms
pence,penny,ns
pencils,pencil,ms
pended,pend,vd
pending,pend,vg
pends,pend,vs
penises,penis,ns
penmen,penman,ns
penned,pen,vd
pennies,penny,ns
penning,pen,vg
pennons,pennon,ns
pens,pen,ns
pens,pen,vs
peonies,peony,ns
peons,peon,ns
people,person,ns
peopled,people,vd
peoples,people,ns
peoples,people,vs
pepped,pep,vd
peppers,pepper,ms
peppier,peppy,aj1
pepping,pep,vg
peps,pep,vs
peptics,peptic,ns
perched,perch,vd
perches,perch,ns
perches,perch,vs
periled,peril,vd
perils,peril,ms
perinea,perineum,ns
periods,period,ns
perked,perk,vd
perkier,perky,aj1
perking,perk,vg
perks,perk,ms
permed,perm,vd
perming,perm,vg
permits,permit,ms
perms,perm,ms
perps,perp,ns
persons,person,ns
perter,pert,aj1
pertest,pert,aj2
perukes,peruke,ns
perused,peruse,vd
peruses,peruse,vs
pervs,perv,ns
pesetas,peseta,ns
peskier,pesky,aj1
pesos,peso,ns
pesters,pester,vs
pestled,pestle,vd
pestles,pestle,ms
pests,pest,ns
petals,petal,ns
petards,petard,ns
petered,peter,vd
peters,peter,ms
petites,petite,ns
petrels,petrel,ns
pets,pet,ms
petted,pet,vd
pettier,petty,aj1
petting,pet,vg
pewees,pewee,ns
pewits,pewit,ns
pews,pew,ns
pewters,pewter,ns
phalli,phallus,ns
phased,phase,vd
phasers,phaser,ns
phases,phase,ms
phasing,phase,vg
phenols,phenol,ns
phenoms,phenom,ns
phials,phial,ns
phis,phi,ns
phobias,phobia,ns
phobics,phobic,ns
phoebes,phoebe,ns
phoned,phone,vd
phones,phone,ms
phonied,phony,vd
phonier,phoney,aj1
phonier,phony,aj1
phonies,phony,ns
phonies,phony,vs
phoning,phone,vg
phonons,phonon,ns
photoed,photo,vd
photons,photon,ns
photos,photo,ms
phrased,phrase,vd
phrases,phrase,ms
phyla,phylum,ns
physics,physic,vs
physios,physio,ns
pianos,piano,ns
piazzas,piazza,ns
picked,pick,vd
pickers,picker,ns
pickets,picket,ms
pickier,picky,aj1
picking,pick,vg
pickled,pickle,vd
pickles,pickle,ms
picks,pick,ms
pickups,pickup,ns
picnics,picnic,ms
picots,picot,ns
pics,pic,ns
piddled,piddle,vd
piddles,piddle,vs
pidgins,pidgin,ns
pieced,piece,vd
pieces,piece,ms
piecing,piece,vg
pied,pi,vd
pieing,pi,vg
pierced,pierce,vd
pierces,pierce,vs
piers,pier,ns
pies,pi,ns
pies,pi,vs
pies,pie,ns
pigeons,pigeon,ns
pigged,pig,vd
piggier,piggy,aj1
piggies,piggy,ns
pigging,pig,vg
piglets,piglet,ns
pigpens,pigpen,ns
pigs,pig,ms
piked,pike,vd
pikers,piker,ns
pikes,pike,ns
pikes,pike,vs
piking,pike,vg
pilafs,pilaf,ns
piled,pile,vd
piles,pile,ms
pileups,pileup,ns
pilfers,pilfer,vs
piling,pile,vg
pilings,piling,ns
pillars,pillar,ns
pilled,pill,vd
pilling,pill,vg
pillows,pillow,ms
pills,pill,ms
piloted,pilot,vd
pilots,pilot,ms
pimped,pimp,vd
pimping,pimp,vg
pimples,pimple,ns
pimps,pimp,ms
pinatas,pinata,ns
pincers,pincer,ns
pinched,pinch,vd
pinches,pinch,ms
pined,pine,vd
pines,pine,ms
pinged,ping,vd
pinging,ping,vg
pings,ping,ms
pinier,piney,aj1
piniest,piney,aj2
pining,pine,vg
pinions,pinion,ms
pinked,pink,vd
pinker,pink,aj1
pinkest,pink,aj2
pinkies,pinkie,ns
pinking,pink,vg
pinkos,pinko,ns
pinks,pink,ms
pinned,pin,vd
pinnies,pinny,ns
pinning,pin,vg
pinons,pinon,ns
pins,pin,ms
pintos,pinto,ns
pints,pint,ns
pinups,pinup,ns
piped,pipe,vd
pipers,piper,ns
pipes,pipe,ms
piping,pipe,vg
pipits,pipit,ns
pipped,pip,vd
pipping,pip,vg
pippins,pippin,ns
pips,pip,ms
piqued,pique,vd
piques,pique,vs
piquing,pique,vg
pirated,pirate,vd
pirates,pirate,ms
pis,pi,ns
pistes,piste,ns
pistils,pistil,ns
pistols,pistol,ns
pistons,piston,ns
pitas,pita,ns
pitched,pitch,vd
pitches,pitch,ms
pithier,pithy,aj1
pitied,pity,vd
pities,pity,vs
pitons,piton,ns
pits,pit,ms
pittas,pitta,ns
pitted,pit,vd
pitting,pit,vg
pitying,pity,vg
pivoted,pivot,vd
pivots,pivot,ms
pixels,pixel,ns
pixies,pixie,ns
pizzas,pizza,ns
placed,place,vd
placers,placer,ns
places,place,ms
placing,place,vg
plagued,plague,vd
plagues,plague,ms
plaids,plaid,ns
plainer,plain,a1
plains,plain,ns
plaints,plaint,ns
plaited,plait,vd
plaits,plait,ms
planed,plane,vd
planers,planer,ns
planes,plane,ms
planets,planet,ns
planing,plane,vg
planked,plank,vd
planks,plank,ms
planned,plan,vd
plans,plan,ms
planted,plant,vd
plants,plant,ms
plaques,plaque,ns
plashed,plash,vd
plashes,plash,ms
plasmas,plasma,ns
plated,plate,vd
platens,platen,ns
plates,plate,ms
plating,plate,vg
plats,plat,ms
platted,plat,vd
platys,platy,ns
playas,playa,ns
played,play,vd
players,player,ns
playing,play,vg
plays,play,ms
plazas,plaza,ns
pleaded,plead,vd
pleads,plead,vs
pleas,plea,ns
pleased,please,vd
pleases,please,vs
pleated,pleat,vd
pleats,pleat,ms
plebes,plebe,ns
plebs,pleb,ns
plectra,plectrum,ns
pledged,pledge,vd
pledges,pledge,ms
plenums,plenum,ns
pleurae,pleura,ns
plied,ply,vd
plies,ply,vs
plights,plight,ms
plinths,plinth,ns
plodded,plod,vd
plods,plod,vs
plonked,plonk,vd
plonks,plonk,ns
plonks,plonk,vs
plopped,plop,vd
plops,plop,ms
plots,plot,ms
plotted,plot,vd
plovers,plover,ns
plowed,plow,vd
plowing,plow,vg
plowmen,plowman,ns
plows,plow,ms
ploys,ploy,ns
plucked,pluck,vd
plucks,pluck,ms
plugged,plug,vd
plugins,plugin,ns
plugs,plug,ms
plumbed,plumb,vd
plumbs,plumb,ms
plumed,plume,vd
plumes,plume,ms
plumier,plumy,aj1
pluming,plume,vg
plumped,plump,vd
plumper,plump,a1
plumps,plump,ms
plums,plum,ns
plunged,plunge,vd
plunges,plunge,ms
plunked,plunk,vd
plunks,plunk,ms
plurals,plural,ns
pluses,plus,ns
plusher,plush,aj1
plying,ply,vg
poached,poach,vd
poaches,poach,vs
pockets,pocket,ms
pocks,pock,ns
podded,pod,vd
podding,pod,vg
podiums,podium,ns
pods,pod,ms
poems,poem,ns
poetics,poetic,ns
poets,poet,ns
pogroms,pogrom,ns
pointed,point,vd
points,point,ms
poised,poise,vd
poises,poise,vs
poising,poise,vg
poisons,poison,ms
poked,poke,vd
pokers,poker,ns
pokes,poke,ms
pokeys,pokey,ns
pokier,poky,aj1
pokiest,poky,aj2
poking,poke,vg
poled,pole,vd
poles,pole,ms
policed,police,vd
polices,police,vs
poling,pole,vg
polios,polio,ns
politer,polite,aj1
polkaed,polka,vd
polkas,polka,ms
polled,poll,vd
polling,poll,vg
polls,poll,ms
pols,pol,ns
polyps,polyp,ns
polys,poly,ns
pomaded,pomade,vd
pomades,pomade,vs
pommels,pommel,ms
pommies,pommy,ns
pompoms,pompom,ns
poms,pom,ns
ponced,ponce,vd
ponces,ponce,ns
ponces,ponce,vs
ponchos,poncho,ns
poncing,ponce,vg
ponders,ponder,vs
ponds,pond,ns
pones,pone,ns
ponged,pong,vd
ponging,pong,vg
pongs,pong,ns
pongs,pong,vs
ponied,pony,vd
ponies,pony,ns
ponies,pony,vs
ponying,pony,vg
pooches,pooch,ns
poodles,poodle,ns
pooed,poo,vd
poofs,poof,ns
poohed,pooh,vd
poohing,pooh,vg
poohs,pooh,ms
pooing,poo,vg
pooled,pool,vd
pooling,pool,vg
pools,pool,ms
pooped,poop,vd
pooping,poop,vg
poops,poop,ms
poorer,poor,aj1
poorest,poor,aj2
poos,poo,ms
popes,pope,ns
popguns,popgun,ns
poplars,poplar,ns
poppas,poppa,ns
popped,pop,vd
poppers,popper,ns
poppets,poppet,ns
poppies,poppy,ns
popping,pop,vg
pops,pop,ms
popups,popup,ns
porches,porch,ns
pored,pore,vd
pores,pore,ms
porgies,porgy,ns
poring,pore,vg
porkers,porker,ns
porkier,porky,aj1
porkies,porky,ns
portals,portal,ns
ported,port,vd
porters,porter,ns
porting,port,vg
ports,port,ms
posed,pose,vd
posers,poser,ns
poses,pose,ms
poseurs,poseur,ns
posher,posh,aj1
poshest,posh,aj2
posies,posy,ns
posing,pose,vg
posited,posit,vd
posits,posit,vs
posses,posse,ns
possums,possum,ns
posted,post,vd
posters,poster,ns
posties,postie,ns
posting,post,vg
postmen,postman,ns
posts,post,ms
potfuls,potful,ns
pothers,pother,ms
potions,potion,ns
potpies,potpie,ns
pots,pot,ms
potted,pot,vd
potters,potter,ms
pottier,potty,aj1
potties,potty,ns
potting,pot,vg
pouched,pouch,vd
pouches,pouch,ms
pouffes,pouffe,ns
poufs,pouf,ns
pounced,pounce,vd
pounces,pounce,ms
pounded,pound,vd
pounds,pound,ns
pounds,pound,vs
poured,pour,vd
pouring,pour,vg
pours,pour,vs
pouted,pout,vd
pouters,pouter,ns
pouting,pout,vg
pouts,pout,ms
powders,powder,ms
powered,power,vd
powers,power,ms
powwows,powwow,ms
poxes,pox,ns
praised,praise,vd
praises,praise,vs
prams,pram,ns
pranced,prance,vd
prances,prance,ms
pranged,prang,vd
prangs,prang,ms
pranks,prank,ns
prated,prate,vd
praters,prater,ns
prates,prate,vs
prating,prate,vg
prats,prat,ns
prawned,prawn,vd
prawns,prawn,ms
prayed,pray,vd
prayers,prayer,ns
praying,pray,vg
prays,pray,vs
preened,preen,vd
preens,preen,vs
prefabs,prefab,ms
prefers,prefer,vs
prelims,prelim,ns
premeds,premed,ns
prenups,prenup,ns
prepaid,prepay,vd
prepays,prepay,vs
prepped,prep,vd
preps,prep,ms
presets,preset,vs
pressed,press,vd
presses,press,ms
prestos,presto,ns
preyed,prey,vd
preying,prey,vg
preys,prey,vs
priced,price,vd
prices,price,ms
pricier,pricey,aj1
pricing,price,vg
pricked,prick,vd
pricks,prick,ms
prided,pride,vd
prides,pride,ms
priding,pride,vg
pried,pry,vd
priers,prier,ns
pries,pry,ms
priests,priest,ns
prigs,prig,ns
primed,prime,vd
primers,primer,ns
primes,prime,ms
priming,prime,vg
primmer,prim,aj1
primped,primp,vd
primps,primp,vs
princes,prince,ns
printed,print,vd
prints,print,ms
prions,prion,ns
priors,prior,ns
prisms,prism,ns
prisons,prison,ns
privets,privet,ns
privier,privy,aj1
privies,privy,ns
prized,prize,vd
prizes,prize,ms
prizes,prize,vs
prizing,prize,vg
probed,probe,vd
probes,probe,ms
probing,probe,vg
prodded,prod,vd
prods,prod,ms
profits,profit,ms
profs,prof,ns
proles,prole,ns
promos,promo,ns
prompts,prompt,ms
proms,prom,ns
prongs,prong,ns
proofed,proof,vd
proofs,proof,ms
propels,propel,vs
propped,prop,vd
props,prop,ms
pros,pro,ns
prosier,prosy,aj1
protons,proton,ns
prouder,proud,aj1
proved,prove,vd
proved,prove,vn
proven,prove,vn
proves,prove,vs
proving,prove,vg
prowled,prowl,vd
prowls,prowl,ms
prows,prow,ns
proxies,proxy,ns
prudes,prude,ns
pruned,prune,vd
pruners,pruner,ns
prunes,prune,ms
pruning,prune,vg
prying,pry,vg
psalms,psalm,ns
pseuds,pseud,ns
pshaws,pshaw,ns
psis,psi,ns
psyched,psych,vd
psyched,psyche,vd
psyches,psyche,ms
psychos,psycho,ns
psychs,psych,vs
pubes,pubis,ns
pubs,pub,ns
puckers,pucker,ms
pucks,puck,ns
puddled,puddle,vd
puddles,puddle,ms
pudenda,pudendum,ns
pudgier,pudgy,aj1
puds,pud,ns
pueblos,pueblo,ns
puffed,puff,vd
puffers,puffer,ns
puffier,puffy,aj1
puffing,puff,vg
puffins,puffin,ns
puffs,puff,ms
pugs,pug,ns
puked,puke,vd
pukes,puke,vs
puking,puke,vg
puled,pule,vd
pules,pule,vs
puling,pule,vg
pulled,pull,vd
pullers,puller,ns
pullets,pullet,ns
pulleys,pulley,ns
pulling,pull,vg
pulls,pull,ms
pulped,pulp,vd
pulpier,pulpy,aj1
pulping,pulp,vg
pulpits,pulpit,ns
pulps,pulp,vs
pulsars,pulsar,ns
pulsed,pulse,vd
pulses,pulse,ms
pulsing,pulse,vg
pumas,puma,ns
pumices,pumice,ns
pummels,pummel,vs
pumped,pump,vd
pumpers,pumper,ns
pumping,pump,vg
pumps,pump,ms
punched,punch,vd
punches,punch,ms
pundits,pundit,ns
punier,puny,aj1
puniest,puny,aj2
punker,punk,aj1
punkest,punk,aj2
punks,punk,ns
punned,pun,vd
punnets,punnet,ns
punning,pun,vg
puns,pun,ms
punted,punt,vd
punters,punter,ns
punting,punt,vg
punts,punt,ms
pupae,pupa,ns
pupated,pupate,vd
pupates,pupate,vs
pupils,pupil,ns
pupped,pup,vd
puppets,puppet,ns
puppies,puppy,ns
pupping,pup,vg
pups,pup,ms
pureed,puree,vd
purees,puree,ms
purer,pure,aj1
purest,pure,aj2
purged,purge,vd
purgers,purger,ns
purges,purge,ms
purging,purge,vg
purines,purine,ns
purists,purist,ns
purled,purl,vd
purling,purl,vg
purls,purl,ms
purpler,purple,aj1
purples,purple,ns
purred,purr,vd
purring,purr,vg
purrs,purr,ms
pursed,purse,vd
pursers,purser,ns
purses,purse,ms
pursing,purse,vg
pursued,pursue,vd
pursues,pursue,vs
purveys,purvey,vs
pushed,push,vd
pushers,pusher,ns
pushes,push,ms
pushier,pushy,aj1
pushing,push,vg
pusses,puss,ns
pussier,pussy,aj1
pussies,pussy,ns
putouts,putout,ns
puts,put,ms
putted,putt,vd
puttees,puttee,ns
putters,putter,ms
puttied,putty,vd
putties,putty,vs
putting,put,vg
putting,putt,vg
putts,putt,ms
putzes,putz,ns
puzzled,puzzle,vd
puzzles,puzzle,ms
pwned,pwn,vd
pwning,pwn,vg
pwns,pwn,vs
pygmies,pygmy,ns
pylons,pylon,ns
pylori,pylorus,ns
pyres,pyre,ns
pythons,python,ns
pyxes,pyx,ns
quacked,quack,vd
quacks,quack,ms
quads,quad,ns
quaffed,quaff,vd
quaffs,quaff,ms
quahogs,quahog,ns
quailed,quail,vd
quails,quail,ns
quails,quail,vs
quaked,quake,vd
quakes,quake,ms
quaking,quake,vg
qualms,qualm,ns
quangos,quango,ns
quanta,quantum,ns
quants,quant,ns
quarks,quark,ns
quartos,quarto,ns
quarts,quart,ns
quasars,quasar,ns
quashed,quash,vd
quashes,quash,vs
quavers,quaver,ms
quays,quay,ns
qubits,qubit,ns
queened,queen,vd
queens,queen,ms
queered,queer,vd
queerer,queer,aj1
queers,queer,ms
quelled,quell,vd
quells,quell,vs
queried,query,vd
queries,query,ms
quested,quest,vd
quests,quest,ms
queued,queue,vd
queues,queue,ms
queuing,queue,vg
quiches,quiche,ns
quicker,quick,a1
quids,quid,ns
quieted,quiet,vd
quieter,quiet,a1
quiets,quiet,vs
quiffs,quiff,ns
quills,quill,ns
quilted,quilt,vd
quilts,quilt,ms
quinces,quince,ns
quins,quin,ns
quints,quint,ns
quipped,quip,vd
quips,quip,ms
quires,quire,ns
quirked,quirk,vd
quirks,quirk,ms
quirts,quirt,ns
quits,quit,vs
quivers,quiver,ms
quizzed,quiz,vd
quizzes,quiz,ms
quoins,quoin,ns
quoited,quoit,vd
quoits,quoit,ms
quorums,quorum,ns
quotas,quota,ns
quoted,quote,vd
quotes,quote,ms
quoting,quote,vg
rabbets,rabbet,ms
rabbis,rabbi,ns
rabbits,rabbit,ns
rabbles,rabble,ns
raced,race,vd
racemes,raceme,ns
racers,racer,ns
races,race,ms
racier,racy,aj1
raciest,racy,aj2
racing,race,vg
racists,racist,ns
racked,rack,vd
rackets,racket,ms
rackets,racket,ns
racking,rack,vg
racks,rack,ms
radars,radar,ns
radials,radial,ns
radians,radian,ns
radii,radius,ns
radioed,radio,vd
radios,radio,ms
rads,rad,ns
raffled,raffle,vd
raffles,raffle,ms
rafted,raft,vd
rafters,rafter,ns
rafting,raft,vg
rafts,raft,ms
ragas,raga,ns
raged,rage,vd
rages,rage,ms
ragged,rag,vd
ragging,rag,vg
raging,rage,vg
raglans,raglan,ns
ragouts,ragout,ns
rags,rag,ms
raided,raid,vd
raiders,raider,ns
raiding,raid,vg
raids,raid,ms
railed,rail,vd
railing,rail,vg
rails,rail,ms
rails,rail,ns
rained,rain,vd
rainier,rainy,aj1
raining,rain,vg
rains,rain,ms
raised,raise,vd
raisers,raiser,ns
raises,raise,ms
raising,raise,vg
raisins,raisin,ns
rajahs,rajah,ns
raked,rake,vd
rakes,rake,ms
raking,rake,vg
rallied,rally,vd
rallies,rally,ms
rambled,ramble,vd
rambles,ramble,ms
ramjets,ramjet,ns
rammed,ram,vd
ramming,ram,vg
ramping,ramp,vg
ramps,ramp,ns
ramrods,ramrod,ms
rams,ram,ms
ran,run,vd
ranched,ranch,vd
ranches,ranch,ms
randier,randy,aj1
rands,rand,ns
ranees,ranee,ns
rang,ring,vd
ranged,range,vd
rangers,ranger,ns
ranges,range,ms
rangier,rangy,aj1
ranging,range,vg
ranked,rank,vd
ranker,rank,aj1
rankest,rank,aj2
ranking,rank,vg
rankled,rankle,vd
rankles,rankle,vs
ranks,rank,ms
ransoms,ransom,ms
ranted,rant,vd
ranters,ranter,ns
ranting,rant,vg
rants,rant,ms
raped,rape,vd
rapers,raper,ns
rapes,rape,ms
rapider,rapid,aj1
rapids,rapid,ns
rapiers,rapier,ns
raping,rape,vg
rapists,rapist,ns
rapped,rap,vd
rappels,rappel,ns
rappels,rappel,vs
rappers,rapper,ns
rapping,rap,vg
raps,rap,ms
raptors,raptor,ns
rared,rare,vd
rarer,rare,aj1
rares,rare,vs
rarest,rare,aj2
raring,rare,vg
rascals,rascal,ns
rasher,rash,aj1
rashers,rasher,ns
rashes,rash,ns
rashest,rash,aj2
rasped,rasp,vd
raspier,raspy,aj1
rasping,rasp,vg
rasps,rasp,ms
ratbags,ratbag,ns
rated,rate,vd
raters,rater,ns
rates,rate,ms
rating,rate,vg
ratings,rating,ns
rations,ration,ms
ratios,ratio,ns
rats,rat,ms
rattans,rattan,ns
ratted,rat,vd
ratters,ratter,ns
rattier,ratty,aj1
ratting,rat,vg
rattled,rattle,vd
rattles,rattle,ms
ravaged,ravage,vd
ravages,ravage,ms
raved,rave,vd
raveled,ravel,vd
ravels,ravel,ms
ravened,raven,vd
ravens,raven,ms
ravers,raver,ns
raves,rave,ms
ravines,ravine,ns
raving,rave,vg
ravings,raving,ns
rawer,raw,aj1
rawest,raw,aj2
rays,ray,ns
razed,raze,vd
razes,raze,vs
razing,raze,vg
razors,razor,ns
razzed,razz,vd
razzes,razz,ms
razzing,razz,vg
reached,reach,vd
reaches,reach,ms
reacted,react,vd
reacts,react,vs
readers,reader,ns
readied,ready,vd
readier,ready,aj1
readies,ready,vs
reading,read,vg
reads,read,ns
reads,read,vs
realer,real,a1
realest,real,a2
realms,realm,ns
reals,real,ns
reamed,ream,vd
reamers,reamer,ns
reaming,ream,vg
reams,ream,ms
reaped,reap,vd
reapers,reaper,ns
reaping,reap,vg
reaps,reap,vs
reared,rear,vd
rearing,rear,vg
rearmed,rearm,vd
rearms,rearm,vs
rears,rear,ms
reasons,reason,ms
rebars,rebar,ns
rebated,rebate,vd
rebates,rebate,ms
rebels,rebel,ms
rebids,rebid,vs
rebinds,rebind,vs
reboils,reboil,vs
reboots,reboot,vs
rebound,rebind,vd
rebuffs,rebuff,ms
rebuilt,rebuild,vd
rebuked,rebuke,vd
rebukes,rebuke,ms
rebuses,rebus,ns
rebuts,rebut,vs
recalls,recall,ms
recants,recant,vs
recaps,recap,ms
recasts,recast,ms
recces,recce,ns
receded,recede,vd
recedes,recede,vs
recipes,recipe,ns
recited,recite,vd
recites,recite,vs
reckons,reckon,vs
recoils,recoil,ms
recons,recon,ns
recooks,recook,vs
records,record,ms
recoups,recoup,vs
rectors,rector,ns
rectos,recto,ns
rectums,rectum,ns
recurs,recur,vs
recused,recuse,vd
recuses,recuse,vs
redacts,redact,vs
redcaps,redcap,ns
reddens,redden,vs
redder,red,aj1
reddest,red,aj2
redeems,redeem,vs
redials,redial,ms
redid,redo,vd
redoes,redo,vs
redoing,redo,vg
redone,redo,vn
redrawn,redraw,vn
redraws,redraw,vs
redrew,redraw,vd
reds,red,ns
reduced,reduce,vd
reduces,reduce,vs
redyed,redye,vd
redyes,redye,vs
reedier,reedy,aj1
reedits,reedit,vs
reeds,reed,ns
reefed,reef,vd
reefers,reefer,ns
reefing,reef,vg
reefs,reef,ms
reeked,reek,vd
reeking,reek,vg
reeks,reek,ms
reeled,reel,vd
reeling,reel,vg
reels,reel,ms
reeves,reeve,ms
reeving,reeve,vg
refaced,reface,vd
refaces,reface,vs
refers,refer,vs
reffed,ref,vd
reffing,ref,vg
refiled,refile,vd
refiles,refile,vs
refills,refill,ms
refined,refine,vd
refines,refine,vs
refits,refit,ms
refolds,refold,vs
reforms,reform,ms
refroze,refreeze,vd
refs,ref,ms
refuels,refuel,vs
refuges,refuge,ns
refunds,refund,ms
refused,refuse,vd
refuses,refuse,vs
refuted,refute,vd
refutes,refute,vs
regains,regain,vs
regaled,regale,vd
regales,regale,vs
regards,regard,vs
regents,regent,ns
regimes,regime,ns
regions,region,ns
regrets,regret,ms
regrew,regrow,vd
regrown,regrow,vn
regrows,regrow,vs
rehabs,rehab,ms
rehangs,rehang,vs
reheard,rehear,vd
rehears,rehear,vs
reheats,reheat,vs
rehired,rehire,vd
rehires,rehire,vs
rehung,rehang,vd
reified,reify,vd
reifies,reify,vs
reigned,reign,vd
reigns,reign,ms
reined,rein,vd
reining,rein,vg
reins,rein,ms
rejects,reject,ms
rejigs,rejig,vs
rejoins,rejoin,vs
relaid,relay,vd
related,relate,vd
relates,relate,vs
relaxed,relax,vd
relaxes,relax,vs
relayed,relay,vd
relays,relay,ns
relays,relay,vs
relents,relent,vs
relics,relic,ns
relied,rely,vd
reliefs,relief,ns
relies,rely,vs
relined,reline,vd
relines,reline,vs
relists,relist,vs
relit,relight,vd
relived,relive,vd
relives,relive,vs
reloads,reload,vs
relying,rely,vg
remade,remake,vd
remains,remain,vs
remakes,remake,ms
remands,remand,vs
remaps,remap,vs
remarks,remark,ms
remelts,remelt,vs
reminds,remind,vs
remits,remit,vs
remixed,remix,vd
remixes,remix,vs
remolds,remold,vs
remoter,remote,aj1
remotes,remote,ns
removed,remove,vd
removes,remove,ms
rems,rem,ns
renamed,rename,vd
renames,rename,vs
renders,render,ms
rending,rend,vg
rends,rend,vs
reneged,renege,vd
reneges,renege,vs
renewed,renew,vd
renews,renew,vs
rent,rend,vd
rentals,rental,ns
rented,rent,vd
renters,renter,ns
renting,rent,vg
rents,rent,ms
reopens,reopen,vs
reorged,reorg,vd
reorgs,reorg,ms
repacks,repack,vs
repaid,repay,vd
repairs,repair,ms
repasts,repast,ns
repaved,repave,vd
repaves,repave,vs
repays,repay,vs
repeals,repeal,ms
repeats,repeat,ms
repels,repel,vs
repents,repent,vs
repined,repine,vd
repines,repine,vs
replays,replay,ms
replied,reply,vd
replies,reply,ms
reports,report,ms
repos,repo,ns
reposed,repose,vd
reposes,repose,vs
reps,rep,ns
reputed,repute,vd
reputes,repute,vs
reran,rerun,vd
rereads,reread,vs
reruns,rerun,ms
resales,resale,ns
resat,resit,vd
rescued,rescue,vd
rescues,rescue,ms
reseals,reseal,vs
reseeds,reseed,vs
resells,resell,vs
resents,resent,vs
resets,reset,ms
resewed,resew,vd
resewn,resew,vn
resews,resew,vs
reships,reship,vs
reshot,reshoot,vd
resided,reside,vd
resides,reside,vs
residua,residuum,ns
resigns,resign,vs
resins,resin,ns
resists,resist,ms
resits,resit,ms
resized,resize,vd
resizes,resize,vs
resold,resell,vd
resoled,resole,vd
resoles,resole,vs
resorts,resort,ms
resowed,resow,vd
resown,resow,vn
resows,resow,vs
rested,rest,vd
resting,rest,vg
rests,rest,ms
results,result,ms
resumed,resume,vd
resumes,resume,ns
resumes,resume,vs
retails,retail,vs
retains,retain,vs
retaken,retake,vn
retakes,retake,ms
retards,retard,ms
retched,retch,vd
retches,retch,vs
retells,retell,vs
retests,retest,ms
retied,retie,vd
reties,retie,vs
retinas,retina,ns
retired,retire,vd
retires,retire,vs
retold,retell,vd
retook,retake,vd
retools,retool,vs
retorts,retort,ms
retried,retry,vd
retries,retry,vs
retrod,retread,vd
retros,retro,ns
returns,return,ms
retying,retie,vg
retyped,retype,vd
retypes,retype,vs
reused,reuse,vd
reuses,reuse,ms
reusing,reuse,vg
revamps,revamp,ms
reveals,reveal,vs
reveled,revel,vd
revels,revel,ms
revered,revere,vd
reveres,revere,vs
reverts,revert,vs
reviews,review,ms
reviled,revile,vd
reviles,revile,vs
revised,revise,vd
revises,revise,ms
revived,revive,vd
revives,revive,vs
revoked,revoke,vd
revokes,revoke,vs
revolts,revolt,ms
revs,rev,ms
revues,revue,ns
revved,rev,vd
revving,rev,vg
rewards,reward,ms
rewarms,rewarm,vs
reweds,rewed,vs
rewilds,rewild,vs
rewinds,rewind,ms
rewired,rewire,vd
rewires,rewire,vs
rewords,reword,vs
reworks,rework,vs
rewound,rewind,vd
rewove,reweave,vd
rewoven,reweave,vn
rewrote,rewrite,vd
rezoned,rezone,vd
rezones,rezone,vs
rheas,rhea,ns
rhinos,rhino,ns
rhos,rho,ns
rhymed,rhyme,vd
rhymers,rhymer,ns
rhymes,rhyme,ms
rhyming,rhyme,vg
rhythms,rhythm,ns
rials,rial,ns
ribbed,rib,vd
ribbers,ribber,ns
ribbing,rib,vg
ribbons,ribbon,ns
ribeyes,ribeye,ns
ribs,rib,ms
riced,rice,vd
ricers,ricer,ns
rices,rice,vs
richer,rich,aj1
riches,rich,ns
richest,rich,aj2
ricing,rice,vg
ricked,rick,vd
ricking,rick,vg
ricks,rick,ms
ridden,ride,vn
ridding,rid,vg
riddled,riddle,vd
riddles,riddle,ms
riders,rider,ns
rides,ride,ms
ridged,ridge,vd
ridges,ridge,ms
ridging,ridge,vg
riding,ride,vg
rids,rid,vs
rifer,rife,aj1
rifest,rife,aj2
riffed,riff,vd
riffing,riff,vg
riffled,riffle,vd
riffles,riffle,ms
riffs,riff,ms
rifled,rifle,vd
riflers,rifler,ns
rifles,rifle,ms
rifling,rifle,vg
rifted,rift,vd
rifting,rift,vg
rifts,rift,ms
rigged,rig,vd
riggers,rigger,ns
rigging,rig,vg
righted,right,vd
righter,right,a1
rights,right,ms
rigors,rigor,ns
rigs,rig,ms
riled,rile,vd
riles,rile,vs
riling,rile,vg
rills,rill,ns
rimed,rime,vd
rimes,rime,ms
riming,rime,vg
rimmed,rim,vd
rimming,rim,vg
rims,rim,ms
rinds,rind,ns
ringed,ring,vd
ringers,ringer,ns
ringing,ring,vg
rings,ring,ns
rings,ring,vs
rinks,rink,ns
rinsed,rinse,vd
rinses,rinse,ms
rinsing,rinse,vg
rioted,riot,vd
rioters,rioter,ns
rioting,riot,vg
riots,riot,ms
ripened,ripen,vd
ripens,ripen,vs
riper,ripe,aj1
ripest,ripe,aj2
ripoffs,ripoff,ns
ripped,rip,vd
rippers,ripper,ns
ripping,rip,vg
rippled,ripple,vd
ripples,ripple,ms
rips,rip,ms
ripsaws,ripsaw,ns
risen,rise,vn
risers,riser,ns
rises,rise,ms
rising,rise,vg
risings,rising,ns
risked,risk,vd
riskier,risky,aj1
risking,risk,vg
risks,risk,ms
rites,rite,ns
rituals,ritual,ns
ritzier,ritzy,aj1
rivaled,rival,vd
rivals,rival,ms
rived,rive,vd
riven,rive,vn
rivers,river,ns
rives,rive,vs
riveted,rivet,vd
rivets,rivet,ms
riving,rive,vg
riyals,riyal,ns
roaches,roach,ns
roadies,roadie,ns
roads,road,ns
roamed,roam,vd
roamers,roamer,ns
roaming,roam,vg
roams,roam,vs
roans,roan,ns
roared,roar,vd
roarers,roarer,ns
roaring,roar,vg
roars,roar,ms
roasted,roast,vd
roasts,roast,ms
robbed,rob,vd
robbers,robber,ns
robbing,rob,vg
robed,robe,vd
robes,robe,ms
robing,robe,vg
robins,robin,ns
robots,robot,ns
robs,rob,vs
rocked,rock,vd
rockers,rocker,ns
rockets,rocket,ms
rockier,rocky,aj1
rocking,rock,vg
rocks,rock,ms
rode,ride,vd
rodents,rodent,ns
rodeos,rodeo,ns
rods,rod,ns
roes,roe,ns
rogered,roger,vd
rogers,roger,vs
rogues,rogue,ns
roiled,roil,vd
roiling,roil,vg
roils,roil,vs
roles,role,ns
rolled,roll,vd
rollers,roller,ns
rolling,roll,vg
rolls,roll,ms
romeos,romeo,ns
romped,romp,vd
rompers,romper,ns
romping,romp,vg
romps,romp,ms
rondos,rondo,ns
roods,rood,ns
roofed,roof,vd
roofers,roofer,ns
roofing,roof,vg
roofs,roof,ns
roofs,roof,vs
rooked,rook,vd
rookies,rookie,ns
rooking,rook,vg
rooks,rook,ms
roomed,room,vd
roomers,roomer,ns
roomier,roomy,aj1
rooming,room,vg
rooms,room,ms
roosted,roost,vd
roosts,roost,ms
rooted,root,vd
rooters,rooter,ns
rooting,root,vg
roots,root,ms
roped,rope,vd
ropers,roper,ns
ropes,rope,ms
ropier,ropy,aj1
ropiest,ropy,aj2
roping,rope,vg
rose,rise,vd
roses,rose,ns
rosier,rosy,aj1
rosiest,rosy,aj2
rosined,rosin,vd
rosins,rosin,vs
rosters,roster,ns
rotas,rota,ns
rotated,rotate,vd
rotates,rotate,vs
rotis,roti,ns
rotors,rotor,ns
rots,rot,vs
rotted,rot,vd
rotters,rotter,ns
rotting,rot,vg
roues,roue,ns
rouged,rouge,vd
rouges,rouge,vs
roughed,rough,vd
rougher,rough,a1
roughs,rough,vs
rouging,rouge,vg
rounded,round,vd
rounder,round,a1
rounds,round,ms
roused,rouse,vd
rouses,rouse,vs
rousing,rouse,vg
rousted,roust,vd
rousts,roust,vs
routed,rout,vd
routed,route,vd
routers,router,ns
routes,route,ns
routes,route,vs
routing,rout,vg
routing,route,vg
routs,rout,ms
rove,reeve,vd
roved,rove,vd
rovers,rover,ns
roves,rove,vs
roving,rove,vg
rowans,rowan,ns
rowdier,rowdy,aj1
rowdies,rowdy,ns
rowed,row,vd
roweled,rowel,vd
rowels,rowel,ms
rowers,rower,ns
rowing,row,vg
rows,row,ms
royals,royal,ns
rubatos,rubato,ns
rubbed,rub,vd
rubbers,rubber,ns
rubbing,rub,vg
rubes,rube,ns
rubier,ruby,aj1
rubies,ruby,ns
rubiest,ruby,aj2
rubles,ruble,ns
rubrics,rubric,ns
rubs,rub,ms
rucked,ruck,vd
rucking,ruck,vg
rucks,ruck,ms
rudders,rudder,ns
ruddier,ruddy,aj1
ruder,rude,aj1
rudest,rude,aj2
rued,rue,vd
rues,rue,vs
ruffed,ruff,vd
ruffing,ruff,vg
ruffled,ruffle,vd
ruffles,ruffle,ms
ruffs,ruff,ms
rugrats,rugrat,ns
rugs,rug,ns
ruined,ruin,vd
ruing,rue,vg
ruining,ruin,vg
ruins,ruin,ms
ruled,rule,vd
rulers,ruler,ns
rules,rule,ms
ruling,rule,vg
rulings,ruling,ns
rumbaed,rumba,vd
rumbas,rumba,ms
rumbled,rumble,vd
rumbles,rumble,ms
rummer,rum,aj1
rummest,rum,aj2
rumored,rumor,vd
rumors,rumor,ms
rumpled,rumple,vd
rumples,rumple,ms
rumps,rump,ns
rums,rum,ns
runes,rune,ns
rung,ring,vn
rungs,rung,ns
runlets,runlet,ns
runnels,runnel,ns
runners,runner,ns
runnier,runny,aj1
running,run,vg
runoffs,runoff,ns
runs,run,ms
runtier,runty,aj1
runts,runt,ns
runways,runway,ns
rupees,rupee,ns
rupiahs,rupiah,ns
ruses,ruse,ns
rushed,rush,vd
rushers,rusher,ns
rushes,rush,ms
rushing,rush,vg
rusks,rusk,ns
russets,russet,ns
rusted,rust,vd
rustics,rustic,ns
rustier,rusty,aj1
rusting,rust,vg
rustled,rustle,vd
rustles,rustle,ms
rusts,rust,vs
ruts,rut,ms
rutted,rut,vd
ruttier,rutty,aj1
rutting,rut,vg
sabers,saber,ns
sables,sable,ns
sabots,sabot,ns
sabras,sabra,ns
sachems,sachem,ns
sachets,sachet,ns
sacked,sack,vd
sackers,sacker,ns
sacking,sack,vg
sacks,sack,ms
sacra,sacrum,ns
sacs,sac,ns
saddens,sadden,vs
sadder,sad,aj1
saddest,sad,aj2
saddled,saddle,vd
saddles,saddle,ms
sadhus,sadhu,ns
sadists,sadist,ns
safaris,safari,ms
safer,safe,aj1
safes,safe,ns
safest,safe,aj2
sagas,saga,ns
sager,sage,aj1
sages,sage,ns
sagest,sage,aj2
sagged,sag,vd
saggier,saggy,aj1
sagging,sag,vg
sags,sag,ms
sahibs,sahib,ns
said,say,vd
sailed,sail,vd
sailing,sail,vg
sailors,sailor,ns
sails,sail,ms
saints,saint,ns
saith,say,vs3
sakes,sake,ns
salaams,salaam,ms
salads,salad,ns
salamis,salami,ns
sales,sale,ns
salines,saline,ns
sallied,sally,vd
sallies,sally,ms
salmons,salmon,ns
salons,salon,ns
saloons,saloon,ns
salsas,salsa,ns
salted,salt,vd
salter,salt,aj1
saltest,salt,aj2
saltier,salty,aj1
salting,salt,vg
salts,salt,ms
saluted,salute,vd
salutes,salute,ms
salved,salve,vd
salvers,salver,ns
salves,salve,ms
salving,salve,vg
salvos,salvo,ns
sambaed,samba,vd
sambas,samba,ms
samosas,samosa,ns
sampans,sampan,ns
sampled,sample,vd
samples,sample,ms
sandals,sandal,ns
sanded,sand,vd
sanders,sander,ns
sandier,sandy,aj1
sanding,sand,vg
sandmen,sandman,ns
sands,sand,ms
saner,sane,aj1
sanest,sane,aj2
sang,sing,vd
sank,sink,vd
sapped,sap,vd
sappers,sapper,ns
sappier,sappy,aj1
sapping,sap,vg
saps,sap,ms
sarges,sarge,ns
saris,sari,ns
sarnies,sarnie,ns
sarongs,sarong,ns
sashays,sashay,ms
sashes,sash,ns
sassed,sass,vd
sasses,sass,vs
sassier,sassy,aj1
sassing,sass,vg
sat,sit,vd
sated,sate,vd
sates,sate,vs
sating,sate,vg
satires,satire,ns
satraps,satrap,ns
satyrs,satyr,ns
sauced,sauce,vd
saucers,saucer,ns
sauces,sauce,ms
saucier,saucy,aj1
saucing,sauce,vg
saunaed,sauna,vd
saunas,sauna,ms
sauteed,saute,vd
sautes,saute,ms
savaged,savage,vd
savager,savage,aj1
savages,savage,ms
savants,savant,ns
saved,save,vd
savers,saver,ns
saves,save,ms
saving,save,vg
savings,saving,ns
saviors,savior,ns
savored,savor,vd
savors,savor,vs
savoys,savoy,ns
savvied,savvy,vd
savvier,savvy,aj1
savvies,savvy,vs
saw,see,vd
sawed,saw,vd
sawed,saw,vn
sawing,saw,vg
saws,saw,ms
sawyers,sawyer,ns
saxes,sax,ns
saying,say,vg
sayings,saying,ns
says,say,vs
scabbed,scab,vd
scabs,scab,ms
scads,scad,ns
scalars,scalar,ns
scalded,scald,vd
scalds,scald,ms
scaled,scale,vd
scales,scale,ms
scalier,scaly,aj1
scaling,scale,vg
scalped,scalp,vd
scalps,scalp,ms
scammed,scam,vd
scamps,scamp,ns
scams,scam,ms
scanned,scan,vd
scans,scan,ms
scanted,scant,vd
scanter,scant,aj1
scants,scant,vs
scarabs,scarab,ns
scarcer,scarce,a1
scared,scare,vd
scares,scare,ms
scarfed,scarf,vd
scarfs,scarf,vs
scarier,scary,aj1
scaring,scare,vg
scarped,scarp,vd
scarps,scarp,ms
scarred,scar,vd
scars,scar,ms
scarves,scarf,ns
scats,scat,vs
scatted,scat,vd
scenes,scene,ns
scented,scent,vd
scents,scent,ms
schemed,scheme,vd
schemes,scheme,ms
schisms,schism,ns
schizos,schizo,ns
schleps,schlep,ms
schmoes,schmo,ns
schools,school,ms
schwas,schwa,ns
scions,scion,ns
scoffed,scoff,vd
scoffs,scoff,ms
scolded,scold,vd
scolds,scold,ms
sconces,sconce,ns
scones,scone,ns
scooped,scoop,vd
scoops,scoop,ms
scooted,scoot,vd
scoots,scoot,vs
scoped,scope,vd
scopes,scope,ms
scoping,scope,vg
scored,score,vd
scorers,scorer,ns
scores,score,ms
scoring,score,vg
scorned,scorn,vd
scorns,scorn,vs
scoured,scour,vd
scours,scour,vs
scouted,scout,vd
scouts,scout,ms
scowled,scowl,vd
scowls,scowl,ms
scows,scow,ns
scrags,scrag,ns
scrams,scram,vs
scraped,scrape,vd
scrapes,scrape,ms
scraps,scrap,ms
scrawls,scrawl,ms
screams,scream,ms
screeds,screed,ns
screens,screen,ms
screes,scree,ns
screwed,screw,vd
screws,screw,ms
scribes,scribe,ns
scrimps,scrimp,vs
scrims,scrim,ns
scrips,scrip,ns
scripts,script,ms
scrolls,scroll,ms
scrota,scrotum,ns
scrubs,scrub,ms
scruffs,scruff,ns
scrumps,scrump,vs
scrums,scrum,ns
scrums,scrum,vs
scubaed,scuba,vd
scubas,scuba,ms
scudded,scud,vd
scuds,scud,vs
scuffed,scuff,vd
scuffs,scuff,ms
sculled,scull,vd
sculls,scull,ms
sculpts,sculpt,vs
scummed,scum,vd
scums,scum,vs
scythed,scythe,vd
scythes,scythe,ms
seabeds,seabed,ns
sealed,seal,vd
sealers,sealer,ns
sealing,seal,vg
seals,seal,ms
seals,seal,ns
seamed,seam,vd
seamen,seaman,ns
seamier,seamy,aj1
seaming,seam,vg
seams,seam,ms
seances,seance,ns
seared,sear,vd
searing,sear,vg
sears,sear,ms
seas,sea,ns
seasons,season,ms
seated,seat,vd
seating,seat,vg
seats,seat,ms
seaways,seaway,ns
secants,secant,ns
seceded,secede,vd
secedes,secede,vs
seconds,second,ms
seconds,second,ns
secrets,secret,ns
secs,sec,ns
sectors,sector,ns
sects,sect,ns
secured,secure,vd
securer,secure,aj1
secures,secure,vs
sedans,sedan,ns
sedated,sedate,vd
sedater,sedate,aj1
sedates,sedate,vs
sedges,sedge,ns
seduced,seduce,vd
seduces,seduce,vs
seeded,seed,vd
seeders,seeder,ns
seedier,seedy,aj1
seeding,seed,vg
seeds,seed,ms
seeing,see,vg
seekers,seeker,ns
seeking,seek,vg
seeks,seek,vs
seemed,seem,vd
seeming,seem,vg
seems,seem,vs
seen,see,vn
seeped,seep,vd
seeping,seep,vg
seeps,seep,vs
seers,seer,ns
sees,see,ms
seesaws,seesaw,ms
seethed,seethe,vd
seethed,seethe,vn
seethes,seethe,vs
segued,segue,vd
segues,segue,ns
segues,segue,vs
seguing,segue,vg
seined,seine,vd
seiners,seiner,ns
seines,seine,ms
seining,seine,vg
seized,seize,vd
seizes,seize,vs
seizing,seize,vg
selects,select,vs
selfies,selfie,ns
sellers,seller,ns
selling,sell,vg
sells,sell,ms
selves,self,ns
semis,semi,ns
senates,senate,ns
senders,sender,ns
sending,send,vg
sends,send,vs
seniors,senior,ns
senoras,senora,ns
senors,senor,ns
sensed,sense,vd
senses,sense,ms
sensing,sense,vg
sensors,sensor,ns
sent,send,vd
sepals,sepal,ns
septa,septum,ns
septets,septet,ns
sequels,sequel,ns
sequins,sequin,ns
serapes,serape,ns
seraphs,seraph,ns
serener,serene,aj1
serer,sere,aj1
serest,sere,aj2
serfs,serf,ns
serials,serial,ns
serifs,serif,ns
sermons,sermon,ns
serums,serum,ns
served,serve,vd
servers,server,ns
serves,serve,ms
serving,serve,vg
servos,servo,ns
sesames,sesame,ns
sets,set,ms
settees,settee,ns
setters,setter,ns
setting,set,vg
settled,settle,vd
settles,settle,ms
setts,sett,ns
setups,setup,ns
sevens,seven,ns
severed,sever,vd
severer,severe,aj1
severs,sever,vs
sewed,sew,vd
sewers,sewer,ns
sewing,sew,vg
sewn,sew,vn
sews,sew,vs
sexed,sex,vd
sexes,sex,ms
sexier,sexy,aj1
sexiest,sexy,aj2
sexing,sex,vg
sexists,sexist,ns
sexpots,sexpot,ns
sextets,sextet,ns
sextons,sexton,ns
shacked,shack,vd
shacks,shack,ns
shacks,shack,vs
shaded,shade,vd
shades,shade,ms
shadier,shady,aj1
shading,shade,vg
shadows,shadow,ms
shads,shad,ns
shafted,shaft,vd
shafts,shaft,ms
shagged,shag,vd
shags,shag,ms
shahs,shah,ns
shaken,shake,vn
shakers,shaker,ns
shakes,shake,ms
shakier,shaky,aj1
shaking,shake,vg
shalt,shall,vs2
shamans,shaman,ns
shamed,shame,vd
shames,shame,ms
shaming,shame,vg
shammed,sham,vd
shams,sham,ms
shanks,shank,ns
shaped,shape,vd
shapers,shaper,ns
shapes,shape,ms
shaping,shape,vg
shards,shard,ns
shared,share,vd
sharers,sharer,ns
shares,share,ms
sharing,share,vg
sharks,shark,ns
sharped,sharp,vd
sharper,sharp,a1
sharps,sharp,ms
shaved,shave,vd
shaved,shave,vn
shaven,shave,vn
shavers,shaver,ns
shaves,shave,ms
shaving,shave,vg
shawls,shawl,ns
shays,shay,ns
sheared,shear,vd
sheared,shear,vn
shears,shear,ms
sheaths,sheath,ms
sheaved,sheave,vd
sheaves,sheaf,ns
sheaves,sheave,ms
sheds,shed,ms
sheered,sheer,vd
sheerer,sheer,a1
sheers,sheer,ms
sheets,sheet,ns
sheikhs,sheikh,ns
sheilas,sheila,ns
shekels,shekel,ns
shelled,shell,vd
shells,shell,ms
shelved,shelve,vd
shelves,shelf,ns
shelves,shelve,vs
shewed,shew,vd
shewing,shew,vg
shewn,shew,vn
shews,shew,vs
shied,shy,vd
shields,shield,ms
shies,shy,ms
shifted,shift,vd
shifts,shift,ms
shilled,shill,vd
shills,shill,ms
shimmed,shim,vd
shims,shim,ms
shined,shine,vd
shiners,shiner,ns
shines,shine,ms
shines,shine,vs
shinier,shiny,aj1
shining,shine,vg
shinned,shin,vd
shins,shin,ms
shipped,ship,vd
ships,ship,ms
shires,shire,ns
shirked,shirk,vd
shirks,shirk,vs
shirred,shirr,vd
shirrs,shirr,ms
shirts,shirt,ns
shivers,shiver,ms
shivs,shiv,ns
shoaled,shoal,vd
shoals,shoal,ms
shoats,shoat,ns
shocked,shock,vd
shocks,shock,ms
shod,shoe,vd
shod,shoe,vn
shoeing,shoe,vg
shoes,shoe,ns
shoes,shoe,vs
shoguns,shogun,ns
shone,shine,vd
shooed,shoo,vd
shooing,shoo,vg
shook,shake,vd
shoos,shoo,vs
shoots,shoot,ms
shopped,shop,vd
shoppes,shoppe,ns
shops,shop,ms
shored,shore,vd
shores,shore,ms
shoring,shore,vg
shorn,shear,vn
shorted,short,vd
shorter,short,a1
shorts,short,ms
shot,shoot,vd
shots,shot,ns
should,shall,vd
shouted,shout,vd
shouts,shout,ms
shoved,shove,vd
shovels,shovel,ms
shoves,shove,ms
shoving,shove,vg
showed,show,vd
showers,shower,ms
showier,showy,aj1
showing,show,vg
showmen,showman,ns
shown,show,vn
shows,show,ms
shrank,shrink,vd
shreds,shred,ms
shrews,shrew,ns
shrieks,shriek,ms
shrikes,shrike,ns
shrills,shrill,vs
shrimps,shrimp,ns
shrimps,shrimp,vs
shrines,shrine,ns
shrinks,shrink,ms
shrived,shrive,vd
shriven,shrive,vn
shrives,shrive,vs
shrouds,shroud,ms
shrubs,shrub,ns
shrugs,shrug,ms
shrunk,shrink,vn
shticks,shtick,ns
shucked,shuck,vd
shucks,shuck,ms
shunned,shun,vd
shuns,shun,vs
shunted,shunt,vd
shunts,shunt,ms
shushed,shush,vd
shushes,shush,vs
shuts,shut,vs
shyer,shy,aj1
shyest,shy,aj2
shying,shy,vg
sibyls,sibyl,ns
sicked,sic,vd
sicked,sick,vd
sickens,sicken,vs
sicker,sick,aj1
sickest,sick,aj2
sickies,sickie,ns
sicking,sic,vg
sicking,sick,vg
sickles,sickle,ns
sickos,sicko,ns
sicks,sick,vs
sics,sic,vs
sided,side,vd
sidemen,sideman,ns
sides,side,ms
siding,side,vg
sidings,siding,ns
sidled,sidle,vd
sidles,sidle,ms
sidling,sidle,vg
sieges,siege,ns
sierras,sierra,ns
siestas,siesta,ns
sieved,sieve,vd
sieves,sieve,ms
sieving,sieve,vg
sifted,sift,vd
sifters,sifter,ns
sifting,sift,vg
sifts,sift,vs
sighed,sigh,vd
sighing,sigh,vg
sighs,sigh,ms
sighted,sight,vd
sights,sight,ms
sigmas,sigma,ns
signals,signal,ms
signed,sign,vd
signers,signer,ns
signets,signet,ns
signing,sign,vg
signors,signor,ns
signs,sign,ms
silents,silent,ns
silkier,silky,aj1
silks,silk,ns
sillier,silly,aj1
sillies,silly,ns
sills,sill,ns
silos,silo,ns
silted,silt,vd
siltier,silty,aj1
silting,silt,vg
silts,silt,vs
silvers,silver,ms
simians,simian,ns
similes,simile,ns
simmers,simmer,ms
simpers,simper,ms
simpler,simple,aj1
simps,simp,ns
sims,sim,ns
sines,sine,ns
sinews,sinew,ns
singed,singe,vd
singers,singer,ns
singes,singe,ns
singes,singe,vs
singing,sing,vg
singled,single,vd
singles,single,ms
sings,sing,ms
sinkers,sinker,ns
sinking,sink,vg
sinks,sink,ms
sinned,sin,vd
sinners,sinner,ns
sinning,sin,vg
sins,sin,ms
sinuses,sinus,ns
siphons,siphon,ms
sipped,sip,vd
sippers,sipper,ns
sipping,sip,vg
sips,sip,ms
sired,sire,vd
sirens,siren,ns
sires,sire,ms
siring,sire,vg
sirs,sir,ns
sises,sis,ns
sissier,sissy,aj1
sissies,sissy,ns
sisters,sister,ns
sitars,sitar,ns
sitcoms,sitcom,ns
sited,site,vd
sites,site,ms
siting,site,vg
sits,sit,vs
sitters,sitter,ns
sitting,sit,vg
sixes,six,ns
sixths,sixth,ns
sixties,sixty,ns
sized,size,vd
sizes,size,ms
sizing,size,vg
sizzled,sizzle,vd
sizzles,sizzle,ms
skated,skate,vd
skaters,skater,ns
skates,skate,ns
skates,skate,vs
skating,skate,vg
skeins,skein,ns
skewed,skew,vd
skewers,skewer,ms
skewing,skew,vg
skews,skew,vs
skibobs,skibob,ns
skidded,skid,vd
skids,skid,ms
skied,ski,vd
skied,sky,vd
skiers,skier,ns
skies,sky,ms
skiffs,skiff,ns
skiing,ski,vg
skills,skill,ns
skimmed,skim,vd
skimped,skimp,vd
skimps,skimp,vs
skims,skim,vs
skinned,skin,vd
skins,skin,ms
skipped,skip,vd
skips,skip,ms
skirted,skirt,vd
skirts,skirt,ms
skis,ski,ns
skis,ski,vs
skits,skit,ns
skived,skive,vd
skivers,skiver,ns
skives,skive,vs
skiving,skive,vg
skoals,skoal,ns
skuas,skua,ns
skulked,skulk,vd
skulks,skulk,vs
skulls,skull,ns
skunked,skunk,vd
skunks,skunk,ns
skunks,skunk,vs
skycaps,skycap,ns
skying,sky,vg
slabbed,slab,vd
slabs,slab,ms
slacked,slack,vd
slacker,slack,aj1
slacks,slack,vs
slagged,slag,vd
slags,slag,ns
slain,slay,vn
slaked,slake,vd
slakes,slake,vs
slaking,slake,vg
slaloms,slalom,ms
slammed,slam,vd
slams,slam,ms
slanted,slant,vd
slants,slant,ms
slapped,slap,vd
slaps,slap,ms
slashed,slash,vd
slashes,slash,ms
slated,slate,vd
slates,slate,ms
slating,slate,vg
slats,slat,ns
slaved,slave,vd
slavers,slaver,ms
slaves,slave,ms
slaving,slave,vg
slayers,slayer,ns
slaying,slay,vg
slays,slay,vs
sleazes,sleaze,ns
sledded,sled,vd
sledged,sledge,vd
sledges,sledge,ms
sleds,sled,ms
sleeked,sleek,vd
sleeker,sleek,aj1
sleeks,sleek,vs
sleeps,sleep,ms
sleeted,sleet,vd
sleets,sleet,vs
sleeves,sleeve,ns
sleighs,sleigh,ms
slept,sleep,vd
sleuths,sleuth,ns
slew,slay,vd
slewed,slew,vd
slewing,slew,vg
slews,slew,ms
sliced,slice,vd
slicers,slicer,ns
slices,slice,ms
slicing,slice,vg
slicked,slick,vd
slicker,slick,aj1
slicks,slick,ms
slid,slide,vd
sliders,slider,ns
slides,slide,ms
sliding,slide,vg
slier,sly,aj1
sliest,sly,aj2
slights,slight,ms
slimier,slimy,aj1
slimmed,slim,vd
slimmer,slim,aj1
slims,slim,vs
slings,sling,ms
slinks,slink,vs
slipped,slip,vd
slips,slip,ms
slits,slit,ns
slits,slit,vs
slivers,sliver,ms
slobbed,slob,vd
slobs,slob,ns
slobs,slob,vs
sloes,sloe,ns
slogans,slogan,ns
slogged,slog,vd
slogs,slog,ms
sloops,sloop,ns
sloped,slope,vd
slopes,slope,ms
sloping,slope,vg
slopped,slop,vd
slops,slop,vs
sloshed,slosh,vd
sloshes,slosh,vs
sloths,sloth,ns
slots,slot,ms
slotted,slot,vd
sloughs,slough,ms
slovens,sloven,ns
slowed,slow,vd
slower,slow,a1
slowest,slow,a2
slowing,slow,vg
slows,slow,vs
slued,slue,vd
slues,slue,ns
slues,slue,vs
slugged,slug,vd
slugs,slug,ms
sluiced,sluice,vd
sluices,sluice,ms
sluing,slue,vg
slummed,slum,vd
slumped,slump,vd
slumps,slump,ms
slums,slum,ms
slung,sling,vd
slunk,slink,vd
slurped,slurp,vd
slurps,slurp,ms
slurred,slur,vd
slurs,slur,ms
sluts,slut,ns
smacked,smack,vd
smacks,smack,ms
smaller,small,a1
smalls,small,ns
smarted,smart,vd
smarter,smart,aj1
smarts,smart,ms
smashed,smash,vd
smashes,smash,ms
smeared,smear,vd
smears,smear,ms
smelled,smell,vd
smells,smell,ms
smelted,smelt,vd
smelts,smelt,ns
smelts,smelt,vs
smiled,smile,vd
smiles,smile,ms
smileys,smiley,ns
smiling,smile,vg
smirked,smirk,vd
smirks,smirk,ms
smites,smite,vs
smiths,smith,ns
smiting,smite,vg
smitten,smite,vn
smocked,smock,vd
smocks,smock,ms
smogs,smog,ns
smoked,smoke,vd
smokers,smoker,ns
smokes,smoke,ms
smokier,smokey,aj1
smokier,smoky,aj1
smoking,smoke,vg
smooths,smooth,vs
smote,smite,vd
smudged,smudge,vd
smudges,smudge,ms
smugger,smug,aj1
smuts,smut,ns
snacked,snack,vd
snacks,snack,ms
snafus,snafu,ns
snagged,snag,vd
snags,snag,ms
snails,snail,ns
snaked,snake,vd
snakes,snake,ms
snakier,snaky,aj1
snaking,snake,vg
snapped,snap,vd
snaps,snap,ms
snared,snare,vd
snares,snare,ms
snaring,snare,vg
snarled,snarl,vd
snarls,snarl,ms
sneaked,sneak,vd
sneaks,sneak,ms
sneered,sneer,vd
sneers,sneer,ms
sneezed,sneeze,vd
sneezes,sneeze,ms
snicked,snick,vd
snicks,snick,ms
snider,snide,aj1
snidest,snide,aj2
sniffed,sniff,vd
sniffs,sniff,ms
sniped,snipe,vd
snipers,sniper,ns
snipes,snipe,ns
snipes,snipe,vs
sniping,snipe,vg
snipped,snip,vd
snips,snip,ms
snits,snit,ns
snivels,snivel,ms
snobs,snob,ns
snogged,snog,vd
snogs,snog,vs
snoods,snood,ns
snooped,snoop,vd
snoops,snoop,ms
snoots,snoot,ns
snoozed,snooze,vd
snoozes,snooze,ms
snored,snore,vd
snorers,snorer,ns
snores,snore,ms
snoring,snore,vg
snorted,snort,vd
snorts,snort,ms
snots,snot,ns
snouts,snout,ns
snowed,snow,vd
snowier,snowy,aj1
snowing,snow,vg
snowmen,snowman,ns
snows,snow,ms
snubbed,snub,vd
snubs,snub,ms
snuffed,snuff,vd
snuffs,snuff,ms
snugged,snug,vd
snugger,snug,aj1
snugs,snug,ms
soaked,soak,vd
soakers,soaker,ns
soaking,soak,vg
soaks,soak,ms
soaped,soap,vd
soapier,soapy,aj1
soaping,soap,vg
soaps,soap,ms
soared,soar,vd
soaring,soar,vg
soars,soar,ms
sobbed,sob,vd
sobbing,sob,vg
sobered,sober,vd
soberer,sober,aj1
sobers,sober,vs
sobs,sob,ms
socials,social,ns
socked,sock,vd
sockets,socket,ns
socking,sock,vg
socks,sock,ns
socks,sock,vs
sodas,soda,ns
sodded,sod,vd
sodding,sod,vg
sods,sod,ms
sofas,sofa,ns
softens,soften,vs
softer,soft,a1
softest,soft,a2
softies,softy,ns
soggier,soggy,aj1
soiled,soil,vd
soiling,soil,vg
soils,soil,vs
soirees,soiree,ns
solaced,solace,vd
solaces,solace,ms
solaria,solarium,ns
sold,sell,vd
solders,solder,vs
soled,sole,vd
soles,sole,ns
soles,sole,vs
solider,solid,aj1
solidi,solidus,ns
solids,solid,ns
soling,sole,vg
soloed,solo,vd
soloing,solo,vg
solos,solo,ns
solos,solo,vs
sols,sol,ns
solutes,solute,ns
solved,solve,vd
solvers,solver,ns
solves,solve,vs
solving,solve,vg
sonars,sonar,ns
sonatas,sonata,ns
songs,song,ns
sonnets,sonnet,ns
sonnies,sonny,ns
sons,son,ns
sooner,soon,av1
soonest,soon,av2
soothed,soothe,vd
soothes,soothe,vs
sootier,sooty,aj1
sopped,sop,vd
soppier,soppy,aj1
sopping,sop,vg
sops,sop,ms
sorbets,sorbet,ns
sorer,sore,aj1
sores,sore,ns
sorest,sore,aj2
sorrels,sorrel,ns
sorrier,sorry,aj1
sorrows,sorrow,ms
sorted,sort,vd
sorters,sorter,ns
sortied,sortie,vd
sorties,sortie,ms
sorting,sort,vg
sorts,sort,ms
sots,sot,ns
soughed,sough,vd
soughs,sough,ms
sought,seek,vd
souks,souk,ns
souls,soul,ns
sounded,sound,vd
sounder,sound,aj1
sounds,sound,ms
souped,soup,vd
soupier,soupy,aj1
souping,soup,vg
soups,soup,ms
sourced,source,vd
sources,source,ms
soured,sour,vd
sourer,sour,aj1
sourest,sour,aj2
souring,sour,vg
sours,sour,ms
sous,sou,ns
soused,souse,vd
souses,souse,ms
sousing,souse,vg
soviets,soviet,ns
sowed,sow,vd
sowed,sow,vn
sowers,sower,ns
sowing,sow,vg
sown,sow,vn
sows,sow,ms
spaced,space,vd
spacers,spacer,ns
spaces,space,ms
spacier,spacey,aj1
spacing,space,vg
spaded,spade,vd
spades,spade,ms
spading,spade,vg
spammed,spam,vd
spams,spam,ms
spanked,spank,vd
spanks,spank,ms
spanned,span,vd
spans,span,ms
spared,spare,vd
sparer,spare,aj1
spares,spare,ms
sparest,spare,aj2
sparing,spare,vg
sparked,spark,vd
sparks,spark,ms
sparred,spar,vd
spars,spar,ms
sparser,spars,a1
sparser,sparse,aj1
spas,spa,ns
spasms,spasm,ns
spates,spate,ns
spathes,spathe,ns
spats,spat,ns
spats,spat,vs
spatted,spat,vd
spawned,spawn,vd
spawns,spawn,ms
spayed,spay,vd
spaying,spay,vg
spays,spay,vs
speaks,speak,vs
speared,spear,vd
spears,spear,ms
specced,spec,vd
specked,speck,vd
specks,speck,ms
specs,spec,ms
spectra,spectrum,ns
sped,speed,vd
speeds,speed,ms
spelled,spell,vd
spells,spell,ms
spends,spend,vs
spent,spend,vd
sperms,sperm,ns
spewed,spew,vd
spewers,spewer,ns
spewing,spew,vg
spews,spew,vs
spheres,sphere,ns
spiced,spice,vd
spices,spice,ms
spicier,spicy,aj1
spicing,spice,vg
spics,spic,ns
spiders,spider,ns
spied,spy,vd
spieled,spiel,vd
spiels,spiel,ms
spies,spy,ms
spiffed,spiff,vd
spiffs,spiff,ns
spiffs,spiff,vs
spigots,spigot,ns
spiked,spike,vd
spikes,spike,ms
spikier,spiky,aj1
spiking,spike,vg
spilled,spill,vd
spills,spill,ms
spinals,spinal,ns
spines,spine,ns
spinets,spinet,ns
spinier,spiny,aj1
spins,spin,ms
spirals,spiral,ms
spireas,spirea,ns
spires,spire,ns
spirits,spirit,ms
spited,spite,vd
spites,spite,vs
spiting,spite,vg
spits,spit,ns
spits,spit,vs
spitted,spit,vd
spivs,spiv,ns
splats,splat,ms
splayed,splay,vd
splays,splay,vs
spleens,spleen,ns
spliced,splice,vd
splices,splice,ms
spliffs,spliff,ns
splines,spline,ns
splints,splint,ms
splits,split,ms
spoiled,spoil,vd
spoils,spoil,ms
spoke,speak,vd
spoken,speak,vn
spokes,spoke,ns
sponged,sponge,vd
sponges,sponge,ms
spoofed,spoof,vd
spoofs,spoof,ms
spooked,spook,vd
spooks,spook,ms
spooled,spool,vd
spools,spool,ms
spooned,spoon,vd
spoons,spoon,ms
spoored,spoor,vd
spoors,spoor,ms
spored,spore,vd
spores,spore,ns
spores,spore,vs
sporing,spore,vg
sported,sport,vd
sports,sport,ms
spotlit,spotlight,vd
spots,spot,ms
spotted,spot,vd
spouses,spouse,ns
spouted,spout,vd
spouts,spout,ms
sprains,sprain,ms
sprang,spring,vd
sprats,sprat,ns
sprawls,sprawl,vs
sprayed,spray,vd
sprays,spray,ms
spreads,spread,ms
sprees,spree,ns
sprier,spry,aj1
spriest,spry,aj2
sprigs,sprig,ns
springs,spring,ms
sprints,sprint,ms
sprites,sprite,ns
sprogs,sprog,ns
sprouts,sprout,ms
spruced,spruce,vd
sprucer,spruce,aj1
spruces,spruce,ms
sprung,spring,vn
spuds,spud,ns
spumed,spume,vd
spumes,spume,vs
spuming,spume,vg
spun,spin,vd
spunks,spunk,ns
spurned,spurn,vd
spurns,spurn,vs
spurred,spur,vd
spurs,spur,ms
spurted,spurt,vd
spurts,spurt,ms
spying,spy,vg
squabs,squab,ns
squads,squad,ns
squalls,squall,ms
squared,square,vd
squarer,square,a1
squares,square,ms
squats,squat,ms
squawks,squawk,ms
squaws,squaw,ns
squeaks,squeak,ms
squeals,squeal,ms
squibs,squib,ns
squids,squid,ns
squints,squint,ms
squired,squire,vd
squires,squire,ms
squirms,squirm,ms
squirts,squirt,ms
stabbed,stab,vd
stabled,stable,vd
stabler,stable,aj1
stables,stable,ms
stabs,stab,ms
stacked,stack,vd
stacks,stack,ms
staffed,staff,vd
staffs,staff,ns
staffs,staff,vs
staged,stage,vd
stages,stage,ms
stagier,stagy,aj1
staging,stage,vg
stags,stag,ns
staider,staid,aj1
stained,stain,vd
stains,stain,ms
stairs,stair,ns
staked,stake,vd
stakes,stake,ms
staking,stake,vg
staled,stale,vd
staler,stale,aj1
stales,stale,vs
stalest,stale,aj2
staling,stale,vg
stalked,stalk,vd
stalks,stalk,ms
stalled,stall,vd
stalls,stall,ms
stamens,stamen,ns
stamped,stamp,vd
stamps,stamp,ms
stances,stance,ns
stands,stand,ms
stank,stink,vd
stanzas,stanza,ns
stapled,staple,vd
staples,staple,ms
stared,stare,vd
starers,starer,ns
stares,stare,ms
staring,stare,vg
starker,stark,a1
starred,star,vd
stars,star,ms
started,start,vd
starts,start,ms
starved,starve,vd
starves,starve,vs
stashed,stash,vd
stashes,stash,ms
stated,state,vd
states,state,ms
statics,static,ns
stating,state,vg
statins,statin,ns
stats,stat,ns
statues,statue,ns
staved,stave,vd
staves,staff,ns
staves,stave,ms
staving,stave,vg
stayed,stay,vd
stayers,stayer,ns
staying,stay,vg
stays,stay,ms
steads,stead,ns
steaks,steak,ns
steals,steal,ms
steamed,steam,vd
steams,steam,vs
steeds,steed,ns
steeled,steel,vd
steels,steel,vs
steeped,steep,vd
steeper,steep,aj1
steeps,steep,ms
steered,steer,vd
steers,steer,ns
steers,steer,vs
steins,stein,ns
stemmed,stem,vd
stems,stem,ms
stenos,steno,ns
stents,stent,ns
stents,stent,vs
stepped,step,vd
steppes,steppe,ns
steps,step,ms
stereos,stereo,ns
sterner,stern,aj1
sterns,stern,ns
stets,stet,vs
stetted,stet,vd
stewed,stew,vd
stewing,stew,vg
stews,stew,ms
sticks,stick,ms
sties,sty,ns
stiffed,stiff,vd
stiffer,stiff,a1
stiffs,stiff,ms
stifled,stifle,vd
stifles,stifle,vs
stigmas,stigma,ns
stiles,stile,ns
stilled,still,vd
stiller,still,a1
stills,still,ms
stilts,stilt,ns
stimmed,stim,vd
stims,stim,ms
stimuli,stimulus,ns
stings,sting,ms
stinks,stink,ms
stinted,stint,vd
stints,stint,ms
stirred,stir,vd
stirs,stir,ms
stoats,stoat,ns
stocked,stock,vd
stocks,stock,ms
stogies,stogie,ns
stoics,stoic,ns
stoked,stoke,vd
stokers,stoker,ns
stokes,stoke,vs
stoking,stoke,vg
stole,steal,vd
stolen,steal,vn
stoles,stole,ns
stolons,stolon,ns
stomped,stomp,vd
stomps,stomp,ms
stoned,stone,vd
stoners,stoner,ns
stones,stone,ns
stones,stone,vs
stonier,stony,aj1
stoning,stone,vg
stood,stand,vd
stooges,stooge,ns
stools,stool,ns
stooped,stoop,vd
stoops,stoop,ms
stopped,stop,vd
stops,stop,ms
stored,store,vd
stores,store,ms
stories,story,ns
storing,store,vg
storks,stork,ns
stormed,storm,vd
storms,storm,ms
stoups,stoup,ns
stouter,stout,aj1
stouts,stout,ns
stoves,stove,ns
stowed,stow,vd
stowing,stow,vg
stows,stow,vs
strafed,strafe,vd
strafes,strafe,ms
strains,strain,ms
straits,strait,ns
strands,strand,ms
straps,strap,ms
strata,stratum,ns
strati,stratus,ns
straws,straw,ns
strayed,stray,vd
strays,stray,ms
streaks,streak,ms
streams,stream,ms
streets,street,ns
strewed,strew,vd
strewed,strew,vn
strewn,strew,vn
strews,strew,vs
striae,stria,ns
strides,stride,ms
strikes,strike,ms
strikes,strike,vs
strings,string,ms
striped,stripe,vd
stripes,stripe,ms
strips,strip,ms
strived,strive,vd
strived,strive,vn
striven,strive,vn
strives,strive,vs
strobes,strobe,ns
strode,stride,vd
stroked,stroke,vd
strokes,stroke,ms
strolls,stroll,ms
strops,strop,ms
strove,strive,vd
struck,strike,vd
strums,strum,ms
strung,string,vd
struts,strut,ms
stubbed,stub,vd
stubs,stub,ms
stuck,stick,vd
studded,stud,vd
studied,study,vd
studies,study,ms
studios,studio,ns
studs,stud,ms
stuffed,stuff,vd
stuffs,stuff,vs
stumped,stump,vd
stumps,stump,ms
stung,sting,vd
stunk,stink,vn
stunned,stun,vd
stuns,stun,vs
stunted,stunt,vd
stunts,stunt,ms
stupas,stupa,ns
stupids,stupid,ns
stupors,stupor,ns
styled,style,vd
styles,style,ms
styling,style,vg
stymied,stymie,vd
stymies,stymie,ms
suaver,suave,aj1
suavest,suave,aj2
subbed,sub,vd
subbing,sub,vg
subdued,subdue,vd
subdues,subdue,vs
sublets,sublet,ms
submits,submit,vs
suborns,suborn,vs
subs,sub,ms
subsets,subset,ns
subtler,subtle,aj1
suburbs,suburb,ns
subways,subway,ns
succors,succor,vs
succubi,succubus,ns
sucked,suck,vd
suckers,sucker,ms
sucking,suck,vg
suckled,suckle,vd
suckles,suckle,vs
sucks,suck,ms
sudsier,sudsy,aj1
sued,sue,vd
sues,sue,vs
suffers,suffer,vs
sugared,sugar,vd
sugars,sugar,ms
suing,sue,vg
suited,suit,vd
suites,suite,ns
suiting,suit,vg
suitors,suitor,ns
suits,suit,ms
sulfurs,sulfur,vs
sulked,sulk,vd
sulkier,sulky,aj1
sulkies,sulky,ns
sulking,sulk,vg
sulks,sulk,ms
sullied,sully,vd
sullies,sully,vs
sultans,sultan,ns
summed,sum,vd
summers,summer,ms
summing,sum,vg
summits,summit,ns
summons,summon,vs
sumps,sump,ns
sums,sum,ms
sunbeds,sunbed,ns
sundaes,sundae,ns
sunders,sunder,vs
sung,sing,vn
sunhats,sunhat,ns
sunk,sink,vn
sunned,sun,vd
sunnier,sunny,aj1
sunning,sun,vg
suns,sun,ms
sunsets,sunset,ns
suntans,suntan,ms
supers,super,ns
supped,sup,vd
suppers,supper,ns
supping,sup,vg
suppler,supple,aj1
sups,sup,ms
surer,sure,a1
surest,sure,a2
surfed,surf,vd
surfers,surfer,ns
surfing,surf,vg
surfs,surf,vs
surged,surge,vd
surges,surge,ms
surging,surge,vg
surlier,surly,aj1
surreys,surrey,ns
surveys,survey,ms
sussed,suss,vd
susses,suss,vs
sussing,suss,vg
sutlers,sutler,ns
sutras,sutra,ns
sutured,suture,vd
sutures,suture,ms
svelter,svelte,aj1
swabbed,swab,vd
swabs,swab,ms
swagged,swag,vd
swags,swag,vs
swains,swain,ns
swam,swim,vd
swamis,swami,ns
swamped,swamp,vd
swamps,swamp,ms
swanked,swank,vd
swanker,swank,aj1
swanks,swank,ms
swanned,swan,vd
swans,swan,ns
swans,swan,vs
swapped,swap,vd
swaps,swap,ms
swards,sward,ns
swarmed,swarm,vd
swarms,swarm,ms
swashed,swash,vd
swashes,swash,ms
swathed,swathe,vd
swathes,swathe,ms
swaths,swath,ns
swats,swat,ms
swatted,swat,vd
swayed,sway,vd
swaying,sway,vg
sways,sway,vs
swears,swear,vs
sweated,sweat,vd
sweats,sweat,vs
swedes,swede,ns
sweeps,sweep,ms
sweeter,sweet,a1
sweets,sweet,ns
swelled,swell,vd
sweller,swell,aj1
swells,swell,ms
swept,sweep,vd
swerved,swerve,vd
swerves,swerve,ms
swifter,swift,aj1
swifts,swift,ns
swigged,swig,vd
swigs,swig,ms
swilled,swill,vd
swills,swill,vs
swims,swim,ms
swines,swine,ns
swings,swing,ms
swiped,swipe,vd
swipes,swipe,ms
swiping,swipe,vg
swirled,swirl,vd
swirls,swirl,ms
swished,swish,vd
swisher,swish,aj1
swishes,swish,ms
swivels,swivel,ms
swollen,swell,vn
swooned,swoon,vd
swoons,swoon,ms
swooped,swoop,vd
swoops,swoop,ms
swords,sword,ns
swore,swear,vd
sworn,swear,vn
swots,swot,ms
swotted,swot,vd
swum,swim,vn
swung,swing,vd
sylphs,sylph,ns
symbols,symbol,ns
synced,sync,vd
syncing,sync,vg
syncs,sync,vs
synods,synod,ns
synths,synth,ns
syrups,syrup,ns
systems,system,ns
tabbed,tab,vd
tabbies,tabby,ns
tabbing,tab,vg
tablas,tabla,ns
tabled,table,vd
tables,table,ms
tablets,tablet,ns
tabling,table,vg
tabooed,taboo,vd
taboos,taboo,ms
tabors,tabor,ns
tabs,tab,ms
tacked,tack,vd
tackers,tacker,ns
tackier,tacky,aj1
tacking,tack,vg
tackled,tackle,vd
tackles,tackle,ms
tacks,tack,ms
tacos,taco,ns
tactics,tactic,ns
tads,tad,ns
taffies,taffy,ns
tagged,tag,vd
taggers,tagger,ns
tagging,tag,vg
tags,tag,ms
taigas,taiga,ns
tailed,tail,vd
tailing,tail,vg
tailors,tailor,ms
tails,tail,ms
tainted,taint,vd
taints,taint,ms
taken,take,vn
takers,taker,ns
takes,take,ms
taking,take,vg
takings,taking,ns
talents,talent,ns
tales,tale,ns
tali,talus,ns
talked,talk,vd
talkers,talker,ns
talkier,talky,aj1
talkies,talkie,ns
talking,talk,vg
talks,talk,ms
taller,tall,aj1
tallest,tall,aj2
tallied,tally,vd
tallies,tally,ms
talons,talon,ns
taluses,talus,ns
tamales,tamale,ns
tamed,tame,vd
tamer,tame,aj1
tamers,tamer,ns
tames,tame,vs
tamest,tame,aj2
taming,tame,vg
tamped,tamp,vd
tampers,tamper,vs
tamping,tamp,vg
tampons,tampon,ns
tamps,tamp,vs
tams,tam,ns
tandems,tandem,ns
tangier,tangy,aj1
tangled,tangle,vd
tangles,tangle,ms
tangoed,tango,vd
tangos,tango,ms
tangs,tang,ns
tanked,tank,vd
tankers,tanker,ns
tanking,tank,vg
tanks,tank,ms
tanned,tan,vd
tanner,tan,aj1
tanners,tanner,ns
tannest,tan,aj2
tanning,tan,vg
tannins,tannin,ns
tans,tan,ms
taped,tape,vd
tapered,taper,vd
tapers,taper,ms
tapes,tape,ms
taping,tape,vg
tapirs,tapir,ns
tapped,tap,vd
tappers,tapper,ns
tappets,tappet,ns
tapping,tap,vg
taps,tap,ms
tardier,tardy,aj1
tared,tare,vd
tares,tare,ms
targets,target,ms
tariffs,tariff,ns
taring,tare,vg
tarmacs,tarmac,vs
tarns,tarn,ns
taros,taro,ns
tarots,tarot,ns
tarpons,tarpon,ns
tarps,tarp,ns
tarred,tar,vd
tarried,tarry,vd
tarrier,tarry,aj1
tarries,tarry,vs
tarring,tar,vg
tars,tar,vs
tarsals,tarsal,ns
tarsi,tarsus,ns
tartans,tartan,ns
tartars,tartar,ns
tarted,tart,vd
tarter,tart,aj1
tartest,tart,aj2
tarting,tart,vg
tarts,tart,ns
tarts,tart,vs
tasered,taser,vd
tasers,taser,ms
tasked,task,vd
tasking,task,vg
tasks,task,ms
tassels,tassel,ms
tasted,taste,vd
tasters,taster,ns
tastes,taste,ms
tastier,tasty,aj1
tasting,taste,vg
tatamis,tatami,ns
taters,tater,ns
tats,tat,vs
tatted,tat,vd
tatters,tatter,ms
tattier,tattie,aj1
tatties,tattie,ns
tatting,tat,vg
tattled,tattle,vd
tattles,tattle,ms
tattoos,tattoo,ms
taught,teach,vd
taunted,taunt,vd
taunts,taunt,ms
taus,tau,ns
tautens,tauten,vs
tauter,taut,aj1
tautest,taut,aj2
taverns,tavern,ns
tawnier,tawny,aj1
taxa,taxon,ns
taxed,tax,vd
taxers,taxer,ns
taxes,tax,ms
taxied,taxi,vd
taxiing,taxi,vg
taxing,tax,vg
taxis,taxi,ms
taxmen,taxman,ns
teaches,teach,vs
teacups,teacup,ns
teaks,teak,ns
teals,teal,ns
teamed,team,vd
teaming,team,vg
teams,team,ms
teapots,teapot,ns
teared,tear,vd
tearier,teary,aj1
tearing,tear,vg
tears,tear,ns
tears,tear,vs
teas,tea,ns
teased,tease,vd
teasels,teasel,ns
teasers,teaser,ns
teases,tease,ms
teasing,tease,vg
teats,teat,ns
techies,techie,ns
techs,tech,ns
teddies,teddy,ns
teds,ted,ns
teed,tee,vd
teeing,tee,vg
teemed,teem,vd
teeming,teem,vg
teems,teem,vs
teenier,teeny,aj1
teens,teen,ns
tees,tee,ms
teeters,teeter,ms
teeth,tooth,ns
teethed,teethe,vd
teethes,teethe,vs
telcos,telco,ns
telexed,telex,vd
telexes,telex,ms
tellers,teller,ns
tellies,telly,ns
telling,tell,vg
tells,tell,vs
temped,temp,vd
tempers,temper,ms
temping,temp,vg
temples,temple,ns
tempos,tempo,ns
temps,temp,ms
tempted,tempt,vd
tempts,tempt,vs
tenants,tenant,ms
tended,tend,vd
tenders,tender,ms
tending,tend,vg
tendons,tendon,ns
tends,tend,vs
tenets,tenet,ns
tenners,tenner,ns
tenoned,tenon,vd
tenons,tenon,ms
tenors,tenor,ns
tenpins,tenpin,ns
tens,ten,ns
tensed,tense,vd
tenser,tense,aj1
tenses,tense,ms
tensest,tense,aj2
tensing,tense,vg
tensors,tensor,ns
tented,tent,vd
tenths,tenth,ns
tenting,tent,vg
tents,tent,ms
tenured,tenure,vd
tenures,tenure,vs
tepees,tepee,ns
termed,term,vd
terming,term,vg
termini,terminus,ns
terms,term,ms
terns,tern,ns
terrors,terror,ns
terser,terse,aj1
tersest,terse,aj2
tested,test,vd
testers,tester,ns
testes,testis,ns
testier,testy,aj1
testing,test,vg
tests,test,ms
tethers,tether,ms
tetras,tetra,ns
texted,text,vd
texting,text,vg
texts,text,ms
thalami,thalamus,ns
thanes,thane,ns
thanked,thank,vd
thanks,thank,vs
thawed,thaw,vd
thawing,thaw,vg
thaws,thaw,ms
thee,thou,pn1
thefts,theft,ns
their,they,pnd
theirs,they,pnp
theists,theist,ns
them,they,pn1
themes,theme,ns
therms,therm,ns
these,this,ds
theses,thesis,ns
thetas,theta,ns
thews,thew,ns
thicker,thick,a1
thickos,thicko,ns
thieved,thieve,vd
thieves,thief,ns
thieves,thieve,vs
thighs,thigh,ns
thine,thou,pnd
thine,thou,pnp
things,thing,ns
thinks,think,vs
thinned,thin,vd
thinner,thin,a1
thins,thin,vs
thirds,third,ns
thirsts,thirst,ms
tholes,thole,ns
thongs,thong,ns
thorns,thorn,ns
those,that,ds
thought,think,vd
thralls,thrall,vs
threads,thread,ms
threats,threat,ns
threes,three,ns
threw,throw,vd
thrifts,thrift,ns
thrills,thrill,ms
thrived,thrive,vd
thrived,thrive,vn
thrives,thrive,vs
throats,throat,ns
throbs,throb,ms
throes,throe,ns
thrombi,thrombus,ns
thrones,throne,ns
throngs,throng,ms
thrown,throw,vn
throws,throw,ms
thrums,thrum,ms
thrusts,thrust,ns
thrusts,thrust,vs
thudded,thud,vd
thuds,thud,ms
thugs,thug,ns
thumbed,thumb,vd
thumbs,thumb,ms
thumped,thump,vd
thumps,thump,ms
thwacks,thwack,ms
thwarts,thwart,ms
thy,thou,pnd
thyself,thou,pnr0
tiaras,tiara,ns
tibiae,tibia,ns
ticked,tick,vd
tickers,ticker,ns
tickets,ticket,ms
ticking,tick,vg
tickled,tickle,vd
tickles,tickle,ms
ticks,tick,ms
tics,tic,ns
tidbits,tidbit,ns
tided,tide,vd
tides,tide,ms
tidied,tidy,vd
tidier,tidy,aj1
tidies,tidy,ms
tidiest,tidy,aj2
tiding,tide,vg
tidings,tiding,ns
tidying,tidy,vg
tied,tie,vd
tiepins,tiepin,ns
tiers,tier,ns
ties,tie,ms
tiffed,tiff,vd
tiffing,tiff,vg
tiffs,tiff,ms
tigers,tiger,ns
tighter,tight,a1
tildes,tilde,ns
tiled,tile,vd
tilers,tiler,ns
tiles,tile,ms
tiling,tile,vg
tilled,till,vd
tillers,tiller,ns
tilling,till,vg
tills,till,ms
tilted,tilt,vd
tilting,tilt,vg
tilts,tilt,ms
timbers,timber,ms
timbres,timbre,ns
timed,time,vd
timers,timer,ns
times,time,ms
timider,timid,aj1
timing,time,vg
timings,timing,ns
tines,tine,ns
tinged,ting,vd
tinged,tinge,vd
tinges,tinge,ms
tinging,ting,vg
tingled,tingle,vd
tingles,tingle,ms
tings,ting,ms
tinier,tiny,aj1
tiniest,tiny,aj2
tinkers,tinker,ms
tinkled,tinkle,vd
tinkles,tinkle,ms
tinned,tin,vd
tinnier,tinny,aj1
tinning,tin,vg
tins,tin,ms
tinsels,tinsel,vs
tinted,tint,vd
tinting,tint,vg
tints,tint,ms
tipped,tip,vd
tippers,tipper,ns
tippets,tippet,ns
tipping,tip,vg
tippled,tipple,vd
tipples,tipple,ms
tips,tip,ms
tipsier,tipsy,aj1
tiptoed,tiptoe,vd
tiptoes,tiptoe,ms
tiptops,tiptop,ns
tirades,tirade,ns
tired,tire,vd
tireder,tired,aj1
tires,tire,ms
tiring,tire,vg
tissues,tissue,ns
titans,titan,ns
titches,titch,ns
tithed,tithe,vd
tithers,tither,ns
tithes,tithe,ms
tithing,tithe,vg
titled,title,vd
titles,title,ms
titling,title,vg
titmice,titmouse,ns
tits,tit,ns
titters,titter,ms
titties,titty,ns
tittles,tittle,ns
tizzies,tizzy,ns
toadied,toady,vd
toadies,toady,ms
toads,toad,ns
toasted,toast,vd
toasts,toast,ms
tocsins,tocsin,ns
toddies,toddy,ns
toddled,toddle,vd
toddles,toddle,ms
toecaps,toecap,ns
toed,toe,vd
toeing,toe,vg
toerags,toerag,ns
toes,toe,ms
toffees,toffee,ns
toffs,toff,ns
togas,toga,ns
togged,tog,vd
togging,tog,vg
toggled,toggle,vd
toggles,toggle,ms
togs,tog,ms
toiled,toil,vd
toilers,toiler,ns
toilets,toilet,ms
toiling,toil,vg
toils,toil,vs
toked,toke,vd
tokens,token,ns
tokes,toke,ms
toking,toke,vg
told,tell,vd
tolled,toll,vd
tolling,toll,vg
tolls,toll,ms
tombed,tomb,vd
tombing,tomb,vg
tomboys,tomboy,ns
tombs,tomb,ms
tomcats,tomcat,ns
tomes,tome,ns
toms,tom,ns
tomtits,tomtit,ns
toned,tone,vd
toners,toner,ns
tones,tone,ms
tonged,tong,vd
tonging,tong,vg
tongs,tong,ms
tongued,tongue,vd
tongues,tongue,ms
tonics,tonic,ns
tonier,tony,aj1
toniest,tony,aj2
toning,tone,vg
tonnes,tonne,ns
tons,ton,ns
tonsils,tonsil,ns
took,take,vd
tooled,tool,vd
tooling,tool,vg
tools,tool,ms
tooted,toot,vd
tooters,tooter,ns
tooting,toot,vg
tootled,tootle,vd
tootles,tootle,vs
toots,toot,ms
topazes,topaz,ns
topees,topee,ns
topics,topic,ns
topped,top,vd
toppers,topper,ns
topping,top,vg
toppled,topple,vd
topples,topple,vs
tops,top,ms
toques,toque,ns
torched,torch,vd
torches,torch,ms
tore,tear,vd
torn,tear,vn
torqued,torque,vd
torques,torque,vs
tors,tor,ns
torsos,torso,ns
tortes,torte,ns
torts,tort,ns
tossed,toss,vd
tossers,tosser,ns
tosses,toss,ms
tossing,toss,vg
tossups,tossup,ns
totaled,total,vd
totals,total,ms
toted,tote,vd
totems,totem,ns
totes,tote,ms
toting,tote,vg
tots,tot,ms
totted,tot,vd
totters,totter,ms
totting,tot,vg
toucans,toucan,ns
touched,touch,vd
touches,touch,ms
toughed,tough,vd
tougher,tough,aj1
toughs,tough,ns
toughs,tough,vs
toupees,toupee,ns
toured,tour,vd
touring,tour,vg
tours,tour,ms
tousled,tousle,vd
tousles,tousle,vs
touted,tout,vd
touting,tout,vg
touts,tout,ms
towed,tow,vd
toweled,towel,vd
towels,towel,ms
towered,tower,vd
towers,tower,ms
towhees,towhee,ns
towing,tow,vg
townees,townee,ns
townies,townie,ns
towns,town,ns
tows,tow,ms
toxins,toxin,ns
toyboys,toyboy,ns
toyed,toy,vd
toying,toy,vg
toys,toy,ms
traced,trace,vd
tracers,tracer,ns
traces,trace,ms
tracing,trace,vg
tracked,track,vd
tracks,track,ms
tracts,tract,ns
traded,trade,vd
traders,trader,ns
trades,trade,ms
trading,trade,vg
trailed,trail,vd
trails,trail,ms
trained,train,vd
trains,train,ms
traits,trait,ns
trammed,tram,vd
tramped,tramp,vd
tramps,tramp,ms
trams,tram,ms
trances,trance,ns
trapped,trap,vd
traps,trap,ms
trashed,trash,vd
trashes,trash,vs
traumas,trauma,ns
travels,travel,vs
trawled,trawl,vd
trawls,trawl,ms
trays,tray,ns
treads,tread,ms
treads,tread,vs
treated,treat,vd
treats,treat,ms
trebled,treble,vd
trebles,treble,ms
treed,tree,vd
treeing,tree,vg
trees,tree,ms
trekked,trek,vd
treks,trek,ms
tremors,tremor,ns
trended,trend,vd
trends,trend,ms
tresses,tress,ns
treys,trey,ns
triads,triad,ns
triaged,triage,vd
triages,triage,ns
triages,triage,vs
trialed,trial,vd
trials,trial,ms
tribes,tribe,ns
tricked,trick,vd
tricks,trick,ms
tried,try,vd
triers,trier,ns
tries,try,ms
trifled,trifle,vd
trifles,trifle,ms
trigger,trig,aj1
trikes,trike,ns
trilled,trill,vd
trills,trill,ms
trimmed,trim,vd
trimmer,trim,aj1
trims,trim,ms
trios,trio,ns
tripled,triple,vd
triples,triple,ms
tripods,tripod,ns
tripped,trip,vd
trips,trip,ms
triter,trite,aj1
tritest,trite,aj2
trivets,trivet,ns
trod,tread,vd
trodden,tread,vn
troikas,troika,ns
trolled,troll,vd
trolls,troll,ms
tromped,tromp,vd
tromps,tromp,vs
trooped,troop,vd
troops,troop,ms
tropes,trope,ns
tropics,tropic,ns
trots,trot,ms
trotted,trot,vd
troughs,trough,ns
trouped,troupe,vd
troupes,troupe,ms
trouts,trout,ns
troves,trove,ns
trowed,trow,vd
trowels,trowel,ms
trowing,trow,vg
trows,trow,vs
truants,truant,ms
truces,truce,ns
trucked,truck,vd
trucks,truck,ms
trudged,trudge,vd
trudges,trudge,ms
trued,true,vd
truer,true,a1
trues,true,vs
truest,true,a2
trugs,trug,ns
truing,true,vg
truisms,truism,ns
trumped,trump,vd
trumps,trump,ms
trunks,trunk,ns
trussed,truss,vd
trusses,truss,ms
trusted,trust,vd
trusts,trust,ms
truths,truth,ns
trying,try,vg
tryouts,tryout,ns
trysted,tryst,vd
trysts,tryst,ms
tsetses,tsetse,ns
tubas,tuba,ns
tubbier,tubby,aj1
tubed,tube,vd
tubers,tuber,ns
tubes,tube,ms
tubfuls,tubful,ns
tubing,tube,vg
tubs,tub,ns
tubules,tubule,ns
tucked,tuck,vd
tuckers,tucker,vs
tucking,tuck,vg
tucks,tuck,ms
tufted,tuft,vd
tufters,tufter,ns
tufting,tuft,vg
tufts,tuft,ms
tugged,tug,vd
tugging,tug,vg
tugs,tug,ms
tulips,tulip,ns
tumbled,tumble,vd
tumbles,tumble,ms
tummies,tummy,ns
tumors,tumor,ns
tums,tum,ns
tumults,tumult,ns
tunas,tuna,ns
tundras,tundra,ns
tuned,tune,vd
tuners,tuner,ns
tunes,tune,ms
tuneups,tuneup,ns
tunics,tunic,ns
tuning,tune,vg
tunnels,tunnel,ms
tunnies,tunny,ns
tuns,tun,ns
tuples,tuple,ns
tuques,tuque,ns
turbans,turban,ns
turbos,turbo,ns
turbots,turbot,ns
turds,turd,ns
tureens,tureen,ns
turfed,turf,vd
turfing,turf,vg
turfs,turf,ns
turfs,turf,vs
turkeys,turkey,ns
turned,turn,vd
turners,turner,ns
turning,turn,vg
turnips,turnip,ns
turns,turn,ms
turrets,turret,ns
turtles,turtle,ns
tushes,tush,ns
tusks,tusk,ns
tussled,tussle,vd
tussles,tussle,ms
tutored,tutor,vd
tutors,tutor,ms
tuts,tut,ms
tutted,tut,vd
tutting,tut,vg
tuttis,tutti,ns
tutus,tutu,ns
tuxedos,tuxedo,ns
tuxes,tux,ns
twanged,twang,vd
twangs,twang,ms
twats,twat,ns
tweaked,tweak,vd
tweaks,tweak,ms
tweeted,tweet,vd
tweets,tweet,ms
tweezed,tweeze,vd
tweezes,tweeze,vs
twelves,twelve,ns
twerked,twerk,vd
twerks,twerk,vs
twerps,twerp,ns
twigged,twig,vd
twigs,twig,ms
twined,twine,vd
twiners,twiner,ns
twines,twine,vs
twinged,twinge,vd
twinges,twinge,ms
twining,twine,vg
twinned,twin,vd
twins,twin,ms
twirled,twirl,vd
twirls,twirl,ms
twisted,twist,vd
twists,twist,ms
twits,twit,ms
twitted,twit,vd
twofers,twofer,ns
twos,two,ns
tycoons,tycoon,ns
tying,tie,vg
tykes,tyke,ns
typed,type,vd
types,type,ms
typing,type,vg
typists,typist,ns
typos,typo,ns
tyrants,tyrant,ns
tyros,tyro,ns
udders,udder,ns
uglier,ugly,aj1
ugliest,ugly,aj2
ukases,ukase,ns
ulcers,ulcer,ns
ulnae,ulna,ns
ulsters,ulster,ns
ultras,ultra,ns
umbels,umbel,ns
umbras,umbra,ns
umiaks,umiak,ns
umlauts,umlaut,ns
umped,ump,vd
umping,ump,vg
umpired,umpire,vd
umpires,umpire,ms
umps,ump,ms
unbars,unbar,vs
unbends,unbend,vs
unbent,unbend,vd
unbinds,unbind,vs
unbolts,unbolt,vs
unbound,unbind,vd
unboxed,unbox,vd
unboxes,unbox,vs
uncaps,uncap,vs
uncased,uncase,vd
uncles,uncle,ns
unclogs,unclog,vs
uncoils,uncoil,vs
uncorks,uncork,vs
uncurls,uncurl,vs
undid,undo,vd
undoes,undo,vs
undoing,undo,vg
undone,undo,vn
unfits,unfit,vs
unfixed,unfix,vd
unfixes,unfix,vs
unfolds,unfold,vs
unfroze,unfreeze,vd
unfurls,unfurl,vs
unhands,unhand,vs
unhooks,unhook,vs
unified,unify,vd
unifies,unify,vs
unions,union,ns
uniquer,unique,aj1
unis,uni,ns
united,unite,vd
unites,unite,vs
unities,unity,ns
uniting,unite,vg
units,unit,ns
unlaced,unlace,vd
unlaces,unlace,vs
unloads,unload,vs
unlocks,unlock,vs
unmade,unmake,vd
unmakes,unmake,vs
unmans,unman,vs
unmasks,unmask,vs
unpacks,unpack,vs
unpicks,unpick,vs
unpins,unpin,vs
unplugs,unplug,vs
unreels,unreel,vs
unriper,unripe,aj1
unrolls,unroll,vs
unsaid,unsay,vd
unsays,unsay,vs
unseals,unseal,vs
unseats,unseat,vs
unsnaps,unsnap,vs
unstops,unstop,vs
untied,untie,vd
unties,untie,vs
untruer,untrue,aj1
untying,untie,vg
unveils,unveil,vs
unwinds,unwind,vs
unwiser,unwise,aj1
unwound,unwind,vd
unwraps,unwrap,vs
unyoked,unyoke,vd
unyokes,unyoke,vs
unzips,unzip,vs
upbeats,upbeat,ns
updated,update,vd
updates,update,ms
updos,updo,ns
upended,upend,vd
upends,upend,vs
upheld,uphold,vd
uphills,uphill,ns
upholds,uphold,vs
uplands,upland,ns
uplifts,uplift,vs
uplinks,uplink,ns
uploads,upload,vs
upped,up,vd
uppers,upper,ns
upping,up,vg
uprears,uprear,vs
uproars,uproar,ns
uproots,uproot,vs
ups,up,ms
upsets,upset,ms
upshots,upshot,ns
upsides,upside,ns
uptakes,uptake,ns
upticks,uptick,ns
upturns,upturn,ms
urbaner,urbane,aj1
urchins,urchin,ns
ureters,ureter,ns
urged,urge,vd
urges,urge,ms
urging,urge,vg
urinals,urinal,ns
urns,urn,ns
usages,usage,ns
used,use,vd
users,user,ns
uses,use,ms
ushered,usher,vd
ushers,usher,ms
using,use,vg
usurers,usurer,ns
usurped,usurp,vd
usurps,usurp,vs
uteri,uterus,ns
utopias,utopia,ns
uttered,utter,vd
utters,utter,vs
uvulars,uvular,ns
uvulas,uvula,ns
vacated,vacate,vd
vacates,vacate,vs
vacs,vac,ns
vacuums,vacuum,ns
vacuums,vacuum,vs
vaginae,vagina,ns
vaginas,vagina,ns
vaguer,vague,aj1
vaguest,vague,aj2
vainer,vain,aj1
vainest,vain,aj2
vales,vale,ns
valeted,valet,vd
valets,valet,ms
valises,valise,ns
valleys,valley,ns
valued,value,vd
valuers,valuer,ns
values,value,ms
valuing,value,vg
valved,valve,vd
valves,valve,ms
valving,valve,vg
vamped,vamp,vd
vamping,vamp,vg
vamps,vamp,ms
vandals,vandal,ns
vanes,vane,ns
vanned,van,vd
vanning,van,vg
vans,van,ms
vaped,vape,vd
vapes,vape,vs
vaping,vape,vg
vapors,vapor,ns
varied,vary,vd
varies,vary,vs
varlets,varlet,ns
varying,vary,vg
vases,vase,ns
vassals,vassal,ns
vaster,vast,aj1
vastest,vast,aj2
vasts,vast,ns
vats,vat,ms
vatted,vat,vd
vatting,vat,vg
vaulted,vault,vd
vaults,vault,ms
vaunted,vaunt,vd
vaunts,vaunt,ms
vectors,vector,ns
vectors,vector,vs
veejays,veejay,ns
veeps,veep,ns
veered,veer,vd
veering,veer,vg
veers,veer,ms
vegans,vegan,ns
vegged,veg,vd
vegges,veg,vs
veggies,veggie,ns
vegging,veg,vg
veiled,veil,vd
veiling,veil,vg
veils,veil,ms
veined,vein,vd
veining,vein,vg
veins,vein,ms
vela,velum,ns
velars,velar,ns
velds,veld,ns
vended,vend,vd
vending,vend,vg
vendors,vendor,ns
vends,vend,vs
veneers,veneer,ms
vented,vent,vd
venting,vent,vg
vents,vent,ms
venues,venue,ns
verbals,verbal,ns
verbs,verb,ns
verged,verge,vd
vergers,verger,ns
verges,verge,ms
verging,verge,vg
verier,very,a1
veriest,very,a2
versed,verse,vd
verses,verse,ms
versing,verse,vg
versos,verso,ns
vespers,vesper,ns
vessels,vessel,ns
vestals,vestal,ns
vested,vest,vd
vesting,vest,vg
vests,vest,ms
vetches,vetch,ns
vetoed,veto,vd
vetoes,veto,ms
vetoing,veto,vg
vets,vet,ms
vetted,vet,vd
vetting,vet,vg
vexed,vex,vd
vexes,vex,vs
vexing,vex,vg
vials,vial,ns
viands,viand,ns
vibes,vibe,ns
vicars,vicar,ns
viced,vice,vd
vices,vice,ms
vicing,vice,vg
victims,victim,ns
victors,victor,ns
vicunas,vicuna,ns
videoed,video,vd
videos,video,ms
vied,vie,vd
vies,vie,vs
viewed,view,vd
viewers,viewer,ns
viewing,view,vg
views,view,ms
vigils,vigil,ns
vikings,viking,ns
viler,vile,aj1
vilest,vile,aj2
villas,villa,ns
villi,villus,ns
vines,vine,ns
vinyls,vinyl,ns
violas,viola,ns
violets,violet,ns
violins,violin,ns
viols,viol,ns
vipers,viper,ns
vireos,vireo,ns
virgins,virgin,ns
virtues,virtue,ns
viruses,virus,ns
visaed,visa,vd
visages,visage,ns
visaing,visa,vg
visas,visa,ms
viscera,viscus,ns
vised,vise,vd
vises,vise,ns
vises,vise,vs
vising,vise,vg
visions,vision,ms
visited,visit,vd
visits,visit,ms
visors,visor,ns
vistas,vista,ns
visuals,visual,ns
vitae,vita,ns
vivas,viva,ns
vivider,vivid,aj1
vixens,vixen,ns
viziers,vizier,ns
vlogged,vlog,vd
vlogs,vlog,ms
vocals,vocal,ns
vodkas,vodka,ns
vogues,vogue,ns
voiced,voice,vd
voices,voice,ms
voicing,voice,vg
voided,void,vd
voiding,void,vg
voids,void,ms
voles,vole,ns
volleys,volley,ms
volts,volt,ns
volumes,volume,ns
volutes,volute,ns
vomited,vomit,vd
vomits,vomit,vs
voodoos,voodoo,vs
voted,vote,vd
voters,voter,ns
votes,vote,ms
voting,vote,vg
vouched,vouch,vd
vouches,vouch,vs
vowed,vow,vd
vowels,vowel,ns
vowing,vow,vg
vows,vow,ms
voxels,voxel,ns
voyaged,voyage,vd
voyages,voyage,ms
voyeurs,voyeur,ns
vulvae,vulva,ns
vying,vie,vg
wacker,wack,aj1
wacker,wacke,a1
wackest,wack,aj2
wackest,wacke,a2
wackier,wacky,aj1
wackos,wacko,ns
wacks,wack,ns
wadded,wad,vd
wadding,wad,vg
waddled,waddle,vd
waddles,waddle,ms
waded,wade,vd
waders,wader,ns
wades,wade,ms
wadges,wadge,ns
wading,wade,vg
wadis,wadi,ns
wads,wad,ms
wafers,wafer,ns
waffled,waffle,vd
waffles,waffle,ms
wafted,waft,vd
wafting,waft,vg
wafts,waft,ms
waged,wage,vd
wagered,wager,vd
wagers,wager,ms
wages,wage,ms
wagged,wag,vd
wagging,wag,vg
waggled,waggle,vd
waggles,waggle,ms
waging,wage,vg
wagons,wagon,ns
wags,wag,ms
waifs,waif,ns
wailed,wail,vd
wailers,wailer,ns
wailing,wail,vg
wails,wail,ms
wains,wain,ns
waists,waist,ns
waited,wait,vd
waiters,waiter,ns
waiting,wait,vg
waits,wait,ms
waived,waive,vd
waivers,waiver,ns
waives,waive,vs
waiving,waive,vg
waked,wake,vn
wakened,waken,vd
wakens,waken,vs
wakes,wake,ms
waking,wake,vg
waled,wale,vd
wales,wale,vs
waling,wale,vg
walked,walk,vd
walkers,walker,ns
walking,walk,vg
walks,walk,ms
wallahs,wallah,ns
walled,wall,vd
wallets,wallet,ns
wallies,wally,ns
walling,wall,vg
wallops,wallop,ms
wallows,wallow,ms
walls,wall,ms
walnuts,walnut,ns
waltzed,waltz,vd
waltzes,waltz,ms
wanders,wander,vs
wands,wand,ns
waned,wane,vd
wanes,wane,ms
wangled,wangle,vd
wangles,wangle,ms
waning,wane,vg
wanked,wank,vd
wankers,wanker,ns
wanking,wank,vg
wanks,wank,ns
wanks,wank,vs
wanner,wan,aj1
wannest,wan,aj2
wanted,want,vd
wanting,want,vg
wantons,wanton,ms
wants,want,ms
wapitis,wapiti,ns
warbled,warble,vd
warbles,warble,ms
warded,ward,vd
wardens,warden,ns
warders,warder,ns
warding,ward,vg
wards,ward,ms
wares,ware,ns
warier,wary,aj1
wariest,wary,aj2
warmed,warm,vd
warmer,warm,a1
warmers,warmer,ns
warmest,warm,a2
warming,warm,vg
warms,warm,vs
warned,warn,vd
warning,warn,vg
warns,warn,vs
warped,warp,vd
warping,warp,vg
warps,warp,ms
warred,war,vd
warrens,warren,ns
warring,war,vg
wars,war,ms
wartier,warty,aj1
warts,wart,ns
was,be,vd
washed,wash,vd
washers,washer,ns
washes,wash,ms
washier,washy,aj1
washing,wash,vg
wasps,wasp,ns
wasted,waste,vd
wasters,waster,ns
wastes,waste,ms
wasting,waste,vg
watched,watch,vd
watches,watch,ms
watered,water,vd
waters,water,vs
wattled,wattle,vd
wattles,wattle,ms
watts,watt,ns
waved,wave,vd
wavered,waver,vd
wavers,waver,ms
waves,wave,ms
wavier,wavy,aj1
waviest,wavy,aj2
waving,wave,vg
waxed,wax,vd
waxed,wax,vn
waxes,wax,vs
waxier,waxy,aj1
waxiest,waxy,aj2
waxing,wax,vg
waylaid,waylay,vd
waylays,waylay,vs
ways,way,ns
wazoos,wazoo,ns
weakens,weaken,vs
weaker,weak,aj1
weakest,weak,aj2
weals,weal,ns
weaned,wean,vd
weaning,wean,vg
weans,wean,vs
weapons,weapon,ns
wearers,wearer,ns
wearied,weary,vd
wearier,weary,aj1
wearies,weary,vs
wearing,wear,vg
wears,wear,vs
weasels,weasel,ns
weasels,weasel,vs
weaved,weave,vd
weavers,weaver,ns
weaves,weave,ns
weaves,weave,vs
weaving,weave,vg
webbed,web,vd
webbing,web,vg
webcams,webcam,ns
webfeet,webfoot,ns
weblogs,weblog,ns
webs,web,ms
wedded,wed,vd
wedding,wed,vg
wedged,wedge,vd
wedges,wedge,ms
wedgies,wedgie,ns
wedging,wedge,vg
weds,wed,vs
weed,wee,vd
weeded,weed,vd
weeders,weeder,ns
weedier,weedy,aj1
weeding,weed,vg
weeds,weed,ms
weeing,wee,vg
weeks,week,ns
weened,ween,vd
weenier,weeny,aj1
weenies,weenie,ns
weening,ween,vg
weens,ween,vs
weepers,weeper,ns
weepier,weepie,aj1
weepier,weepy,aj1
weepies,weepy,ns
weeping,weep,vg
weeps,weep,ms
weer,wee,aj1
wees,wee,vs
weest,wee,aj2
weevils,weevil,ns
wefts,weft,ns
weighed,weigh,vd
weighs,weigh,vs
weights,weight,ms
weirded,weird,vd
weirder,weird,aj1
weirdos,weirdo,ns
weirds,weird,vs
weirs,weir,ns
welded,weld,vd
welders,welder,ns
welding,weld,vg
welds,weld,ms
welled,well,vd
wellies,wellie,ns
wellies,welly,ns
welling,well,vg
wells,well,ms
welshed,welsh,vd
welshes,welsh,vs
welted,welt,vd
welters,welter,ms
welting,welt,vg
welts,welt,ms
wenches,wench,ns
wended,wend,vd
wending,wend,vg
wends,wend,vs
wens,wen,ns
went,go,vd
wept,weep,vd
were,be,vds
wets,wet,ms
wetter,wet,aj1
wetters,wetter,ns
wettest,wet,aj2
wetting,wet,vg
whacked,whack,vd
whacks,whack,ms
whaled,whale,vd
whalers,whaler,ns
whales,whale,ns
whales,whale,vs
whaling,whale,vg
whammed,wham,vd
whams,wham,ms
wharves,wharf,ns
wheals,wheal,ns
wheeled,wheel,vd
wheels,wheel,ms
wheezed,wheeze,vd
wheezes,wheeze,ms
whelks,whelk,ns
whelmed,whelm,vd
whelms,whelm,vs
whelped,whelp,vd
whelps,whelp,ms
whens,when,ns
wheres,where,ns
whets,whet,vs
whetted,whet,vd
whiffed,whiff,vd
whiffs,whiff,ms
whiled,while,vd
whiles,while,vs
whiling,while,vg
whims,whim,ns
whined,whine,vd
whiners,whiner,ns
whines,whine,ms
whinged,whinge,vd
whinges,whinge,vs
whinier,whiny,aj1
whining,whine,vg
whipped,whip,vd
whips,whip,ms
whirled,whirl,vd
whirls,whirl,ms
whirred,whir,vd
whirs,whir,ms
whisked,whisk,vd
whisks,whisk,ms
whited,white,vd
whitens,whiten,vs
whiter,white,aj1
whites,white,ns
whites,white,vs
whitest,white,aj2
whiteys,whitey,ns
whiting,white,vg
whits,whit,ns
whizzed,whiz,vd
whizzes,whiz,ms
whizzes,whiz,ns
wholes,whole,ns
whom,who,pn1
whooped,whoop,vd
whoops,whoop,ms
whopped,whop,vd
whops,whop,vs
whores,whore,ns
whorls,whorl,ns
whose,who,pnd
whose,who,pnp
whupped,whup,vd
whups,whup,vs
whys,why,ns
wickers,wicker,ns
wickets,wicket,ns
wicks,wick,ns
widened,widen,vd
widens,widen,vs
wider,wide,a1
widest,wide,a2
widgets,widget,ns
widowed,widow,vd
widows,widow,ms
widths,width,ns
wielded,wield,vd
wields,wield,vs
wieners,wiener,ns
wienies,wienie,ns
wigged,wig,vd
wigging,wig,vg
wiggled,wiggle,vd
wiggles,wiggle,ms
wights,wight,ns
wiglets,wiglet,ns
wigs,wig,ms
wigwags,wigwag,ms
wigwams,wigwam,ns
wikis,wiki,ns
wilder,wild,a1
wildest,wild,a2
wilds,wild,ns
wiled,wile,vd
wiles,wile,ms
wilier,wily,aj1
wiliest,wily,aj2
wiling,wile,vg
willed,will,vd
willies,willy,ns
willing,will,vg
willows,willow,ns
wills,will,ms
wilted,wilt,vd
wilting,wilt,vg
wilts,wilt,vs
wimped,wimp,vd
wimpier,wimpy,aj1
wimping,wimp,vg
wimpled,wimple,vd
wimples,wimple,ms
wimps,wimp,ns
wimps,wimp,vs
winced,wince,vd
winces,wince,ms
winched,winch,vd
winches,winch,ms
wincing,wince,vg
winded,wind,vd
winders,winder,ns
windier,windy,aj1
winding,wind,vg
windows,window,ns
winds,wind,ns
winds,wind,vs
windups,windup,ns
wined,wine,vd
wines,wine,ms
winged,wing,vd
wingers,winger,ns
winging,wing,vg
wingmen,wingman,ns
wings,wing,ms
winier,winy,aj1
winiest,winy,aj2
wining,wine,vg
winked,wink,vd
winkers,winker,ns
winking,wink,vg
winkled,winkle,vd
winkles,winkle,ms
winks,wink,ms
winners,winner,ns
winning,win,vg
winnows,winnow,vs
winos,wino,ns
wins,win,ms
winters,winter,ms
wiped,wipe,vd
wipers,wiper,ns
wipes,wipe,ms
wiping,wipe,vg
wired,wire,vd
wires,wire,ms
wirier,wiry,aj1
wiriest,wiry,aj2
wiring,wire,vg
wised,wise,vd
wiser,wise,aj1
wises,wise,ns
wises,wise,vs
wisest,wise,aj2
wished,wish,vd
wishers,wisher,ns
wishes,wish,ms
wishing,wish,vg
wising,wise,vg
wispier,wispy,aj1
wisps,wisp,ns
witched,witch,vd
witches,witch,ms
withed,withe,vd
withers,wither,vs
withes,withe,ms
withing,withe,vg
wits,wit,ns
witters,witter,vs
wittier,witty,aj1
wived,wive,vd
wives,wife,ns
wives,wive,vs
wiving,wive,vg
wizards,wizard,ns
wobbled,wobble,vd
wobbles,wobble,ms
wodges,wodge,ns
woes,woe,ns
wogs,wog,ns
woke,wake,vd
woken,wake,vn
woker,woke,aj1
wokest,woke,aj2
woks,wok,ns
wolds,wold,ns
wolfed,wolf,vd
wolfing,wolf,vg
wolfs,wolf,vs
wolves,wolf,ns
wombats,wombat,ns
wombs,womb,ns
women,woman,ns
won,win,vd
wonders,wonder,ms
wonkier,wonky,aj1
wonks,wonk,ns
wontons,wonton,ns
wooded,wood,vd
woodier,woody,aj1
woodies,woody,ns
wooding,wood,vg
woodmen,woodman,ns
woods,wood,ms
wooed,woo,vd
wooers,wooer,ns
woofed,woof,vd
woofers,woofer,ns
woofing,woof,vg
woofs,woof,ms
wooing,woo,vg
woolens,woolen,ns
wools,wool,ns
woos,woo,vs
woozier,woozy,aj1
worded,word,vd
wordier,wordy,aj1
wording,word,vg
words,word,ms
wore,wear,vd
worked,work,vd
workers,worker,ns
working,work,vg
workmen,workman,ns
works,work,ms
workups,workup,ns
worlds,world,ns
wormed,worm,vd
wormier,wormy,aj1
worming,worm,vg
worms,worm,ms
worn,wear,vn
worried,worry,vd
worries,worry,ms
worse,bad,a1
worse,ill,a1
worsens,worsen,vs
worst,bad,a2
worst,ill,a2
worsted,worst,vd
worsts,worst,vs
would,will,vd
wound,wind,vd
wounded,wound,vd
wounds,wound,ms
wove,weave,vd
woven,weave,vn
wowed,wow,vd
wowing,wow,vg
wows,wow,ms
wracked,wrack,vd
wracks,wrack,ns
wraiths,wraith,ns
wrapped,wrap,vd
wraps,wrap,ms
wrasses,wrasse,ns
wreaked,wreak,vd
wreaks,wreak,vs
wreaths,wreath,ns
wrecked,wreck,vd
wrecks,wreck,ms
wrens,wren,ns
wrested,wrest,vd
wrests,wrest,ms
wrights,wright,ns
wrings,wring,ms
wrists,wrist,ns
writers,writer,ns
writes,write,vs
writhed,writhe,vd
writhes,writhe,ms
writing,write,vg
writs,writ,ns
written,write,vn
wronged,wrong,vd
wronger,wrong,a1
wrongs,wrong,ms
wrote,write,vd
wrung,wring,vd
wryer,wry,aj1
wryest,wry,aj2
wursts,wurst,ns
wusses,wuss,ns
wussier,wussy,aj1
wussies,wussy,ns
xeroxed,xerox,vd
xeroxes,xerox,ms
xis,xi,ns
yachted,yacht,vd
yachts,yacht,ms
yahoos,yahoo,ns
yakked,yak,vd
yakking,yak,vg
yaks,yak,ns
yaks,yak,vs
yammers,yammer,vs
yams,yam,ns
yanked,yank,vd
yanking,yank,vg
yanks,yank,ms
yapped,yap,vd
yapping,yap,vg
yaps,yap,ms
yardmen,yardman,ns
yards,yard,ns
yarns,yarn,ns
yawed,yaw,vd
yawing,yaw,vg
yawls,yawl,ns
yawned,yawn,vd
yawners,yawner,ns
yawning,yawn,vg
yawns,yawn,ms
yaws,yaw,ms
yeahs,yeah,ns
yearned,yearn,vd
yearns,yearn,vs
years,year,ns
yeas,yea,ns
yeasts,yeast,ns
yeggs,yegg,ns
yelled,yell,vd
yelling,yell,vg
yellows,yellow,vs
yells,yell,ms
yelped,yelp,vd
yelping,yelp,vg
yelps,yelp,ms
yens,yen,ns
yeomen,yeoman,ns
yeps,yep,ns
yeses,yes,ms
yessed,yes,vd
yessing,yes,vg
yetis,yeti,ns
yews,yew,ns
yids,yid,ns
yielded,yield,vd
yields,yield,ms
yipped,yip,vd
yipping,yip,vg
yips,yip,ms
yobbos,yobbo,ns
yobs,yob,ns
yodeled,yodel,vd
yodels,yodel,ms
yogis,yogi,ns
yogurts,yogurt,ns
yoked,yoke,vd
yokels,yokel,ns
yokes,yoke,ms
yoking,yoke,vg
yolks,yolk,ns
younger,young,aj1
your,you,pnd
yours,you,pnp
youths,youth,ns
yowled,yowl,vd
yowling,yowl,vg
yowls,yowl,ms
yuccas,yucca,ns
yuckier,yucky,aj1
yukked,yuk,vd
yukking,yuk,vg
yuks,yuk,ms
yummier,yummy,aj1
yuppies,yuppie,ns
yuppies,yuppy,ns
yups,yup,ns
yurts,yurt,ns
zanier,zany,aj1
zanies,zany,ns
zaniest,zany,aj2
zapped,zap,vd
zappers,zapper,ns
zapping,zap,vg
zaps,zap,ms
zealots,zealot,ns
zebras,zebra,ns
zebus,zebu,ns
zeds,zed,ns
zeniths,zenith,ns
zephyrs,zephyr,ns
zeroed,zero,vd
zeroing,zero,vg
zeros,zero,ns
zeros,zero,vs
zestier,zesty,aj1
zests,zest,ns
zetas,zeta,ns
zigzags,zigzag,ms
zincked,zinc,vd
zincs,zinc,vs
zines,zine,ns
zinged,zing,vd
zingers,zinger,ns
zingier,zingy,aj1
zinging,zing,vg
zings,zing,ms
zinnias,zinnia,ns
zipped,zip,vd
zippers,zipper,ns
zippers,zipper,vs
zippier,zippy,aj1
zipping,zip,vg
zips,zip,ms
zircons,zircon,ns
zithers,zither,ns
zits,zit,ns
zlotys,zloty,ns
zodiacs,zodiac,ns
zombies,zombie,ns
zoned,zone,vd
zones,zone,ms
zoning,zone,vg
zoomed,zoom,vd
zooming,zoom,vg
zooms,zoom,ms
zoos,zoo,ns
zygotes,zygote,ns
