word,reason
abseil,needs-definition-and-usage-review
abseils,needs-definition-and-usage-review
achier,needs-definition-and-usage-review
achiest,needs-definition-and-usage-review
achy,needs-definition-and-usage-review
acridly,needs-definition-and-usage-review
adeptly,needs-definition-and-usage-review
adios,needs-definition-and-usage-review
adjudge,needs-definition-and-usage-review
adjure,needs-definition-and-usage-review
adjured,needs-definition-and-usage-review
adjures,needs-definition-and-usage-review
adman,needs-definition-and-usage-review
admen,needs-definition-and-usage-review
adobo,needs-definition-and-usage-review
adopter,needs-definition-and-usage-review
adorer,needs-definition-and-usage-review
adorers,needs-definition-and-usage-review
ads,needs-definition-and-usage-review
adulate,needs-definition-and-usage-review
aerator,needs-definition-and-usage-review
afield,needs-definition-and-usage-review
afoul,needs-definition-and-usage-review
agilely,needs-definition-and-usage-review
agleam,needs-definition-and-usage-review
ahchoo,needs-definition-and-usage-review
ahold,needs-definition-and-usage-review
aikido,needs-definition-and-usage-review
airbus,needs-definition-and-usage-review
airhead,needs-definition-and-usage-review
alack,needs-definition-and-usage-review
alertly,needs-definition-and-usage-review
alerts,needs-definition-and-usage-review
aliases,needs-definition-and-usage-review
aligner,needs-definition-and-usage-review
aliyah,needs-definition-and-usage-review
aliyahs,needs-definition-and-usage-review
alkyd,needs-definition-and-usage-review
alkyds,needs-definition-and-usage-review
allover,needs-definition-and-usage-review
alumina,needs-definition-and-usage-review
amerce,needs-definition-and-usage-review
amerced,needs-definition-and-usage-review
amerces,needs-definition-and-usage-review
amiably,needs-definition-and-usage-review
ammeter,needs-definition-and-usage-review
amnesic,needs-definition-and-usage-review
amoebic,needs-definition-and-usage-review
ampule,needs-definition-and-usage-review
ampules,needs-definition-and-usage-review
angora,needs-definition-and-usage-review
angoras,needs-definition-and-usage-review
animism,needs-definition-and-usage-review
anionic,needs-definition-and-usage-review
annular,needs-definition-and-usage-review
anodize,needs-definition-and-usage-review
antrum,needs-definition-and-usage-review
antsier,needs-definition-and-usage-review
antsy,needs-definition-and-usage-review
anywise,needs-definition-and-usage-review
apatite,needs-definition-and-usage-review
apelike,needs-definition-and-usage-review
aphasic,needs-definition-and-usage-review
aphelia,needs-definition-and-usage-review
apical,needs-definition-and-usage-review
apish,needs-definition-and-usage-review
apishly,needs-definition-and-usage-review
aplenty,needs-definition-and-usage-review
apnea,needs-definition-and-usage-review
apneas,needs-definition-and-usage-review
applet,needs-definition-and-usage-review
applets,needs-definition-and-usage-review
applier,needs-definition-and-usage-review
appose,needs-definition-and-usage-review
apposed,needs-definition-and-usage-review
apposes,needs-definition-and-usage-review
apprize,needs-definition-and-usage-review
aptly,needs-definition-and-usage-review
aptness,needs-definition-and-usage-review
aquavit,needs-definition-and-usage-review
aquifer,needs-definition-and-usage-review
arbutus,needs-definition-and-usage-review
archly,needs-definition-and-usage-review
argosy,needs-definition-and-usage-review
arguer,needs-definition-and-usage-review
arguers,needs-definition-and-usage-review
argyle,needs-definition-and-usage-review
argyles,needs-definition-and-usage-review
aridity,needs-definition-and-usage-review
aridly,needs-definition-and-usage-review
armorer,needs-definition-and-usage-review
arousal,needs-definition-and-usage-review
arouse,needs-definition-and-usage-review
arouses,needs-definition-and-usage-review
artless,needs-definition-and-usage-review
artsier,needs-definition-and-usage-review
artsy,needs-definition-and-usage-review
arum,needs-definition-and-usage-review
arums,needs-definition-and-usage-review
asana,needs-definition-and-usage-review
asanas,needs-definition-and-usage-review
ascot,needs-definition-and-usage-review
ascots,needs-definition-and-usage-review
aseptic,needs-definition-and-usage-review
ashcan,needs-definition-and-usage-review
ashcans,needs-definition-and-usage-review
ashlar,needs-definition-and-usage-review
ashlars,needs-definition-and-usage-review
ashram,needs-definition-and-usage-review
ashrams,needs-definition-and-usage-review
aslant,needs-definition-and-usage-review
asocial,needs-definition-and-usage-review
assayer,needs-definition-and-usage-review
assize,needs-definition-and-usage-review
assizes,needs-definition-and-usage-review
assort,needs-definition-and-usage-review
assorts,needs-definition-and-usage-review
astir,needs-definition-and-usage-review
astound,needs-definition-and-usage-review
atavist,needs-definition-and-usage-review
ataxic,needs-definition-and-usage-review
ataxics,needs-definition-and-usage-review
athirst,needs-definition-and-usage-review
atilt,needs-definition-and-usage-review
atishoo,needs-definition-and-usage-review
atomize,needs-definition-and-usage-review
atop,needs-definition-and-usage-review
atrial,needs-definition-and-usage-review
attaboy,needs-definition-and-usage-review
attache,needs-definition-and-usage-review
attar,needs-definition-and-usage-review
attune,needs-definition-and-usage-review
attuned,needs-definition-and-usage-review
attunes,needs-definition-and-usage-review
audibly,needs-definition-and-usage-review
auditor,needs-definition-and-usage-review
aurally,needs-definition-and-usage-review
aureus,needs-definition-and-usage-review
austral,needs-definition-and-usage-review
auxin,needs-definition-and-usage-review
avast,needs-definition-and-usage-review
avidly,needs-definition-and-usage-review
avouch,needs-definition-and-usage-review
awardee,needs-definition-and-usage-review
ayah,needs-definition-and-usage-review
ayahs,needs-definition-and-usage-review
babel,needs-definition-and-usage-review
babels,needs-definition-and-usage-review
bacilli,needs-definition-and-usage-review
backbit,needs-definition-and-usage-review
backlit,needs-definition-and-usage-review
badman,needs-definition-and-usage-review
badmen,needs-definition-and-usage-review
baffler,needs-definition-and-usage-review
bagful,needs-definition-and-usage-review
bagfuls,needs-definition-and-usage-review
bagger,needs-definition-and-usage-review
baggers,needs-definition-and-usage-review
baggie,needs-definition-and-usage-review
baggies,needs-definition-and-usage-review
baggily,needs-definition-and-usage-review
baht,needs-definition-and-usage-review
bahts,needs-definition-and-usage-review
bailout,needs-definition-and-usage-review
baldies,needs-definition-and-usage-review
baldly,needs-definition-and-usage-review
baldric,needs-definition-and-usage-review
baldy,needs-definition-and-usage-review
baler,needs-definition-and-usage-review
balers,needs-definition-and-usage-review
ballad,needs-definition-and-usage-review
ballads,needs-definition-and-usage-review
ballsy,needs-definition-and-usage-review
bamboo,needs-definition-and-usage-review
bamboos,needs-definition-and-usage-review
banally,needs-definition-and-usage-review
bandbox,needs-definition-and-usage-review
bandeau,needs-definition-and-usage-review
baneful,needs-definition-and-usage-review
banquet,needs-definition-and-usage-review
bantam,needs-definition-and-usage-review
bantams,needs-definition-and-usage-review
banyan,needs-definition-and-usage-review
banyans,needs-definition-and-usage-review
banzai,needs-definition-and-usage-review
banzais,needs-definition-and-usage-review
baptist,needs-definition-and-usage-review
barbel,needs-definition-and-usage-review
barbels,needs-definition-and-usage-review
bardic,needs-definition-and-usage-review
barfly,needs-definition-and-usage-review
barhop,needs-definition-and-usage-review
barhops,needs-definition-and-usage-review
barkeep,needs-definition-and-usage-review
barmaid,needs-definition-and-usage-review
barman,needs-definition-and-usage-review
barmen,needs-definition-and-usage-review
barney,needs-definition-and-usage-review
barneys,needs-definition-and-usage-review
baronet,needs-definition-and-usage-review
baroque,needs-definition-and-usage-review
barrio,needs-definition-and-usage-review
barrios,needs-definition-and-usage-review
barroom,needs-definition-and-usage-review
bartend,needs-definition-and-usage-review
basally,needs-definition-and-usage-review
basalt,needs-definition-and-usage-review
basely,needs-definition-and-usage-review
bashful,needs-definition-and-usage-review
basmati,needs-definition-and-usage-review
basset,needs-definition-and-usage-review
bassets,needs-definition-and-usage-review
bassist,needs-definition-and-usage-review
baster,needs-definition-and-usage-review
basters,needs-definition-and-usage-review
bather,needs-definition-and-usage-review
bathers,needs-definition-and-usage-review
bathmat,needs-definition-and-usage-review
bathos,needs-definition-and-usage-review
bathtub,needs-definition-and-usage-review
batiste,needs-definition-and-usage-review
batten,needs-definition-and-usage-review
battens,needs-definition-and-usage-review
battler,needs-definition-and-usage-review
bawdily,needs-definition-and-usage-review
beachy,needs-definition-and-usage-review
beadier,needs-definition-and-usage-review
beady,needs-definition-and-usage-review
beaked,needs-definition-and-usage-review
bearish,needs-definition-and-usage-review
beastie,needs-definition-and-usage-review
beatify,needs-definition-and-usage-review
becloud,needs-definition-and-usage-review
bedder,needs-definition-and-usage-review
bedhead,needs-definition-and-usage-review
bedizen,needs-definition-and-usage-review
bedlam,needs-definition-and-usage-review
bedlams,needs-definition-and-usage-review
bedpan,needs-definition-and-usage-review
bedpans,needs-definition-and-usage-review
bedpost,needs-definition-and-usage-review
bedroll,needs-definition-and-usage-review
bedside,needs-definition-and-usage-review
bedsit,needs-definition-and-usage-review
bedsits,needs-definition-and-usage-review
bedsore,needs-definition-and-usage-review
beeper,needs-definition-and-usage-review
beepers,needs-definition-and-usage-review
beerier,needs-definition-and-usage-review
beery,needs-definition-and-usage-review
beggary,needs-definition-and-usage-review
begrime,needs-definition-and-usage-review
beguile,needs-definition-and-usage-review
beguine,needs-definition-and-usage-review
beignet,needs-definition-and-usage-review
bejewel,needs-definition-and-usage-review
belabor,needs-definition-and-usage-review
belfry,needs-definition-and-usage-review
bellhop,needs-definition-and-usage-review
bellman,needs-definition-and-usage-review
bellmen,needs-definition-and-usage-review
beltway,needs-definition-and-usage-review
beluga,needs-definition-and-usage-review
belugas,needs-definition-and-usage-review
bemire,needs-definition-and-usage-review
bemired,needs-definition-and-usage-review
bemires,needs-definition-and-usage-review
bendier,needs-definition-and-usage-review
bendy,needs-definition-and-usage-review
bento,needs-definition-and-usage-review
benumb,needs-definition-and-usage-review
benumbs,needs-definition-and-usage-review
berk,needs-definition-and-usage-review
berks,needs-definition-and-usage-review
beseem,needs-definition-and-usage-review
beseems,needs-definition-and-usage-review
bestir,needs-definition-and-usage-review
bestirs,needs-definition-and-usage-review
bestrew,needs-definition-and-usage-review
bests,needs-definition-and-usage-review
betake,needs-definition-and-usage-review
betaken,needs-definition-and-usage-review
betakes,needs-definition-and-usage-review
betcha,needs-definition-and-usage-review
betel,needs-definition-and-usage-review
bethink,needs-definition-and-usage-review
betide,needs-definition-and-usage-review
betided,needs-definition-and-usage-review
betides,needs-definition-and-usage-review
betoken,needs-definition-and-usage-review
betook,needs-definition-and-usage-review
betters,needs-definition-and-usage-review
bevel,needs-definition-and-usage-review
beveled,needs-definition-and-usage-review
bevels,needs-definition-and-usage-review
bevies,needs-definition-and-usage-review
bevvies,needs-definition-and-usage-review
bevvy,needs-definition-and-usage-review
bevy,needs-definition-and-usage-review
bewitch,needs-definition-and-usage-review
bhaji,needs-definition-and-usage-review
bicarb,needs-definition-and-usage-review
bicarbs,needs-definition-and-usage-review
bidder,needs-definition-and-usage-review
bidders,needs-definition-and-usage-review
biddies,needs-definition-and-usage-review
biddy,needs-definition-and-usage-review
bifocal,needs-definition-and-usage-review
biggie,needs-definition-and-usage-review
biggies,needs-definition-and-usage-review
biggish,needs-definition-and-usage-review
bighead,needs-definition-and-usage-review
bighorn,needs-definition-and-usage-review
bigness,needs-definition-and-usage-review
bigoted,needs-definition-and-usage-review
bijou,needs-definition-and-usage-review
bijoux,needs-definition-and-usage-review
bilker,needs-definition-and-usage-review
bilkers,needs-definition-and-usage-review
billowy,needs-definition-and-usage-review
bimodal,needs-definition-and-usage-review
binder,needs-definition-and-usage-review
binders,needs-definition-and-usage-review
bindery,needs-definition-and-usage-review
binman,needs-definition-and-usage-review
binmen,needs-definition-and-usage-review
biofilm,needs-definition-and-usage-review
biopic,needs-definition-and-usage-review
biopics,needs-definition-and-usage-review
biotin,needs-definition-and-usage-review
biplane,needs-definition-and-usage-review
bipolar,needs-definition-and-usage-review
birder,needs-definition-and-usage-review
birders,needs-definition-and-usage-review
birdie,needs-definition-and-usage-review
birdied,needs-definition-and-usage-review
birdies,needs-definition-and-usage-review
biretta,needs-definition-and-usage-review
birther,needs-definition-and-usage-review
bitchy,needs-definition-and-usage-review
bitcoin,needs-definition-and-usage-review
bittier,needs-definition-and-usage-review
bitty,needs-definition-and-usage-review
bivalve,needs-definition-and-usage-review
biz,needs-definition-and-usage-review
blackly,needs-definition-and-usage-review
blacks,needs-definition-and-usage-review
bladed,needs-definition-and-usage-review
blahs,needs-definition-and-usage-review
blandly,needs-definition-and-usage-review
blankly,needs-definition-and-usage-review
blanks,needs-definition-and-usage-review
blaster,needs-definition-and-usage-review
blear,needs-definition-and-usage-review
bleary,needs-definition-and-usage-review
bleeder,needs-definition-and-usage-review
bleeper,needs-definition-and-usage-review
blench,needs-definition-and-usage-review
blimey,needs-definition-and-usage-review
blindly,needs-definition-and-usage-review
blinds,needs-definition-and-usage-review
blini,needs-definition-and-usage-review
blintze,needs-definition-and-usage-review
blip,needs-definition-and-usage-review
blips,needs-definition-and-usage-review
bloater,needs-definition-and-usage-review
bloc,needs-definition-and-usage-review
blocker,needs-definition-and-usage-review
blocky,needs-definition-and-usage-review
blocs,needs-definition-and-usage-review
blokish,needs-definition-and-usage-review
bloomer,needs-definition-and-usage-review
blotch,needs-definition-and-usage-review
blowgun,needs-definition-and-usage-review
blowier,needs-definition-and-usage-review
blowjob,needs-definition-and-usage-review
blowout,needs-definition-and-usage-review
blowup,needs-definition-and-usage-review
blowups,needs-definition-and-usage-review
blowy,needs-definition-and-usage-review
blowzy,needs-definition-and-usage-review
blubber,needs-definition-and-usage-review
bluefin,needs-definition-and-usage-review
blueish,needs-definition-and-usage-review
bluesy,needs-definition-and-usage-review
bluffly,needs-definition-and-usage-review
blusher,needs-definition-and-usage-review
bluster,needs-definition-and-usage-review
boaster,needs-definition-and-usage-review
boater,needs-definition-and-usage-review
boaters,needs-definition-and-usage-review
boatman,needs-definition-and-usage-review
boatmen,needs-definition-and-usage-review
bobber,needs-definition-and-usage-review
bobbers,needs-definition-and-usage-review
bobcat,needs-definition-and-usage-review
bobcats,needs-definition-and-usage-review
bobsled,needs-definition-and-usage-review
bobtail,needs-definition-and-usage-review
boccie,needs-definition-and-usage-review
bodge,needs-definition-and-usage-review
bodged,needs-definition-and-usage-review
bodges,needs-definition-and-usage-review
bodging,needs-definition-and-usage-review
bodied,needs-definition-and-usage-review
boffo,needs-definition-and-usage-review
boggier,needs-definition-and-usage-review
boggy,needs-definition-and-usage-review
bola,needs-definition-and-usage-review
bolas,needs-definition-and-usage-review
bolero,needs-definition-and-usage-review
boleros,needs-definition-and-usage-review
bolivar,needs-definition-and-usage-review
bollix,needs-definition-and-usage-review
bolshie,needs-definition-and-usage-review
bondage,needs-definition-and-usage-review
bondman,needs-definition-and-usage-review
bondmen,needs-definition-and-usage-review
bonkers,needs-definition-and-usage-review
bonobo,needs-definition-and-usage-review
bonobos,needs-definition-and-usage-review
boodle,needs-definition-and-usage-review
boodles,needs-definition-and-usage-review
boohoo,needs-definition-and-usage-review
boohoos,needs-definition-and-usage-review
bookend,needs-definition-and-usage-review
boolean,needs-definition-and-usage-review
boombox,needs-definition-and-usage-review
boon,needs-definition-and-usage-review
boonies,needs-definition-and-usage-review
boons,needs-definition-and-usage-review
boost,needs-definition-and-usage-review
boosted,needs-definition-and-usage-review
booster,needs-definition-and-usage-review
boosts,needs-definition-and-usage-review
bootee,needs-definition-and-usage-review
bootees,needs-definition-and-usage-review
bootleg,needs-definition-and-usage-review
boozier,needs-definition-and-usage-review
boozy,needs-definition-and-usage-review
borzoi,needs-definition-and-usage-review
borzois,needs-definition-and-usage-review
bosomy,needs-definition-and-usage-review
bossier,needs-definition-and-usage-review
bossily,needs-definition-and-usage-review
bossism,needs-definition-and-usage-review
bossy,needs-definition-and-usage-review
botanic,needs-definition-and-usage-review
botcher,needs-definition-and-usage-review
bottler,needs-definition-and-usage-review
boules,needs-definition-and-usage-review
bouncy,needs-definition-and-usage-review
bounden,needs-definition-and-usage-review
bounder,needs-definition-and-usage-review
bowwow,needs-definition-and-usage-review
bowwows,needs-definition-and-usage-review
boxcar,needs-definition-and-usage-review
boxcars,needs-definition-and-usage-review
boxier,needs-definition-and-usage-review
boxiest,needs-definition-and-usage-review
boxlike,needs-definition-and-usage-review
boxroom,needs-definition-and-usage-review
boxwood,needs-definition-and-usage-review
boxy,needs-definition-and-usage-review
boyish,needs-definition-and-usage-review
bracero,needs-definition-and-usage-review
bracken,needs-definition-and-usage-review
bragger,needs-definition-and-usage-review
braless,needs-definition-and-usage-review
brambly,needs-definition-and-usage-review
brander,needs-definition-and-usage-review
brashly,needs-definition-and-usage-review
bratty,needs-definition-and-usage-review
bravado,needs-definition-and-usage-review
braves,needs-definition-and-usage-review
brawler,needs-definition-and-usage-review
brawny,needs-definition-and-usage-review
braze,needs-definition-and-usage-review
brazed,needs-definition-and-usage-review
brazer,needs-definition-and-usage-review
brazers,needs-definition-and-usage-review
brazes,needs-definition-and-usage-review
brazier,needs-definition-and-usage-review
brazing,needs-definition-and-usage-review
breakup,needs-definition-and-usage-review
breathy,needs-definition-and-usage-review
brevet,needs-definition-and-usage-review
brevets,needs-definition-and-usage-review
brewery,needs-definition-and-usage-review
brewpub,needs-definition-and-usage-review
briber,needs-definition-and-usage-review
bribers,needs-definition-and-usage-review
briefs,needs-definition-and-usage-review
brights,needs-definition-and-usage-review
brimful,needs-definition-and-usage-review
brindle,needs-definition-and-usage-review
bringer,needs-definition-and-usage-review
brinier,needs-definition-and-usage-review
briny,needs-definition-and-usage-review
brisket,needs-definition-and-usage-review
broaden,needs-definition-and-usage-review
broadly,needs-definition-and-usage-review
brogan,needs-definition-and-usage-review
brogans,needs-definition-and-usage-review
broiler,needs-definition-and-usage-review
brokers,needs-definition-and-usage-review
bronc,needs-definition-and-usage-review
bronchi,needs-definition-and-usage-review
bronco,needs-definition-and-usage-review
broncos,needs-definition-and-usage-review
broncs,needs-definition-and-usage-review
bronzer,needs-definition-and-usage-review
brooder,needs-definition-and-usage-review
brr,needs-definition-and-usage-review
bruin,needs-definition-and-usage-review
bruins,needs-definition-and-usage-review
bruiser,needs-definition-and-usage-review
brushy,needs-definition-and-usage-review
brutish,needs-definition-and-usage-review
bubonic,needs-definition-and-usage-review
buckeye,needs-definition-and-usage-review
bucksaw,needs-definition-and-usage-review
budge,needs-definition-and-usage-review
budged,needs-definition-and-usage-review
budges,needs-definition-and-usage-review
budging,needs-definition-and-usage-review
buffoon,needs-definition-and-usage-review
bugaboo,needs-definition-and-usage-review
bugfix,needs-definition-and-usage-review
bugler,needs-definition-and-usage-review
buglers,needs-definition-and-usage-review
bulgier,needs-definition-and-usage-review
bulgur,needs-definition-and-usage-review
bulgy,needs-definition-and-usage-review
bulimic,needs-definition-and-usage-review
bulkier,needs-definition-and-usage-review
bulky,needs-definition-and-usage-review
bullion,needs-definition-and-usage-review
bullish,needs-definition-and-usage-review
bullock,needs-definition-and-usage-review
bulrush,needs-definition-and-usage-review
bumbag,needs-definition-and-usage-review
bumbags,needs-definition-and-usage-review
bumbler,needs-definition-and-usage-review
bumph,needs-definition-and-usage-review
bunchy,needs-definition-and-usage-review
bunco,needs-definition-and-usage-review
buncoed,needs-definition-and-usage-review
buncos,needs-definition-and-usage-review
bungle,needs-definition-and-usage-review
bungled,needs-definition-and-usage-review
bungler,needs-definition-and-usage-review
bungles,needs-definition-and-usage-review
burble,needs-definition-and-usage-review
burbled,needs-definition-and-usage-review
burbles,needs-definition-and-usage-review
burbs,needs-definition-and-usage-review
burdock,needs-definition-and-usage-review
burgh,needs-definition-and-usage-review
burghs,needs-definition-and-usage-review
burlap,needs-definition-and-usage-review
burled,needs-definition-and-usage-review
burlier,needs-definition-and-usage-review
burly,needs-definition-and-usage-review
burnout,needs-definition-and-usage-review
bursa,needs-definition-and-usage-review
bursae,needs-definition-and-usage-review
busbies,needs-definition-and-usage-review
busboy,needs-definition-and-usage-review
busboys,needs-definition-and-usage-review
busby,needs-definition-and-usage-review
busgirl,needs-definition-and-usage-review
bushier,needs-definition-and-usage-review
bushman,needs-definition-and-usage-review
bushmen,needs-definition-and-usage-review
bushy,needs-definition-and-usage-review
busily,needs-definition-and-usage-review
buskin,needs-definition-and-usage-review
buskins,needs-definition-and-usage-review
busload,needs-definition-and-usage-review
buster,needs-definition-and-usage-review
busters,needs-definition-and-usage-review
buts,needs-definition-and-usage-review
butte,needs-definition-and-usage-review
buttery,needs-definition-and-usage-review
buttes,needs-definition-and-usage-review
buyback,needs-definition-and-usage-review
buyout,needs-definition-and-usage-review
buyouts,needs-definition-and-usage-review
buzzer,needs-definition-and-usage-review
buzzers,needs-definition-and-usage-review
buzzy,needs-definition-and-usage-review
bycatch,needs-definition-and-usage-review
bypath,needs-definition-and-usage-review
bypaths,needs-definition-and-usage-review
byplay,needs-definition-and-usage-review
byre,needs-definition-and-usage-review
byres,needs-definition-and-usage-review
byroad,needs-definition-and-usage-review
byroads,needs-definition-and-usage-review
byway,needs-definition-and-usage-review
byways,needs-definition-and-usage-review
byword,needs-definition-and-usage-review
bywords,needs-definition-and-usage-review
cackle,needs-definition-and-usage-review
cackled,needs-definition-and-usage-review
cackler,needs-definition-and-usage-review
cackles,needs-definition-and-usage-review
caddish,needs-definition-and-usage-review
cadger,needs-definition-and-usage-review
cadgers,needs-definition-and-usage-review
caducei,needs-definition-and-usage-review
cagily,needs-definition-and-usage-review
cagoule,needs-definition-and-usage-review
cairn,needs-definition-and-usage-review
cairns,needs-definition-and-usage-review
caitiff,needs-definition-and-usage-review
cajoler,needs-definition-and-usage-review
calcify,needs-definition-and-usage-review
calcine,needs-definition-and-usage-review
calcite,needs-definition-and-usage-review
calculi,needs-definition-and-usage-review
caliber,needs-definition-and-usage-review
calico,needs-definition-and-usage-review
caliper,needs-definition-and-usage-review
calk,needs-definition-and-usage-review
calked,needs-definition-and-usage-review
calking,needs-definition-and-usage-review
calks,needs-definition-and-usage-review
caller,needs-definition-and-usage-review
callers,needs-definition-and-usage-review
calumet,needs-definition-and-usage-review
cambial,needs-definition-and-usage-review
cambium,needs-definition-and-usage-review
cambric,needs-definition-and-usage-review
cameo,needs-definition-and-usage-review
cameos,needs-definition-and-usage-review
camo,needs-definition-and-usage-review
camos,needs-definition-and-usage-review
camphor,needs-definition-and-usage-review
campier,needs-definition-and-usage-review
campy,needs-definition-and-usage-review
canape,needs-definition-and-usage-review
canapes,needs-definition-and-usage-review
canasta,needs-definition-and-usage-review
cancan,needs-definition-and-usage-review
cancans,needs-definition-and-usage-review
candler,needs-definition-and-usage-review
caner,needs-definition-and-usage-review
caners,needs-definition-and-usage-review
cannery,needs-definition-and-usage-review
cannily,needs-definition-and-usage-review
canola,needs-definition-and-usage-review
canteen,needs-definition-and-usage-review
canvass,needs-definition-and-usage-review
capably,needs-definition-and-usage-review
caplet,needs-definition-and-usage-review
caplets,needs-definition-and-usage-review
capon,needs-definition-and-usage-review
capons,needs-definition-and-usage-review
caprice,needs-definition-and-usage-review
captcha,needs-definition-and-usage-review
captor,needs-definition-and-usage-review
captors,needs-definition-and-usage-review
caramel,needs-definition-and-usage-review
caravan,needs-definition-and-usage-review
caravel,needs-definition-and-usage-review
carbide,needs-definition-and-usage-review
carbs,needs-definition-and-usage-review
cardiac,needs-definition-and-usage-review
cardio,needs-definition-and-usage-review
carfare,needs-definition-and-usage-review
carhop,needs-definition-and-usage-review
carhops,needs-definition-and-usage-review
caries,needs-definition-and-usage-review
carious,needs-definition-and-usage-review
carjack,needs-definition-and-usage-review
carload,needs-definition-and-usage-review
carnies,needs-definition-and-usage-review
carny,needs-definition-and-usage-review
caroler,needs-definition-and-usage-review
carotid,needs-definition-and-usage-review
carpool,needs-definition-and-usage-review
carport,needs-definition-and-usage-review
carrel,needs-definition-and-usage-review
carrels,needs-definition-and-usage-review
cartage,needs-definition-and-usage-review
carter,needs-definition-and-usage-review
carters,needs-definition-and-usage-review
carver,needs-definition-and-usage-review
carvers,needs-definition-and-usage-review
carvery,needs-definition-and-usage-review
casaba,needs-definition-and-usage-review
casabas,needs-definition-and-usage-review
cascara,needs-definition-and-usage-review
cashew,needs-definition-and-usage-review
cashews,needs-definition-and-usage-review
cashier,needs-definition-and-usage-review
cassock,needs-definition-and-usage-review
castoff,needs-definition-and-usage-review
casuist,needs-definition-and-usage-review
catalpa,needs-definition-and-usage-review
catbird,needs-definition-and-usage-review
catcall,needs-definition-and-usage-review
caterer,needs-definition-and-usage-review
catnip,needs-definition-and-usage-review
catsuit,needs-definition-and-usage-review
cattail,needs-definition-and-usage-review
cattery,needs-definition-and-usage-review
cattily,needs-definition-and-usage-review
catwalk,needs-definition-and-usage-review
caudal,needs-definition-and-usage-review
caulk,needs-definition-and-usage-review
caulked,needs-definition-and-usage-review
caulker,needs-definition-and-usage-review
caulks,needs-definition-and-usage-review
causal,needs-definition-and-usage-review
caveman,needs-definition-and-usage-review
cavemen,needs-definition-and-usage-review
caver,needs-definition-and-usage-review
cavern,needs-definition-and-usage-review
caverns,needs-definition-and-usage-review
cavers,needs-definition-and-usage-review
caviler,needs-definition-and-usage-review
cavort,needs-definition-and-usage-review
cavorts,needs-definition-and-usage-review
cayenne,needs-definition-and-usage-review
ceca,needs-definition-and-usage-review
cecal,needs-definition-and-usage-review
cecum,needs-definition-and-usage-review
ceder,needs-definition-and-usage-review
ceders,needs-definition-and-usage-review
celesta,needs-definition-and-usage-review
celiac,needs-definition-and-usage-review
cellar,needs-definition-and-usage-review
cellars,needs-definition-and-usage-review
celled,needs-definition-and-usage-review
censer,needs-definition-and-usage-review
censers,needs-definition-and-usage-review
centric,needs-definition-and-usage-review
cert,needs-definition-and-usage-review
certs,needs-definition-and-usage-review
cesspit,needs-definition-and-usage-review
ceteris,needs-definition-and-usage-review
ceviche,needs-definition-and-usage-review
chaise,needs-definition-and-usage-review
chaises,needs-definition-and-usage-review
chalet,needs-definition-and-usage-review
chalets,needs-definition-and-usage-review
chalky,needs-definition-and-usage-review
challah,needs-definition-and-usage-review
challis,needs-definition-and-usage-review
chancre,needs-definition-and-usage-review
chancy,needs-definition-and-usage-review
chanson,needs-definition-and-usage-review
chapeau,needs-definition-and-usage-review
chaplet,needs-definition-and-usage-review
charger,needs-definition-and-usage-review
charier,needs-definition-and-usage-review
charily,needs-definition-and-usage-review
charmer,needs-definition-and-usage-review
chary,needs-definition-and-usage-review
chasten,needs-definition-and-usage-review
cheapen,needs-definition-and-usage-review
cheaply,needs-definition-and-usage-review
cheapo,needs-definition-and-usage-review
checker,needs-definition-and-usage-review
cheddar,needs-definition-and-usage-review
cheeky,needs-definition-and-usage-review
cheerer,needs-definition-and-usage-review
cheery,needs-definition-and-usage-review
chemise,needs-definition-and-usage-review
chervil,needs-definition-and-usage-review
chested,needs-definition-and-usage-review
chesty,needs-definition-and-usage-review
cheviot,needs-definition-and-usage-review
chewer,needs-definition-and-usage-review
chewers,needs-definition-and-usage-review
chia,needs-definition-and-usage-review
chichi,needs-definition-and-usage-review
chichis,needs-definition-and-usage-review
chicle,needs-definition-and-usage-review
chiffon,needs-definition-and-usage-review
chignon,needs-definition-and-usage-review
chimer,needs-definition-and-usage-review
chimers,needs-definition-and-usage-review
chintz,needs-definition-and-usage-review
chinwag,needs-definition-and-usage-review
chipper,needs-definition-and-usage-review
chippie,needs-definition-and-usage-review
chippy,needs-definition-and-usage-review
chipset,needs-definition-and-usage-review
chirpy,needs-definition-and-usage-review
chirrup,needs-definition-and-usage-review
chivied,needs-definition-and-usage-review
chivies,needs-definition-and-usage-review
chivy,needs-definition-and-usage-review
chloral,needs-definition-and-usage-review
chooser,needs-definition-and-usage-review
choppy,needs-definition-and-usage-review
chordal,needs-definition-and-usage-review
chorea,needs-definition-and-usage-review
chorizo,needs-definition-and-usage-review
choroid,needs-definition-and-usage-review
chowder,needs-definition-and-usage-review
chrism,needs-definition-and-usage-review
chukka,needs-definition-and-usage-review
chukkas,needs-definition-and-usage-review
chummy,needs-definition-and-usage-review
chunky,needs-definition-and-usage-review
chunter,needs-definition-and-usage-review
churner,needs-definition-and-usage-review
churro,needs-definition-and-usage-review
churros,needs-definition-and-usage-review
chyron,needs-definition-and-usage-review
chyrons,needs-definition-and-usage-review
cilia,needs-definition-and-usage-review
cilium,needs-definition-and-usage-review
cinder,needs-definition-and-usage-review
cinders,needs-definition-and-usage-review
cine,needs-definition-and-usage-review
cirrus,needs-definition-and-usage-review
citadel,needs-definition-and-usage-review
citrusy,needs-definition-and-usage-review
civilly,needs-definition-and-usage-review
civvies,needs-definition-and-usage-review
clack,needs-definition-and-usage-review
clacked,needs-definition-and-usage-review
clacks,needs-definition-and-usage-review
claimer,needs-definition-and-usage-review
clanger,needs-definition-and-usage-review
clangor,needs-definition-and-usage-review
clank,needs-definition-and-usage-review
clanked,needs-definition-and-usage-review
clanks,needs-definition-and-usage-review
clarion,needs-definition-and-usage-review
clatter,needs-definition-and-usage-review
clausal,needs-definition-and-usage-review
clavier,needs-definition-and-usage-review
clayey,needs-definition-and-usage-review
clayier,needs-definition-and-usage-review
cleanly,needs-definition-and-usage-review
clears,needs-definition-and-usage-review
clement,needs-definition-and-usage-review
clevis,needs-definition-and-usage-review
cliche,needs-definition-and-usage-review
cliched,needs-definition-and-usage-review
clinger,needs-definition-and-usage-review
clinic,needs-definition-and-usage-review
clinics,needs-definition-and-usage-review
clink,needs-definition-and-usage-review
clinked,needs-definition-and-usage-review
clinks,needs-definition-and-usage-review
clipper,needs-definition-and-usage-review
cliquey,needs-definition-and-usage-review
clit,needs-definition-and-usage-review
clits,needs-definition-and-usage-review
clobber,needs-definition-and-usage-review
clomp,needs-definition-and-usage-review
clomped,needs-definition-and-usage-review
clomps,needs-definition-and-usage-review
clonal,needs-definition-and-usage-review
clonk,needs-definition-and-usage-review
clonked,needs-definition-and-usage-review
clonks,needs-definition-and-usage-review
clop,needs-definition-and-usage-review
clopped,needs-definition-and-usage-review
clops,needs-definition-and-usage-review
closure,needs-definition-and-usage-review
clubber,needs-definition-and-usage-review
clumpy,needs-definition-and-usage-review
clunk,needs-definition-and-usage-review
clunked,needs-definition-and-usage-review
clunker,needs-definition-and-usage-review
clunks,needs-definition-and-usage-review
clunky,needs-definition-and-usage-review
coarsen,needs-definition-and-usage-review
coast,needs-definition-and-usage-review
coasted,needs-definition-and-usage-review
coaster,needs-definition-and-usage-review
coasts,needs-definition-and-usage-review
coaxer,needs-definition-and-usage-review
coaxers,needs-definition-and-usage-review
coaxial,needs-definition-and-usage-review
cobble,needs-definition-and-usage-review
cobbled,needs-definition-and-usage-review
cobbles,needs-definition-and-usage-review
cobnut,needs-definition-and-usage-review
cobnuts,needs-definition-and-usage-review
cocci,needs-definition-and-usage-review
coccus,needs-definition-and-usage-review
cochair,needs-definition-and-usage-review
cockade,needs-definition-and-usage-review
cocker,needs-definition-and-usage-review
cockers,needs-definition-and-usage-review
cockier,needs-definition-and-usage-review
cockily,needs-definition-and-usage-review
cockney,needs-definition-and-usage-review
cockpit,needs-definition-and-usage-review
cocky,needs-definition-and-usage-review
coder,needs-definition-and-usage-review
coders,needs-definition-and-usage-review
codger,needs-definition-and-usage-review
codgers,needs-definition-and-usage-review
coequal,needs-definition-and-usage-review
coffer,needs-definition-and-usage-review
coffers,needs-definition-and-usage-review
cofound,needs-definition-and-usage-review
cogency,needs-definition-and-usage-review
coheir,needs-definition-and-usage-review
coheirs,needs-definition-and-usage-review
cohere,needs-definition-and-usage-review
cohered,needs-definition-and-usage-review
coheres,needs-definition-and-usage-review
cohost,needs-definition-and-usage-review
cohosts,needs-definition-and-usage-review
coiner,needs-definition-and-usage-review
coiners,needs-definition-and-usage-review
coital,needs-definition-and-usage-review
coitus,needs-definition-and-usage-review
cojones,needs-definition-and-usage-review
coley,needs-definition-and-usage-review
coleys,needs-definition-and-usage-review
colicky,needs-definition-and-usage-review
collard,needs-definition-and-usage-review
colleen,needs-definition-and-usage-review
colossi,needs-definition-and-usage-review
coltish,needs-definition-and-usage-review
comaker,needs-definition-and-usage-review
comber,needs-definition-and-usage-review
combers,needs-definition-and-usage-review
combo,needs-definition-and-usage-review
combos,needs-definition-and-usage-review
combust,needs-definition-and-usage-review
comfier,needs-definition-and-usage-review
comfit,needs-definition-and-usage-review
comfits,needs-definition-and-usage-review
comfy,needs-definition-and-usage-review
commode,needs-definition-and-usage-review
comp,needs-definition-and-usage-review
comped,needs-definition-and-usage-review
compeer,needs-definition-and-usage-review
comping,needs-definition-and-usage-review
compote,needs-definition-and-usage-review
comps,needs-definition-and-usage-review
concept,needs-definition-and-usage-review
conchie,needs-definition-and-usage-review
concoct,needs-definition-and-usage-review
concuss,needs-definition-and-usage-review
condole,needs-definition-and-usage-review
confab,needs-definition-and-usage-review
confabs,needs-definition-and-usage-review
confide,needs-definition-and-usage-review
confute,needs-definition-and-usage-review
conga,needs-definition-and-usage-review
congaed,needs-definition-and-usage-review
congas,needs-definition-and-usage-review
conger,needs-definition-and-usage-review
congers,needs-definition-and-usage-review
congest,needs-definition-and-usage-review
conjoin,needs-definition-and-usage-review
connive,needs-definition-and-usage-review
consul,needs-definition-and-usage-review
consuls,needs-definition-and-usage-review
contemn,needs-definition-and-usage-review
contour,needs-definition-and-usage-review
contuse,needs-definition-and-usage-review
convoke,needs-definition-and-usage-review
cookery,needs-definition-and-usage-review
cookout,needs-definition-and-usage-review
cooktop,needs-definition-and-usage-review
coolant,needs-definition-and-usage-review
copay,needs-definition-and-usage-review
coppery,needs-definition-and-usage-review
copycat,needs-definition-and-usage-review
copyist,needs-definition-and-usage-review
coracle,needs-definition-and-usage-review
corbel,needs-definition-and-usage-review
corbels,needs-definition-and-usage-review
cordage,needs-definition-and-usage-review
corer,needs-definition-and-usage-review
corers,needs-definition-and-usage-review
corkage,needs-definition-and-usage-review
corker,needs-definition-and-usage-review
corkers,needs-definition-and-usage-review
corm,needs-definition-and-usage-review
corms,needs-definition-and-usage-review
corncob,needs-definition-and-usage-review
corneal,needs-definition-and-usage-review
cornice,needs-definition-and-usage-review
cornier,needs-definition-and-usage-review
cornily,needs-definition-and-usage-review
cornrow,needs-definition-and-usage-review
corny,needs-definition-and-usage-review
corolla,needs-definition-and-usage-review
coronal,needs-definition-and-usage-review
coronet,needs-definition-and-usage-review
corral,needs-definition-and-usage-review
corrals,needs-definition-and-usage-review
corsage,needs-definition-and-usage-review
corsair,needs-definition-and-usage-review
cortege,needs-definition-and-usage-review
cosign,needs-definition-and-usage-review
cosigns,needs-definition-and-usage-review
cosplay,needs-definition-and-usage-review
costar,needs-definition-and-usage-review
costars,needs-definition-and-usage-review
cote,needs-definition-and-usage-review
cotes,needs-definition-and-usage-review
cottar,needs-definition-and-usage-review
cottars,needs-definition-and-usage-review
cotter,needs-definition-and-usage-review
cotters,needs-definition-and-usage-review
cottony,needs-definition-and-usage-review
cougar,needs-definition-and-usage-review
cougars,needs-definition-and-usage-review
coupler,needs-definition-and-usage-review
couplet,needs-definition-and-usage-review
courier,needs-definition-and-usage-review
courser,needs-definition-and-usage-review
courtly,needs-definition-and-usage-review
couture,needs-definition-and-usage-review
cower,needs-definition-and-usage-review
cowered,needs-definition-and-usage-review
cowers,needs-definition-and-usage-review
cowhand,needs-definition-and-usage-review
cowherd,needs-definition-and-usage-review
cowhide,needs-definition-and-usage-review
cowlick,needs-definition-and-usage-review
cowling,needs-definition-and-usage-review
cowpoke,needs-definition-and-usage-review
cowrie,needs-definition-and-usage-review
cowries,needs-definition-and-usage-review
cowshed,needs-definition-and-usage-review
coyly,needs-definition-and-usage-review
coyness,needs-definition-and-usage-review
cozily,needs-definition-and-usage-review
crabber,needs-definition-and-usage-review
crackly,needs-definition-and-usage-review
crackup,needs-definition-and-usage-review
crafter,needs-definition-and-usage-review
crammer,needs-definition-and-usage-review
crampon,needs-definition-and-usage-review
cranial,needs-definition-and-usage-review
crappie,needs-definition-and-usage-review
crappy,needs-definition-and-usage-review
crassly,needs-definition-and-usage-review
crawler,needs-definition-and-usage-review
crawly,needs-definition-and-usage-review
crazily,needs-definition-and-usage-review
creaky,needs-definition-and-usage-review
creamer,needs-definition-and-usage-review
creamy,needs-definition-and-usage-review
credo,needs-definition-and-usage-review
credos,needs-definition-and-usage-review
creepy,needs-definition-and-usage-review
cremate,needs-definition-and-usage-review
crewman,needs-definition-and-usage-review
crewmen,needs-definition-and-usage-review
cribber,needs-definition-and-usage-review
crick,needs-definition-and-usage-review
cricked,needs-definition-and-usage-review
cricks,needs-definition-and-usage-review
crikey,needs-definition-and-usage-review
crinkle,needs-definition-and-usage-review
crinkly,needs-definition-and-usage-review
cripes,needs-definition-and-usage-review
crisply,needs-definition-and-usage-review
croaky,needs-definition-and-usage-review
crock,needs-definition-and-usage-review
crocks,needs-definition-and-usage-review
crone,needs-definition-and-usage-review
crones,needs-definition-and-usage-review
cropper,needs-definition-and-usage-review
crosier,needs-definition-and-usage-review
croupy,needs-definition-and-usage-review
crouton,needs-definition-and-usage-review
crud,needs-definition-and-usage-review
cruddy,needs-definition-and-usage-review
crudely,needs-definition-and-usage-review
crudity,needs-definition-and-usage-review
cruet,needs-definition-and-usage-review
cruets,needs-definition-and-usage-review
cruller,needs-definition-and-usage-review
crumble,needs-definition-and-usage-review
crumbly,needs-definition-and-usage-review
crumby,needs-definition-and-usage-review
crupper,needs-definition-and-usage-review
cruse,needs-definition-and-usage-review
cruses,needs-definition-and-usage-review
crusher,needs-definition-and-usage-review
crustal,needs-definition-and-usage-review
crutch,needs-definition-and-usage-review
crypto,needs-definition-and-usage-review
cub,needs-definition-and-usage-review
cuber,needs-definition-and-usage-review
cubers,needs-definition-and-usage-review
cubical,needs-definition-and-usage-review
cubist,needs-definition-and-usage-review
cubists,needs-definition-and-usage-review
cubs,needs-definition-and-usage-review
cudgel,needs-definition-and-usage-review
cudgels,needs-definition-and-usage-review
culotte,needs-definition-and-usage-review
cultish,needs-definition-and-usage-review
cultism,needs-definition-and-usage-review
cultist,needs-definition-and-usage-review
cupful,needs-definition-and-usage-review
cupfuls,needs-definition-and-usage-review
curable,needs-definition-and-usage-review
curacao,needs-definition-and-usage-review
curacy,needs-definition-and-usage-review
curare,needs-definition-and-usage-review
curdle,needs-definition-and-usage-review
curdled,needs-definition-and-usage-review
curdles,needs-definition-and-usage-review
curer,needs-definition-and-usage-review
curers,needs-definition-and-usage-review
curler,needs-definition-and-usage-review
curlers,needs-definition-and-usage-review
curlier,needs-definition-and-usage-review
curly,needs-definition-and-usage-review
curtly,needs-definition-and-usage-review
curtsy,needs-definition-and-usage-review
curvier,needs-definition-and-usage-review
curvy,needs-definition-and-usage-review
cuspid,needs-definition-and-usage-review
cuspids,needs-definition-and-usage-review
cuss,needs-definition-and-usage-review
cussed,needs-definition-and-usage-review
cusses,needs-definition-and-usage-review
cussing,needs-definition-and-usage-review
custard,needs-definition-and-usage-review
cutback,needs-definition-and-usage-review
cutely,needs-definition-and-usage-review
cutesy,needs-definition-and-usage-review
cutey,needs-definition-and-usage-review
cuteys,needs-definition-and-usage-review
cutie,needs-definition-and-usage-review
cuties,needs-definition-and-usage-review
cutlass,needs-definition-and-usage-review
cutler,needs-definition-and-usage-review
cutlers,needs-definition-and-usage-review
cutlet,needs-definition-and-usage-review
cutlets,needs-definition-and-usage-review
cutoff,needs-definition-and-usage-review
cutoffs,needs-definition-and-usage-review
cutout,needs-definition-and-usage-review
cutouts,needs-definition-and-usage-review
cutup,needs-definition-and-usage-review
cutups,needs-definition-and-usage-review
cutworm,needs-definition-and-usage-review
cystic,needs-definition-and-usage-review
czarism,needs-definition-and-usage-review
dabber,needs-definition-and-usage-review
dabbers,needs-definition-and-usage-review
dabble,needs-definition-and-usage-review
dabbled,needs-definition-and-usage-review
dabbler,needs-definition-and-usage-review
dabbles,needs-definition-and-usage-review
dadaism,needs-definition-and-usage-review
dadaist,needs-definition-and-usage-review
daftly,needs-definition-and-usage-review
dago,needs-definition-and-usage-review
dagoes,needs-definition-and-usage-review
dagos,needs-definition-and-usage-review
daikon,needs-definition-and-usage-review
dallier,needs-definition-and-usage-review
damply,needs-definition-and-usage-review
damson,needs-definition-and-usage-review
damsons,needs-definition-and-usage-review
dandify,needs-definition-and-usage-review
dandle,needs-definition-and-usage-review
dandled,needs-definition-and-usage-review
dandles,needs-definition-and-usage-review
dangler,needs-definition-and-usage-review
dankly,needs-definition-and-usage-review
darer,needs-definition-and-usage-review
darers,needs-definition-and-usage-review
daresay,needs-definition-and-usage-review
darkie,needs-definition-and-usage-review
darkies,needs-definition-and-usage-review
darkish,needs-definition-and-usage-review
darner,needs-definition-and-usage-review
darners,needs-definition-and-usage-review
darns,needs-definition-and-usage-review
darter,needs-definition-and-usage-review
darters,needs-definition-and-usage-review
dastard,needs-definition-and-usage-review
dataset,needs-definition-and-usage-review
dateset,needs-definition-and-usage-review
daub,needs-definition-and-usage-review
daubed,needs-definition-and-usage-review
daubing,needs-definition-and-usage-review
daubs,needs-definition-and-usage-review
dawdler,needs-definition-and-usage-review
daybed,needs-definition-and-usage-review
daybeds,needs-definition-and-usage-review
daycare,needs-definition-and-usage-review
daylily,needs-definition-and-usage-review
daylong,needs-definition-and-usage-review
daypack,needs-definition-and-usage-review
daytime,needs-definition-and-usage-review
dazedly,needs-definition-and-usage-review
dazzler,needs-definition-and-usage-review
deacon,needs-definition-and-usage-review
deacons,needs-definition-and-usage-review
deaden,needs-definition-and-usage-review
deadens,needs-definition-and-usage-review
deanery,needs-definition-and-usage-review
dearies,needs-definition-and-usage-review
deary,needs-definition-and-usage-review
deathly,needs-definition-and-usage-review
debar,needs-definition-and-usage-review
debark,needs-definition-and-usage-review
debarks,needs-definition-and-usage-review
debars,needs-definition-and-usage-review
debase,needs-definition-and-usage-review
debased,needs-definition-and-usage-review
debases,needs-definition-and-usage-review
debauch,needs-definition-and-usage-review
debit,needs-definition-and-usage-review
debited,needs-definition-and-usage-review
debits,needs-definition-and-usage-review
debouch,needs-definition-and-usage-review
debrief,needs-definition-and-usage-review
decaff,needs-definition-and-usage-review
decaffs,needs-definition-and-usage-review
decider,needs-definition-and-usage-review
declaim,needs-definition-and-usage-review
declaw,needs-definition-and-usage-review
declaws,needs-definition-and-usage-review
decode,needs-definition-and-usage-review
decoded,needs-definition-and-usage-review
decoder,needs-definition-and-usage-review
decodes,needs-definition-and-usage-review
decor,needs-definition-and-usage-review
decors,needs-definition-and-usage-review
decoy,needs-definition-and-usage-review
decoyed,needs-definition-and-usage-review
decoys,needs-definition-and-usage-review
deeply,needs-definition-and-usage-review
defacer,needs-definition-and-usage-review
defamer,needs-definition-and-usage-review
defang,needs-definition-and-usage-review
defangs,needs-definition-and-usage-review
defiler,needs-definition-and-usage-review
definer,needs-definition-and-usage-review
defog,needs-definition-and-usage-review
defogs,needs-definition-and-usage-review
defrock,needs-definition-and-usage-review
defrost,needs-definition-and-usage-review
deftly,needs-definition-and-usage-review
defund,needs-definition-and-usage-review
defunds,needs-definition-and-usage-review
degas,needs-definition-and-usage-review
degases,needs-definition-and-usage-review
deglaze,needs-definition-and-usage-review
deice,needs-definition-and-usage-review
deiced,needs-definition-and-usage-review
deicer,needs-definition-and-usage-review
deicers,needs-definition-and-usage-review
deices,needs-definition-and-usage-review
deicing,needs-definition-and-usage-review
deism,needs-definition-and-usage-review
deist,needs-definition-and-usage-review
deistic,needs-definition-and-usage-review
deists,needs-definition-and-usage-review
delayer,needs-definition-and-usage-review
deli,needs-definition-and-usage-review
delis,needs-definition-and-usage-review
delouse,needs-definition-and-usage-review
demerit,needs-definition-and-usage-review
demist,needs-definition-and-usage-review
demists,needs-definition-and-usage-review
demode,needs-definition-and-usage-review
demount,needs-definition-and-usage-review
densely,needs-definition-and-usage-review
dentin,needs-definition-and-usage-review
deplane,needs-definition-and-usage-review
deploy,needs-definition-and-usage-review
deploys,needs-definition-and-usage-review
deport,needs-definition-and-usage-review
deports,needs-definition-and-usage-review
depot,needs-definition-and-usage-review
depots,needs-definition-and-usage-review
depress,needs-definition-and-usage-review
depute,needs-definition-and-usage-review
deputed,needs-definition-and-usage-review
deputes,needs-definition-and-usage-review
derail,needs-definition-and-usage-review
derails,needs-definition-and-usage-review
derange,needs-definition-and-usage-review
dermal,needs-definition-and-usage-review
descale,needs-definition-and-usage-review
descant,needs-definition-and-usage-review
deskill,needs-definition-and-usage-review
despoil,needs-definition-and-usage-review
destine,needs-definition-and-usage-review
detour,needs-definition-and-usage-review
detours,needs-definition-and-usage-review
devalue,needs-definition-and-usage-review
devilry,needs-definition-and-usage-review
devious,needs-definition-and-usage-review
devolve,needs-definition-and-usage-review
devotee,needs-definition-and-usage-review
dewclaw,needs-definition-and-usage-review
dewdrop,needs-definition-and-usage-review
dewier,needs-definition-and-usage-review
dewiest,needs-definition-and-usage-review
dewy,needs-definition-and-usage-review
diadem,needs-definition-and-usage-review
diadems,needs-definition-and-usage-review
dialer,needs-definition-and-usage-review
dialers,needs-definition-and-usage-review
dibs,needs-definition-and-usage-review
diddle,needs-definition-and-usage-review
diddled,needs-definition-and-usage-review
diddler,needs-definition-and-usage-review
diddles,needs-definition-and-usage-review
diddly,needs-definition-and-usage-review
diddums,needs-definition-and-usage-review
dieter,needs-definition-and-usage-review
dieters,needs-definition-and-usage-review
digger,needs-definition-and-usage-review
diggers,needs-definition-and-usage-review
digicam,needs-definition-and-usage-review
digit,needs-definition-and-usage-review
digits,needs-definition-and-usage-review
diktat,needs-definition-and-usage-review
diktats,needs-definition-and-usage-review
dilate,needs-definition-and-usage-review
dilated,needs-definition-and-usage-review
dilates,needs-definition-and-usage-review
dilator,needs-definition-and-usage-review
dillies,needs-definition-and-usage-review
dilly,needs-definition-and-usage-review
dimity,needs-definition-and-usage-review
dimly,needs-definition-and-usage-review
dimmers,needs-definition-and-usage-review
dimness,needs-definition-and-usage-review
dimply,needs-definition-and-usage-review
ding,needs-definition-and-usage-review
dingbat,needs-definition-and-usage-review
dinged,needs-definition-and-usage-review
dingier,needs-definition-and-usage-review
dingily,needs-definition-and-usage-review
dinging,needs-definition-and-usage-review
dings,needs-definition-and-usage-review
dingy,needs-definition-and-usage-review
dinkier,needs-definition-and-usage-review
dinkies,needs-definition-and-usage-review
dinky,needs-definition-and-usage-review
dioxin,needs-definition-and-usage-review
dioxins,needs-definition-and-usage-review
dippier,needs-definition-and-usage-review
dippy,needs-definition-and-usage-review
direful,needs-definition-and-usage-review
direly,needs-definition-and-usage-review
dirndl,needs-definition-and-usage-review
dirndls,needs-definition-and-usage-review
dirtbag,needs-definition-and-usage-review
dirtily,needs-definition-and-usage-review
disband,needs-definition-and-usage-review
discus,needs-definition-and-usage-review
dishpan,needs-definition-and-usage-review
dishrag,needs-definition-and-usage-review
dishy,needs-definition-and-usage-review
disobey,needs-definition-and-usage-review
disport,needs-definition-and-usage-review
distill,needs-definition-and-usage-review
disuse,needs-definition-and-usage-review
disused,needs-definition-and-usage-review
disuses,needs-definition-and-usage-review
dither,needs-definition-and-usage-review
dithers,needs-definition-and-usage-review
divider,needs-definition-and-usage-review
divines,needs-definition-and-usage-review
divot,needs-definition-and-usage-review
divots,needs-definition-and-usage-review
divvied,needs-definition-and-usage-review
divvies,needs-definition-and-usage-review
divvy,needs-definition-and-usage-review
dizzied,needs-definition-and-usage-review
dizzier,needs-definition-and-usage-review
dizzies,needs-definition-and-usage-review
dizzily,needs-definition-and-usage-review
dizzy,needs-definition-and-usage-review
doable,needs-definition-and-usage-review
dob,needs-definition-and-usage-review
dobbed,needs-definition-and-usage-review
dobbing,needs-definition-and-usage-review
dobro,needs-definition-and-usage-review
dobros,needs-definition-and-usage-review
dobs,needs-definition-and-usage-review
docker,needs-definition-and-usage-review
dockers,needs-definition-and-usage-review
doddery,needs-definition-and-usage-review
dodgem,needs-definition-and-usage-review
dodgems,needs-definition-and-usage-review
dodger,needs-definition-and-usage-review
dodgers,needs-definition-and-usage-review
doeskin,needs-definition-and-usage-review
dogcart,needs-definition-and-usage-review
dogie,needs-definition-and-usage-review
dogies,needs-definition-and-usage-review
doglike,needs-definition-and-usage-review
dogsled,needs-definition-and-usage-review
dogtrot,needs-definition-and-usage-review
dogwood,needs-definition-and-usage-review
doilies,needs-definition-and-usage-review
doily,needs-definition-and-usage-review
doleful,needs-definition-and-usage-review
dolmen,needs-definition-and-usage-review
dolmens,needs-definition-and-usage-review
dona,needs-definition-and-usage-review
donas,needs-definition-and-usage-review
dongle,needs-definition-and-usage-review
dongles,needs-definition-and-usage-review
donnish,needs-definition-and-usage-review
doodah,needs-definition-and-usage-review
doodahs,needs-definition-and-usage-review
doodler,needs-definition-and-usage-review
doomer,needs-definition-and-usage-review
doomers,needs-definition-and-usage-review
doorman,needs-definition-and-usage-review
doormat,needs-definition-and-usage-review
doormen,needs-definition-and-usage-review
dopa,needs-definition-and-usage-review
doper,needs-definition-and-usage-review
dopers,needs-definition-and-usage-review
dopey,needs-definition-and-usage-review
dopier,needs-definition-and-usage-review
dopiest,needs-definition-and-usage-review
dories,needs-definition-and-usage-review
dorkier,needs-definition-and-usage-review
dorky,needs-definition-and-usage-review
dormant,needs-definition-and-usage-review
dory,needs-definition-and-usage-review
dosage,needs-definition-and-usage-review
dosages,needs-definition-and-usage-review
dosser,needs-definition-and-usage-review
dossers,needs-definition-and-usage-review
dotage,needs-definition-and-usage-review
dotard,needs-definition-and-usage-review
dotards,needs-definition-and-usage-review
dottier,needs-definition-and-usage-review
dotty,needs-definition-and-usage-review
doubles,needs-definition-and-usage-review
doublet,needs-definition-and-usage-review
doubter,needs-definition-and-usage-review
doughy,needs-definition-and-usage-review
doula,needs-definition-and-usage-review
doulas,needs-definition-and-usage-review
dourly,needs-definition-and-usage-review
dovish,needs-definition-and-usage-review
dowdily,needs-definition-and-usage-review
dower,needs-definition-and-usage-review
dowered,needs-definition-and-usage-review
dowers,needs-definition-and-usage-review
downer,needs-definition-and-usage-review
downers,needs-definition-and-usage-review
downier,needs-definition-and-usage-review
downs,needs-definition-and-usage-review
downy,needs-definition-and-usage-review
dowser,needs-definition-and-usage-review
dowsers,needs-definition-and-usage-review
dox,needs-definition-and-usage-review
doxed,needs-definition-and-usage-review
doxes,needs-definition-and-usage-review
doxing,needs-definition-and-usage-review
doxings,needs-definition-and-usage-review
doxx,needs-definition-and-usage-review
doxxed,needs-definition-and-usage-review
doxxes,needs-definition-and-usage-review
doxxing,needs-definition-and-usage-review
doyenne,needs-definition-and-usage-review
dozenth,needs-definition-and-usage-review
dozer,needs-definition-and-usage-review
dozers,needs-definition-and-usage-review
dozier,needs-definition-and-usage-review
doziest,needs-definition-and-usage-review
dozily,needs-definition-and-usage-review
dozy,needs-definition-and-usage-review
drably,needs-definition-and-usage-review
drafter,needs-definition-and-usage-review
drafty,needs-definition-and-usage-review
draggy,needs-definition-and-usage-review
dragnet,needs-definition-and-usage-review
dramedy,needs-definition-and-usage-review
drapery,needs-definition-and-usage-review
drat,needs-definition-and-usage-review
dratted,needs-definition-and-usage-review
dreamer,needs-definition-and-usage-review
dreamy,needs-definition-and-usage-review
drear,needs-definition-and-usage-review
dredger,needs-definition-and-usage-review
dreidel,needs-definition-and-usage-review
drench,needs-definition-and-usage-review
dressy,needs-definition-and-usage-review
driblet,needs-definition-and-usage-review
driller,needs-definition-and-usage-review
drinker,needs-definition-and-usage-review
drip,needs-definition-and-usage-review
dripped,needs-definition-and-usage-review
drippy,needs-definition-and-usage-review
drips,needs-definition-and-usage-review
drizzly,needs-definition-and-usage-review
drogue,needs-definition-and-usage-review
drogues,needs-definition-and-usage-review
droid,needs-definition-and-usage-review
droids,needs-definition-and-usage-review
drolly,needs-definition-and-usage-review
droopy,needs-definition-and-usage-review
dropout,needs-definition-and-usage-review
dropper,needs-definition-and-usage-review
drowse,needs-definition-and-usage-review
drowsed,needs-definition-and-usage-review
drowses,needs-definition-and-usage-review
drub,needs-definition-and-usage-review
drubbed,needs-definition-and-usage-review
drubber,needs-definition-and-usage-review
drubs,needs-definition-and-usage-review
druggie,needs-definition-and-usage-review
drummer,needs-definition-and-usage-review
dryad,needs-definition-and-usage-review
dryads,needs-definition-and-usage-review
dryly,needs-definition-and-usage-review
dryness,needs-definition-and-usage-review
drywall,needs-definition-and-usage-review
dubbin,needs-definition-and-usage-review
dubiety,needs-definition-and-usage-review
duckier,needs-definition-and-usage-review
duckies,needs-definition-and-usage-review
ducky,needs-definition-and-usage-review
ducting,needs-definition-and-usage-review
dueler,needs-definition-and-usage-review
duelers,needs-definition-and-usage-review
duelist,needs-definition-and-usage-review
duffle,needs-definition-and-usage-review
duffles,needs-definition-and-usage-review
dugout,needs-definition-and-usage-review
dugouts,needs-definition-and-usage-review
duh,needs-definition-and-usage-review
dukedom,needs-definition-and-usage-review
dullard,needs-definition-and-usage-review
dully,needs-definition-and-usage-review
dumbly,needs-definition-and-usage-review
dumdum,needs-definition-and-usage-review
dumdums,needs-definition-and-usage-review
dumper,needs-definition-and-usage-review
dumpers,needs-definition-and-usage-review
dumpier,needs-definition-and-usage-review
dumpy,needs-definition-and-usage-review
duodena,needs-definition-and-usage-review
duopoly,needs-definition-and-usage-review
duper,needs-definition-and-usage-review
dupers,needs-definition-and-usage-review
duple,needs-definition-and-usage-review
durably,needs-definition-and-usage-review
durance,needs-definition-and-usage-review
durum,needs-definition-and-usage-review
duskier,needs-definition-and-usage-review
dusky,needs-definition-and-usage-review
duster,needs-definition-and-usage-review
dusters,needs-definition-and-usage-review
dustier,needs-definition-and-usage-review
dustman,needs-definition-and-usage-review
dustmen,needs-definition-and-usage-review
dustpan,needs-definition-and-usage-review
dusty,needs-definition-and-usage-review
duteous,needs-definition-and-usage-review
dutiful,needs-definition-and-usage-review
dweller,needs-definition-and-usage-review
dyke,needs-definition-and-usage-review
dykes,needs-definition-and-usage-review
dystopi,needs-definition-and-usage-review
earache,needs-definition-and-usage-review
earbud,needs-definition-and-usage-review
earbuds,needs-definition-and-usage-review
eardrum,needs-definition-and-usage-review
eared,needs-definition-and-usage-review
earful,needs-definition-and-usage-review
earfuls,needs-definition-and-usage-review
earldom,needs-definition-and-usage-review
earmark,needs-definition-and-usage-review
earmuff,needs-definition-and-usage-review
earthen,needs-definition-and-usage-review
earthy,needs-definition-and-usage-review
earworm,needs-definition-and-usage-review
eatable,needs-definition-and-usage-review
eatery,needs-definition-and-usage-review
eave,needs-definition-and-usage-review
echoic,needs-definition-and-usage-review
eclogue,needs-definition-and-usage-review
ecocide,needs-definition-and-usage-review
ecu,needs-definition-and-usage-review
ecus,needs-definition-and-usage-review
edamame,needs-definition-and-usage-review
edger,needs-definition-and-usage-review
edgers,needs-definition-and-usage-review
edgily,needs-definition-and-usage-review
edgings,needs-definition-and-usage-review
edifier,needs-definition-and-usage-review
educe,needs-definition-and-usage-review
educed,needs-definition-and-usage-review
educes,needs-definition-and-usage-review
educing,needs-definition-and-usage-review
eerily,needs-definition-and-usage-review
effendi,needs-definition-and-usage-review
effete,needs-definition-and-usage-review
effuse,needs-definition-and-usage-review
effused,needs-definition-and-usage-review
effuses,needs-definition-and-usage-review
egad,needs-definition-and-usage-review
egoist,needs-definition-and-usage-review
egoists,needs-definition-and-usage-review
egotist,needs-definition-and-usage-review
elfish,needs-definition-and-usage-review
elision,needs-definition-and-usage-review
elodea,needs-definition-and-usage-review
elodeas,needs-definition-and-usage-review
elope,needs-definition-and-usage-review
eloped,needs-definition-and-usage-review
elopes,needs-definition-and-usage-review
eloping,needs-definition-and-usage-review
elude,needs-definition-and-usage-review
eluded,needs-definition-and-usage-review
eludes,needs-definition-and-usage-review
eluding,needs-definition-and-usage-review
emblem,needs-definition-and-usage-review
emblems,needs-definition-and-usage-review
emboss,needs-definition-and-usage-review
embower,needs-definition-and-usage-review
embroil,needs-definition-and-usage-review
emend,needs-definition-and-usage-review
emended,needs-definition-and-usage-review
emends,needs-definition-and-usage-review
emerita,needs-definition-and-usage-review
emery,needs-definition-and-usage-review
emigre,needs-definition-and-usage-review
emigres,needs-definition-and-usage-review
emitter,needs-definition-and-usage-review
emoji,needs-definition-and-usage-review
emojis,needs-definition-and-usage-review
emote,needs-definition-and-usage-review
emoted,needs-definition-and-usage-review
emotes,needs-definition-and-usage-review
emoting,needs-definition-and-usage-review
emotive,needs-definition-and-usage-review
empiric,needs-definition-and-usage-review
empties,needs-definition-and-usage-review
emptily,needs-definition-and-usage-review
ems,needs-definition-and-usage-review
enabler,needs-definition-and-usage-review
enamel,needs-definition-and-usage-review
enamels,needs-definition-and-usage-review
enamor,needs-definition-and-usage-review
enamors,needs-definition-and-usage-review
encamp,needs-definition-and-usage-review
encamps,needs-definition-and-usage-review
enchain,needs-definition-and-usage-review
encoder,needs-definition-and-usage-review
encyst,needs-definition-and-usage-review
encysts,needs-definition-and-usage-review
endgame,needs-definition-and-usage-review
endmost,needs-definition-and-usage-review
endnote,needs-definition-and-usage-review
endue,needs-definition-and-usage-review
endued,needs-definition-and-usage-review
endues,needs-definition-and-usage-review
enduing,needs-definition-and-usage-review
endways,needs-definition-and-usage-review
enfold,needs-definition-and-usage-review
enfolds,needs-definition-and-usage-review
engram,needs-definition-and-usage-review
engrams,needs-definition-and-usage-review
enjoin,needs-definition-and-usage-review
enjoins,needs-definition-and-usage-review
enlist,needs-definition-and-usage-review
enlists,needs-definition-and-usage-review
enmesh,needs-definition-and-usage-review
ennoble,needs-definition-and-usage-review
enplane,needs-definition-and-usage-review
enrich,needs-definition-and-usage-review
ens,needs-definition-and-usage-review
enslave,needs-definition-and-usage-review
ensue,needs-definition-and-usage-review
ensued,needs-definition-and-usage-review
ensues,needs-definition-and-usage-review
ensuing,needs-definition-and-usage-review
ensurer,needs-definition-and-usage-review
entente,needs-definition-and-usage-review
enteral,needs-definition-and-usage-review
entrant,needs-definition-and-usage-review
entwine,needs-definition-and-usage-review
envenom,needs-definition-and-usage-review
envoy,needs-definition-and-usage-review
envoys,needs-definition-and-usage-review
eolian,needs-definition-and-usage-review
epaulet,needs-definition-and-usage-review
epic,needs-definition-and-usage-review
epics,needs-definition-and-usage-review
epicure,needs-definition-and-usage-review
epochal,needs-definition-and-usage-review
equable,needs-definition-and-usage-review
equably,needs-definition-and-usage-review
equals,needs-definition-and-usage-review
equate,needs-definition-and-usage-review
equated,needs-definition-and-usage-review
equates,needs-definition-and-usage-review
equerry,needs-definition-and-usage-review
erectly,needs-definition-and-usage-review
erector,needs-definition-and-usage-review
erelong,needs-definition-and-usage-review
ergot,needs-definition-and-usage-review
erosive,needs-definition-and-usage-review
erst,needs-definition-and-usage-review
eruct,needs-definition-and-usage-review
eructed,needs-definition-and-usage-review
eructs,needs-definition-and-usage-review
esquire,needs-definition-and-usage-review
estrous,needs-definition-and-usage-review
estrus,needs-definition-and-usage-review
etcher,needs-definition-and-usage-review
etchers,needs-definition-and-usage-review
ethic,needs-definition-and-usage-review
ethics,needs-definition-and-usage-review
evacuee,needs-definition-and-usage-review
evader,needs-definition-and-usage-review
evaders,needs-definition-and-usage-review
evens,needs-definition-and-usage-review
exabyte,needs-definition-and-usage-review
excise,needs-definition-and-usage-review
excised,needs-definition-and-usage-review
excises,needs-definition-and-usage-review
exciter,needs-definition-and-usage-review
exciton,needs-definition-and-usage-review
excreta,needs-definition-and-usage-review
exes,needs-definition-and-usage-review
exeunt,needs-definition-and-usage-review
exhibit,needs-definition-and-usage-review
exilic,needs-definition-and-usage-review
exodus,needs-definition-and-usage-review
exon,needs-definition-and-usage-review
exons,needs-definition-and-usage-review
expend,needs-definition-and-usage-review
expiry,needs-definition-and-usage-review
exports,needs-definition-and-usage-review
exult,needs-definition-and-usage-review
exulted,needs-definition-and-usage-review
exults,needs-definition-and-usage-review
exurb,needs-definition-and-usage-review
exurban,needs-definition-and-usage-review
exurbia,needs-definition-and-usage-review
exurbs,needs-definition-and-usage-review
eyeful,needs-definition-and-usage-review
eyefuls,needs-definition-and-usage-review
eyeless,needs-definition-and-usage-review
eyewash,needs-definition-and-usage-review
eyewear,needs-definition-and-usage-review
faddish,needs-definition-and-usage-review
faddist,needs-definition-and-usage-review
faddy,needs-definition-and-usage-review
fadeout,needs-definition-and-usage-review
faience,needs-definition-and-usage-review
faille,needs-definition-and-usage-review
faints,needs-definition-and-usage-review
fairing,needs-definition-and-usage-review
faker,needs-definition-and-usage-review
fakers,needs-definition-and-usage-review
fakery,needs-definition-and-usage-review
fakes,needs-definition-and-usage-review
falloff,needs-definition-and-usage-review
fallout,needs-definition-and-usage-review
fallow,needs-definition-and-usage-review
fallows,needs-definition-and-usage-review
false,needs-definition-and-usage-review
falsely,needs-definition-and-usage-review
falser,needs-definition-and-usage-review
falsest,needs-definition-and-usage-review
falsie,needs-definition-and-usage-review
falsies,needs-definition-and-usage-review
falsity,needs-definition-and-usage-review
famish,needs-definition-and-usage-review
fanboy,needs-definition-and-usage-review
fanboys,needs-definition-and-usage-review
fancily,needs-definition-and-usage-review
fanged,needs-definition-and-usage-review
fantail,needs-definition-and-usage-review
fanzine,needs-definition-and-usage-review
faraway,needs-definition-and-usage-review
farrow,needs-definition-and-usage-review
farrows,needs-definition-and-usage-review
fasts,needs-definition-and-usage-review
fat,needs-definition-and-usage-review
fatally,needs-definition-and-usage-review
fatback,needs-definition-and-usage-review
fateful,needs-definition-and-usage-review
fathead,needs-definition-and-usage-review
fatness,needs-definition-and-usage-review
fats,needs-definition-and-usage-review
fatso,needs-definition-and-usage-review
fatsos,needs-definition-and-usage-review
fatten,needs-definition-and-usage-review
fattens,needs-definition-and-usage-review
fatter,needs-definition-and-usage-review
fattest,needs-definition-and-usage-review
fatuity,needs-definition-and-usage-review
fauvism,needs-definition-and-usage-review
fauvist,needs-definition-and-usage-review
fava,needs-definition-and-usage-review
favas,needs-definition-and-usage-review
favela,needs-definition-and-usage-review
favelas,needs-definition-and-usage-review
feaster,needs-definition-and-usage-review
feebly,needs-definition-and-usage-review
feedbag,needs-definition-and-usage-review
feedlot,needs-definition-and-usage-review
fellers,needs-definition-and-usage-review
femoral,needs-definition-and-usage-review
fencer,needs-definition-and-usage-review
fencers,needs-definition-and-usage-review
fernier,needs-definition-and-usage-review
ferny,needs-definition-and-usage-review
fervid,needs-definition-and-usage-review
festal,needs-definition-and-usage-review
fetcher,needs-definition-and-usage-review
fevered,needs-definition-and-usage-review
fewness,needs-definition-and-usage-review
fiance,needs-definition-and-usage-review
fiancee,needs-definition-and-usage-review
fiances,needs-definition-and-usage-review
fiasco,needs-definition-and-usage-review
fibber,needs-definition-and-usage-review
fibbers,needs-definition-and-usage-review
fibril,needs-definition-and-usage-review
fibrils,needs-definition-and-usage-review
fibroid,needs-definition-and-usage-review
fibular,needs-definition-and-usage-review
fiche,needs-definition-and-usage-review
fiches,needs-definition-and-usage-review
fichu,needs-definition-and-usage-review
fichus,needs-definition-and-usage-review
fictive,needs-definition-and-usage-review
fiddly,needs-definition-and-usage-review
fidgety,needs-definition-and-usage-review
fie,needs-definition-and-usage-review
fiefdom,needs-definition-and-usage-review
fifthly,needs-definition-and-usage-review
filer,needs-definition-and-usage-review
filers,needs-definition-and-usage-review
filmier,needs-definition-and-usage-review
filmy,needs-definition-and-usage-review
finder,needs-definition-and-usage-review
finders,needs-definition-and-usage-review
finely,needs-definition-and-usage-review
fines,needs-definition-and-usage-review
finical,needs-definition-and-usage-review
fink,needs-definition-and-usage-review
finked,needs-definition-and-usage-review
finking,needs-definition-and-usage-review
finks,needs-definition-and-usage-review
finny,needs-definition-and-usage-review
firebox,needs-definition-and-usage-review
firepit,needs-definition-and-usage-review
firer,needs-definition-and-usage-review
firers,needs-definition-and-usage-review
firmer,needs-definition-and-usage-review
firmest,needs-definition-and-usage-review
fisher,needs-definition-and-usage-review
fishers,needs-definition-and-usage-review
fishery,needs-definition-and-usage-review
fishily,needs-definition-and-usage-review
fishnet,needs-definition-and-usage-review
fission,needs-definition-and-usage-review
fistful,needs-definition-and-usage-review
fitful,needs-definition-and-usage-review
fitly,needs-definition-and-usage-review
fitment,needs-definition-and-usage-review
fits,needs-definition-and-usage-review
fitters,needs-definition-and-usage-review
fixable,needs-definition-and-usage-review
fixate,needs-definition-and-usage-review
fixated,needs-definition-and-usage-review
fixates,needs-definition-and-usage-review
fixedly,needs-definition-and-usage-review
fixer,needs-definition-and-usage-review
fixers,needs-definition-and-usage-review
fixings,needs-definition-and-usage-review
fixity,needs-definition-and-usage-review
fixture,needs-definition-and-usage-review
flagman,needs-definition-and-usage-review
flagmen,needs-definition-and-usage-review
flagon,needs-definition-and-usage-review
flagons,needs-definition-and-usage-review
flair,needs-definition-and-usage-review
flairs,needs-definition-and-usage-review
flambe,needs-definition-and-usage-review
flanker,needs-definition-and-usage-review
flashy,needs-definition-and-usage-review
flatlet,needs-definition-and-usage-review
flatly,needs-definition-and-usage-review
flats,needs-definition-and-usage-review
flattop,needs-definition-and-usage-review
fleabag,needs-definition-and-usage-review
fleapit,needs-definition-and-usage-review
fledged,needs-definition-and-usage-review
fleecer,needs-definition-and-usage-review
fleecy,needs-definition-and-usage-review
fleetly,needs-definition-and-usage-review
fleshly,needs-definition-and-usage-review
flicker,needs-definition-and-usage-review
flirty,needs-definition-and-usage-review
flogger,needs-definition-and-usage-review
floozy,needs-definition-and-usage-review
floret,needs-definition-and-usage-review
florets,needs-definition-and-usage-review
florid,needs-definition-and-usage-review
florin,needs-definition-and-usage-review
florins,needs-definition-and-usage-review
florist,needs-definition-and-usage-review
flossy,needs-definition-and-usage-review
flouncy,needs-definition-and-usage-review
flouter,needs-definition-and-usage-review
flowery,needs-definition-and-usage-review
fluency,needs-definition-and-usage-review
fluidly,needs-definition-and-usage-review
flukier,needs-definition-and-usage-review
fluky,needs-definition-and-usage-review
flunk,needs-definition-and-usage-review
flunked,needs-definition-and-usage-review
flunks,needs-definition-and-usage-review
flunky,needs-definition-and-usage-review
flurry,needs-definition-and-usage-review
flusher,needs-definition-and-usage-review
flutter,needs-definition-and-usage-review
fluvial,needs-definition-and-usage-review
flyable,needs-definition-and-usage-review
flyaway,needs-definition-and-usage-review
flyby,needs-definition-and-usage-review
flybys,needs-definition-and-usage-review
flyleaf,needs-definition-and-usage-review
flyover,needs-definition-and-usage-review
flypast,needs-definition-and-usage-review
flytrap,needs-definition-and-usage-review
focally,needs-definition-and-usage-review
foggily,needs-definition-and-usage-review
foghorn,needs-definition-and-usage-review
fogies,needs-definition-and-usage-review
fogy,needs-definition-and-usage-review
fogyish,needs-definition-and-usage-review
foist,needs-definition-and-usage-review
foisted,needs-definition-and-usage-review
foists,needs-definition-and-usage-review
foldout,needs-definition-and-usage-review
folic,needs-definition-and-usage-review
folio,needs-definition-and-usage-review
folios,needs-definition-and-usage-review
folkway,needs-definition-and-usage-review
foodie,needs-definition-and-usage-review
foodies,needs-definition-and-usage-review
foolery,needs-definition-and-usage-review
footage,needs-definition-and-usage-review
footer,needs-definition-and-usage-review
footers,needs-definition-and-usage-review
footie,needs-definition-and-usage-review
footman,needs-definition-and-usage-review
footmen,needs-definition-and-usage-review
footsie,needs-definition-and-usage-review
foppery,needs-definition-and-usage-review
foppish,needs-definition-and-usage-review
forager,needs-definition-and-usage-review
forceps,needs-definition-and-usage-review
forearm,needs-definition-and-usage-review
foreman,needs-definition-and-usage-review
foremen,needs-definition-and-usage-review
forgoer,needs-definition-and-usage-review
forkful,needs-definition-and-usage-review
fossa,needs-definition-and-usage-review
fossas,needs-definition-and-usage-review
foulard,needs-definition-and-usage-review
foully,needs-definition-and-usage-review
fouls,needs-definition-and-usage-review
foxfire,needs-definition-and-usage-review
foxhunt,needs-definition-and-usage-review
foxily,needs-definition-and-usage-review
frack,needs-definition-and-usage-review
fracked,needs-definition-and-usage-review
fracks,needs-definition-and-usage-review
fractal,needs-definition-and-usage-review
frailly,needs-definition-and-usage-review
frailty,needs-definition-and-usage-review
framer,needs-definition-and-usage-review
framers,needs-definition-and-usage-review
franks,needs-definition-and-usage-review
frazzle,needs-definition-and-usage-review
freaky,needs-definition-and-usage-review
freckly,needs-definition-and-usage-review
freeman,needs-definition-and-usage-review
freshen,needs-definition-and-usage-review
freshet,needs-definition-and-usage-review
freshly,needs-definition-and-usage-review
fretful,needs-definition-and-usage-review
fretsaw,needs-definition-and-usage-review
frig,needs-definition-and-usage-review
frigate,needs-definition-and-usage-review
frigged,needs-definition-and-usage-review
frigs,needs-definition-and-usage-review
frill,needs-definition-and-usage-review
frilled,needs-definition-and-usage-review
frills,needs-definition-and-usage-review
frilly,needs-definition-and-usage-review
fritz,needs-definition-and-usage-review
frizzle,needs-definition-and-usage-review
frizzly,needs-definition-and-usage-review
frogman,needs-definition-and-usage-review
frogmen,needs-definition-and-usage-review
frosty,needs-definition-and-usage-review
frowzy,needs-definition-and-usage-review
fruity,needs-definition-and-usage-review
frump,needs-definition-and-usage-review
frumps,needs-definition-and-usage-review
fryer,needs-definition-and-usage-review
fryers,needs-definition-and-usage-review
fuddle,needs-definition-and-usage-review
fuddled,needs-definition-and-usage-review
fuddles,needs-definition-and-usage-review
fuehrer,needs-definition-and-usage-review
fuggy,needs-definition-and-usage-review
fuhrer,needs-definition-and-usage-review
fuhrers,needs-definition-and-usage-review
fumbler,needs-definition-and-usage-review
fumier,needs-definition-and-usage-review
fumiest,needs-definition-and-usage-review
fumy,needs-definition-and-usage-review
functor,needs-definition-and-usage-review
funfair,needs-definition-and-usage-review
fungoid,needs-definition-and-usage-review
fungous,needs-definition-and-usage-review
furbish,needs-definition-and-usage-review
fusee,needs-definition-and-usage-review
fusees,needs-definition-and-usage-review
fusilli,needs-definition-and-usage-review
fussily,needs-definition-and-usage-review
fusspot,needs-definition-and-usage-review
futz,needs-definition-and-usage-review
futzed,needs-definition-and-usage-review
futzes,needs-definition-and-usage-review
futzing,needs-definition-and-usage-review
fuzzily,needs-definition-and-usage-review
gabbier,needs-definition-and-usage-review
gabble,needs-definition-and-usage-review
gabbled,needs-definition-and-usage-review
gabbles,needs-definition-and-usage-review
gabby,needs-definition-and-usage-review
gabfest,needs-definition-and-usage-review
gabled,needs-definition-and-usage-review
gainer,needs-definition-and-usage-review
gainers,needs-definition-and-usage-review
gainful,needs-definition-and-usage-review
galoot,needs-definition-and-usage-review
galoots,needs-definition-and-usage-review
galosh,needs-definition-and-usage-review
galumph,needs-definition-and-usage-review
gambler,needs-definition-and-usage-review
gambol,needs-definition-and-usage-review
gambols,needs-definition-and-usage-review
gamely,needs-definition-and-usage-review
gametic,needs-definition-and-usage-review
gamier,needs-definition-and-usage-review
gamiest,needs-definition-and-usage-review
gamin,needs-definition-and-usage-review
gamine,needs-definition-and-usage-review
gamines,needs-definition-and-usage-review
gamins,needs-definition-and-usage-review
gammon,needs-definition-and-usage-review
gammy,needs-definition-and-usage-review
gamy,needs-definition-and-usage-review
ganache,needs-definition-and-usage-review
ganglia,needs-definition-and-usage-review
ganja,needs-definition-and-usage-review
gantlet,needs-definition-and-usage-review
garcon,needs-definition-and-usage-review
garcons,needs-definition-and-usage-review
garfish,needs-definition-and-usage-review
gargle,needs-definition-and-usage-review
gargled,needs-definition-and-usage-review
gargles,needs-definition-and-usage-review
garret,needs-definition-and-usage-review
garrets,needs-definition-and-usage-review
garrote,needs-definition-and-usage-review
garter,needs-definition-and-usage-review
garters,needs-definition-and-usage-review
gasbag,needs-definition-and-usage-review
gasbags,needs-definition-and-usage-review
gaslit,needs-definition-and-usage-review
gasman,needs-definition-and-usage-review
gasmen,needs-definition-and-usage-review
gasohol,needs-definition-and-usage-review
gastric,needs-definition-and-usage-review
gateway,needs-definition-and-usage-review
gaudily,needs-definition-and-usage-review
gavel,needs-definition-and-usage-review
gavels,needs-definition-and-usage-review
gavotte,needs-definition-and-usage-review
gawd,needs-definition-and-usage-review
gawker,needs-definition-and-usage-review
gawkers,needs-definition-and-usage-review
gawkily,needs-definition-and-usage-review
gawp,needs-definition-and-usage-review
gawped,needs-definition-and-usage-review
gawps,needs-definition-and-usage-review
gay,needs-definition-and-usage-review
gayer,needs-definition-and-usage-review
gayest,needs-definition-and-usage-review
gays,needs-definition-and-usage-review
gazer,needs-definition-and-usage-review
gazers,needs-definition-and-usage-review
gazump,needs-definition-and-usage-review
gazumps,needs-definition-and-usage-review
geddit,needs-definition-and-usage-review
gelcap,needs-definition-and-usage-review
gelcaps,needs-definition-and-usage-review
genteel,needs-definition-and-usage-review
gentian,needs-definition-and-usage-review
geode,needs-definition-and-usage-review
geodes,needs-definition-and-usage-review
gestapo,needs-definition-and-usage-review
gestate,needs-definition-and-usage-review
ghat,needs-definition-and-usage-review
ghats,needs-definition-and-usage-review
gibbet,needs-definition-and-usage-review
gibbets,needs-definition-and-usage-review
gibe,needs-definition-and-usage-review
gibed,needs-definition-and-usage-review
gibes,needs-definition-and-usage-review
gibing,needs-definition-and-usage-review
giddily,needs-definition-and-usage-review
gigabit,needs-definition-and-usage-review
giggler,needs-definition-and-usage-review
giggly,needs-definition-and-usage-review
gigolo,needs-definition-and-usage-review
gigolos,needs-definition-and-usage-review
gillie,needs-definition-and-usage-review
gillies,needs-definition-and-usage-review
gimbals,needs-definition-and-usage-review
gimlet,needs-definition-and-usage-review
gimlets,needs-definition-and-usage-review
gimpy,needs-definition-and-usage-review
gingery,needs-definition-and-usage-review
gingham,needs-definition-and-usage-review
gite,needs-definition-and-usage-review
gites,needs-definition-and-usage-review
glace,needs-definition-and-usage-review
glaceed,needs-definition-and-usage-review
glaces,needs-definition-and-usage-review
gladden,needs-definition-and-usage-review
glam,needs-definition-and-usage-review
glassy,needs-definition-and-usage-review
gleaner,needs-definition-and-usage-review
glenoid,needs-definition-and-usage-review
glibly,needs-definition-and-usage-review
glimmer,needs-definition-and-usage-review
glint,needs-definition-and-usage-review
glinted,needs-definition-and-usage-review
glints,needs-definition-and-usage-review
glisten,needs-definition-and-usage-review
glister,needs-definition-and-usage-review
glitz,needs-definition-and-usage-review
glitzy,needs-definition-and-usage-review
gloat,needs-definition-and-usage-review
gloated,needs-definition-and-usage-review
gloats,needs-definition-and-usage-review
glob,needs-definition-and-usage-review
globs,needs-definition-and-usage-review
gloppy,needs-definition-and-usage-review
glorify,needs-definition-and-usage-review
glossy,needs-definition-and-usage-review
gluey,needs-definition-and-usage-review
gluier,needs-definition-and-usage-review
gluiest,needs-definition-and-usage-review
glum,needs-definition-and-usage-review
glumly,needs-definition-and-usage-review
glummer,needs-definition-and-usage-review
gneiss,needs-definition-and-usage-review
gnomish,needs-definition-and-usage-review
gobbet,needs-definition-and-usage-review
gobbets,needs-definition-and-usage-review
goblin,needs-definition-and-usage-review
goblins,needs-definition-and-usage-review
goddamn,needs-definition-and-usage-review
godhead,needs-definition-and-usage-review
godhood,needs-definition-and-usage-review
godsend,needs-definition-and-usage-review
gofer,needs-definition-and-usage-review
gofers,needs-definition-and-usage-review
golfer,needs-definition-and-usage-review
golfers,needs-definition-and-usage-review
gonadal,needs-definition-and-usage-review
goober,needs-definition-and-usage-review
goobers,needs-definition-and-usage-review
goodies,needs-definition-and-usage-review
goodish,needs-definition-and-usage-review
goody,needs-definition-and-usage-review
gorgon,needs-definition-and-usage-review
gorgons,needs-definition-and-usage-review
gorily,needs-definition-and-usage-review
gorp,needs-definition-and-usage-review
gorse,needs-definition-and-usage-review
gossipy,needs-definition-and-usage-review
goth,needs-definition-and-usage-review
goths,needs-definition-and-usage-review
gouache,needs-definition-and-usage-review
gourd,needs-definition-and-usage-review
gourde,needs-definition-and-usage-review
gourdes,needs-definition-and-usage-review
gourds,needs-definition-and-usage-review
goutier,needs-definition-and-usage-review
gouty,needs-definition-and-usage-review
grabby,needs-definition-and-usage-review
gradate,needs-definition-and-usage-review
grained,needs-definition-and-usage-review
grampa,needs-definition-and-usage-review
grampus,needs-definition-and-usage-review
grandly,needs-definition-and-usage-review
grandma,needs-definition-and-usage-review
grandpa,needs-definition-and-usage-review
granola,needs-definition-and-usage-review
granter,needs-definition-and-usage-review
grapnel,needs-definition-and-usage-review
grapple,needs-definition-and-usage-review
grassy,needs-definition-and-usage-review
gratify,needs-definition-and-usage-review
gratin,needs-definition-and-usage-review
gratins,needs-definition-and-usage-review
graven,needs-definition-and-usage-review
grayish,needs-definition-and-usage-review
grays,needs-definition-and-usage-review
grazer,needs-definition-and-usage-review
grazers,needs-definition-and-usage-review
greaser,needs-definition-and-usage-review
greenly,needs-definition-and-usage-review
greeter,needs-definition-and-usage-review
gremlin,needs-definition-and-usage-review
griddle,needs-definition-and-usage-review
griever,needs-definition-and-usage-review
grimier,needs-definition-and-usage-review
grimly,needs-definition-and-usage-review
grimy,needs-definition-and-usage-review
gripper,needs-definition-and-usage-review
grisly,needs-definition-and-usage-review
grist,needs-definition-and-usage-review
gristle,needs-definition-and-usage-review
gristly,needs-definition-and-usage-review
gritter,needs-definition-and-usage-review
grizzly,needs-definition-and-usage-review
groat,needs-definition-and-usage-review
groats,needs-definition-and-usage-review
grog,needs-definition-and-usage-review
groomer,needs-definition-and-usage-review
groper,needs-definition-and-usage-review
gropers,needs-definition-and-usage-review
grossly,needs-definition-and-usage-review
groupie,needs-definition-and-usage-review
grouser,needs-definition-and-usage-review
grower,needs-definition-and-usage-review
growers,needs-definition-and-usage-review
grubby,needs-definition-and-usage-review
gruffly,needs-definition-and-usage-review
grump,needs-definition-and-usage-review
grumps,needs-definition-and-usage-review
grungy,needs-definition-and-usage-review
grunion,needs-definition-and-usage-review
guarani,needs-definition-and-usage-review
guarder,needs-definition-and-usage-review
guesser,needs-definition-and-usage-review
guff,needs-definition-and-usage-review
guider,needs-definition-and-usage-review
guiders,needs-definition-and-usage-review
guilder,needs-definition-and-usage-review
gulch,needs-definition-and-usage-review
gulches,needs-definition-and-usage-review
gulden,needs-definition-and-usage-review
guldens,needs-definition-and-usage-review
gulper,needs-definition-and-usage-review
gulpers,needs-definition-and-usage-review
gumball,needs-definition-and-usage-review
gumboil,needs-definition-and-usage-review
gumboot,needs-definition-and-usage-review
gunboat,needs-definition-and-usage-review
gunge,needs-definition-and-usage-review
gungy,needs-definition-and-usage-review
gunky,needs-definition-and-usage-review
gunman,needs-definition-and-usage-review
gunmen,needs-definition-and-usage-review
gunnel,needs-definition-and-usage-review
gunnels,needs-definition-and-usage-review
gunner,needs-definition-and-usage-review
gunners,needs-definition-and-usage-review
gunplay,needs-definition-and-usage-review
gunwale,needs-definition-and-usage-review
gurgle,needs-definition-and-usage-review
gurgled,needs-definition-and-usage-review
gurgles,needs-definition-and-usage-review
gurney,needs-definition-and-usage-review
gurneys,needs-definition-and-usage-review
gusher,needs-definition-and-usage-review
gushers,needs-definition-and-usage-review
gushier,needs-definition-and-usage-review
gushy,needs-definition-and-usage-review
gussied,needs-definition-and-usage-review
gussies,needs-definition-and-usage-review
gussy,needs-definition-and-usage-review
gustier,needs-definition-and-usage-review
gustily,needs-definition-and-usage-review
gusty,needs-definition-and-usage-review
gutless,needs-definition-and-usage-review
gutsier,needs-definition-and-usage-review
gutsy,needs-definition-and-usage-review
guttier,needs-definition-and-usage-review
gutty,needs-definition-and-usage-review
guv,needs-definition-and-usage-review
guvnor,needs-definition-and-usage-review
guvnors,needs-definition-and-usage-review
guvs,needs-definition-and-usage-review
guzzler,needs-definition-and-usage-review
gymnast,needs-definition-and-usage-review
gymslip,needs-definition-and-usage-review
gypper,needs-definition-and-usage-review
gyppers,needs-definition-and-usage-review
gypster,needs-definition-and-usage-review
gyrator,needs-definition-and-usage-review
habitue,needs-definition-and-usage-review
hacksaw,needs-definition-and-usage-review
haggish,needs-definition-and-usage-review
haggler,needs-definition-and-usage-review
hahnium,needs-definition-and-usage-review
halberd,needs-definition-and-usage-review
halfwit,needs-definition-and-usage-review
halloo,needs-definition-and-usage-review
halloos,needs-definition-and-usage-review
hallow,needs-definition-and-usage-review
hallows,needs-definition-and-usage-review
hallway,needs-definition-and-usage-review
halon,needs-definition-and-usage-review
halter,needs-definition-and-usage-review
halters,needs-definition-and-usage-review
halyard,needs-definition-and-usage-review
hamburg,needs-definition-and-usage-review
hammier,needs-definition-and-usage-review
hammy,needs-definition-and-usage-review
handcar,needs-definition-and-usage-review
handler,needs-definition-and-usage-review
handset,needs-definition-and-usage-review
hangout,needs-definition-and-usage-review
hank,needs-definition-and-usage-review
hankie,needs-definition-and-usage-review
hankies,needs-definition-and-usage-review
hanks,needs-definition-and-usage-review
hansom,needs-definition-and-usage-review
hansoms,needs-definition-and-usage-review
haply,needs-definition-and-usage-review
harden,needs-definition-and-usage-review
hardens,needs-definition-and-usage-review
hardhat,needs-definition-and-usage-review
hardily,needs-definition-and-usage-review
hardtop,needs-definition-and-usage-review
haricot,needs-definition-and-usage-review
harlot,needs-definition-and-usage-review
harlots,needs-definition-and-usage-review
harpist,needs-definition-and-usage-review
harrier,needs-definition-and-usage-review
harrow,needs-definition-and-usage-review
harrows,needs-definition-and-usage-review
harshly,needs-definition-and-usage-review
hashtag,needs-definition-and-usage-review
hatband,needs-definition-and-usage-review
hatbox,needs-definition-and-usage-review
hatpin,needs-definition-and-usage-review
hatpins,needs-definition-and-usage-review
haulage,needs-definition-and-usage-review
hauler,needs-definition-and-usage-review
haulers,needs-definition-and-usage-review
haulier,needs-definition-and-usage-review
haunch,needs-definition-and-usage-review
haunter,needs-definition-and-usage-review
hawker,needs-definition-and-usage-review
hawkers,needs-definition-and-usage-review
hawkish,needs-definition-and-usage-review
hawser,needs-definition-and-usage-review
hawsers,needs-definition-and-usage-review
haycock,needs-definition-and-usage-review
hayloft,needs-definition-and-usage-review
haymow,needs-definition-and-usage-review
haymows,needs-definition-and-usage-review
hayrick,needs-definition-and-usage-review
hayride,needs-definition-and-usage-review
hazily,needs-definition-and-usage-review
hazmat,needs-definition-and-usage-review
headily,needs-definition-and-usage-review
headman,needs-definition-and-usage-review
headmen,needs-definition-and-usage-review
headpin,needs-definition-and-usage-review
headset,needs-definition-and-usage-review
hearer,needs-definition-and-usage-review
hearers,needs-definition-and-usage-review
hearken,needs-definition-and-usage-review
hearted,needs-definition-and-usage-review
hearten,needs-definition-and-usage-review
hectic,needs-definition-and-usage-review
heehaw,needs-definition-and-usage-review
heehaws,needs-definition-and-usage-review
heftily,needs-definition-and-usage-review
heiress,needs-definition-and-usage-review
helipad,needs-definition-and-usage-review
hellcat,needs-definition-and-usage-review
hellion,needs-definition-and-usage-review
helot,needs-definition-and-usage-review
helots,needs-definition-and-usage-review
helve,needs-definition-and-usage-review
helves,needs-definition-and-usage-review
hemline,needs-definition-and-usage-review
hemmer,needs-definition-and-usage-review
hemmers,needs-definition-and-usage-review
hempen,needs-definition-and-usage-review
henpeck,needs-definition-and-usage-review
herbage,needs-definition-and-usage-review
herbal,needs-definition-and-usage-review
herbals,needs-definition-and-usage-review
herder,needs-definition-and-usage-review
herders,needs-definition-and-usage-review
hereof,needs-definition-and-usage-review
hereon,needs-definition-and-usage-review
hereto,needs-definition-and-usage-review
hernial,needs-definition-and-usage-review
heroics,needs-definition-and-usage-review
herpes,needs-definition-and-usage-review
hessian,needs-definition-and-usage-review
hewer,needs-definition-and-usage-review
hewers,needs-definition-and-usage-review
hibachi,needs-definition-and-usage-review
hick,needs-definition-and-usage-review
hickory,needs-definition-and-usage-review
hicks,needs-definition-and-usage-review
hideout,needs-definition-and-usage-review
hider,needs-definition-and-usage-review
hiders,needs-definition-and-usage-review
highboy,needs-definition-and-usage-review
hillier,needs-definition-and-usage-review
hillock,needs-definition-and-usage-review
hilltop,needs-definition-and-usage-review
hilly,needs-definition-and-usage-review
hind,needs-definition-and-usage-review
hinds,needs-definition-and-usage-review
hipbath,needs-definition-and-usage-review
hipness,needs-definition-and-usage-review
hipster,needs-definition-and-usage-review
hist,needs-definition-and-usage-review
hitcher,needs-definition-and-usage-review
hitter,needs-definition-and-usage-review
hitters,needs-definition-and-usage-review
hiya,needs-definition-and-usage-review
hoarder,needs-definition-and-usage-review
hoaxer,needs-definition-and-usage-review
hoaxers,needs-definition-and-usage-review
hobbler,needs-definition-and-usage-review
hobnail,needs-definition-and-usage-review
hoecake,needs-definition-and-usage-review
hoedown,needs-definition-and-usage-review
hoer,needs-definition-and-usage-review
hoers,needs-definition-and-usage-review
hogback,needs-definition-and-usage-review
hoggish,needs-definition-and-usage-review
hogtie,needs-definition-and-usage-review
hogtied,needs-definition-and-usage-review
hogties,needs-definition-and-usage-review
hoick,needs-definition-and-usage-review
hoicked,needs-definition-and-usage-review
hoicks,needs-definition-and-usage-review
hoke,needs-definition-and-usage-review
hoked,needs-definition-and-usage-review
hokes,needs-definition-and-usage-review
hokey,needs-definition-and-usage-review
hokier,needs-definition-and-usage-review
hokiest,needs-definition-and-usage-review
hoking,needs-definition-and-usage-review
holdall,needs-definition-and-usage-review
holdout,needs-definition-and-usage-review
homburg,needs-definition-and-usage-review
hominy,needs-definition-and-usage-review
honer,needs-definition-and-usage-review
honers,needs-definition-and-usage-review
honk,needs-definition-and-usage-review
honked,needs-definition-and-usage-review
honker,needs-definition-and-usage-review
honkers,needs-definition-and-usage-review
honkies,needs-definition-and-usage-review
honking,needs-definition-and-usage-review
honks,needs-definition-and-usage-review
honky,needs-definition-and-usage-review
honoree,needs-definition-and-usage-review
honorer,needs-definition-and-usage-review
hoodlum,needs-definition-and-usage-review
hoodoo,needs-definition-and-usage-review
hoodoos,needs-definition-and-usage-review
hoofer,needs-definition-and-usage-review
hoofers,needs-definition-and-usage-review
hookup,needs-definition-and-usage-review
hookups,needs-definition-and-usage-review
hooky,needs-definition-and-usage-review
horned,needs-definition-and-usage-review
horrify,needs-definition-and-usage-review
horse,needs-definition-and-usage-review
horsed,needs-definition-and-usage-review
horses,needs-definition-and-usage-review
horsing,needs-definition-and-usage-review
hos,needs-definition-and-usage-review
hosanna,needs-definition-and-usage-review
hosiery,needs-definition-and-usage-review
hospice,needs-definition-and-usage-review
hosta,needs-definition-and-usage-review
hostas,needs-definition-and-usage-review
hotbox,needs-definition-and-usage-review
hotcake,needs-definition-and-usage-review
hotfoot,needs-definition-and-usage-review
hotkey,needs-definition-and-usage-review
hotkeys,needs-definition-and-usage-review
hotline,needs-definition-and-usage-review
hotly,needs-definition-and-usage-review
hotness,needs-definition-and-usage-review
hotpot,needs-definition-and-usage-review
hotpots,needs-definition-and-usage-review
hotshot,needs-definition-and-usage-review
hottie,needs-definition-and-usage-review
hotties,needs-definition-and-usage-review
houri,needs-definition-and-usage-review
houris,needs-definition-and-usage-review
hourly,needs-definition-and-usage-review
howbeit,needs-definition-and-usage-review
hoyden,needs-definition-and-usage-review
hoydens,needs-definition-and-usage-review
hubbies,needs-definition-and-usage-review
hubby,needs-definition-and-usage-review
hubcap,needs-definition-and-usage-review
hubcaps,needs-definition-and-usage-review
hued,needs-definition-and-usage-review
huff,needs-definition-and-usage-review
huffed,needs-definition-and-usage-review
huffier,needs-definition-and-usage-review
huffily,needs-definition-and-usage-review
huffing,needs-definition-and-usage-review
huffs,needs-definition-and-usage-review
huffy,needs-definition-and-usage-review
hugely,needs-definition-and-usage-review
hugger,needs-definition-and-usage-review
huggers,needs-definition-and-usage-review
hulking,needs-definition-and-usage-review
humanly,needs-definition-and-usage-review
humble,needs-definition-and-usage-review
humbled,needs-definition-and-usage-review
humbler,needs-definition-and-usage-review
humbles,needs-definition-and-usage-review
humeral,needs-definition-and-usage-review
humidly,needs-definition-and-usage-review
humidor,needs-definition-and-usage-review
hummock,needs-definition-and-usage-review
humph,needs-definition-and-usage-review
humphed,needs-definition-and-usage-review
humphs,needs-definition-and-usage-review
hurdler,needs-definition-and-usage-review
hurrah,needs-definition-and-usage-review
hurrahs,needs-definition-and-usage-review
husker,needs-definition-and-usage-review
huskers,needs-definition-and-usage-review
huskier,needs-definition-and-usage-review
huskies,needs-definition-and-usage-review
huskily,needs-definition-and-usage-review
husky,needs-definition-and-usage-review
hustle,needs-definition-and-usage-review
hustled,needs-definition-and-usage-review
hustler,needs-definition-and-usage-review
hustles,needs-definition-and-usage-review
hydrant,needs-definition-and-usage-review
hydro,needs-definition-and-usage-review
hydrous,needs-definition-and-usage-review
hyssop,needs-definition-and-usage-review
iambus,needs-definition-and-usage-review
ibidem,needs-definition-and-usage-review
iceboat,needs-definition-and-usage-review
icecap,needs-definition-and-usage-review
icecaps,needs-definition-and-usage-review
iceman,needs-definition-and-usage-review
icemen,needs-definition-and-usage-review
icily,needs-definition-and-usage-review
iciness,needs-definition-and-usage-review
ideally,needs-definition-and-usage-review
idem,needs-definition-and-usage-review
idiocy,needs-definition-and-usage-review
idlers,needs-definition-and-usage-review
idles,needs-definition-and-usage-review
idly,needs-definition-and-usage-review
idolize,needs-definition-and-usage-review
ids,needs-definition-and-usage-review
ifs,needs-definition-and-usage-review
ignobly,needs-definition-and-usage-review
imago,needs-definition-and-usage-review
imagoes,needs-definition-and-usage-review
imbiber,needs-definition-and-usage-review
impanel,needs-definition-and-usage-review
impish,needs-definition-and-usage-review
implant,needs-definition-and-usage-review
imposer,needs-definition-and-usage-review
inanely,needs-definition-and-usage-review
inaptly,needs-definition-and-usage-review
inboard,needs-definition-and-usage-review
inbound,needs-definition-and-usage-review
inbox,needs-definition-and-usage-review
inboxes,needs-definition-and-usage-review
inbuilt,needs-definition-and-usage-review
inciter,needs-definition-and-usage-review
incomer,needs-definition-and-usage-review
indexer,needs-definition-and-usage-review
indie,needs-definition-and-usage-review
indies,needs-definition-and-usage-review
indite,needs-definition-and-usage-review
indited,needs-definition-and-usage-review
indites,needs-definition-and-usage-review
inducer,needs-definition-and-usage-review
indwell,needs-definition-and-usage-review
indwelt,needs-definition-and-usage-review
ineptly,needs-definition-and-usage-review
inertly,needs-definition-and-usage-review
inexact,needs-definition-and-usage-review
inferno,needs-definition-and-usage-review
infill,needs-definition-and-usage-review
infills,needs-definition-and-usage-review
infirm,needs-definition-and-usage-review
infuser,needs-definition-and-usage-review
ingrain,needs-definition-and-usage-review
ingrown,needs-definition-and-usage-review
inhaler,needs-definition-and-usage-review
inhuman,needs-definition-and-usage-review
inject,needs-definition-and-usage-review
injects,needs-definition-and-usage-review
injurer,needs-definition-and-usage-review
inkblot,needs-definition-and-usage-review
inkier,needs-definition-and-usage-review
inkiest,needs-definition-and-usage-review
inkjet,needs-definition-and-usage-review
inky,needs-definition-and-usage-review
inlaid,needs-definition-and-usage-review
inlay,needs-definition-and-usage-review
inlays,needs-definition-and-usage-review
inlet,needs-definition-and-usage-review
inlets,needs-definition-and-usage-review
inline,needs-definition-and-usage-review
inmate,needs-definition-and-usage-review
inmates,needs-definition-and-usage-review
inmost,needs-definition-and-usage-review
innit,needs-definition-and-usage-review
inroad,needs-definition-and-usage-review
inrush,needs-definition-and-usage-review
inseam,needs-definition-and-usage-review
inseams,needs-definition-and-usage-review
inshore,needs-definition-and-usage-review
insole,needs-definition-and-usage-review
insoles,needs-definition-and-usage-review
instate,needs-definition-and-usage-review
instep,needs-definition-and-usage-review
insteps,needs-definition-and-usage-review
instill,needs-definition-and-usage-review
insulin,needs-definition-and-usage-review
insurer,needs-definition-and-usage-review
intern,needs-definition-and-usage-review
interns,needs-definition-and-usage-review
intoner,needs-definition-and-usage-review
introit,needs-definition-and-usage-review
inwards,needs-definition-and-usage-review
iodize,needs-definition-and-usage-review
iodized,needs-definition-and-usage-review
iodizes,needs-definition-and-usage-review
ionizer,needs-definition-and-usage-review
ipecac,needs-definition-and-usage-review
ipecacs,needs-definition-and-usage-review
irately,needs-definition-and-usage-review
ireful,needs-definition-and-usage-review
irrupt,needs-definition-and-usage-review
irrupts,needs-definition-and-usage-review
issuer,needs-definition-and-usage-review
issuers,needs-definition-and-usage-review
itchier,needs-definition-and-usage-review
itchy,needs-definition-and-usage-review
itemize,needs-definition-and-usage-review
jadedly,needs-definition-and-usage-review
jadeite,needs-definition-and-usage-review
jamb,needs-definition-and-usage-review
jambs,needs-definition-and-usage-review
jammer,needs-definition-and-usage-review
jammers,needs-definition-and-usage-review
jammies,needs-definition-and-usage-review
jangle,needs-definition-and-usage-review
jangled,needs-definition-and-usage-review
jangler,needs-definition-and-usage-review
jangles,needs-definition-and-usage-review
janitor,needs-definition-and-usage-review
jarful,needs-definition-and-usage-review
jarfuls,needs-definition-and-usage-review
jasmine,needs-definition-and-usage-review
jato,needs-definition-and-usage-review
jatos,needs-definition-and-usage-review
jawline,needs-definition-and-usage-review
jaybird,needs-definition-and-usage-review
jeep,needs-definition-and-usage-review
jeeps,needs-definition-and-usage-review
jeez,needs-definition-and-usage-review
jell,needs-definition-and-usage-review
jelled,needs-definition-and-usage-review
jelling,needs-definition-and-usage-review
jello,needs-definition-and-usage-review
jells,needs-definition-and-usage-review
jemmied,needs-definition-and-usage-review
jemmies,needs-definition-and-usage-review
jemmy,needs-definition-and-usage-review
jennet,needs-definition-and-usage-review
jennets,needs-definition-and-usage-review
jerkily,needs-definition-and-usage-review
jerkin,needs-definition-and-usage-review
jerkins,needs-definition-and-usage-review
jester,needs-definition-and-usage-review
jesters,needs-definition-and-usage-review
jetport,needs-definition-and-usage-review
jeweler,needs-definition-and-usage-review
jicama,needs-definition-and-usage-review
jiff,needs-definition-and-usage-review
jiffs,needs-definition-and-usage-review
jiggly,needs-definition-and-usage-review
jigsaw,needs-definition-and-usage-review
jigsaws,needs-definition-and-usage-review
jihadi,needs-definition-and-usage-review
jihadis,needs-definition-and-usage-review
jingly,needs-definition-and-usage-review
jink,needs-definition-and-usage-review
jinked,needs-definition-and-usage-review
jinking,needs-definition-and-usage-review
jinks,needs-definition-and-usage-review
jitney,needs-definition-and-usage-review
jitneys,needs-definition-and-usage-review
jittery,needs-definition-and-usage-review
jobber,needs-definition-and-usage-review
jobbers,needs-definition-and-usage-review
jobless,needs-definition-and-usage-review
jockey,needs-definition-and-usage-review
jockeys,needs-definition-and-usage-review
jocund,needs-definition-and-usage-review
jointly,needs-definition-and-usage-review
joints,needs-definition-and-usage-review
joist,needs-definition-and-usage-review
joists,needs-definition-and-usage-review
jojoba,needs-definition-and-usage-review
jokey,needs-definition-and-usage-review
jokier,needs-definition-and-usage-review
jokiest,needs-definition-and-usage-review
jollies,needs-definition-and-usage-review
jollily,needs-definition-and-usage-review
jollity,needs-definition-and-usage-review
jonquil,needs-definition-and-usage-review
josh,needs-definition-and-usage-review
joshed,needs-definition-and-usage-review
josher,needs-definition-and-usage-review
joshers,needs-definition-and-usage-review
joshes,needs-definition-and-usage-review
joshing,needs-definition-and-usage-review
jouncy,needs-definition-and-usage-review
jouster,needs-definition-and-usage-review
joyless,needs-definition-and-usage-review
jubilee,needs-definition-and-usage-review
jugful,needs-definition-and-usage-review
jugfuls,needs-definition-and-usage-review
juggler,needs-definition-and-usage-review
juicer,needs-definition-and-usage-review
juicers,needs-definition-and-usage-review
juicily,needs-definition-and-usage-review
jujitsu,needs-definition-and-usage-review
juju,needs-definition-and-usage-review
jujus,needs-definition-and-usage-review
jukebox,needs-definition-and-usage-review
jumbo,needs-definition-and-usage-review
jumbos,needs-definition-and-usage-review
jumpily,needs-definition-and-usage-review
junkier,needs-definition-and-usage-review
juridic,needs-definition-and-usage-review
juried,needs-definition-and-usage-review
jurist,needs-definition-and-usage-review
jurists,needs-definition-and-usage-review
juryman,needs-definition-and-usage-review
jurymen,needs-definition-and-usage-review
jut,needs-definition-and-usage-review
juts,needs-definition-and-usage-review
jutted,needs-definition-and-usage-review
jutting,needs-definition-and-usage-review
kaddish,needs-definition-and-usage-review
karakul,needs-definition-and-usage-review
karmic,needs-definition-and-usage-review
kart,needs-definition-and-usage-review
karts,needs-definition-and-usage-review
katydid,needs-definition-and-usage-review
kayaker,needs-definition-and-usage-review
kayo,needs-definition-and-usage-review
kayoed,needs-definition-and-usage-review
kayoing,needs-definition-and-usage-review
kayos,needs-definition-and-usage-review
keens,needs-definition-and-usage-review
kendo,needs-definition-and-usage-review
kepi,needs-definition-and-usage-review
kepis,needs-definition-and-usage-review
keto,needs-definition-and-usage-review
keyless,needs-definition-and-usage-review
keynote,needs-definition-and-usage-review
keypad,needs-definition-and-usage-review
keypads,needs-definition-and-usage-review
keyword,needs-definition-and-usage-review
kibble,needs-definition-and-usage-review
kibbled,needs-definition-and-usage-review
kibbles,needs-definition-and-usage-review
kickier,needs-definition-and-usage-review
kickoff,needs-definition-and-usage-review
kicky,needs-definition-and-usage-review
kidder,needs-definition-and-usage-review
kidders,needs-definition-and-usage-review
kiddie,needs-definition-and-usage-review
kiddies,needs-definition-and-usage-review
kiddish,needs-definition-and-usage-review
kiddo,needs-definition-and-usage-review
kiddos,needs-definition-and-usage-review
kidskin,needs-definition-and-usage-review
kike,needs-definition-and-usage-review
kikes,needs-definition-and-usage-review
kiloton,needs-definition-and-usage-review
kilted,needs-definition-and-usage-review
kimchi,needs-definition-and-usage-review
kinase,needs-definition-and-usage-review
kinkily,needs-definition-and-usage-review
kirsch,needs-definition-and-usage-review
kisser,needs-definition-and-usage-review
kissers,needs-definition-and-usage-review
kissoff,needs-definition-and-usage-review
klutzy,needs-definition-and-usage-review
knavery,needs-definition-and-usage-review
knavish,needs-definition-and-usage-review
kneader,needs-definition-and-usage-review
knicker,needs-definition-and-usage-review
knitter,needs-definition-and-usage-review
knobbly,needs-definition-and-usage-review
kohl,needs-definition-and-usage-review
kookier,needs-definition-and-usage-review
kooky,needs-definition-and-usage-review
korma,needs-definition-and-usage-review
kronur,needs-definition-and-usage-review
kuchen,needs-definition-and-usage-review
lacteal,needs-definition-and-usage-review
laddish,needs-definition-and-usage-review
lags,needs-definition-and-usage-review
laird,needs-definition-and-usage-review
lairds,needs-definition-and-usage-review
lambkin,needs-definition-and-usage-review
lamely,needs-definition-and-usage-review
lamina,needs-definition-and-usage-review
laminae,needs-definition-and-usage-review
laminar,needs-definition-and-usage-review
lampoon,needs-definition-and-usage-review
lanai,needs-definition-and-usage-review
lanais,needs-definition-and-usage-review
lancet,needs-definition-and-usage-review
lancets,needs-definition-and-usage-review
languor,needs-definition-and-usage-review
lankly,needs-definition-and-usage-review
lanolin,needs-definition-and-usage-review
lanyard,needs-definition-and-usage-review
lapel,needs-definition-and-usage-review
lapels,needs-definition-and-usage-review
lapin,needs-definition-and-usage-review
lapins,needs-definition-and-usage-review
lapse,needs-definition-and-usage-review
lapsed,needs-definition-and-usage-review
lapses,needs-definition-and-usage-review
lapsing,needs-definition-and-usage-review
laptop,needs-definition-and-usage-review
laptops,needs-definition-and-usage-review
lardier,needs-definition-and-usage-review
lardy,needs-definition-and-usage-review
largish,needs-definition-and-usage-review
lariat,needs-definition-and-usage-review
lariats,needs-definition-and-usage-review
lasts,needs-definition-and-usage-review
latency,needs-definition-and-usage-review
latex,needs-definition-and-usage-review
lathery,needs-definition-and-usage-review
latish,needs-definition-and-usage-review
lavage,needs-definition-and-usage-review
lawless,needs-definition-and-usage-review
lawman,needs-definition-and-usage-review
lawmen,needs-definition-and-usage-review
laxity,needs-definition-and-usage-review
laxly,needs-definition-and-usage-review
laxness,needs-definition-and-usage-review
layaway,needs-definition-and-usage-review
layette,needs-definition-and-usage-review
layover,needs-definition-and-usage-review
laze,needs-definition-and-usage-review
lazed,needs-definition-and-usage-review
lazes,needs-definition-and-usage-review
lazily,needs-definition-and-usage-review
lazing,needs-definition-and-usage-review
lbw,needs-definition-and-usage-review
leaden,needs-definition-and-usage-review
leadoff,needs-definition-and-usage-review
leafage,needs-definition-and-usage-review
leaguer,needs-definition-and-usage-review
leakage,needs-definition-and-usage-review
leaker,needs-definition-and-usage-review
leakers,needs-definition-and-usage-review
leakier,needs-definition-and-usage-review
leaky,needs-definition-and-usage-review
leaper,needs-definition-and-usage-review
leapers,needs-definition-and-usage-review
learner,needs-definition-and-usage-review
leaver,needs-definition-and-usage-review
leavers,needs-definition-and-usage-review
lecher,needs-definition-and-usage-review
lechers,needs-definition-and-usage-review
lectern,needs-definition-and-usage-review
ledger,needs-definition-and-usage-review
ledgers,needs-definition-and-usage-review
lefties,needs-definition-and-usage-review
leftism,needs-definition-and-usage-review
leftist,needs-definition-and-usage-review
lefty,needs-definition-and-usage-review
legally,needs-definition-and-usage-review
legate,needs-definition-and-usage-review
legatee,needs-definition-and-usage-review
legates,needs-definition-and-usage-review
leghorn,needs-definition-and-usage-review
legibly,needs-definition-and-usage-review
legit,needs-definition-and-usage-review
legman,needs-definition-and-usage-review
legmen,needs-definition-and-usage-review
legroom,needs-definition-and-usage-review
lemme,needs-definition-and-usage-review
lemony,needs-definition-and-usage-review
leper,needs-definition-and-usage-review
lepers,needs-definition-and-usage-review
leprous,needs-definition-and-usage-review
letdown,needs-definition-and-usage-review
letup,needs-definition-and-usage-review
letups,needs-definition-and-usage-review
levelly,needs-definition-and-usage-review
levels,needs-definition-and-usage-review
lewdly,needs-definition-and-usage-review
lexis,needs-definition-and-usage-review
liana,needs-definition-and-usage-review
lianas,needs-definition-and-usage-review
libber,needs-definition-and-usage-review
libbers,needs-definition-and-usage-review
libeler,needs-definition-and-usage-review
licitly,needs-definition-and-usage-review
lick,needs-definition-and-usage-review
licked,needs-definition-and-usage-review
licks,needs-definition-and-usage-review
lidar,needs-definition-and-usage-review
lidded,needs-definition-and-usage-review
lifer,needs-definition-and-usage-review
lifers,needs-definition-and-usage-review
lifter,needs-definition-and-usage-review
lifters,needs-definition-and-usage-review
liftoff,needs-definition-and-usage-review
lignin,needs-definition-and-usage-review
likable,needs-definition-and-usage-review
lilo,needs-definition-and-usage-review
lilos,needs-definition-and-usage-review
limber,needs-definition-and-usage-review
limbers,needs-definition-and-usage-review
limier,needs-definition-and-usage-review
limiest,needs-definition-and-usage-review
limiter,needs-definition-and-usage-review
limpid,needs-definition-and-usage-review
limply,needs-definition-and-usage-review
limy,needs-definition-and-usage-review
linage,needs-definition-and-usage-review
linden,needs-definition-and-usage-review
lindens,needs-definition-and-usage-review
lineal,needs-definition-and-usage-review
linens,needs-definition-and-usage-review
ling,needs-definition-and-usage-review
lings,needs-definition-and-usage-review
linkage,needs-definition-and-usage-review
linker,needs-definition-and-usage-review
linkman,needs-definition-and-usage-review
linkmen,needs-definition-and-usage-review
linkup,needs-definition-and-usage-review
linkups,needs-definition-and-usage-review
lino,needs-definition-and-usage-review
lintier,needs-definition-and-usage-review
linty,needs-definition-and-usage-review
lipped,needs-definition-and-usage-review
lippy,needs-definition-and-usage-review
lipread,needs-definition-and-usage-review
lisle,needs-definition-and-usage-review
lisper,needs-definition-and-usage-review
lispers,needs-definition-and-usage-review
litchi,needs-definition-and-usage-review
litchis,needs-definition-and-usage-review
lithely,needs-definition-and-usage-review
livable,needs-definition-and-usage-review
liven,needs-definition-and-usage-review
livened,needs-definition-and-usage-review
livens,needs-definition-and-usage-review
livery,needs-definition-and-usage-review
livest,needs-definition-and-usage-review
lividly,needs-definition-and-usage-review
llano,needs-definition-and-usage-review
llanos,needs-definition-and-usage-review
loader,needs-definition-and-usage-review
loaders,needs-definition-and-usage-review
loafer,needs-definition-and-usage-review
loafers,needs-definition-and-usage-review
loather,needs-definition-and-usage-review
lobed,needs-definition-and-usage-review
lockbox,needs-definition-and-usage-review
lockout,needs-definition-and-usage-review
lockup,needs-definition-and-usage-review
lockups,needs-definition-and-usage-review
locum,needs-definition-and-usage-review
locums,needs-definition-and-usage-review
loftily,needs-definition-and-usage-review
logbook,needs-definition-and-usage-review
logger,needs-definition-and-usage-review
loggers,needs-definition-and-usage-review
loggia,needs-definition-and-usage-review
loggias,needs-definition-and-usage-review
logiest,needs-definition-and-usage-review
logoff,needs-definition-and-usage-review
logoffs,needs-definition-and-usage-review
logon,needs-definition-and-usage-review
logons,needs-definition-and-usage-review
logout,needs-definition-and-usage-review
logouts,needs-definition-and-usage-review
logy,needs-definition-and-usage-review
lolcat,needs-definition-and-usage-review
lolcats,needs-definition-and-usage-review
lollop,needs-definition-and-usage-review
lollops,needs-definition-and-usage-review
longs,needs-definition-and-usage-review
loofah,needs-definition-and-usage-review
loofahs,needs-definition-and-usage-review
looker,needs-definition-and-usage-review
lookers,needs-definition-and-usage-review
lookup,needs-definition-and-usage-review
loon,needs-definition-and-usage-review
loonie,needs-definition-and-usage-review
loonier,needs-definition-and-usage-review
loonies,needs-definition-and-usage-review
loons,needs-definition-and-usage-review
loony,needs-definition-and-usage-review
loopier,needs-definition-and-usage-review
loopy,needs-definition-and-usage-review
loosely,needs-definition-and-usage-review
looser,needs-definition-and-usage-review
loosest,needs-definition-and-usage-review
looter,needs-definition-and-usage-review
looters,needs-definition-and-usage-review
lordly,needs-definition-and-usage-review
loris,needs-definition-and-usage-review
lorises,needs-definition-and-usage-review
lorn,needs-definition-and-usage-review
lotion,needs-definition-and-usage-review
lotions,needs-definition-and-usage-review
lotto,needs-definition-and-usage-review
lotus,needs-definition-and-usage-review
lotuses,needs-definition-and-usage-review
lough,needs-definition-and-usage-review
loughs,needs-definition-and-usage-review
lounger,needs-definition-and-usage-review
lour,needs-definition-and-usage-review
loured,needs-definition-and-usage-review
louring,needs-definition-and-usage-review
lours,needs-definition-and-usage-review
lousily,needs-definition-and-usage-review
loutish,needs-definition-and-usage-review
lovably,needs-definition-and-usage-review
lowborn,needs-definition-and-usage-review
lowbrow,needs-definition-and-usage-review
lowish,needs-definition-and-usage-review
lowland,needs-definition-and-usage-review
lowlife,needs-definition-and-usage-review
lowness,needs-definition-and-usage-review
lows,needs-definition-and-usage-review
loyally,needs-definition-and-usage-review
lucidly,needs-definition-and-usage-review
lughole,needs-definition-and-usage-review
lugsail,needs-definition-and-usage-review
lumpier,needs-definition-and-usage-review
lumpish,needs-definition-and-usage-review
lumpy,needs-definition-and-usage-review
lunge,needs-definition-and-usage-review
lunged,needs-definition-and-usage-review
lunges,needs-definition-and-usage-review
lunging,needs-definition-and-usage-review
luridly,needs-definition-and-usage-review
lushly,needs-definition-and-usage-review
lustier,needs-definition-and-usage-review
lustily,needs-definition-and-usage-review
lusty,needs-definition-and-usage-review
lyceum,needs-definition-and-usage-review
lyceums,needs-definition-and-usage-review
lyncher,needs-definition-and-usage-review
mac,needs-definition-and-usage-review
macaque,needs-definition-and-usage-review
mach,needs-definition-and-usage-review
macrame,needs-definition-and-usage-review
macs,needs-definition-and-usage-review
madcap,needs-definition-and-usage-review
madcaps,needs-definition-and-usage-review
madly,needs-definition-and-usage-review
madrasa,needs-definition-and-usage-review
mafia,needs-definition-and-usage-review
mafias,needs-definition-and-usage-review
mafiosi,needs-definition-and-usage-review
mafioso,needs-definition-and-usage-review
maggoty,needs-definition-and-usage-review
magneto,needs-definition-and-usage-review
magnon,needs-definition-and-usage-review
mahatma,needs-definition-and-usage-review
mahout,needs-definition-and-usage-review
mahouts,needs-definition-and-usage-review
mailbag,needs-definition-and-usage-review
mailbox,needs-definition-and-usage-review
mailer,needs-definition-and-usage-review
mailers,needs-definition-and-usage-review
maillot,needs-definition-and-usage-review
maintop,needs-definition-and-usage-review
majorly,needs-definition-and-usage-review
majors,needs-definition-and-usage-review
makings,needs-definition-and-usage-review
maltier,needs-definition-and-usage-review
malty,needs-definition-and-usage-review
mam,needs-definition-and-usage-review
mammon,needs-definition-and-usage-review
mams,needs-definition-and-usage-review
manana,needs-definition-and-usage-review
mandrel,needs-definition-and-usage-review
maned,needs-definition-and-usage-review
manege,needs-definition-and-usage-review
manful,needs-definition-and-usage-review
mangier,needs-definition-and-usage-review
mangy,needs-definition-and-usage-review
manhole,needs-definition-and-usage-review
manhunt,needs-definition-and-usage-review
manna,needs-definition-and-usage-review
mannish,needs-definition-and-usage-review
manta,needs-definition-and-usage-review
mantas,needs-definition-and-usage-review
manumit,needs-definition-and-usage-review
mapper,needs-definition-and-usage-review
mappers,needs-definition-and-usage-review
marabou,needs-definition-and-usage-review
marker,needs-definition-and-usage-review
markers,needs-definition-and-usage-review
markup,needs-definition-and-usage-review
markups,needs-definition-and-usage-review
marquee,needs-definition-and-usage-review
marquis,needs-definition-and-usage-review
martini,needs-definition-and-usage-review
mas,needs-definition-and-usage-review
masa,needs-definition-and-usage-review
masas,needs-definition-and-usage-review
mascot,needs-definition-and-usage-review
mascots,needs-definition-and-usage-review
mashup,needs-definition-and-usage-review
mashups,needs-definition-and-usage-review
masonic,needs-definition-and-usage-review
masted,needs-definition-and-usage-review
mastic,needs-definition-and-usage-review
mastiff,needs-definition-and-usage-review
matchup,needs-definition-and-usage-review
matzo,needs-definition-and-usage-review
matzoh,needs-definition-and-usage-review
matzoth,needs-definition-and-usage-review
mauler,needs-definition-and-usage-review
maulers,needs-definition-and-usage-review
maximal,needs-definition-and-usage-review
mayday,needs-definition-and-usage-review
maydays,needs-definition-and-usage-review
mayoral,needs-definition-and-usage-review
maypole,needs-definition-and-usage-review
meager,needs-definition-and-usage-review
mealier,needs-definition-and-usage-review
mealy,needs-definition-and-usage-review
mean,needs-definition-and-usage-review
meaner,needs-definition-and-usage-review
meanest,needs-definition-and-usage-review
meanie,needs-definition-and-usage-review
meanies,needs-definition-and-usage-review
meanly,needs-definition-and-usage-review
meany,needs-definition-and-usage-review
meatier,needs-definition-and-usage-review
meaty,needs-definition-and-usage-review
mecca,needs-definition-and-usage-review
meccas,needs-definition-and-usage-review
meddler,needs-definition-and-usage-review
medevac,needs-definition-and-usage-review
mediate,needs-definition-and-usage-review
medic,needs-definition-and-usage-review
medulla,needs-definition-and-usage-review
medusa,needs-definition-and-usage-review
medusae,needs-definition-and-usage-review
meekly,needs-definition-and-usage-review
meetup,needs-definition-and-usage-review
meetups,needs-definition-and-usage-review
megabit,needs-definition-and-usage-review
megahit,needs-definition-and-usage-review
megaton,needs-definition-and-usage-review
meiotic,needs-definition-and-usage-review
melanin,needs-definition-and-usage-review
menage,needs-definition-and-usage-review
menages,needs-definition-and-usage-review
mender,needs-definition-and-usage-review
menders,needs-definition-and-usage-review
menfolk,needs-definition-and-usage-review
menisci,needs-definition-and-usage-review
menorah,needs-definition-and-usage-review
menses,needs-definition-and-usage-review
mentee,needs-definition-and-usage-review
mentees,needs-definition-and-usage-review
menthol,needs-definition-and-usage-review
mercer,needs-definition-and-usage-review
mercers,needs-definition-and-usage-review
merino,needs-definition-and-usage-review
merinos,needs-definition-and-usage-review
merman,needs-definition-and-usage-review
mermen,needs-definition-and-usage-review
merrily,needs-definition-and-usage-review
mescal,needs-definition-and-usage-review
mescals,needs-definition-and-usage-review
messily,needs-definition-and-usage-review
metier,needs-definition-and-usage-review
metiers,needs-definition-and-usage-review
mewl,needs-definition-and-usage-review
mewled,needs-definition-and-usage-review
mewling,needs-definition-and-usage-review
mewls,needs-definition-and-usage-review
mickey,needs-definition-and-usage-review
mickeys,needs-definition-and-usage-review
midair,needs-definition-and-usage-review
midden,needs-definition-and-usage-review
middens,needs-definition-and-usage-review
middies,needs-definition-and-usage-review
middy,needs-definition-and-usage-review
midland,needs-definition-and-usage-review
midlife,needs-definition-and-usage-review
midline,needs-definition-and-usage-review
midmost,needs-definition-and-usage-review
midrib,needs-definition-and-usage-review
midribs,needs-definition-and-usage-review
midriff,needs-definition-and-usage-review
midsize,needs-definition-and-usage-review
midterm,needs-definition-and-usage-review
midtown,needs-definition-and-usage-review
midyear,needs-definition-and-usage-review
miff,needs-definition-and-usage-review
miffed,needs-definition-and-usage-review
miffing,needs-definition-and-usage-review
miffs,needs-definition-and-usage-review
milady,needs-definition-and-usage-review
milch,needs-definition-and-usage-review
miler,needs-definition-and-usage-review
milers,needs-definition-and-usage-review
milf,needs-definition-and-usage-review
milfs,needs-definition-and-usage-review
milker,needs-definition-and-usage-review
milkers,needs-definition-and-usage-review
milksop,needs-definition-and-usage-review
millage,needs-definition-and-usage-review
miller,needs-definition-and-usage-review
millers,needs-definition-and-usage-review
mimetic,needs-definition-and-usage-review
mimicry,needs-definition-and-usage-review
mimosa,needs-definition-and-usage-review
mimosas,needs-definition-and-usage-review
mincer,needs-definition-and-usage-review
mincers,needs-definition-and-usage-review
mindset,needs-definition-and-usage-review
mingy,needs-definition-and-usage-review
minibar,needs-definition-and-usage-review
minibus,needs-definition-and-usage-review
minicab,needs-definition-and-usage-review
minicam,needs-definition-and-usage-review
minivan,needs-definition-and-usage-review
minors,needs-definition-and-usage-review
minster,needs-definition-and-usage-review
mintage,needs-definition-and-usage-review
mintier,needs-definition-and-usage-review
minty,needs-definition-and-usage-review
miriest,needs-definition-and-usage-review
miry,needs-definition-and-usage-review
miscall,needs-definition-and-usage-review
miscast,needs-definition-and-usage-review
miscue,needs-definition-and-usage-review
miscued,needs-definition-and-usage-review
miscues,needs-definition-and-usage-review
misdeed,needs-definition-and-usage-review
misdid,needs-definition-and-usage-review
misdo,needs-definition-and-usage-review
misdoes,needs-definition-and-usage-review
misdone,needs-definition-and-usage-review
miser,needs-definition-and-usage-review
misers,needs-definition-and-usage-review
misfile,needs-definition-and-usage-review
misfire,needs-definition-and-usage-review
mishit,needs-definition-and-usage-review
mishits,needs-definition-and-usage-review
misname,needs-definition-and-usage-review
misplay,needs-definition-and-usage-review
missal,needs-definition-and-usage-review
missals,needs-definition-and-usage-review
mistier,needs-definition-and-usage-review
mistily,needs-definition-and-usage-review
mistime,needs-definition-and-usage-review
mistral,needs-definition-and-usage-review
misty,needs-definition-and-usage-review
mistype,needs-definition-and-usage-review
miter,needs-definition-and-usage-review
mitered,needs-definition-and-usage-review
miters,needs-definition-and-usage-review
mitotic,needs-definition-and-usage-review
mitzvah,needs-definition-and-usage-review
mitzvot,needs-definition-and-usage-review
mixable,needs-definition-and-usage-review
mixtape,needs-definition-and-usage-review
mkay,needs-definition-and-usage-review
moan,needs-definition-and-usage-review
moaned,needs-definition-and-usage-review
moaner,needs-definition-and-usage-review
moaners,needs-definition-and-usage-review
moaning,needs-definition-and-usage-review
moans,needs-definition-and-usage-review
moated,needs-definition-and-usage-review
mobster,needs-definition-and-usage-review
mocker,needs-definition-and-usage-review
mockers,needs-definition-and-usage-review
mockery,needs-definition-and-usage-review
modal,needs-definition-and-usage-review
modals,needs-definition-and-usage-review
modeler,needs-definition-and-usage-review
modi,needs-definition-and-usage-review
modus,needs-definition-and-usage-review
mohair,needs-definition-and-usage-review
moistly,needs-definition-and-usage-review
mojito,needs-definition-and-usage-review
mojitos,needs-definition-and-usage-review
molder,needs-definition-and-usage-review
molders,needs-definition-and-usage-review
moneyed,needs-definition-and-usage-review
mongol,needs-definition-and-usage-review
mongols,needs-definition-and-usage-review
monist,needs-definition-and-usage-review
monists,needs-definition-and-usage-review
monkish,needs-definition-and-usage-review
monodic,needs-definition-and-usage-review
moocher,needs-definition-and-usage-review
moodier,needs-definition-and-usage-review
moody,needs-definition-and-usage-review
moolah,needs-definition-and-usage-review
moonlit,needs-definition-and-usage-review
moorhen,needs-definition-and-usage-review
moper,needs-definition-and-usage-review
mopers,needs-definition-and-usage-review
mopey,needs-definition-and-usage-review
mopier,needs-definition-and-usage-review
mopiest,needs-definition-and-usage-review
mopish,needs-definition-and-usage-review
moppet,needs-definition-and-usage-review
moppets,needs-definition-and-usage-review
moraine,needs-definition-and-usage-review
morale,needs-definition-and-usage-review
moreish,needs-definition-and-usage-review
mortify,needs-definition-and-usage-review
mosaic,needs-definition-and-usage-review
mosaics,needs-definition-and-usage-review
mosey,needs-definition-and-usage-review
moseyed,needs-definition-and-usage-review
moseys,needs-definition-and-usage-review
mossier,needs-definition-and-usage-review
mossy,needs-definition-and-usage-review
moue,needs-definition-and-usage-review
moues,needs-definition-and-usage-review
mounter,needs-definition-and-usage-review
mousse,needs-definition-and-usage-review
moussed,needs-definition-and-usage-review
mousses,needs-definition-and-usage-review
mouthy,needs-definition-and-usage-review
movable,needs-definition-and-usage-review
mover,needs-definition-and-usage-review
movers,needs-definition-and-usage-review
mower,needs-definition-and-usage-review
mowers,needs-definition-and-usage-review
mucous,needs-definition-and-usage-review
muddily,needs-definition-and-usage-review
mudflap,needs-definition-and-usage-review
mudflat,needs-definition-and-usage-review
mudhole,needs-definition-and-usage-review
mudpack,needs-definition-and-usage-review
mudroom,needs-definition-and-usage-review
muesli,needs-definition-and-usage-review
mugful,needs-definition-and-usage-review
mugfuls,needs-definition-and-usage-review
muggins,needs-definition-and-usage-review
mugshot,needs-definition-and-usage-review
mugwump,needs-definition-and-usage-review
mulish,needs-definition-and-usage-review
mullein,needs-definition-and-usage-review
mullion,needs-definition-and-usage-review
mumbler,needs-definition-and-usage-review
mummer,needs-definition-and-usage-review
mummers,needs-definition-and-usage-review
mummery,needs-definition-and-usage-review
mummify,needs-definition-and-usage-review
muni,needs-definition-and-usage-review
munis,needs-definition-and-usage-review
murkily,needs-definition-and-usage-review
murrain,needs-definition-and-usage-review
mus,needs-definition-and-usage-review
muscat,needs-definition-and-usage-review
muscats,needs-definition-and-usage-review
muscly,needs-definition-and-usage-review
musette,needs-definition-and-usage-review
musings,needs-definition-and-usage-review
muskeg,needs-definition-and-usage-review
muskegs,needs-definition-and-usage-review
muskie,needs-definition-and-usage-review
muskier,needs-definition-and-usage-review
muskies,needs-definition-and-usage-review
muskox,needs-definition-and-usage-review
musky,needs-definition-and-usage-review
muslin,needs-definition-and-usage-review
muss,needs-definition-and-usage-review
mussed,needs-definition-and-usage-review
musses,needs-definition-and-usage-review
mussier,needs-definition-and-usage-review
mussing,needs-definition-and-usage-review
mussy,needs-definition-and-usage-review
mustang,needs-definition-and-usage-review
mustier,needs-definition-and-usage-review
mustily,needs-definition-and-usage-review
musty,needs-definition-and-usage-review
mutably,needs-definition-and-usage-review
mutagen,needs-definition-and-usage-review
mutely,needs-definition-and-usage-review
mutes,needs-definition-and-usage-review
muttony,needs-definition-and-usage-review
muumuu,needs-definition-and-usage-review
muumuus,needs-definition-and-usage-review
muzak,needs-definition-and-usage-review
muzzily,needs-definition-and-usage-review
muzzy,needs-definition-and-usage-review
myrrh,needs-definition-and-usage-review
myrtle,needs-definition-and-usage-review
myrtles,needs-definition-and-usage-review
mystic,needs-definition-and-usage-review
mystics,needs-definition-and-usage-review
mythic,needs-definition-and-usage-review
nabob,needs-definition-and-usage-review
nabobs,needs-definition-and-usage-review
nacelle,needs-definition-and-usage-review
nacho,needs-definition-and-usage-review
nachos,needs-definition-and-usage-review
nae,needs-definition-and-usage-review
nagger,needs-definition-and-usage-review
naggers,needs-definition-and-usage-review
nah,needs-definition-and-usage-review
naiad,needs-definition-and-usage-review
naiads,needs-definition-and-usage-review
naif,needs-definition-and-usage-review
naifs,needs-definition-and-usage-review
naively,needs-definition-and-usage-review
naivete,needs-definition-and-usage-review
naivety,needs-definition-and-usage-review
nakedly,needs-definition-and-usage-review
naphtha,needs-definition-and-usage-review
napkin,needs-definition-and-usage-review
napkins,needs-definition-and-usage-review
napless,needs-definition-and-usage-review
napper,needs-definition-and-usage-review
nappers,needs-definition-and-usage-review
naptime,needs-definition-and-usage-review
narco,needs-definition-and-usage-review
narcos,needs-definition-and-usage-review
narky,needs-definition-and-usage-review
narrows,needs-definition-and-usage-review
nasally,needs-definition-and-usage-review
nastily,needs-definition-and-usage-review
nattily,needs-definition-and-usage-review
neaten,needs-definition-and-usage-review
neatens,needs-definition-and-usage-review
nebular,needs-definition-and-usage-review
necktie,needs-definition-and-usage-review
nectar,needs-definition-and-usage-review
needful,needs-definition-and-usage-review
needier,needs-definition-and-usage-review
needy,needs-definition-and-usage-review
negroid,needs-definition-and-usage-review
neocon,needs-definition-and-usage-review
neocons,needs-definition-and-usage-review
neonate,needs-definition-and-usage-review
nervier,needs-definition-and-usage-review
nervy,needs-definition-and-usage-review
nestle,needs-definition-and-usage-review
nestled,needs-definition-and-usage-review
nestles,needs-definition-and-usage-review
netball,needs-definition-and-usage-review
netbook,needs-definition-and-usage-review
nether,needs-definition-and-usage-review
neuters,needs-definition-and-usage-review
nevi,needs-definition-and-usage-review
nevus,needs-definition-and-usage-review
newish,needs-definition-and-usage-review
newness,needs-definition-and-usage-review
newsboy,needs-definition-and-usage-review
newsier,needs-definition-and-usage-review
newsman,needs-definition-and-usage-review
newsmen,needs-definition-and-usage-review
newsy,needs-definition-and-usage-review
nibbler,needs-definition-and-usage-review
nicety,needs-definition-and-usage-review
niff,needs-definition-and-usage-review
niftier,needs-definition-and-usage-review
nifty,needs-definition-and-usage-review
niggard,needs-definition-and-usage-review
niggler,needs-definition-and-usage-review
nimbi,needs-definition-and-usage-review
nimbly,needs-definition-and-usage-review
nimbus,needs-definition-and-usage-review
nimrod,needs-definition-and-usage-review
nimrods,needs-definition-and-usage-review
ninepin,needs-definition-and-usage-review
nisei,needs-definition-and-usage-review
nitride,needs-definition-and-usage-review
nitrous,needs-definition-and-usage-review
nobly,needs-definition-and-usage-review
noddle,needs-definition-and-usage-review
noddles,needs-definition-and-usage-review
noddy,needs-definition-and-usage-review
nodular,needs-definition-and-usage-review
noel,needs-definition-and-usage-review
noels,needs-definition-and-usage-review
nohow,needs-definition-and-usage-review
nomad,needs-definition-and-usage-review
nomadic,needs-definition-and-usage-review
nomads,needs-definition-and-usage-review
nonacid,needs-definition-and-usage-review
noncom,needs-definition-and-usage-review
noncoms,needs-definition-and-usage-review
nonfat,needs-definition-and-usage-review
nonfood,needs-definition-and-usage-review
nonskid,needs-definition-and-usage-review
nonslip,needs-definition-and-usage-review
nonstop,needs-definition-and-usage-review
nonuser,needs-definition-and-usage-review
nonzero,needs-definition-and-usage-review
nooky,needs-definition-and-usage-review
noonday,needs-definition-and-usage-review
nori,needs-definition-and-usage-review
noris,needs-definition-and-usage-review
norther,needs-definition-and-usage-review
nosebag,needs-definition-and-usage-review
nosh,needs-definition-and-usage-review
noshed,needs-definition-and-usage-review
nosher,needs-definition-and-usage-review
noshers,needs-definition-and-usage-review
noshes,needs-definition-and-usage-review
noshing,needs-definition-and-usage-review
nosier,needs-definition-and-usage-review
nosiest,needs-definition-and-usage-review
nosily,needs-definition-and-usage-review
nosy,needs-definition-and-usage-review
notary,needs-definition-and-usage-review
notelet,needs-definition-and-usage-review
notepad,needs-definition-and-usage-review
nougat,needs-definition-and-usage-review
nougats,needs-definition-and-usage-review
novelty,needs-definition-and-usage-review
novice,needs-definition-and-usage-review
novices,needs-definition-and-usage-review
noway,needs-definition-and-usage-review
noways,needs-definition-and-usage-review
nuanced,needs-definition-and-usage-review
nub,needs-definition-and-usage-review
nubbier,needs-definition-and-usage-review
nubby,needs-definition-and-usage-review
nubs,needs-definition-and-usage-review
nucleic,needs-definition-and-usage-review
nullity,needs-definition-and-usage-review
numbly,needs-definition-and-usage-review
nuncio,needs-definition-and-usage-review
nuncios,needs-definition-and-usage-review
nuptial,needs-definition-and-usage-review
nus,needs-definition-and-usage-review
nutmeat,needs-definition-and-usage-review
nutpick,needs-definition-and-usage-review
nuttier,needs-definition-and-usage-review
nutty,needs-definition-and-usage-review
nuzzle,needs-definition-and-usage-review
nuzzled,needs-definition-and-usage-review
nuzzler,needs-definition-and-usage-review
nuzzles,needs-definition-and-usage-review
nylons,needs-definition-and-usage-review
nympho,needs-definition-and-usage-review
nymphos,needs-definition-and-usage-review
oafish,needs-definition-and-usage-review
oakum,needs-definition-and-usage-review
oarlock,needs-definition-and-usage-review
oatcake,needs-definition-and-usage-review
oaten,needs-definition-and-usage-review
obit,needs-definition-and-usage-review
obits,needs-definition-and-usage-review
occlude,needs-definition-and-usage-review
oceanic,needs-definition-and-usage-review
och,needs-definition-and-usage-review
ocher,needs-definition-and-usage-review
oddment,needs-definition-and-usage-review
odored,needs-definition-and-usage-review
oeuvre,needs-definition-and-usage-review
oeuvres,needs-definition-and-usage-review
offhand,needs-definition-and-usage-review
offish,needs-definition-and-usage-review
offline,needs-definition-and-usage-review
offload,needs-definition-and-usage-review
ogler,needs-definition-and-usage-review
oglers,needs-definition-and-usage-review
ogreish,needs-definition-and-usage-review
ogress,needs-definition-and-usage-review
oho,needs-definition-and-usage-review
ohs,needs-definition-and-usage-review
oik,needs-definition-and-usage-review
oiks,needs-definition-and-usage-review
oilcan,needs-definition-and-usage-review
oilcans,needs-definition-and-usage-review
oilman,needs-definition-and-usage-review
oilmen,needs-definition-and-usage-review
okra,needs-definition-and-usage-review
okras,needs-definition-and-usage-review
oldie,needs-definition-and-usage-review
oldies,needs-definition-and-usage-review
oldish,needs-definition-and-usage-review
oldness,needs-definition-and-usage-review
oldster,needs-definition-and-usage-review
ole,needs-definition-and-usage-review
oms,needs-definition-and-usage-review
onesie,needs-definition-and-usage-review
onesies,needs-definition-and-usage-review
onetime,needs-definition-and-usage-review
onrush,needs-definition-and-usage-review
onshore,needs-definition-and-usage-review
onside,needs-definition-and-usage-review
onstage,needs-definition-and-usage-review
ooh,needs-definition-and-usage-review
oohed,needs-definition-and-usage-review
oohing,needs-definition-and-usage-review
oohs,needs-definition-and-usage-review
oolong,needs-definition-and-usage-review
oozier,needs-definition-and-usage-review
ooziest,needs-definition-and-usage-review
oozy,needs-definition-and-usage-review
opacity,needs-definition-and-usage-review
opcode,needs-definition-and-usage-review
opcodes,needs-definition-and-usage-review
opens,needs-definition-and-usage-review
opioid,needs-definition-and-usage-review
opioids,needs-definition-and-usage-review
ops,needs-definition-and-usage-review
orality,needs-definition-and-usage-review
orally,needs-definition-and-usage-review
organdy,needs-definition-and-usage-review
organza,needs-definition-and-usage-review
orison,needs-definition-and-usage-review
orisons,needs-definition-and-usage-review
orris,needs-definition-and-usage-review
orrises,needs-definition-and-usage-review
osmotic,needs-definition-and-usage-review
outback,needs-definition-and-usage-review
outbox,needs-definition-and-usage-review
outcrop,needs-definition-and-usage-review
outdraw,needs-definition-and-usage-review
outdrew,needs-definition-and-usage-review
outface,needs-definition-and-usage-review
outfall,needs-definition-and-usage-review
outgo,needs-definition-and-usage-review
outgoes,needs-definition-and-usage-review
outgun,needs-definition-and-usage-review
outguns,needs-definition-and-usage-review
outhit,needs-definition-and-usage-review
outhits,needs-definition-and-usage-review
outrace,needs-definition-and-usage-review
outrank,needs-definition-and-usage-review
outre,needs-definition-and-usage-review
outs,needs-definition-and-usage-review
outtake,needs-definition-and-usage-review
outvote,needs-definition-and-usage-review
outwear,needs-definition-and-usage-review
outwore,needs-definition-and-usage-review
outwork,needs-definition-and-usage-review
outworn,needs-definition-and-usage-review
ovarian,needs-definition-and-usage-review
overact,needs-definition-and-usage-review
overage,needs-definition-and-usage-review
overarm,needs-definition-and-usage-review
overawe,needs-definition-and-usage-review
overbid,needs-definition-and-usage-review
overbuy,needs-definition-and-usage-review
overfed,needs-definition-and-usage-review
overfly,needs-definition-and-usage-review
overjoy,needs-definition-and-usage-review
oversea,needs-definition-and-usage-review
overtax,needs-definition-and-usage-review
overtly,needs-definition-and-usage-review
overuse,needs-definition-and-usage-review
ovular,needs-definition-and-usage-review
oxbow,needs-definition-and-usage-review
oxbows,needs-definition-and-usage-review
oxcart,needs-definition-and-usage-review
oxcarts,needs-definition-and-usage-review
oxford,needs-definition-and-usage-review
oxfords,needs-definition-and-usage-review
oxidant,needs-definition-and-usage-review
oxidase,needs-definition-and-usage-review
oxymora,needs-definition-and-usage-review
pacer,needs-definition-and-usage-review
pacers,needs-definition-and-usage-review
pacey,needs-definition-and-usage-review
pacier,needs-definition-and-usage-review
paciest,needs-definition-and-usage-review
pacy,needs-definition-and-usage-review
paella,needs-definition-and-usage-review
paellas,needs-definition-and-usage-review
pageant,needs-definition-and-usage-review
pageboy,needs-definition-and-usage-review
pah,needs-definition-and-usage-review
pailful,needs-definition-and-usage-review
paisley,needs-definition-and-usage-review
pajama,needs-definition-and-usage-review
palely,needs-definition-and-usage-review
paleo,needs-definition-and-usage-review
pales,needs-definition-and-usage-review
palfrey,needs-definition-and-usage-review
palings,needs-definition-and-usage-review
palish,needs-definition-and-usage-review
pallet,needs-definition-and-usage-review
pallets,needs-definition-and-usage-review
palmier,needs-definition-and-usage-review
palmist,needs-definition-and-usage-review
palmy,needs-definition-and-usage-review
pampas,needs-definition-and-usage-review
pan,needs-definition-and-usage-review
panama,needs-definition-and-usage-review
panamas,needs-definition-and-usage-review
panicky,needs-definition-and-usage-review
panics,needs-definition-and-usage-review
panini,needs-definition-and-usage-review
panko,needs-definition-and-usage-review
panned,needs-definition-and-usage-review
panning,needs-definition-and-usage-review
panther,needs-definition-and-usage-review
pantie,needs-definition-and-usage-review
papaya,needs-definition-and-usage-review
papayas,needs-definition-and-usage-review
paperer,needs-definition-and-usage-review
papery,needs-definition-and-usage-review
papilla,needs-definition-and-usage-review
papist,needs-definition-and-usage-review
papists,needs-definition-and-usage-review
parader,needs-definition-and-usage-review
parboil,needs-definition-and-usage-review
pardner,needs-definition-and-usage-review
parer,needs-definition-and-usage-review
parers,needs-definition-and-usage-review
paresis,needs-definition-and-usage-review
parfait,needs-definition-and-usage-review
paribus,needs-definition-and-usage-review
parings,needs-definition-and-usage-review
parklet,needs-definition-and-usage-review
parlay,needs-definition-and-usage-review
parlays,needs-definition-and-usage-review
parolee,needs-definition-and-usage-review
parotid,needs-definition-and-usage-review
parquet,needs-definition-and-usage-review
partway,needs-definition-and-usage-review
paschal,needs-definition-and-usage-review
pasha,needs-definition-and-usage-review
pashas,needs-definition-and-usage-review
passel,needs-definition-and-usage-review
passels,needs-definition-and-usage-review
passim,needs-definition-and-usage-review
passkey,needs-definition-and-usage-review
pastern,needs-definition-and-usage-review
patroon,needs-definition-and-usage-review
patsies,needs-definition-and-usage-review
patsy,needs-definition-and-usage-review
patter,needs-definition-and-usage-review
patters,needs-definition-and-usage-review
patties,needs-definition-and-usage-review
patty,needs-definition-and-usage-review
pavings,needs-definition-and-usage-review
pavlova,needs-definition-and-usage-review
pawpaw,needs-definition-and-usage-review
pawpaws,needs-definition-and-usage-review
payable,needs-definition-and-usage-review
payback,needs-definition-and-usage-review
payday,needs-definition-and-usage-review
paydays,needs-definition-and-usage-review
payload,needs-definition-and-usage-review
payoff,needs-definition-and-usage-review
payoffs,needs-definition-and-usage-review
payola,needs-definition-and-usage-review
payout,needs-definition-and-usage-review
payouts,needs-definition-and-usage-review
payslip,needs-definition-and-usage-review
paywall,needs-definition-and-usage-review
peacoat,needs-definition-and-usage-review
peatier,needs-definition-and-usage-review
peaty,needs-definition-and-usage-review
pebbly,needs-definition-and-usage-review
pecker,needs-definition-and-usage-review
peckers,needs-definition-and-usage-review
pecs,needs-definition-and-usage-review
pectic,needs-definition-and-usage-review
pectin,needs-definition-and-usage-review
pedalo,needs-definition-and-usage-review
pedalos,needs-definition-and-usage-review
pedicab,needs-definition-and-usage-review
peepbo,needs-definition-and-usage-review
peeper,needs-definition-and-usage-review
peepers,needs-definition-and-usage-review
peerage,needs-definition-and-usage-review
peeress,needs-definition-and-usage-review
peewit,needs-definition-and-usage-review
peewits,needs-definition-and-usage-review
peke,needs-definition-and-usage-review
pekes,needs-definition-and-usage-review
pekoe,needs-definition-and-usage-review
pelmet,needs-definition-and-usage-review
pelmets,needs-definition-and-usage-review
pendent,needs-definition-and-usage-review
penman,needs-definition-and-usage-review
penmen,needs-definition-and-usage-review
penne,needs-definition-and-usage-review
penuche,needs-definition-and-usage-review
peon,needs-definition-and-usage-review
peons,needs-definition-and-usage-review
peppery,needs-definition-and-usage-review
peppier,needs-definition-and-usage-review
peppy,needs-definition-and-usage-review
pepsin,needs-definition-and-usage-review
peptic,needs-definition-and-usage-review
peptics,needs-definition-and-usage-review
percale,needs-definition-and-usage-review
pergola,needs-definition-and-usage-review
perinea,needs-definition-and-usage-review
periwig,needs-definition-and-usage-review
perjure,needs-definition-and-usage-review
perkily,needs-definition-and-usage-review
perspex,needs-definition-and-usage-review
pertly,needs-definition-and-usage-review
peseta,needs-definition-and-usage-review
pesetas,needs-definition-and-usage-review
peskier,needs-definition-and-usage-review
peskily,needs-definition-and-usage-review
pesky,needs-definition-and-usage-review
petaled,needs-definition-and-usage-review
pettily,needs-definition-and-usage-review
pettish,needs-definition-and-usage-review
pewit,needs-definition-and-usage-review
pewits,needs-definition-and-usage-review
pfennig,needs-definition-and-usage-review
pharma,needs-definition-and-usage-review
phaser,needs-definition-and-usage-review
phasers,needs-definition-and-usage-review
phenom,needs-definition-and-usage-review
phenoms,needs-definition-and-usage-review
philter,needs-definition-and-usage-review
phished,needs-definition-and-usage-review
phooey,needs-definition-and-usage-review
phrasal,needs-definition-and-usage-review
phyllo,needs-definition-and-usage-review
physic,needs-definition-and-usage-review
physio,needs-definition-and-usage-review
physios,needs-definition-and-usage-review
pianola,needs-definition-and-usage-review
piaster,needs-definition-and-usage-review
pibroch,needs-definition-and-usage-review
picador,needs-definition-and-usage-review
picante,needs-definition-and-usage-review
piccata,needs-definition-and-usage-review
picker,needs-definition-and-usage-review
pickers,needs-definition-and-usage-review
picket,needs-definition-and-usage-review
pickets,needs-definition-and-usage-review
pickup,needs-definition-and-usage-review
pickups,needs-definition-and-usage-review
picot,needs-definition-and-usage-review
picots,needs-definition-and-usage-review
piddly,needs-definition-and-usage-review
piebald,needs-definition-and-usage-review
pieing,needs-definition-and-usage-review
piggery,needs-definition-and-usage-review
piggish,needs-definition-and-usage-review
pigskin,needs-definition-and-usage-review
pigtail,needs-definition-and-usage-review
pilaf,needs-definition-and-usage-review
pilafs,needs-definition-and-usage-review
pileup,needs-definition-and-usage-review
pileups,needs-definition-and-usage-review
pilings,needs-definition-and-usage-review
pillage,needs-definition-and-usage-review
pillbox,needs-definition-and-usage-review
pillock,needs-definition-and-usage-review
pillory,needs-definition-and-usage-review
pimento,needs-definition-and-usage-review
pimpled,needs-definition-and-usage-review
pimply,needs-definition-and-usage-review
pincer,needs-definition-and-usage-review
pincers,needs-definition-and-usage-review
piney,needs-definition-and-usage-review
pinhead,needs-definition-and-usage-review
pinhole,needs-definition-and-usage-review
pinier,needs-definition-and-usage-review
piniest,needs-definition-and-usage-review
pinion,needs-definition-and-usage-review
pinions,needs-definition-and-usage-review
pinkish,needs-definition-and-usage-review
pinon,needs-definition-and-usage-review
pinons,needs-definition-and-usage-review
pinto,needs-definition-and-usage-review
pintos,needs-definition-and-usage-review
pinup,needs-definition-and-usage-review
pinups,needs-definition-and-usage-review
piously,needs-definition-and-usage-review
pipit,needs-definition-and-usage-review
pipits,needs-definition-and-usage-review
pippin,needs-definition-and-usage-review
pippins,needs-definition-and-usage-review
pismire,needs-definition-and-usage-review
pissoir,needs-definition-and-usage-review
pitapat,needs-definition-and-usage-review
piteous,needs-definition-and-usage-review
pithead,needs-definition-and-usage-review
pithily,needs-definition-and-usage-review
piton,needs-definition-and-usage-review
pitons,needs-definition-and-usage-review
pitta,needs-definition-and-usage-review
pittas,needs-definition-and-usage-review
pizzazz,needs-definition-and-usage-review
placket,needs-definition-and-usage-review
plaint,needs-definition-and-usage-review
plaints,needs-definition-and-usage-review
plantar,needs-definition-and-usage-review
planter,needs-definition-and-usage-review
plasmon,needs-definition-and-usage-review
platoon,needs-definition-and-usage-review
platter,needs-definition-and-usage-review
platy,needs-definition-and-usage-review
platys,needs-definition-and-usage-review
playact,needs-definition-and-usage-review
playoff,needs-definition-and-usage-review
playpen,needs-definition-and-usage-review
pleader,needs-definition-and-usage-review
pleaser,needs-definition-and-usage-review
plebby,needs-definition-and-usage-review
plectra,needs-definition-and-usage-review
pliancy,needs-definition-and-usage-review
plodder,needs-definition-and-usage-review
plotter,needs-definition-and-usage-review
plowman,needs-definition-and-usage-review
plowmen,needs-definition-and-usage-review
plucky,needs-definition-and-usage-review
plugin,needs-definition-and-usage-review
plugins,needs-definition-and-usage-review
plumier,needs-definition-and-usage-review
plummy,needs-definition-and-usage-review
plumply,needs-definition-and-usage-review
plumps,needs-definition-and-usage-review
plumy,needs-definition-and-usage-review
plunger,needs-definition-and-usage-review
plunk,needs-definition-and-usage-review
plunked,needs-definition-and-usage-review
plunks,needs-definition-and-usage-review
plushly,needs-definition-and-usage-review
pluvial,needs-definition-and-usage-review
poacher,needs-definition-and-usage-review
poblano,needs-definition-and-usage-review
pocked,needs-definition-and-usage-review
poesy,needs-definition-and-usage-review
pointy,needs-definition-and-usage-review
pokier,needs-definition-and-usage-review
pokiest,needs-definition-and-usage-review
poky,needs-definition-and-usage-review
poleaxe,needs-definition-and-usage-review
polenta,needs-definition-and-usage-review
politic,needs-definition-and-usage-review
pollard,needs-definition-and-usage-review
polyp,needs-definition-and-usage-review
polyps,needs-definition-and-usage-review
pompano,needs-definition-and-usage-review
pompom,needs-definition-and-usage-review
pompoms,needs-definition-and-usage-review
poncho,needs-definition-and-usage-review
ponchos,needs-definition-and-usage-review
poncy,needs-definition-and-usage-review
pongee,needs-definition-and-usage-review
poniard,needs-definition-and-usage-review
poofter,needs-definition-and-usage-review
pooh,needs-definition-and-usage-review
poohed,needs-definition-and-usage-review
poohing,needs-definition-and-usage-review
poohs,needs-definition-and-usage-review
popgun,needs-definition-and-usage-review
popguns,needs-definition-and-usage-review
poplar,needs-definition-and-usage-review
poplars,needs-definition-and-usage-review
popover,needs-definition-and-usage-review
poppa,needs-definition-and-usage-review
poppas,needs-definition-and-usage-review
porgies,needs-definition-and-usage-review
porgy,needs-definition-and-usage-review
porous,needs-definition-and-usage-review
portage,needs-definition-and-usage-review
portly,needs-definition-and-usage-review
poss,needs-definition-and-usage-review
postage,needs-definition-and-usage-review
postbag,needs-definition-and-usage-review
postbox,needs-definition-and-usage-review
postdoc,needs-definition-and-usage-review
postwar,needs-definition-and-usage-review
potful,needs-definition-and-usage-review
potfuls,needs-definition-and-usage-review
pother,needs-definition-and-usage-review
potherb,needs-definition-and-usage-review
pothers,needs-definition-and-usage-review
pothole,needs-definition-and-usage-review
pothook,needs-definition-and-usage-review
potluck,needs-definition-and-usage-review
potpie,needs-definition-and-usage-review
potpies,needs-definition-and-usage-review
pottage,needs-definition-and-usage-review
pouf,needs-definition-and-usage-review
poufs,needs-definition-and-usage-review
pounder,needs-definition-and-usage-review
pouter,needs-definition-and-usage-review
pouters,needs-definition-and-usage-review
pouty,needs-definition-and-usage-review
powdery,needs-definition-and-usage-review
powwow,needs-definition-and-usage-review
powwows,needs-definition-and-usage-review
praetor,needs-definition-and-usage-review
praline,needs-definition-and-usage-review
prance,needs-definition-and-usage-review
pranced,needs-definition-and-usage-review
prancer,needs-definition-and-usage-review
prances,needs-definition-and-usage-review
prater,needs-definition-and-usage-review
praters,needs-definition-and-usage-review
preachy,needs-definition-and-usage-review
precast,needs-definition-and-usage-review
precook,needs-definition-and-usage-review
predate,needs-definition-and-usage-review
preemie,needs-definition-and-usage-review
prefabs,needs-definition-and-usage-review
preform,needs-definition-and-usage-review
pregame,needs-definition-and-usage-review
preheat,needs-definition-and-usage-review
prelim,needs-definition-and-usage-review
prelims,needs-definition-and-usage-review
premade,needs-definition-and-usage-review
premed,needs-definition-and-usage-review
premeds,needs-definition-and-usage-review
premix,needs-definition-and-usage-review
prepaid,needs-definition-and-usage-review
prepay,needs-definition-and-usage-review
prepays,needs-definition-and-usage-review
preppy,needs-definition-and-usage-review
presage,needs-definition-and-usage-review
preset,needs-definition-and-usage-review
presets,needs-definition-and-usage-review
preside,needs-definition-and-usage-review
presort,needs-definition-and-usage-review
presser,needs-definition-and-usage-review
pressie,needs-definition-and-usage-review
pretax,needs-definition-and-usage-review
preteen,needs-definition-and-usage-review
preterm,needs-definition-and-usage-review
pretest,needs-definition-and-usage-review
preview,needs-definition-and-usage-review
prezzie,needs-definition-and-usage-review
priapic,needs-definition-and-usage-review
pricey,needs-definition-and-usage-review
pricier,needs-definition-and-usage-review
prickle,needs-definition-and-usage-review
prickly,needs-definition-and-usage-review
prier,needs-definition-and-usage-review
priers,needs-definition-and-usage-review
primes,needs-definition-and-usage-review
primly,needs-definition-and-usage-review
prissy,needs-definition-and-usage-review
prithee,needs-definition-and-usage-review
privet,needs-definition-and-usage-review
privets,needs-definition-and-usage-review
privily,needs-definition-and-usage-review
probate,needs-definition-and-usage-review
prod,needs-definition-and-usage-review
prodded,needs-definition-and-usage-review
prods,needs-definition-and-usage-review
prof,needs-definition-and-usage-review
profs,needs-definition-and-usage-review
prompts,needs-definition-and-usage-review
pronged,needs-definition-and-usage-review
prosody,needs-definition-and-usage-review
proudly,needs-definition-and-usage-review
proviso,needs-definition-and-usage-review
prowess,needs-definition-and-usage-review
prowl,needs-definition-and-usage-review
prowled,needs-definition-and-usage-review
prowler,needs-definition-and-usage-review
prowls,needs-definition-and-usage-review
prudery,needs-definition-and-usage-review
pruner,needs-definition-and-usage-review
pruners,needs-definition-and-usage-review
pseud,needs-definition-and-usage-review
pseuds,needs-definition-and-usage-review
pseudy,needs-definition-and-usage-review
psst,needs-definition-and-usage-review
pucker,needs-definition-and-usage-review
puckers,needs-definition-and-usage-review
puckish,needs-definition-and-usage-review
puddle,needs-definition-and-usage-review
puddled,needs-definition-and-usage-review
puddles,needs-definition-and-usage-review
pudenda,needs-definition-and-usage-review
pudgier,needs-definition-and-usage-review
pudgy,needs-definition-and-usage-review
puffer,needs-definition-and-usage-review
puffers,needs-definition-and-usage-review
puffier,needs-definition-and-usage-review
puffy,needs-definition-and-usage-review
puller,needs-definition-and-usage-review
pullers,needs-definition-and-usage-review
pulpier,needs-definition-and-usage-review
pulpy,needs-definition-and-usage-review
pulsar,needs-definition-and-usage-review
pulsars,needs-definition-and-usage-review
pulsate,needs-definition-and-usage-review
pummel,needs-definition-and-usage-review
pummels,needs-definition-and-usage-review
pumper,needs-definition-and-usage-review
pumpers,needs-definition-and-usage-review
puncher,needs-definition-and-usage-review
punchy,needs-definition-and-usage-review
pup,needs-definition-and-usage-review
pupal,needs-definition-and-usage-review
pupped,needs-definition-and-usage-review
pupping,needs-definition-and-usage-review
pups,needs-definition-and-usage-review
purger,needs-definition-and-usage-review
purgers,needs-definition-and-usage-review
purism,needs-definition-and-usage-review
purist,needs-definition-and-usage-review
purists,needs-definition-and-usage-review
purser,needs-definition-and-usage-review
pursers,needs-definition-and-usage-review
pursuer,needs-definition-and-usage-review
pusher,needs-definition-and-usage-review
pushers,needs-definition-and-usage-review
pushily,needs-definition-and-usage-review
pushpin,needs-definition-and-usage-review
pussier,needs-definition-and-usage-review
pussies,needs-definition-and-usage-review
pussy,needs-definition-and-usage-review
putout,needs-definition-and-usage-review
putouts,needs-definition-and-usage-review
puttee,needs-definition-and-usage-review
puttees,needs-definition-and-usage-review
puttied,needs-definition-and-usage-review
putties,needs-definition-and-usage-review
putty,needs-definition-and-usage-review
puzzler,needs-definition-and-usage-review
pwn,needs-definition-and-usage-review
pwned,needs-definition-and-usage-review
pwning,needs-definition-and-usage-review
pwns,needs-definition-and-usage-review
pyloric,needs-definition-and-usage-review
pyx,needs-definition-and-usage-review
pyxes,needs-definition-and-usage-review
pzazz,needs-definition-and-usage-review
quaky,needs-definition-and-usage-review
quant,needs-definition-and-usage-review
quants,needs-definition-and-usage-review
quavery,needs-definition-and-usage-review
queerly,needs-definition-and-usage-review
queers,needs-definition-and-usage-review
quill,needs-definition-and-usage-review
quills,needs-definition-and-usage-review
quin,needs-definition-and-usage-review
quins,needs-definition-and-usage-review
quint,needs-definition-and-usage-review
quints,needs-definition-and-usage-review
quivery,needs-definition-and-usage-review
quizzer,needs-definition-and-usage-review
quo,needs-definition-and-usage-review
quoit,needs-definition-and-usage-review
quoited,needs-definition-and-usage-review
quoits,needs-definition-and-usage-review
rabidly,needs-definition-and-usage-review
raceme,needs-definition-and-usage-review
racemes,needs-definition-and-usage-review
racer,needs-definition-and-usage-review
racers,needs-definition-and-usage-review
raceway,needs-definition-and-usage-review
racily,needs-definition-and-usage-review
raddled,needs-definition-and-usage-review
radial,needs-definition-and-usage-review
radials,needs-definition-and-usage-review
raffle,needs-definition-and-usage-review
raffled,needs-definition-and-usage-review
raffles,needs-definition-and-usage-review
ragga,needs-definition-and-usage-review
raggedy,needs-definition-and-usage-review
raglan,needs-definition-and-usage-review
raglans,needs-definition-and-usage-review
ragout,needs-definition-and-usage-review
ragouts,needs-definition-and-usage-review
ragtag,needs-definition-and-usage-review
ragtime,needs-definition-and-usage-review
ragweed,needs-definition-and-usage-review
rah,needs-definition-and-usage-review
railcar,needs-definition-and-usage-review
raiment,needs-definition-and-usage-review
raiser,needs-definition-and-usage-review
raisers,needs-definition-and-usage-review
rakish,needs-definition-and-usage-review
rambler,needs-definition-and-usage-review
ramekin,needs-definition-and-usage-review
ramie,needs-definition-and-usage-review
ramjet,needs-definition-and-usage-review
ramjets,needs-definition-and-usage-review
rampart,needs-definition-and-usage-review
rancher,needs-definition-and-usage-review
ranger,needs-definition-and-usage-review
rangers,needs-definition-and-usage-review
rangier,needs-definition-and-usage-review
rangy,needs-definition-and-usage-review
rankly,needs-definition-and-usage-review
ransack,needs-definition-and-usage-review
raper,needs-definition-and-usage-review
rapers,needs-definition-and-usage-review
rapine,needs-definition-and-usage-review
rappel,needs-definition-and-usage-review
rappels,needs-definition-and-usage-review
raptly,needs-definition-and-usage-review
rashly,needs-definition-and-usage-review
raspier,needs-definition-and-usage-review
raspy,needs-definition-and-usage-review
ratbag,needs-definition-and-usage-review
ratbags,needs-definition-and-usage-review
ratfink,needs-definition-and-usage-review
ration,needs-definition-and-usage-review
rations,needs-definition-and-usage-review
ratlike,needs-definition-and-usage-review
rattan,needs-definition-and-usage-review
rattans,needs-definition-and-usage-review
rattier,needs-definition-and-usage-review
rattly,needs-definition-and-usage-review
rattrap,needs-definition-and-usage-review
ratty,needs-definition-and-usage-review
raunchy,needs-definition-and-usage-review
ravager,needs-definition-and-usage-review
ravings,needs-definition-and-usage-review
rawhide,needs-definition-and-usage-review
rawness,needs-definition-and-usage-review
readmit,needs-definition-and-usage-review
readopt,needs-definition-and-usage-review
readout,needs-definition-and-usage-review
realign,needs-definition-and-usage-review
realist,needs-definition-and-usage-review
reamer,needs-definition-and-usage-review
reamers,needs-definition-and-usage-review
reapply,needs-definition-and-usage-review
rebar,needs-definition-and-usage-review
rebars,needs-definition-and-usage-review
rebid,needs-definition-and-usage-review
rebids,needs-definition-and-usage-review
reboil,needs-definition-and-usage-review
reboils,needs-definition-and-usage-review
rebury,needs-definition-and-usage-review
rec,needs-definition-and-usage-review
recce,needs-definition-and-usage-review
recces,needs-definition-and-usage-review
recheck,needs-definition-and-usage-review
reciter,needs-definition-and-usage-review
reclaim,needs-definition-and-usage-review
recolor,needs-definition-and-usage-review
recon,needs-definition-and-usage-review
recons,needs-definition-and-usage-review
recook,needs-definition-and-usage-review
recooks,needs-definition-and-usage-review
recopy,needs-definition-and-usage-review
recross,needs-definition-and-usage-review
rectory,needs-definition-and-usage-review
redbird,needs-definition-and-usage-review
redcap,needs-definition-and-usage-review
redcaps,needs-definition-and-usage-review
reddish,needs-definition-and-usage-review
redial,needs-definition-and-usage-review
redials,needs-definition-and-usage-review
redness,needs-definition-and-usage-review
redoubt,needs-definition-and-usage-review
redraft,needs-definition-and-usage-review
redraw,needs-definition-and-usage-review
redrawn,needs-definition-and-usage-review
redraws,needs-definition-and-usage-review
redrew,needs-definition-and-usage-review
reducer,needs-definition-and-usage-review
redwood,needs-definition-and-usage-review
redye,needs-definition-and-usage-review
redyed,needs-definition-and-usage-review
redyes,needs-definition-and-usage-review
reecho,needs-definition-and-usage-review
reedier,needs-definition-and-usage-review
reedit,needs-definition-and-usage-review
reedits,needs-definition-and-usage-review
reedy,needs-definition-and-usage-review
reelect,needs-definition-and-usage-review
reenact,needs-definition-and-usage-review
reenter,needs-definition-and-usage-review
reentry,needs-definition-and-usage-review
reequip,needs-definition-and-usage-review
reface,needs-definition-and-usage-review
refaced,needs-definition-and-usage-review
refaces,needs-definition-and-usage-review
refile,needs-definition-and-usage-review
refiled,needs-definition-and-usage-review
refiles,needs-definition-and-usage-review
refill,needs-definition-and-usage-review
refills,needs-definition-and-usage-review
refiner,needs-definition-and-usage-review
refit,needs-definition-and-usage-review
refits,needs-definition-and-usage-review
reflate,needs-definition-and-usage-review
reflex,needs-definition-and-usage-review
reflux,needs-definition-and-usage-review
refocus,needs-definition-and-usage-review
reforge,needs-definition-and-usage-review
reframe,needs-definition-and-usage-review
refried,needs-definition-and-usage-review
refroze,needs-definition-and-usage-review
refuel,needs-definition-and-usage-review
refuels,needs-definition-and-usage-review
refuter,needs-definition-and-usage-review
regale,needs-definition-and-usage-review
regaled,needs-definition-and-usage-review
regales,needs-definition-and-usage-review
regally,needs-definition-and-usage-review
regency,needs-definition-and-usage-review
regimen,needs-definition-and-usage-review
regnant,needs-definition-and-usage-review
regrade,needs-definition-and-usage-review
regrew,needs-definition-and-usage-review
regrind,needs-definition-and-usage-review
regroup,needs-definition-and-usage-review
regrow,needs-definition-and-usage-review
regrown,needs-definition-and-usage-review
regrows,needs-definition-and-usage-review
rehang,needs-definition-and-usage-review
rehangs,needs-definition-and-usage-review
rehear,needs-definition-and-usage-review
reheard,needs-definition-and-usage-review
rehears,needs-definition-and-usage-review
reheat,needs-definition-and-usage-review
reheats,needs-definition-and-usage-review
rehire,needs-definition-and-usage-review
rehired,needs-definition-and-usage-review
rehires,needs-definition-and-usage-review
rehouse,needs-definition-and-usage-review
rehung,needs-definition-and-usage-review
reissue,needs-definition-and-usage-review
rejig,needs-definition-and-usage-review
rejigs,needs-definition-and-usage-review
rejudge,needs-definition-and-usage-review
relabel,needs-definition-and-usage-review
relater,needs-definition-and-usage-review
relaxer,needs-definition-and-usage-review
relearn,needs-definition-and-usage-review
reliant,needs-definition-and-usage-review
reline,needs-definition-and-usage-review
relined,needs-definition-and-usage-review
relines,needs-definition-and-usage-review
relist,needs-definition-and-usage-review
relists,needs-definition-and-usage-review
relive,needs-definition-and-usage-review
relived,needs-definition-and-usage-review
relives,needs-definition-and-usage-review
reload,needs-definition-and-usage-review
reloads,needs-definition-and-usage-review
remand,needs-definition-and-usage-review
remands,needs-definition-and-usage-review
remap,needs-definition-and-usage-review
remaps,needs-definition-and-usage-review
remelt,needs-definition-and-usage-review
remelts,needs-definition-and-usage-review
remix,needs-definition-and-usage-review
remixed,needs-definition-and-usage-review
remixes,needs-definition-and-usage-review
remodel,needs-definition-and-usage-review
remold,needs-definition-and-usage-review
remolds,needs-definition-and-usage-review
remover,needs-definition-and-usage-review
reneger,needs-definition-and-usage-review
renewal,needs-definition-and-usage-review
rennin,needs-definition-and-usage-review
rental,needs-definition-and-usage-review
rentals,needs-definition-and-usage-review
renter,needs-definition-and-usage-review
renters,needs-definition-and-usage-review
reoccur,needs-definition-and-usage-review
reorder,needs-definition-and-usage-review
reorg,needs-definition-and-usage-review
reorged,needs-definition-and-usage-review
reorgs,needs-definition-and-usage-review
repack,needs-definition-and-usage-review
repacks,needs-definition-and-usage-review
repave,needs-definition-and-usage-review
repaved,needs-definition-and-usage-review
repaves,needs-definition-and-usage-review
repine,needs-definition-and-usage-review
repined,needs-definition-and-usage-review
repines,needs-definition-and-usage-review
reprice,needs-definition-and-usage-review
reprint,needs-definition-and-usage-review
reprise,needs-definition-and-usage-review
repulse,needs-definition-and-usage-review
requite,needs-definition-and-usage-review
reread,needs-definition-and-usage-review
rereads,needs-definition-and-usage-review
reroute,needs-definition-and-usage-review
resale,needs-definition-and-usage-review
resales,needs-definition-and-usage-review
resat,needs-definition-and-usage-review
rescind,needs-definition-and-usage-review
rescuer,needs-definition-and-usage-review
reseal,needs-definition-and-usage-review
reseals,needs-definition-and-usage-review
reseed,needs-definition-and-usage-review
reseeds,needs-definition-and-usage-review
resend,needs-definition-and-usage-review
resew,needs-definition-and-usage-review
resewed,needs-definition-and-usage-review
resewn,needs-definition-and-usage-review
resews,needs-definition-and-usage-review
reshape,needs-definition-and-usage-review
reship,needs-definition-and-usage-review
reships,needs-definition-and-usage-review
reshoot,needs-definition-and-usage-review
reshot,needs-definition-and-usage-review
residua,needs-definition-and-usage-review
resit,needs-definition-and-usage-review
resits,needs-definition-and-usage-review
resole,needs-definition-and-usage-review
resoled,needs-definition-and-usage-review
resoles,needs-definition-and-usage-review
resound,needs-definition-and-usage-review
resow,needs-definition-and-usage-review
resowed,needs-definition-and-usage-review
resown,needs-definition-and-usage-review
resows,needs-definition-and-usage-review
respell,needs-definition-and-usage-review
respire,needs-definition-and-usage-review
respite,needs-definition-and-usage-review
restaff,needs-definition-and-usage-review
restart,needs-definition-and-usage-review
restate,needs-definition-and-usage-review
restful,needs-definition-and-usage-review
restock,needs-definition-and-usage-review
restudy,needs-definition-and-usage-review
restyle,needs-definition-and-usage-review
retake,needs-definition-and-usage-review
retaken,needs-definition-and-usage-review
retakes,needs-definition-and-usage-review
retard,needs-definition-and-usage-review
retards,needs-definition-and-usage-review
reteach,needs-definition-and-usage-review
retest,needs-definition-and-usage-review
retests,needs-definition-and-usage-review
retie,needs-definition-and-usage-review
retied,needs-definition-and-usage-review
reties,needs-definition-and-usage-review
retinal,needs-definition-and-usage-review
retinol,needs-definition-and-usage-review
retiree,needs-definition-and-usage-review
retitle,needs-definition-and-usage-review
retook,needs-definition-and-usage-review
retouch,needs-definition-and-usage-review
retract,needs-definition-and-usage-review
retread,needs-definition-and-usage-review
retrial,needs-definition-and-usage-review
retrod,needs-definition-and-usage-review
retweet,needs-definition-and-usage-review
retying,needs-definition-and-usage-review
retype,needs-definition-and-usage-review
retyped,needs-definition-and-usage-review
retypes,needs-definition-and-usage-review
reunify,needs-definition-and-usage-review
revalue,needs-definition-and-usage-review
revel,needs-definition-and-usage-review
reveled,needs-definition-and-usage-review
reveler,needs-definition-and-usage-review
revelry,needs-definition-and-usage-review
revels,needs-definition-and-usage-review
reverb,needs-definition-and-usage-review
revere,needs-definition-and-usage-review
revered,needs-definition-and-usage-review
reveres,needs-definition-and-usage-review
revers,needs-definition-and-usage-review
revile,needs-definition-and-usage-review
reviled,needs-definition-and-usage-review
reviler,needs-definition-and-usage-review
reviles,needs-definition-and-usage-review
reviser,needs-definition-and-usage-review
revue,needs-definition-and-usage-review
revues,needs-definition-and-usage-review
rewarm,needs-definition-and-usage-review
rewarms,needs-definition-and-usage-review
rewash,needs-definition-and-usage-review
reweave,needs-definition-and-usage-review
rewed,needs-definition-and-usage-review
reweds,needs-definition-and-usage-review
reweigh,needs-definition-and-usage-review
rewild,needs-definition-and-usage-review
rewilds,needs-definition-and-usage-review
rewire,needs-definition-and-usage-review
rewired,needs-definition-and-usage-review
rewires,needs-definition-and-usage-review
reword,needs-definition-and-usage-review
rewords,needs-definition-and-usage-review
rewove,needs-definition-and-usage-review
rewoven,needs-definition-and-usage-review
rezone,needs-definition-and-usage-review
rezoned,needs-definition-and-usage-review
rezones,needs-definition-and-usage-review
rheumy,needs-definition-and-usage-review
rhymer,needs-definition-and-usage-review
rhymers,needs-definition-and-usage-review
rial,needs-definition-and-usage-review
rials,needs-definition-and-usage-review
ribber,needs-definition-and-usage-review
ribbers,needs-definition-and-usage-review
ribeye,needs-definition-and-usage-review
ribeyes,needs-definition-and-usage-review
rickety,needs-definition-and-usage-review
ricotta,needs-definition-and-usage-review
riddler,needs-definition-and-usage-review
ridgy,needs-definition-and-usage-review
riff,needs-definition-and-usage-review
riffed,needs-definition-and-usage-review
riffing,needs-definition-and-usage-review
riffs,needs-definition-and-usage-review
rift,needs-definition-and-usage-review
rifted,needs-definition-and-usage-review
rifting,needs-definition-and-usage-review
rifts,needs-definition-and-usage-review
righto,needs-definition-and-usage-review
righty,needs-definition-and-usage-review
rigidly,needs-definition-and-usage-review
rigor,needs-definition-and-usage-review
rigors,needs-definition-and-usage-review
rimless,needs-definition-and-usage-review
ringlet,needs-definition-and-usage-review
rinse,needs-definition-and-usage-review
rinsed,needs-definition-and-usage-review
rinses,needs-definition-and-usage-review
rinsing,needs-definition-and-usage-review
rioter,needs-definition-and-usage-review
rioters,needs-definition-and-usage-review
riotous,needs-definition-and-usage-review
ripcord,needs-definition-and-usage-review
ripely,needs-definition-and-usage-review
ripoff,needs-definition-and-usage-review
ripoffs,needs-definition-and-usage-review
riposte,needs-definition-and-usage-review
ripple,needs-definition-and-usage-review
rippled,needs-definition-and-usage-review
ripples,needs-definition-and-usage-review
ripply,needs-definition-and-usage-review
ripsaw,needs-definition-and-usage-review
ripsaws,needs-definition-and-usage-review
riptide,needs-definition-and-usage-review
riser,needs-definition-and-usage-review
risers,needs-definition-and-usage-review
riskily,needs-definition-and-usage-review
risque,needs-definition-and-usage-review
rissole,needs-definition-and-usage-review
ritzier,needs-definition-and-usage-review
ritzy,needs-definition-and-usage-review
riveter,needs-definition-and-usage-review
riviera,needs-definition-and-usage-review
riyal,needs-definition-and-usage-review
riyals,needs-definition-and-usage-review
roadbed,needs-definition-and-usage-review
roadie,needs-definition-and-usage-review
roadies,needs-definition-and-usage-review
roadway,needs-definition-and-usage-review
roamer,needs-definition-and-usage-review
roamers,needs-definition-and-usage-review
roan,needs-definition-and-usage-review
roans,needs-definition-and-usage-review
roarer,needs-definition-and-usage-review
roarers,needs-definition-and-usage-review
roaster,needs-definition-and-usage-review
rocker,needs-definition-and-usage-review
rockers,needs-definition-and-usage-review
rockery,needs-definition-and-usage-review
rodeo,needs-definition-and-usage-review
rodeos,needs-definition-and-usage-review
roguery,needs-definition-and-usage-review
roister,needs-definition-and-usage-review
rollick,needs-definition-and-usage-review
rollmop,needs-definition-and-usage-review
rollout,needs-definition-and-usage-review
rolltop,needs-definition-and-usage-review
romaine,needs-definition-and-usage-review
romeo,needs-definition-and-usage-review
romeos,needs-definition-and-usage-review
romp,needs-definition-and-usage-review
romped,needs-definition-and-usage-review
romper,needs-definition-and-usage-review
rompers,needs-definition-and-usage-review
romping,needs-definition-and-usage-review
romps,needs-definition-and-usage-review
roofer,needs-definition-and-usage-review
roofers,needs-definition-and-usage-review
rooftop,needs-definition-and-usage-review
rookery,needs-definition-and-usage-review
roomer,needs-definition-and-usage-review
roomers,needs-definition-and-usage-review
roomful,needs-definition-and-usage-review
rootlet,needs-definition-and-usage-review
roper,needs-definition-and-usage-review
ropers,needs-definition-and-usage-review
ropier,needs-definition-and-usage-review
ropiest,needs-definition-and-usage-review
ropy,needs-definition-and-usage-review
rosary,needs-definition-and-usage-review
rosily,needs-definition-and-usage-review
rosin,needs-definition-and-usage-review
rosined,needs-definition-and-usage-review
rosins,needs-definition-and-usage-review
rostrum,needs-definition-and-usage-review
rotary,needs-definition-and-usage-review
rotgut,needs-definition-and-usage-review
roti,needs-definition-and-usage-review
rotini,needs-definition-and-usage-review
rotis,needs-definition-and-usage-review
rotter,needs-definition-and-usage-review
rotters,needs-definition-and-usage-review
roue,needs-definition-and-usage-review
roues,needs-definition-and-usage-review
roundly,needs-definition-and-usage-review
rover,needs-definition-and-usage-review
rovers,needs-definition-and-usage-review
rowboat,needs-definition-and-usage-review
rowdier,needs-definition-and-usage-review
rowdies,needs-definition-and-usage-review
rowdily,needs-definition-and-usage-review
rowdy,needs-definition-and-usage-review
rowel,needs-definition-and-usage-review
roweled,needs-definition-and-usage-review
rowels,needs-definition-and-usage-review
rower,needs-definition-and-usage-review
rowers,needs-definition-and-usage-review
rowlock,needs-definition-and-usage-review
royally,needs-definition-and-usage-review
rubato,needs-definition-and-usage-review
rubatos,needs-definition-and-usage-review
rubdown,needs-definition-and-usage-review
rubric,needs-definition-and-usage-review
rubrics,needs-definition-and-usage-review
ruched,needs-definition-and-usage-review
rueful,needs-definition-and-usage-review
ruffian,needs-definition-and-usage-review
ruffly,needs-definition-and-usage-review
rugrat,needs-definition-and-usage-review
rugrats,needs-definition-and-usage-review
rumble,needs-definition-and-usage-review
rumbled,needs-definition-and-usage-review
rumbles,needs-definition-and-usage-review
rumple,needs-definition-and-usage-review
rumpled,needs-definition-and-usage-review
rumples,needs-definition-and-usage-review
rumply,needs-definition-and-usage-review
runic,needs-definition-and-usage-review
runlet,needs-definition-and-usage-review
runlets,needs-definition-and-usage-review
runnel,needs-definition-and-usage-review
runnels,needs-definition-and-usage-review
runtier,needs-definition-and-usage-review
runtime,needs-definition-and-usage-review
runty,needs-definition-and-usage-review
rupiah,needs-definition-and-usage-review
rupiahs,needs-definition-and-usage-review
rusher,needs-definition-and-usage-review
rushers,needs-definition-and-usage-review
rushy,needs-definition-and-usage-review
rustler,needs-definition-and-usage-review
sabra,needs-definition-and-usage-review
sabras,needs-definition-and-usage-review
sachet,needs-definition-and-usage-review
sachets,needs-definition-and-usage-review
sackful,needs-definition-and-usage-review
sadden,needs-definition-and-usage-review
saddens,needs-definition-and-usage-review
saddler,needs-definition-and-usage-review
sadhu,needs-definition-and-usage-review
sadhus,needs-definition-and-usage-review
sagely,needs-definition-and-usage-review
saguaro,needs-definition-and-usage-review
sahib,needs-definition-and-usage-review
sahibs,needs-definition-and-usage-review
sainted,needs-definition-and-usage-review
salaam,needs-definition-and-usage-review
salaams,needs-definition-and-usage-review
saline,needs-definition-and-usage-review
salines,needs-definition-and-usage-review
salon,needs-definition-and-usage-review
salons,needs-definition-and-usage-review
saltbox,needs-definition-and-usage-review
saltine,needs-definition-and-usage-review
salvage,needs-definition-and-usage-review
salver,needs-definition-and-usage-review
salvers,needs-definition-and-usage-review
samey,needs-definition-and-usage-review
samosa,needs-definition-and-usage-review
samosas,needs-definition-and-usage-review
samovar,needs-definition-and-usage-review
sampler,needs-definition-and-usage-review
sanctum,needs-definition-and-usage-review
sandbag,needs-definition-and-usage-review
sandbar,needs-definition-and-usage-review
sander,needs-definition-and-usage-review
sanders,needs-definition-and-usage-review
sandhog,needs-definition-and-usage-review
sandlot,needs-definition-and-usage-review
sandman,needs-definition-and-usage-review
sandmen,needs-definition-and-usage-review
sandpit,needs-definition-and-usage-review
sanely,needs-definition-and-usage-review
sangria,needs-definition-and-usage-review
sapless,needs-definition-and-usage-review
sappier,needs-definition-and-usage-review
sappy,needs-definition-and-usage-review
sapwood,needs-definition-and-usage-review
sarin,needs-definition-and-usage-review
satanic,needs-definition-and-usage-review
satay,needs-definition-and-usage-review
satchel,needs-definition-and-usage-review
sateen,needs-definition-and-usage-review
satiety,needs-definition-and-usage-review
satin,needs-definition-and-usage-review
satiny,needs-definition-and-usage-review
satori,needs-definition-and-usage-review
satyric,needs-definition-and-usage-review
saucer,needs-definition-and-usage-review
saucers,needs-definition-and-usage-review
saucier,needs-definition-and-usage-review
saucily,needs-definition-and-usage-review
saucy,needs-definition-and-usage-review
saurian,needs-definition-and-usage-review
saute,needs-definition-and-usage-review
sauteed,needs-definition-and-usage-review
sautes,needs-definition-and-usage-review
savable,needs-definition-and-usage-review
saver,needs-definition-and-usage-review
savers,needs-definition-and-usage-review
savior,needs-definition-and-usage-review
saviors,needs-definition-and-usage-review
savor,needs-definition-and-usage-review
savored,needs-definition-and-usage-review
savors,needs-definition-and-usage-review
savoy,needs-definition-and-usage-review
savoys,needs-definition-and-usage-review
sawdust,needs-definition-and-usage-review
sawfly,needs-definition-and-usage-review
sawmill,needs-definition-and-usage-review
sawyer,needs-definition-and-usage-review
sawyers,needs-definition-and-usage-review
scad,needs-definition-and-usage-review
scads,needs-definition-and-usage-review
scald,needs-definition-and-usage-review
scalded,needs-definition-and-usage-review
scalds,needs-definition-and-usage-review
scallop,needs-definition-and-usage-review
scalpel,needs-definition-and-usage-review
scalper,needs-definition-and-usage-review
scamp,needs-definition-and-usage-review
scampi,needs-definition-and-usage-review
scamps,needs-definition-and-usage-review
scantly,needs-definition-and-usage-review
scarify,needs-definition-and-usage-review
scarily,needs-definition-and-usage-review
scarper,needs-definition-and-usage-review
scatty,needs-definition-and-usage-review
schemer,needs-definition-and-usage-review
schizo,needs-definition-and-usage-review
schizos,needs-definition-and-usage-review
schnook,needs-definition-and-usage-review
schuss,needs-definition-and-usage-review
sciatic,needs-definition-and-usage-review
scissor,needs-definition-and-usage-review
scoffer,needs-definition-and-usage-review
sconce,needs-definition-and-usage-review
sconces,needs-definition-and-usage-review
scooter,needs-definition-and-usage-review
scorer,needs-definition-and-usage-review
scorers,needs-definition-and-usage-review
scorner,needs-definition-and-usage-review
scourer,needs-definition-and-usage-review
scouter,needs-definition-and-usage-review
scrag,needs-definition-and-usage-review
scrags,needs-definition-and-usage-review
scratch,needs-definition-and-usage-review
scrawly,needs-definition-and-usage-review
scrawny,needs-definition-and-usage-review
screwy,needs-definition-and-usage-review
scribal,needs-definition-and-usage-review
scrip,needs-definition-and-usage-review
scrips,needs-definition-and-usage-review
scrod,needs-definition-and-usage-review
scrubby,needs-definition-and-usage-review
scruff,needs-definition-and-usage-review
scruffs,needs-definition-and-usage-review
scruffy,needs-definition-and-usage-review
scrump,needs-definition-and-usage-review
scrumps,needs-definition-and-usage-review
scrumpy,needs-definition-and-usage-review
scrunch,needs-definition-and-usage-review
scuff,needs-definition-and-usage-review
scuffed,needs-definition-and-usage-review
scuffs,needs-definition-and-usage-review
sculler,needs-definition-and-usage-review
sculpt,needs-definition-and-usage-review
sculpts,needs-definition-and-usage-review
scumbag,needs-definition-and-usage-review
scummy,needs-definition-and-usage-review
scurfy,needs-definition-and-usage-review
scurry,needs-definition-and-usage-review
scuzzy,needs-definition-and-usage-review
sealant,needs-definition-and-usage-review
sealer,needs-definition-and-usage-review
sealers,needs-definition-and-usage-review
seamier,needs-definition-and-usage-review
seamy,needs-definition-and-usage-review
seance,needs-definition-and-usage-review
seances,needs-definition-and-usage-review
sears,needs-definition-and-usage-review
seasick,needs-definition-and-usage-review
seaside,needs-definition-and-usage-review
seawall,needs-definition-and-usage-review
seaward,needs-definition-and-usage-review
seclude,needs-definition-and-usage-review
sectary,needs-definition-and-usage-review
sedgy,needs-definition-and-usage-review
seedbed,needs-definition-and-usage-review
seeder,needs-definition-and-usage-review
seeders,needs-definition-and-usage-review
seedpod,needs-definition-and-usage-review
seemly,needs-definition-and-usage-review
seepage,needs-definition-and-usage-review
seer,needs-definition-and-usage-review
seers,needs-definition-and-usage-review
seesaw,needs-definition-and-usage-review
seesaws,needs-definition-and-usage-review
seethe,needs-definition-and-usage-review
seethed,needs-definition-and-usage-review
seethes,needs-definition-and-usage-review
segment,needs-definition-and-usage-review
seiner,needs-definition-and-usage-review
seiners,needs-definition-and-usage-review
seitan,needs-definition-and-usage-review
seizure,needs-definition-and-usage-review
selfie,needs-definition-and-usage-review
selfies,needs-definition-and-usage-review
selloff,needs-definition-and-usage-review
seltzer,needs-definition-and-usage-review
selvage,needs-definition-and-usage-review
semipro,needs-definition-and-usage-review
sender,needs-definition-and-usage-review
senders,needs-definition-and-usage-review
sendoff,needs-definition-and-usage-review
senna,needs-definition-and-usage-review
senor,needs-definition-and-usage-review
senora,needs-definition-and-usage-review
senoras,needs-definition-and-usage-review
senors,needs-definition-and-usage-review
septal,needs-definition-and-usage-review
serape,needs-definition-and-usage-review
serapes,needs-definition-and-usage-review
sere,needs-definition-and-usage-review
serer,needs-definition-and-usage-review
serest,needs-definition-and-usage-review
serfdom,needs-definition-and-usage-review
serge,needs-definition-and-usage-review
serrate,needs-definition-and-usage-review
serried,needs-definition-and-usage-review
servery,needs-definition-and-usage-review
setter,needs-definition-and-usage-review
setters,needs-definition-and-usage-review
several,needs-definition-and-usage-review
sexily,needs-definition-and-usage-review
sexless,needs-definition-and-usage-review
sexting,needs-definition-and-usage-review
shadily,needs-definition-and-usage-review
shadowy,needs-definition-and-usage-review
shakeup,needs-definition-and-usage-review
shakily,needs-definition-and-usage-review
shaman,needs-definition-and-usage-review
shamans,needs-definition-and-usage-review
shamble,needs-definition-and-usage-review
shams,needs-definition-and-usage-review
shaper,needs-definition-and-usage-review
shapers,needs-definition-and-usage-review
sharer,needs-definition-and-usage-review
sharers,needs-definition-and-usage-review
shariah,needs-definition-and-usage-review
sharpie,needs-definition-and-usage-review
sharps,needs-definition-and-usage-review
shearer,needs-definition-and-usage-review
sheeny,needs-definition-and-usage-review
sheers,needs-definition-and-usage-review
sheikh,needs-definition-and-usage-review
sheikhs,needs-definition-and-usage-review
shellac,needs-definition-and-usage-review
sherbet,needs-definition-and-usage-review
shiatsu,needs-definition-and-usage-review
shies,needs-definition-and-usage-review
shifter,needs-definition-and-usage-review
shifty,needs-definition-and-usage-review
shimmer,needs-definition-and-usage-review
shipper,needs-definition-and-usage-review
shirker,needs-definition-and-usage-review
shirr,needs-definition-and-usage-review
shirred,needs-definition-and-usage-review
shirrs,needs-definition-and-usage-review
shivery,needs-definition-and-usage-review
shoat,needs-definition-and-usage-review
shoats,needs-definition-and-usage-review
shocker,needs-definition-and-usage-review
shoebox,needs-definition-and-usage-review
shooter,needs-definition-and-usage-review
shoppe,needs-definition-and-usage-review
shopper,needs-definition-and-usage-review
shoppes,needs-definition-and-usage-review
shorty,needs-definition-and-usage-review
shouter,needs-definition-and-usage-review
showbiz,needs-definition-and-usage-review
showery,needs-definition-and-usage-review
showily,needs-definition-and-usage-review
showman,needs-definition-and-usage-review
showmen,needs-definition-and-usage-review
showoff,needs-definition-and-usage-review
shrift,needs-definition-and-usage-review
shrilly,needs-definition-and-usage-review
shrubby,needs-definition-and-usage-review
shudder,needs-definition-and-usage-review
shush,needs-definition-and-usage-review
shushed,needs-definition-and-usage-review
shushes,needs-definition-and-usage-review
shutoff,needs-definition-and-usage-review
shutout,needs-definition-and-usage-review
shutter,needs-definition-and-usage-review
shyly,needs-definition-and-usage-review
shyness,needs-definition-and-usage-review
sickbay,needs-definition-and-usage-review
sickbed,needs-definition-and-usage-review
sicken,needs-definition-and-usage-review
sickens,needs-definition-and-usage-review
sickie,needs-definition-and-usage-review
sickies,needs-definition-and-usage-review
sickish,needs-definition-and-usage-review
sickly,needs-definition-and-usage-review
sicko,needs-definition-and-usage-review
sickos,needs-definition-and-usage-review
sickout,needs-definition-and-usage-review
sidebar,needs-definition-and-usage-review
sideman,needs-definition-and-usage-review
sidemen,needs-definition-and-usage-review
sidings,needs-definition-and-usage-review
sightly,needs-definition-and-usage-review
signer,needs-definition-and-usage-review
signers,needs-definition-and-usage-review
signet,needs-definition-and-usage-review
signets,needs-definition-and-usage-review
signor,needs-definition-and-usage-review
signors,needs-definition-and-usage-review
silkily,needs-definition-and-usage-review
siltier,needs-definition-and-usage-review
silty,needs-definition-and-usage-review
silvery,needs-definition-and-usage-review
sim,needs-definition-and-usage-review
sims,needs-definition-and-usage-review
singlet,needs-definition-and-usage-review
singly,needs-definition-and-usage-review
sinless,needs-definition-and-usage-review
siphon,needs-definition-and-usage-review
siphons,needs-definition-and-usage-review
sipper,needs-definition-and-usage-review
sippers,needs-definition-and-usage-review
sirloin,needs-definition-and-usage-review
sirocco,needs-definition-and-usage-review
sirree,needs-definition-and-usage-review
sis,needs-definition-and-usage-review
sises,needs-definition-and-usage-review
sitemap,needs-definition-and-usage-review
sitter,needs-definition-and-usage-review
sitters,needs-definition-and-usage-review
sixfold,needs-definition-and-usage-review
sizable,needs-definition-and-usage-review
sizzler,needs-definition-and-usage-review
skeeter,needs-definition-and-usage-review
skibob,needs-definition-and-usage-review
skibobs,needs-definition-and-usage-review
skidpan,needs-definition-and-usage-review
skiff,needs-definition-and-usage-review
skiffs,needs-definition-and-usage-review
skimmer,needs-definition-and-usage-review
skimpy,needs-definition-and-usage-review
skinful,needs-definition-and-usage-review
skiver,needs-definition-and-usage-review
skivers,needs-definition-and-usage-review
skivvy,needs-definition-and-usage-review
skoal,needs-definition-and-usage-review
skoals,needs-definition-and-usage-review
skua,needs-definition-and-usage-review
skuas,needs-definition-and-usage-review
skulk,needs-definition-and-usage-review
skulked,needs-definition-and-usage-review
skulker,needs-definition-and-usage-review
skulks,needs-definition-and-usage-review
skybox,needs-definition-and-usage-review
skycap,needs-definition-and-usage-review
skycaps,needs-definition-and-usage-review
skyjack,needs-definition-and-usage-review
skyline,needs-definition-and-usage-review
skyward,needs-definition-and-usage-review
slab,needs-definition-and-usage-review
slabbed,needs-definition-and-usage-review
slabs,needs-definition-and-usage-review
slacken,needs-definition-and-usage-review
slackly,needs-definition-and-usage-review
slangy,needs-definition-and-usage-review
slant,needs-definition-and-usage-review
slanted,needs-definition-and-usage-review
slants,needs-definition-and-usage-review
slasher,needs-definition-and-usage-review
slatted,needs-definition-and-usage-review
slaver,needs-definition-and-usage-review
slavers,needs-definition-and-usage-review
slayed,needs-definition-and-usage-review
sleazy,needs-definition-and-usage-review
sledder,needs-definition-and-usage-review
sleekly,needs-definition-and-usage-review
sleety,needs-definition-and-usage-review
sleeved,needs-definition-and-usage-review
sleuth,needs-definition-and-usage-review
sleuths,needs-definition-and-usage-review
slicer,needs-definition-and-usage-review
slicers,needs-definition-and-usage-review
slickly,needs-definition-and-usage-review
slicks,needs-definition-and-usage-review
slights,needs-definition-and-usage-review
slink,needs-definition-and-usage-review
slinks,needs-definition-and-usage-review
slippy,needs-definition-and-usage-review
slipway,needs-definition-and-usage-review
slither,needs-definition-and-usage-review
slosh,needs-definition-and-usage-review
sloshed,needs-definition-and-usage-review
sloshes,needs-definition-and-usage-review
slouchy,needs-definition-and-usage-review
sludge,needs-definition-and-usage-review
sludgy,needs-definition-and-usage-review
slue,needs-definition-and-usage-review
slued,needs-definition-and-usage-review
slues,needs-definition-and-usage-review
slugger,needs-definition-and-usage-review
sluice,needs-definition-and-usage-review
sluiced,needs-definition-and-usage-review
sluices,needs-definition-and-usage-review
sluing,needs-definition-and-usage-review
slum,needs-definition-and-usage-review
slumdog,needs-definition-and-usage-review
slummed,needs-definition-and-usage-review
slummy,needs-definition-and-usage-review
slums,needs-definition-and-usage-review
slunk,needs-definition-and-usage-review
slush,needs-definition-and-usage-review
slushy,needs-definition-and-usage-review
slyly,needs-definition-and-usage-review
slyness,needs-definition-and-usage-review
smarten,needs-definition-and-usage-review
smartly,needs-definition-and-usage-review
smarty,needs-definition-and-usage-review
smasher,needs-definition-and-usage-review
smashup,needs-definition-and-usage-review
smeary,needs-definition-and-usage-review
smelter,needs-definition-and-usage-review
smilax,needs-definition-and-usage-review
smirch,needs-definition-and-usage-review
smirk,needs-definition-and-usage-review
smirked,needs-definition-and-usage-review
smirks,needs-definition-and-usage-review
smithy,needs-definition-and-usage-review
smoggy,needs-definition-and-usage-review
smokey,needs-definition-and-usage-review
smokier,needs-definition-and-usage-review
smoky,needs-definition-and-usage-review
smoochy,needs-definition-and-usage-review
smother,needs-definition-and-usage-review
smudgy,needs-definition-and-usage-review
smugly,needs-definition-and-usage-review
smutty,needs-definition-and-usage-review
snakier,needs-definition-and-usage-review
snaky,needs-definition-and-usage-review
snapper,needs-definition-and-usage-review
snappy,needs-definition-and-usage-review
snarly,needs-definition-and-usage-review
snazzy,needs-definition-and-usage-review
sneaky,needs-definition-and-usage-review
snidely,needs-definition-and-usage-review
sniffer,needs-definition-and-usage-review
sniffle,needs-definition-and-usage-review
sniffy,needs-definition-and-usage-review
snifter,needs-definition-and-usage-review
snip,needs-definition-and-usage-review
snipped,needs-definition-and-usage-review
snippy,needs-definition-and-usage-review
snips,needs-definition-and-usage-review
snivel,needs-definition-and-usage-review
snivels,needs-definition-and-usage-review
snoop,needs-definition-and-usage-review
snooped,needs-definition-and-usage-review
snooper,needs-definition-and-usage-review
snoops,needs-definition-and-usage-review
snoopy,needs-definition-and-usage-review
snoot,needs-definition-and-usage-review
snoots,needs-definition-and-usage-review
snooty,needs-definition-and-usage-review
snorer,needs-definition-and-usage-review
snorers,needs-definition-and-usage-review
snorter,needs-definition-and-usage-review
snotty,needs-definition-and-usage-review
snowier,needs-definition-and-usage-review
snowy,needs-definition-and-usage-review
snubs,needs-definition-and-usage-review
snuff,needs-definition-and-usage-review
snuffed,needs-definition-and-usage-review
snuffer,needs-definition-and-usage-review
snuffly,needs-definition-and-usage-review
snuffs,needs-definition-and-usage-review
snugly,needs-definition-and-usage-review
snugs,needs-definition-and-usage-review
soaker,needs-definition-and-usage-review
soakers,needs-definition-and-usage-review
soapier,needs-definition-and-usage-review
soapy,needs-definition-and-usage-review
sob,needs-definition-and-usage-review
soba,needs-definition-and-usage-review
sobbed,needs-definition-and-usage-review
soberly,needs-definition-and-usage-review
sobs,needs-definition-and-usage-review
sockeye,needs-definition-and-usage-review
sodden,needs-definition-and-usage-review
soggier,needs-definition-and-usage-review
soggily,needs-definition-and-usage-review
soggy,needs-definition-and-usage-review
soignee,needs-definition-and-usage-review
solaria,needs-definition-and-usage-review
solidly,needs-definition-and-usage-review
soloist,needs-definition-and-usage-review
solver,needs-definition-and-usage-review
solvers,needs-definition-and-usage-review
somber,needs-definition-and-usage-review
someway,needs-definition-and-usage-review
sonata,needs-definition-and-usage-review
sonatas,needs-definition-and-usage-review
sonic,needs-definition-and-usage-review
sonnies,needs-definition-and-usage-review
sonny,needs-definition-and-usage-review
sooth,needs-definition-and-usage-review
soother,needs-definition-and-usage-review
sophism,needs-definition-and-usage-review
soppier,needs-definition-and-usage-review
soppy,needs-definition-and-usage-review
sorrily,needs-definition-and-usage-review
sorta,needs-definition-and-usage-review
sorter,needs-definition-and-usage-review
sorters,needs-definition-and-usage-review
sottish,needs-definition-and-usage-review
souffle,needs-definition-and-usage-review
souk,needs-definition-and-usage-review
souks,needs-definition-and-usage-review
soulful,needs-definition-and-usage-review
soundly,needs-definition-and-usage-review
sounds,needs-definition-and-usage-review
soupcon,needs-definition-and-usage-review
soupier,needs-definition-and-usage-review
soupy,needs-definition-and-usage-review
sourish,needs-definition-and-usage-review
sourly,needs-definition-and-usage-review
sours,needs-definition-and-usage-review
sower,needs-definition-and-usage-review
sowers,needs-definition-and-usage-review
spacey,needs-definition-and-usage-review
spacier,needs-definition-and-usage-review
spadix,needs-definition-and-usage-review
spandex,needs-definition-and-usage-review
spangle,needs-definition-and-usage-review
spangly,needs-definition-and-usage-review
spaniel,needs-definition-and-usage-review
sparely,needs-definition-and-usage-review
spares,needs-definition-and-usage-review
sparkly,needs-definition-and-usage-review
sparky,needs-definition-and-usage-review
sparse,needs-definition-and-usage-review
sparser,needs-definition-and-usage-review
spartan,needs-definition-and-usage-review
spathe,needs-definition-and-usage-review
spathes,needs-definition-and-usage-review
spatter,needs-definition-and-usage-review
speckle,needs-definition-and-usage-review
spectra,needs-definition-and-usage-review
speeder,needs-definition-and-usage-review
speedup,needs-definition-and-usage-review
speller,needs-definition-and-usage-review
spender,needs-definition-and-usage-review
spewer,needs-definition-and-usage-review
spewers,needs-definition-and-usage-review
spic,needs-definition-and-usage-review
spicily,needs-definition-and-usage-review
spics,needs-definition-and-usage-review
spicule,needs-definition-and-usage-review
spidery,needs-definition-and-usage-review
spikier,needs-definition-and-usage-review
spiky,needs-definition-and-usage-review
spindly,needs-definition-and-usage-review
spinner,needs-definition-and-usage-review
spinney,needs-definition-and-usage-review
spinoff,needs-definition-and-usage-review
spirea,needs-definition-and-usage-review
spireas,needs-definition-and-usage-review
spiry,needs-definition-and-usage-review
spiv,needs-definition-and-usage-review
spivs,needs-definition-and-usage-review
splashy,needs-definition-and-usage-review
splicer,needs-definition-and-usage-review
splint,needs-definition-and-usage-review
splints,needs-definition-and-usage-review
splodge,needs-definition-and-usage-review
splotch,needs-definition-and-usage-review
sponger,needs-definition-and-usage-review
spongy,needs-definition-and-usage-review
sponsor,needs-definition-and-usage-review
sporty,needs-definition-and-usage-review
spotlit,needs-definition-and-usage-review
spotter,needs-definition-and-usage-review
spotty,needs-definition-and-usage-review
spousal,needs-definition-and-usage-review
spray,needs-definition-and-usage-review
sprayed,needs-definition-and-usage-review
sprayer,needs-definition-and-usage-review
sprays,needs-definition-and-usage-review
springy,needs-definition-and-usage-review
spryly,needs-definition-and-usage-review
spumoni,needs-definition-and-usage-review
spumy,needs-definition-and-usage-review
spunky,needs-definition-and-usage-review
spurge,needs-definition-and-usage-review
spurn,needs-definition-and-usage-review
spurned,needs-definition-and-usage-review
spurns,needs-definition-and-usage-review
sputter,needs-definition-and-usage-review
squad,needs-definition-and-usage-review
squads,needs-definition-and-usage-review
squally,needs-definition-and-usage-review
squarer,needs-definition-and-usage-review
squashy,needs-definition-and-usage-review
squats,needs-definition-and-usage-review
squaw,needs-definition-and-usage-review
squaws,needs-definition-and-usage-review
squeaky,needs-definition-and-usage-review
squidgy,needs-definition-and-usage-review
squirmy,needs-definition-and-usage-review
ssh,needs-definition-and-usage-review
stabber,needs-definition-and-usage-review
stably,needs-definition-and-usage-review
staffer,needs-definition-and-usage-review
stagier,needs-definition-and-usage-review
stagy,needs-definition-and-usage-review
staidly,needs-definition-and-usage-review
stamper,needs-definition-and-usage-review
stanch,needs-definition-and-usage-review
stander,needs-definition-and-usage-review
starchy,needs-definition-and-usage-review
stardom,needs-definition-and-usage-review
starer,needs-definition-and-usage-review
starers,needs-definition-and-usage-review
starkly,needs-definition-and-usage-review
starlet,needs-definition-and-usage-review
starlit,needs-definition-and-usage-review
starry,needs-definition-and-usage-review
startup,needs-definition-and-usage-review
statin,needs-definition-and-usage-review
statins,needs-definition-and-usage-review
stayer,needs-definition-and-usage-review
stayers,needs-definition-and-usage-review
steal,needs-definition-and-usage-review
steamy,needs-definition-and-usage-review
steely,needs-definition-and-usage-review
steepen,needs-definition-and-usage-review
steeple,needs-definition-and-usage-review
steeply,needs-definition-and-usage-review
steeps,needs-definition-and-usage-review
stencil,needs-definition-and-usage-review
steno,needs-definition-and-usage-review
stenos,needs-definition-and-usage-review
stepdad,needs-definition-and-usage-review
stepmom,needs-definition-and-usage-review
stepper,needs-definition-and-usage-review
stetson,needs-definition-and-usage-review
stevia,needs-definition-and-usage-review
stiffly,needs-definition-and-usage-review
stiffs,needs-definition-and-usage-review
stills,needs-definition-and-usage-review
stilted,needs-definition-and-usage-review
stim,needs-definition-and-usage-review
stimmed,needs-definition-and-usage-review
stims,needs-definition-and-usage-review
stint,needs-definition-and-usage-review
stinted,needs-definition-and-usage-review
stints,needs-definition-and-usage-review
stipple,needs-definition-and-usage-review
stirrer,needs-definition-and-usage-review
stirrup,needs-definition-and-usage-review
stoker,needs-definition-and-usage-review
stokers,needs-definition-and-usage-review
stolon,needs-definition-and-usage-review
stolons,needs-definition-and-usage-review
stomp,needs-definition-and-usage-review
stomped,needs-definition-and-usage-review
stomps,needs-definition-and-usage-review
stonily,needs-definition-and-usage-review
stopper,needs-definition-and-usage-review
stopple,needs-definition-and-usage-review
stormy,needs-definition-and-usage-review
stoup,needs-definition-and-usage-review
stoups,needs-definition-and-usage-review
stoutly,needs-definition-and-usage-review
stowage,needs-definition-and-usage-review
strati,needs-definition-and-usage-review
stratus,needs-definition-and-usage-review
streaky,needs-definition-and-usage-review
strep,needs-definition-and-usage-review
strewth,needs-definition-and-usage-review
strider,needs-definition-and-usage-review
stringy,needs-definition-and-usage-review
stripey,needs-definition-and-usage-review
stripy,needs-definition-and-usage-review
strobe,needs-definition-and-usage-review
strobes,needs-definition-and-usage-review
strophe,needs-definition-and-usage-review
strudel,needs-definition-and-usage-review
strut,needs-definition-and-usage-review
struts,needs-definition-and-usage-review
stubbly,needs-definition-and-usage-review
stubby,needs-definition-and-usage-review
stucco,needs-definition-and-usage-review
stumpy,needs-definition-and-usage-review
stylist,needs-definition-and-usage-review
stylize,needs-definition-and-usage-review
styptic,needs-definition-and-usage-review
suasion,needs-definition-and-usage-review
suavely,needs-definition-and-usage-review
suavity,needs-definition-and-usage-review
subaqua,needs-definition-and-usage-review
subarea,needs-definition-and-usage-review
subhead,needs-definition-and-usage-review
subjoin,needs-definition-and-usage-review
sublet,needs-definition-and-usage-review
sublets,needs-definition-and-usage-review
subpar,needs-definition-and-usage-review
subpart,needs-definition-and-usage-review
subplot,needs-definition-and-usage-review
subsidy,needs-definition-and-usage-review
subsist,needs-definition-and-usage-review
subsoil,needs-definition-and-usage-review
subteen,needs-definition-and-usage-review
subtend,needs-definition-and-usage-review
subtest,needs-definition-and-usage-review
subtly,needs-definition-and-usage-review
subtype,needs-definition-and-usage-review
subzero,needs-definition-and-usage-review
succor,needs-definition-and-usage-review
succors,needs-definition-and-usage-review
succubi,needs-definition-and-usage-review
suckle,needs-definition-and-usage-review
suckled,needs-definition-and-usage-review
suckles,needs-definition-and-usage-review
suction,needs-definition-and-usage-review
suds,needs-definition-and-usage-review
sudsier,needs-definition-and-usage-review
sudsy,needs-definition-and-usage-review
suety,needs-definition-and-usage-review
sugary,needs-definition-and-usage-review
suitor,needs-definition-and-usage-review
suitors,needs-definition-and-usage-review
sulkily,needs-definition-and-usage-review
sullen,needs-definition-and-usage-review
sultan,needs-definition-and-usage-review
sultana,needs-definition-and-usage-review
sultans,needs-definition-and-usage-review
summat,needs-definition-and-usage-review
sump,needs-definition-and-usage-review
sumps,needs-definition-and-usage-review
sunbath,needs-definition-and-usage-review
sunbed,needs-definition-and-usage-review
sunbeds,needs-definition-and-usage-review
sunbelt,needs-definition-and-usage-review
sunburn,needs-definition-and-usage-review
sundeck,needs-definition-and-usage-review
sundown,needs-definition-and-usage-review
sunhat,needs-definition-and-usage-review
sunhats,needs-definition-and-usage-review
sunken,needs-definition-and-usage-review
sunlamp,needs-definition-and-usage-review
sunlike,needs-definition-and-usage-review
sunlit,needs-definition-and-usage-review
sunroom,needs-definition-and-usage-review
suntan,needs-definition-and-usage-review
suntans,needs-definition-and-usage-review
suntrap,needs-definition-and-usage-review
supremo,needs-definition-and-usage-review
surety,needs-definition-and-usage-review
sutler,needs-definition-and-usage-review
sutlers,needs-definition-and-usage-review
suttee,needs-definition-and-usage-review
swaddle,needs-definition-and-usage-review
swampy,needs-definition-and-usage-review
swanks,needs-definition-and-usage-review
swash,needs-definition-and-usage-review
swashed,needs-definition-and-usage-review
swashes,needs-definition-and-usage-review
swath,needs-definition-and-usage-review
swaths,needs-definition-and-usage-review
swatter,needs-definition-and-usage-review
swearer,needs-definition-and-usage-review
swimmer,needs-definition-and-usage-review
swinger,needs-definition-and-usage-review
swinish,needs-definition-and-usage-review
swirl,needs-definition-and-usage-review
swirled,needs-definition-and-usage-review
swirls,needs-definition-and-usage-review
swirly,needs-definition-and-usage-review
swishes,needs-definition-and-usage-review
swiz,needs-definition-and-usage-review
swizz,needs-definition-and-usage-review
swoon,needs-definition-and-usage-review
swooned,needs-definition-and-usage-review
swoons,needs-definition-and-usage-review
swoosh,needs-definition-and-usage-review
sylph,needs-definition-and-usage-review
sylphic,needs-definition-and-usage-review
sylphs,needs-definition-and-usage-review
sync,needs-definition-and-usage-review
synced,needs-definition-and-usage-review
syncing,needs-definition-and-usage-review
syncope,needs-definition-and-usage-review
syncs,needs-definition-and-usage-review
synfuel,needs-definition-and-usage-review
synth,needs-definition-and-usage-review
synths,needs-definition-and-usage-review
tabla,needs-definition-and-usage-review
tablas,needs-definition-and-usage-review
tacitly,needs-definition-and-usage-review
tacker,needs-definition-and-usage-review
tackers,needs-definition-and-usage-review
tackler,needs-definition-and-usage-review
tactful,needs-definition-and-usage-review
tagline,needs-definition-and-usage-review
tahini,needs-definition-and-usage-review
taiga,needs-definition-and-usage-review
taigas,needs-definition-and-usage-review
talcum,needs-definition-and-usage-review
talkier,needs-definition-and-usage-review
talky,needs-definition-and-usage-review
tallboy,needs-definition-and-usage-review
tallier,needs-definition-and-usage-review
tallish,needs-definition-and-usage-review
tallowy,needs-definition-and-usage-review
tamable,needs-definition-and-usage-review
tamari,needs-definition-and-usage-review
tamely,needs-definition-and-usage-review
tanager,needs-definition-and-usage-review
tanbark,needs-definition-and-usage-review
tankful,needs-definition-and-usage-review
tankini,needs-definition-and-usage-review
tannery,needs-definition-and-usage-review
tansy,needs-definition-and-usage-review
tantra,needs-definition-and-usage-review
tapper,needs-definition-and-usage-review
tappers,needs-definition-and-usage-review
taproom,needs-definition-and-usage-review
taproot,needs-definition-and-usage-review
tardily,needs-definition-and-usage-review
taro,needs-definition-and-usage-review
taros,needs-definition-and-usage-review
tarrier,needs-definition-and-usage-review
tarries,needs-definition-and-usage-review
tarry,needs-definition-and-usage-review
tartlet,needs-definition-and-usage-review
tartly,needs-definition-and-usage-review
tarty,needs-definition-and-usage-review
taskbar,needs-definition-and-usage-review
tastily,needs-definition-and-usage-review
tatami,needs-definition-and-usage-review
tatamis,needs-definition-and-usage-review
tattie,needs-definition-and-usage-review
tattier,needs-definition-and-usage-review
tatties,needs-definition-and-usage-review
tattler,needs-definition-and-usage-review
taunter,needs-definition-and-usage-review
tauten,needs-definition-and-usage-review
tautens,needs-definition-and-usage-review
tautly,needs-definition-and-usage-review
taxer,needs-definition-and-usage-review
taxers,needs-definition-and-usage-review
taxiway,needs-definition-and-usage-review
teacake,needs-definition-and-usage-review
tearier,needs-definition-and-usage-review
teary,needs-definition-and-usage-review
teaser,needs-definition-and-usage-review
teasers,needs-definition-and-usage-review
ted,needs-definition-and-usage-review
teds,needs-definition-and-usage-review
teensy,needs-definition-and-usage-review
tektite,needs-definition-and-usage-review
telco,needs-definition-and-usage-review
telcos,needs-definition-and-usage-review
telecom,needs-definition-and-usage-review
tempeh,needs-definition-and-usage-review
tempera,needs-definition-and-usage-review
tempter,needs-definition-and-usage-review
tempura,needs-definition-and-usage-review
tenably,needs-definition-and-usage-review
tenders,needs-definition-and-usage-review
tensely,needs-definition-and-usage-review
tensile,needs-definition-and-usage-review
tensity,needs-definition-and-usage-review
tenthly,needs-definition-and-usage-review
tenuity,needs-definition-and-usage-review
tepidly,needs-definition-and-usage-review
terabit,needs-definition-and-usage-review
termini,needs-definition-and-usage-review
termly,needs-definition-and-usage-review
ternary,needs-definition-and-usage-review
terrier,needs-definition-and-usage-review
terrify,needs-definition-and-usage-review
terrine,needs-definition-and-usage-review
tersely,needs-definition-and-usage-review
testily,needs-definition-and-usage-review
tetchy,needs-definition-and-usage-review
thalami,needs-definition-and-usage-review
themed,needs-definition-and-usage-review
therm,needs-definition-and-usage-review
thermos,needs-definition-and-usage-review
therms,needs-definition-and-usage-review
thew,needs-definition-and-usage-review
thews,needs-definition-and-usage-review
thicko,needs-definition-and-usage-review
thickos,needs-definition-and-usage-review
thimble,needs-definition-and-usage-review
thinly,needs-definition-and-usage-review
thirdly,needs-definition-and-usage-review
thistle,needs-definition-and-usage-review
thole,needs-definition-and-usage-review
tholes,needs-definition-and-usage-review
thorny,needs-definition-and-usage-review
thready,needs-definition-and-usage-review
thrift,needs-definition-and-usage-review
thrifts,needs-definition-and-usage-review
thrill,needs-definition-and-usage-review
thrills,needs-definition-and-usage-review
throaty,needs-definition-and-usage-review
thruway,needs-definition-and-usage-review
thud,needs-definition-and-usage-review
thudded,needs-definition-and-usage-review
thuds,needs-definition-and-usage-review
thump,needs-definition-and-usage-review
thumped,needs-definition-and-usage-review
thumps,needs-definition-and-usage-review
thwarts,needs-definition-and-usage-review
thymus,needs-definition-and-usage-review
tibial,needs-definition-and-usage-review
tickler,needs-definition-and-usage-review
tidally,needs-definition-and-usage-review
tidbit,needs-definition-and-usage-review
tidbits,needs-definition-and-usage-review
tiddler,needs-definition-and-usage-review
tiddly,needs-definition-and-usage-review
tideway,needs-definition-and-usage-review
tidies,needs-definition-and-usage-review
tidily,needs-definition-and-usage-review
tiepin,needs-definition-and-usage-review
tiepins,needs-definition-and-usage-review
tiered,needs-definition-and-usage-review
tikka,needs-definition-and-usage-review
tiler,needs-definition-and-usage-review
tilers,needs-definition-and-usage-review
tills,needs-definition-and-usage-review
timbrel,needs-definition-and-usage-review
timeout,needs-definition-and-usage-review
timidly,needs-definition-and-usage-review
timings,needs-definition-and-usage-review
timothy,needs-definition-and-usage-review
tinfoil,needs-definition-and-usage-review
ting,needs-definition-and-usage-review
tinge,needs-definition-and-usage-review
tinged,needs-definition-and-usage-review
tinges,needs-definition-and-usage-review
tinging,needs-definition-and-usage-review
tingle,needs-definition-and-usage-review
tingled,needs-definition-and-usage-review
tingles,needs-definition-and-usage-review
tingly,needs-definition-and-usage-review
tings,needs-definition-and-usage-review
tinnier,needs-definition-and-usage-review
tinny,needs-definition-and-usage-review
tinpot,needs-definition-and-usage-review
tintype,needs-definition-and-usage-review
tinware,needs-definition-and-usage-review
tippet,needs-definition-and-usage-review
tippets,needs-definition-and-usage-review
tippex,needs-definition-and-usage-review
tippler,needs-definition-and-usage-review
tipsily,needs-definition-and-usage-review
tiptop,needs-definition-and-usage-review
tiptops,needs-definition-and-usage-review
tiredly,needs-definition-and-usage-review
titch,needs-definition-and-usage-review
titches,needs-definition-and-usage-review
titlist,needs-definition-and-usage-review
titmice,needs-definition-and-usage-review
tittle,needs-definition-and-usage-review
tittles,needs-definition-and-usage-review
titular,needs-definition-and-usage-review
tizz,needs-definition-and-usage-review
tizzies,needs-definition-and-usage-review
tizzy,needs-definition-and-usage-review
toasty,needs-definition-and-usage-review
toccata,needs-definition-and-usage-review
toddies,needs-definition-and-usage-review
toddle,needs-definition-and-usage-review
toddled,needs-definition-and-usage-review
toddles,needs-definition-and-usage-review
toddy,needs-definition-and-usage-review
toecap,needs-definition-and-usage-review
toecaps,needs-definition-and-usage-review
toehold,needs-definition-and-usage-review
toffee,needs-definition-and-usage-review
toffees,needs-definition-and-usage-review
togaed,needs-definition-and-usage-review
toiler,needs-definition-and-usage-review
toilers,needs-definition-and-usage-review
tokamak,needs-definition-and-usage-review
tole,needs-definition-and-usage-review
tollway,needs-definition-and-usage-review
tombola,needs-definition-and-usage-review
tomtit,needs-definition-and-usage-review
tomtits,needs-definition-and-usage-review
tonally,needs-definition-and-usage-review
tonearm,needs-definition-and-usage-review
toner,needs-definition-and-usage-review
toners,needs-definition-and-usage-review
tonier,needs-definition-and-usage-review
toniest,needs-definition-and-usage-review
tonnage,needs-definition-and-usage-review
tonsure,needs-definition-and-usage-review
tony,needs-definition-and-usage-review
toolbar,needs-definition-and-usage-review
toolkit,needs-definition-and-usage-review
toothed,needs-definition-and-usage-review
toothy,needs-definition-and-usage-review
tootle,needs-definition-and-usage-review
tootled,needs-definition-and-usage-review
tootles,needs-definition-and-usage-review
tootsie,needs-definition-and-usage-review
topcoat,needs-definition-and-usage-review
topi,needs-definition-and-usage-review
topiary,needs-definition-and-usage-review
topical,needs-definition-and-usage-review
topknot,needs-definition-and-usage-review
topmast,needs-definition-and-usage-review
topmost,needs-definition-and-usage-review
topper,needs-definition-and-usage-review
toppers,needs-definition-and-usage-review
topside,needs-definition-and-usage-review
topsoil,needs-definition-and-usage-review
topspin,needs-definition-and-usage-review
torrent,needs-definition-and-usage-review
tortoni,needs-definition-and-usage-review
tostada,needs-definition-and-usage-review
tote,needs-definition-and-usage-review
toted,needs-definition-and-usage-review
totem,needs-definition-and-usage-review
totemic,needs-definition-and-usage-review
totems,needs-definition-and-usage-review
totes,needs-definition-and-usage-review
toting,needs-definition-and-usage-review
touche,needs-definition-and-usage-review
toughly,needs-definition-and-usage-review
tourney,needs-definition-and-usage-review
towards,needs-definition-and-usage-review
towboat,needs-definition-and-usage-review
towhead,needs-definition-and-usage-review
towline,needs-definition-and-usage-review
townee,needs-definition-and-usage-review
townees,needs-definition-and-usage-review
towpath,needs-definition-and-usage-review
towrope,needs-definition-and-usage-review
toxemia,needs-definition-and-usage-review
tracery,needs-definition-and-usage-review
trad,needs-definition-and-usage-review
traipse,needs-definition-and-usage-review
tramcar,needs-definition-and-usage-review
tramper,needs-definition-and-usage-review
trample,needs-definition-and-usage-review
tramway,needs-definition-and-usage-review
trashy,needs-definition-and-usage-review
treacly,needs-definition-and-usage-review
treadle,needs-definition-and-usage-review
trebles,needs-definition-and-usage-review
treetop,needs-definition-and-usage-review
trefoil,needs-definition-and-usage-review
trekker,needs-definition-and-usage-review
trendy,needs-definition-and-usage-review
trews,needs-definition-and-usage-review
trey,needs-definition-and-usage-review
treys,needs-definition-and-usage-review
tribune,needs-definition-and-usage-review
trier,needs-definition-and-usage-review
triers,needs-definition-and-usage-review
trifler,needs-definition-and-usage-review
trilby,needs-definition-and-usage-review
trimly,needs-definition-and-usage-review
triples,needs-definition-and-usage-review
triplex,needs-definition-and-usage-review
triply,needs-definition-and-usage-review
tripos,needs-definition-and-usage-review
tripper,needs-definition-and-usage-review
trippy,needs-definition-and-usage-review
trisect,needs-definition-and-usage-review
tritely,needs-definition-and-usage-review
trolley,needs-definition-and-usage-review
tromp,needs-definition-and-usage-review
tromped,needs-definition-and-usage-review
tromps,needs-definition-and-usage-review
tropic,needs-definition-and-usage-review
tropics,needs-definition-and-usage-review
tropism,needs-definition-and-usage-review
troth,needs-definition-and-usage-review
trove,needs-definition-and-usage-review
troves,needs-definition-and-usage-review
trow,needs-definition-and-usage-review
trowed,needs-definition-and-usage-review
trowing,needs-definition-and-usage-review
trows,needs-definition-and-usage-review
truant,needs-definition-and-usage-review
truants,needs-definition-and-usage-review
truffle,needs-definition-and-usage-review
trug,needs-definition-and-usage-review
trugs,needs-definition-and-usage-review
trump,needs-definition-and-usage-review
trumped,needs-definition-and-usage-review
trumps,needs-definition-and-usage-review
trusty,needs-definition-and-usage-review
truther,needs-definition-and-usage-review
tryout,needs-definition-and-usage-review
tryouts,needs-definition-and-usage-review
tubal,needs-definition-and-usage-review
tubful,needs-definition-and-usage-review
tubfuls,needs-definition-and-usage-review
tufter,needs-definition-and-usage-review
tufters,needs-definition-and-usage-review
tugboat,needs-definition-and-usage-review
tumbrel,needs-definition-and-usage-review
tunable,needs-definition-and-usage-review
tuneful,needs-definition-and-usage-review
tuneup,needs-definition-and-usage-review
tuneups,needs-definition-and-usage-review
tunic,needs-definition-and-usage-review
tunics,needs-definition-and-usage-review
tunnies,needs-definition-and-usage-review
tunny,needs-definition-and-usage-review
tuque,needs-definition-and-usage-review
tuques,needs-definition-and-usage-review
turbine,needs-definition-and-usage-review
turbo,needs-definition-and-usage-review
turbos,needs-definition-and-usage-review
turd,needs-definition-and-usage-review
turds,needs-definition-and-usage-review
tureen,needs-definition-and-usage-review
tureens,needs-definition-and-usage-review
turfy,needs-definition-and-usage-review
turnoff,needs-definition-and-usage-review
tussock,needs-definition-and-usage-review
twangy,needs-definition-and-usage-review
twas,needs-definition-and-usage-review
twat,needs-definition-and-usage-review
twats,needs-definition-and-usage-review
tweed,needs-definition-and-usage-review
tweeds,needs-definition-and-usage-review
tweedy,needs-definition-and-usage-review
tween,needs-definition-and-usage-review
tweezer,needs-definition-and-usage-review
twerk,needs-definition-and-usage-review
twerked,needs-definition-and-usage-review
twerks,needs-definition-and-usage-review
twerp,needs-definition-and-usage-review
twerps,needs-definition-and-usage-review
twiddly,needs-definition-and-usage-review
twiggy,needs-definition-and-usage-review
twilit,needs-definition-and-usage-review
twill,needs-definition-and-usage-review
twilled,needs-definition-and-usage-review
twinkle,needs-definition-and-usage-review
twinkly,needs-definition-and-usage-review
twinset,needs-definition-and-usage-review
twirl,needs-definition-and-usage-review
twirled,needs-definition-and-usage-review
twirler,needs-definition-and-usage-review
twirls,needs-definition-and-usage-review
twirly,needs-definition-and-usage-review
twisty,needs-definition-and-usage-review
twitchy,needs-definition-and-usage-review
twofer,needs-definition-and-usage-review
twofers,needs-definition-and-usage-review
twosome,needs-definition-and-usage-review
tympani,needs-definition-and-usage-review
typeset,needs-definition-and-usage-review
typist,needs-definition-and-usage-review
typists,needs-definition-and-usage-review
tyro,needs-definition-and-usage-review
tyros,needs-definition-and-usage-review
udon,needs-definition-and-usage-review
ufology,needs-definition-and-usage-review
umiak,needs-definition-and-usage-review
umiaks,needs-definition-and-usage-review
umpteen,needs-definition-and-usage-review
unasked,needs-definition-and-usage-review
unbar,needs-definition-and-usage-review
unbars,needs-definition-and-usage-review
unbid,needs-definition-and-usage-review
unbolt,needs-definition-and-usage-review
unbolts,needs-definition-and-usage-review
unbosom,needs-definition-and-usage-review
unbowed,needs-definition-and-usage-review
unbox,needs-definition-and-usage-review
unboxed,needs-definition-and-usage-review
unboxes,needs-definition-and-usage-review
uncased,needs-definition-and-usage-review
uncheck,needs-definition-and-usage-review
uncial,needs-definition-and-usage-review
uncivil,needs-definition-and-usage-review
unclad,needs-definition-and-usage-review
unclasp,needs-definition-and-usage-review
uncloak,needs-definition-and-usage-review
unclog,needs-definition-and-usage-review
unclogs,needs-definition-and-usage-review
uncool,needs-definition-and-usage-review
uncross,needs-definition-and-usage-review
uncured,needs-definition-and-usage-review
uncurl,needs-definition-and-usage-review
uncurls,needs-definition-and-usage-review
undue,needs-definition-and-usage-review
unduly,needs-definition-and-usage-review
undying,needs-definition-and-usage-review
unease,needs-definition-and-usage-review
uneaten,needs-definition-and-usage-review
unfed,needs-definition-and-usage-review
unfix,needs-definition-and-usage-review
unfixed,needs-definition-and-usage-review
unfixes,needs-definition-and-usage-review
unfrock,needs-definition-and-usage-review
unfroze,needs-definition-and-usage-review
unfussy,needs-definition-and-usage-review
unglued,needs-definition-and-usage-review
ungodly,needs-definition-and-usage-review
unhandy,needs-definition-and-usage-review
unheard,needs-definition-and-usage-review
unhinge,needs-definition-and-usage-review
unhitch,needs-definition-and-usage-review
unhook,needs-definition-and-usage-review
unhooks,needs-definition-and-usage-review
unhorse,needs-definition-and-usage-review
unhurt,needs-definition-and-usage-review
unified,needs-definition-and-usage-review
unifies,needs-definition-and-usage-review
unify,needs-definition-and-usage-review
unison,needs-definition-and-usage-review
unitize,needs-definition-and-usage-review
unlace,needs-definition-and-usage-review
unlaced,needs-definition-and-usage-review
unlaces,needs-definition-and-usage-review
unladen,needs-definition-and-usage-review
unlatch,needs-definition-and-usage-review
unlit,needs-definition-and-usage-review
unload,needs-definition-and-usage-review
unloads,needs-definition-and-usage-review
unloose,needs-definition-and-usage-review
unloved,needs-definition-and-usage-review
unlucky,needs-definition-and-usage-review
unmade,needs-definition-and-usage-review
unmake,needs-definition-and-usage-review
unmakes,needs-definition-and-usage-review
unman,needs-definition-and-usage-review
unmanly,needs-definition-and-usage-review
unmans,needs-definition-and-usage-review
unmeant,needs-definition-and-usage-review
unmet,needs-definition-and-usage-review
unmixed,needs-definition-and-usage-review
unmoral,needs-definition-and-usage-review
unmoved,needs-definition-and-usage-review
unnamed,needs-definition-and-usage-review
unpack,needs-definition-and-usage-review
unpacks,needs-definition-and-usage-review
unpaved,needs-definition-and-usage-review
unpick,needs-definition-and-usage-review
unpicks,needs-definition-and-usage-review
unpin,needs-definition-and-usage-review
unpins,needs-definition-and-usage-review
unplug,needs-definition-and-usage-review
unplugs,needs-definition-and-usage-review
unquiet,needs-definition-and-usage-review
unrated,needs-definition-and-usage-review
unread,needs-definition-and-usage-review
unready,needs-definition-and-usage-review
unreel,needs-definition-and-usage-review
unreels,needs-definition-and-usage-review
unrest,needs-definition-and-usage-review
unsafe,needs-definition-and-usage-review
unsaved,needs-definition-and-usage-review
unsay,needs-definition-and-usage-review
unsays,needs-definition-and-usage-review
unscrew,needs-definition-and-usage-review
unseal,needs-definition-and-usage-review
unseals,needs-definition-and-usage-review
unsexy,needs-definition-and-usage-review
unshod,needs-definition-and-usage-review
unshorn,needs-definition-and-usage-review
unsnap,needs-definition-and-usage-review
unsnaps,needs-definition-and-usage-review
unsnarl,needs-definition-and-usage-review
unsold,needs-definition-and-usage-review
unspent,needs-definition-and-usage-review
unstop,needs-definition-and-usage-review
unstops,needs-definition-and-usage-review
unstuck,needs-definition-and-usage-review
unsung,needs-definition-and-usage-review
untamed,needs-definition-and-usage-review
untaxed,needs-definition-and-usage-review
untried,needs-definition-and-usage-review
untrod,needs-definition-and-usage-review
untruly,needs-definition-and-usage-review
untruth,needs-definition-and-usage-review
untwist,needs-definition-and-usage-review
unused,needs-definition-and-usage-review
unwaged,needs-definition-and-usage-review
unwary,needs-definition-and-usage-review
unworn,needs-definition-and-usage-review
unwoven,needs-definition-and-usage-review
unyoke,needs-definition-and-usage-review
unyoked,needs-definition-and-usage-review
unyokes,needs-definition-and-usage-review
unzip,needs-definition-and-usage-review
unzips,needs-definition-and-usage-review
upchuck,needs-definition-and-usage-review
updater,needs-definition-and-usage-review
updo,needs-definition-and-usage-review
updos,needs-definition-and-usage-review
updraft,needs-definition-and-usage-review
upfront,needs-definition-and-usage-review
upped,needs-definition-and-usage-review
upping,needs-definition-and-usage-review
ups,needs-definition-and-usage-review
upscale,needs-definition-and-usage-review
upsets,needs-definition-and-usage-review
uptempo,needs-definition-and-usage-review
uptick,needs-definition-and-usage-review
upticks,needs-definition-and-usage-review
uptime,needs-definition-and-usage-review
upwards,needs-definition-and-usage-review
uremic,needs-definition-and-usage-review
uveitis,needs-definition-and-usage-review
vacuity,needs-definition-and-usage-review
vaginal,needs-definition-and-usage-review
vainly,needs-definition-and-usage-review
valance,needs-definition-and-usage-review
valency,needs-definition-and-usage-review
validly,needs-definition-and-usage-review
valuate,needs-definition-and-usage-review
valuer,needs-definition-and-usage-review
valuers,needs-definition-and-usage-review
vamoose,needs-definition-and-usage-review
vape,needs-definition-and-usage-review
vaped,needs-definition-and-usage-review
vapes,needs-definition-and-usage-review
vapidly,needs-definition-and-usage-review
vaping,needs-definition-and-usage-review
vapory,needs-definition-and-usage-review
variate,needs-definition-and-usage-review
varlet,needs-definition-and-usage-review
varlets,needs-definition-and-usage-review
varsity,needs-definition-and-usage-review
vastly,needs-definition-and-usage-review
vaulter,needs-definition-and-usage-review
velour,needs-definition-and-usage-review
velours,needs-definition-and-usage-review
velum,needs-definition-and-usage-review
velvety,needs-definition-and-usage-review
venally,needs-definition-and-usage-review
venous,needs-definition-and-usage-review
verily,needs-definition-and-usage-review
verity,needs-definition-and-usage-review
vernal,needs-definition-and-usage-review
vernier,needs-definition-and-usage-review
versa,needs-definition-and-usage-review
versify,needs-definition-and-usage-review
vesper,needs-definition-and-usage-review
viably,needs-definition-and-usage-review
vial,needs-definition-and-usage-review
vials,needs-definition-and-usage-review
vigor,needs-definition-and-usage-review
vilely,needs-definition-and-usage-review
viol,needs-definition-and-usage-review
violist,needs-definition-and-usage-review
viols,needs-definition-and-usage-review
vireo,needs-definition-and-usage-review
vireos,needs-definition-and-usage-review
viscid,needs-definition-and-usage-review
visibly,needs-definition-and-usage-review
vitally,needs-definition-and-usage-review
vitals,needs-definition-and-usage-review
vitrify,needs-definition-and-usage-review
vitrine,needs-definition-and-usage-review
vittles,needs-definition-and-usage-review
viz,needs-definition-and-usage-review
vizier,needs-definition-and-usage-review
viziers,needs-definition-and-usage-review
vocable,needs-definition-and-usage-review
vocally,needs-definition-and-usage-review
voguish,needs-definition-and-usage-review
voids,needs-definition-and-usage-review
voila,needs-definition-and-usage-review
volubly,needs-definition-and-usage-review
volute,needs-definition-and-usage-review
volutes,needs-definition-and-usage-review
votary,needs-definition-and-usage-review
vroom,needs-definition-and-usage-review
wadge,needs-definition-and-usage-review
wadges,needs-definition-and-usage-review
waffler,needs-definition-and-usage-review
wagerer,needs-definition-and-usage-review
waggery,needs-definition-and-usage-review
wagoner,needs-definition-and-usage-review
wagtail,needs-definition-and-usage-review
wain,needs-definition-and-usage-review
wains,needs-definition-and-usage-review
wakeful,needs-definition-and-usage-review
walkies,needs-definition-and-usage-review
walkout,needs-definition-and-usage-review
walkway,needs-definition-and-usage-review
waltzer,needs-definition-and-usage-review
wangler,needs-definition-and-usage-review
wanker,needs-definition-and-usage-review
wankers,needs-definition-and-usage-review
wanly,needs-definition-and-usage-review
wanna,needs-definition-and-usage-review
wanness,needs-definition-and-usage-review
wantons,needs-definition-and-usage-review
warily,needs-definition-and-usage-review
warmish,needs-definition-and-usage-review
wartier,needs-definition-and-usage-review
wartime,needs-definition-and-usage-review
warty,needs-definition-and-usage-review
washrag,needs-definition-and-usage-review
washtub,needs-definition-and-usage-review
waspish,needs-definition-and-usage-review
water,needs-definition-and-usage-review
watered,needs-definition-and-usage-review
waters,needs-definition-and-usage-review
wavelet,needs-definition-and-usage-review
waverer,needs-definition-and-usage-review
waxen,needs-definition-and-usage-review
waybill,needs-definition-and-usage-review
weakish,needs-definition-and-usage-review
wearer,needs-definition-and-usage-review
wearers,needs-definition-and-usage-review
wearily,needs-definition-and-usage-review
webcam,needs-definition-and-usage-review
webcams,needs-definition-and-usage-review
webfeet,needs-definition-and-usage-review
webfoot,needs-definition-and-usage-review
weeder,needs-definition-and-usage-review
weeders,needs-definition-and-usage-review
weedier,needs-definition-and-usage-review
weedy,needs-definition-and-usage-review
weenie,needs-definition-and-usage-review
weenier,needs-definition-and-usage-review
weenies,needs-definition-and-usage-review
weensy,needs-definition-and-usage-review
weeny,needs-definition-and-usage-review
weeper,needs-definition-and-usage-review
weepers,needs-definition-and-usage-review
weepie,needs-definition-and-usage-review
weepier,needs-definition-and-usage-review
weepies,needs-definition-and-usage-review
weepy,needs-definition-and-usage-review
weft,needs-definition-and-usage-review
wefts,needs-definition-and-usage-review
weirdie,needs-definition-and-usage-review
weirdly,needs-definition-and-usage-review
wellie,needs-definition-and-usage-review
welsh,needs-definition-and-usage-review
welshed,needs-definition-and-usage-review
welshes,needs-definition-and-usage-review
welt,needs-definition-and-usage-review
welted,needs-definition-and-usage-review
welting,needs-definition-and-usage-review
welts,needs-definition-and-usage-review
wetback,needs-definition-and-usage-review
wetly,needs-definition-and-usage-review
wets,needs-definition-and-usage-review
wetsuit,needs-definition-and-usage-review
wetters,needs-definition-and-usage-review
whacker,needs-definition-and-usage-review
whatnot,needs-definition-and-usage-review
whatsit,needs-definition-and-usage-review
wheeler,needs-definition-and-usage-review
wheezy,needs-definition-and-usage-review
whereat,needs-definition-and-usage-review
whereon,needs-definition-and-usage-review
whereto,needs-definition-and-usage-review
wherry,needs-definition-and-usage-review
whilom,needs-definition-and-usage-review
whiner,needs-definition-and-usage-review
whiners,needs-definition-and-usage-review
whinger,needs-definition-and-usage-review
whinier,needs-definition-and-usage-review
whiny,needs-definition-and-usage-review
whipper,needs-definition-and-usage-review
whippet,needs-definition-and-usage-review
whipsaw,needs-definition-and-usage-review
whir,needs-definition-and-usage-review
whirred,needs-definition-and-usage-review
whirs,needs-definition-and-usage-review
whist,needs-definition-and-usage-review
whitey,needs-definition-and-usage-review
whiteys,needs-definition-and-usage-review
whitish,needs-definition-and-usage-review
whooper,needs-definition-and-usage-review
whoopie,needs-definition-and-usage-review
whore,needs-definition-and-usage-review
whores,needs-definition-and-usage-review
whoring,needs-definition-and-usage-review
whorish,needs-definition-and-usage-review
whorl,needs-definition-and-usage-review
whorled,needs-definition-and-usage-review
whorls,needs-definition-and-usage-review
whup,needs-definition-and-usage-review
whupped,needs-definition-and-usage-review
whups,needs-definition-and-usage-review
widener,needs-definition-and-usage-review
wielder,needs-definition-and-usage-review
wienie,needs-definition-and-usage-review
wienies,needs-definition-and-usage-review
wifely,needs-definition-and-usage-review
wigeon,needs-definition-and-usage-review
wiggler,needs-definition-and-usage-review
wiggly,needs-definition-and-usage-review
wiglet,needs-definition-and-usage-review
wiglets,needs-definition-and-usage-review
wigwag,needs-definition-and-usage-review
wigwags,needs-definition-and-usage-review
willful,needs-definition-and-usage-review
willowy,needs-definition-and-usage-review
wimpier,needs-definition-and-usage-review
wimpish,needs-definition-and-usage-review
wimple,needs-definition-and-usage-review
wimpled,needs-definition-and-usage-review
wimples,needs-definition-and-usage-review
wimpy,needs-definition-and-usage-review
windily,needs-definition-and-usage-review
windrow,needs-definition-and-usage-review
winery,needs-definition-and-usage-review
wingman,needs-definition-and-usage-review
wingmen,needs-definition-and-usage-review
winless,needs-definition-and-usage-review
wiper,needs-definition-and-usage-review
wipers,needs-definition-and-usage-review
wiretap,needs-definition-and-usage-review
wiseass,needs-definition-and-usage-review
wiseguy,needs-definition-and-usage-review
wisely,needs-definition-and-usage-review
wisher,needs-definition-and-usage-review
wishers,needs-definition-and-usage-review
wispier,needs-definition-and-usage-review
wispy,needs-definition-and-usage-review
witchy,needs-definition-and-usage-review
withal,needs-definition-and-usage-review
witted,needs-definition-and-usage-review
witter,needs-definition-and-usage-review
witters,needs-definition-and-usage-review
wittily,needs-definition-and-usage-review
witting,needs-definition-and-usage-review
wive,needs-definition-and-usage-review
wived,needs-definition-and-usage-review
wiving,needs-definition-and-usage-review
wiz,needs-definition-and-usage-review
woad,needs-definition-and-usage-review
wodge,needs-definition-and-usage-review
wodges,needs-definition-and-usage-review
wolfish,needs-definition-and-usage-review
wolfram,needs-definition-and-usage-review
wonk,needs-definition-and-usage-review
wonks,needs-definition-and-usage-review
wonted,needs-definition-and-usage-review
wonton,needs-definition-and-usage-review
wontons,needs-definition-and-usage-review
woodlot,needs-definition-and-usage-review
woodman,needs-definition-and-usage-review
woodmen,needs-definition-and-usage-review
woodsy,needs-definition-and-usage-review
wooer,needs-definition-and-usage-review
wooers,needs-definition-and-usage-review
woozily,needs-definition-and-usage-review
wordage,needs-definition-and-usage-review
wordily,needs-definition-and-usage-review
workshy,needs-definition-and-usage-review
worktop,needs-definition-and-usage-review
workup,needs-definition-and-usage-review
workups,needs-definition-and-usage-review
wormier,needs-definition-and-usage-review
wormy,needs-definition-and-usage-review
worrier,needs-definition-and-usage-review
wot,needs-definition-and-usage-review
wotcha,needs-definition-and-usage-review
wrecker,needs-definition-and-usage-review
wriggly,needs-definition-and-usage-review
wrinkly,needs-definition-and-usage-review
wrongly,needs-definition-and-usage-review
wrongs,needs-definition-and-usage-review
wryly,needs-definition-and-usage-review
wryness,needs-definition-and-usage-review
wuss,needs-definition-and-usage-review
wusses,needs-definition-and-usage-review
wussier,needs-definition-and-usage-review
wussies,needs-definition-and-usage-review
wussy,needs-definition-and-usage-review
xis,needs-definition-and-usage-review
yardage,needs-definition-and-usage-review
yardman,needs-definition-and-usage-review
yardmen,needs-definition-and-usage-review
yarrow,needs-definition-and-usage-review
yawner,needs-definition-and-usage-review
yawners,needs-definition-and-usage-review
yellowy,needs-definition-and-usage-review
yeshiva,needs-definition-and-usage-review
yid,needs-definition-and-usage-review
yids,needs-definition-and-usage-review
yipe,needs-definition-and-usage-review
yippee,needs-definition-and-usage-review
yodeler,needs-definition-and-usage-review
yogic,needs-definition-and-usage-review
yolked,needs-definition-and-usage-review
yow,needs-definition-and-usage-review
yowl,needs-definition-and-usage-review
yowled,needs-definition-and-usage-review
yowling,needs-definition-and-usage-review
yowls,needs-definition-and-usage-review
yuan,needs-definition-and-usage-review
yuckier,needs-definition-and-usage-review
yucky,needs-definition-and-usage-review
yuk,needs-definition-and-usage-review
yukked,needs-definition-and-usage-review
yukking,needs-definition-and-usage-review
yukky,needs-definition-and-usage-review
yuks,needs-definition-and-usage-review
yule,needs-definition-and-usage-review
yuppify,needs-definition-and-usage-review
zappy,needs-definition-and-usage-review
zestful,needs-definition-and-usage-review
zestier,needs-definition-and-usage-review
zesty,needs-definition-and-usage-review
ziplock,needs-definition-and-usage-review
zonally,needs-definition-and-usage-review
zounds,needs-definition-and-usage-review
