word,rarity,reason
aahed,4,larger-level-not-approved
aahing,4,larger-level-not-approved
aahs,4,larger-level-not-approved
aal,4,outside-filtered-American-60-80
aam,4,outside-filtered-American-60-80
aarti,4,outside-filtered-American-60-80
aba,3,larger-level-not-approved
abac,4,outside-filtered-American-60-80
abaca,4,larger-level-not-approved
abacate,4,outside-filtered-American-60-80
abacaxi,4,outside-filtered-American-60-80
abaci,4,outside-filtered-American-60-80
abacist,4,outside-filtered-American-60-80
abactor,4,outside-filtered-American-60-80
abada,4,outside-filtered-American-60-80
abagun,4,outside-filtered-American-60-80
abaiser,4,outside-filtered-American-60-80
aband,4,outside-filtered-American-60-80
abaque,4,outside-filtered-American-60-80
abas,4,larger-level-not-approved
abaser,4,larger-level-not-approved
abasia,4,larger-level-not-approved
abask,4,outside-filtered-American-60-80
abatage,4,outside-filtered-American-60-80
abatee,4,outside-filtered-American-60-80
abatees,4,outside-filtered-American-60-80
abater,4,larger-level-not-approved
abaters,4,larger-level-not-approved
abatis,4,larger-level-not-approved
abator,4,larger-level-not-approved
abattis,4,larger-level-not-approved
abature,4,outside-filtered-American-60-80
abaxial,4,larger-level-not-approved
abaxile,4,outside-filtered-American-60-80
abay,4,outside-filtered-American-60-80
abb,3,larger-level-not-approved
abba,3,larger-level-not-approved
abbacy,4,larger-level-not-approved
abbas,3,larger-level-not-approved
abbotcy,4,larger-level-not-approved
abbozzo,4,outside-filtered-American-60-80
abdal,4,outside-filtered-American-60-80
abdest,4,outside-filtered-American-60-80
abdo,4,outside-filtered-American-60-80
abduce,4,larger-level-not-approved
abe,3,outside-filtered-American-60-80
abear,4,outside-filtered-American-60-80
abegge,4,outside-filtered-American-60-80
abele,4,larger-level-not-approved
abelian,4,larger-level-not-approved
abend,4,outside-filtered-American-60-80
aberr,4,outside-filtered-American-60-80
abettal,4,larger-level-not-approved
abettee,4,outside-filtered-American-60-80
abetter,4,outside-filtered-American-60-80
abeyant,4,larger-level-not-approved
abhal,4,outside-filtered-American-60-80
abided,4,outside-filtered-American-60-80
abider,4,larger-level-not-approved
abiders,4,larger-level-not-approved
abies,4,outside-filtered-American-60-80
abietic,4,outside-filtered-American-60-80
abietin,4,outside-filtered-American-60-80
abigail,3,larger-level-not-approved
abigeat,4,outside-filtered-American-60-80
abiyuch,4,outside-filtered-American-60-80
abjudge,4,outside-filtered-American-60-80
abjuror,4,outside-filtered-American-60-80
ablator,4,larger-level-not-approved
ablaut,4,larger-level-not-approved
ablen,4,outside-filtered-American-60-80
ablepsy,4,outside-filtered-American-60-80
ablet,4,outside-filtered-American-60-80
ablude,4,outside-filtered-American-60-80
abluent,4,larger-level-not-approved
ablush,4,outside-filtered-American-60-80
abnet,4,outside-filtered-American-60-80
abo,4,larger-level-not-approved
aboding,4,outside-filtered-American-60-80
abogado,4,outside-filtered-American-60-80
abolla,4,outside-filtered-American-60-80
aboma,4,outside-filtered-American-60-80
aboon,4,outside-filtered-American-60-80
aboral,4,larger-level-not-approved
abord,4,outside-filtered-American-60-80
aborn,4,outside-filtered-American-60-80
abortus,4,larger-level-not-approved
abought,4,larger-level-not-approved
abox,4,outside-filtered-American-60-80
abra,4,outside-filtered-American-60-80
abraid,4,outside-filtered-American-60-80
abram,3,outside-filtered-American-60-80
abrase,4,outside-filtered-American-60-80
abraum,4,outside-filtered-American-60-80
abraxas,4,larger-level-not-approved
abroach,4,larger-level-not-approved
abrood,4,outside-filtered-American-60-80
abrook,4,outside-filtered-American-60-80
abscind,4,larger-level-not-approved
absciss,4,outside-filtered-American-60-80
absinth,4,outside-filtered-American-60-80
absis,4,outside-filtered-American-60-80
absist,4,outside-filtered-American-60-80
absolue,4,outside-filtered-American-60-80
absorpt,4,outside-filtered-American-60-80
absume,4,outside-filtered-American-60-80
absurda,4,outside-filtered-American-60-80
abuela,4,outside-filtered-American-60-80
abuelo,4,outside-filtered-American-60-80
abugida,4,outside-filtered-American-60-80
abuna,4,outside-filtered-American-60-80
aburst,4,outside-filtered-American-60-80
abusage,4,larger-level-not-approved
abusion,4,outside-filtered-American-60-80
abuttal,4,larger-level-not-approved
abutter,4,larger-level-not-approved
aby,4,larger-level-not-approved
abye,4,larger-level-not-approved
abysm,4,larger-level-not-approved
acacin,4,outside-filtered-American-60-80
acacine,4,outside-filtered-American-60-80
acajou,4,larger-level-not-approved
acaleph,4,larger-level-not-approved
acanth,4,outside-filtered-American-60-80
acantha,4,larger-level-not-approved
acapnia,4,larger-level-not-approved
acar,4,outside-filtered-American-60-80
acara,4,outside-filtered-American-60-80
acarine,4,outside-filtered-American-60-80
acaroid,4,larger-level-not-approved
acarus,4,larger-level-not-approved
acater,4,outside-filtered-American-60-80
acates,4,outside-filtered-American-60-80
acca,4,outside-filtered-American-60-80
acceder,4,larger-level-not-approved
accend,4,outside-filtered-American-60-80
accidie,4,larger-level-not-approved
accite,4,outside-filtered-American-60-80
acclive,4,outside-filtered-American-60-80
accloy,4,outside-filtered-American-60-80
accompt,4,outside-filtered-American-60-80
accourt,4,outside-filtered-American-60-80
accoy,4,outside-filtered-American-60-80
accrete,4,larger-level-not-approved
accruer,4,outside-filtered-American-60-80
accumb,4,outside-filtered-American-60-80
accurse,4,outside-filtered-American-60-80
accurst,4,outside-filtered-American-60-80
accusal,4,larger-level-not-approved
acephal,4,outside-filtered-American-60-80
acer,3,larger-level-not-approved
acerate,4,larger-level-not-approved
acerb,4,larger-level-not-approved
aceric,4,outside-filtered-American-60-80
acerose,4,larger-level-not-approved
acerous,4,outside-filtered-American-60-80
acerval,4,outside-filtered-American-60-80
acetal,4,larger-level-not-approved
acetary,4,outside-filtered-American-60-80
acetify,4,larger-level-not-approved
acetin,4,larger-level-not-approved
acetize,4,outside-filtered-American-60-80
acetose,4,larger-level-not-approved
acetous,4,larger-level-not-approved
acetum,4,larger-level-not-approved
ach,4,larger-level-not-approved
achate,4,outside-filtered-American-60-80
achee,4,outside-filtered-American-60-80
acheful,4,outside-filtered-American-60-80
achi,4,outside-filtered-American-60-80
achiote,4,larger-level-not-approved
acholia,4,larger-level-not-approved
acicula,4,larger-level-not-approved
aciform,4,larger-level-not-approved
acinose,4,larger-level-not-approved
acinous,4,larger-level-not-approved
acinus,4,larger-level-not-approved
aciurgy,4,outside-filtered-American-60-80
ackee,4,larger-level-not-approved
acknow,4,outside-filtered-American-60-80
aclinic,4,outside-filtered-American-60-80
acnodal,4,outside-filtered-American-60-80
acnode,4,larger-level-not-approved
acock,4,larger-level-not-approved
acold,4,larger-level-not-approved
acology,4,outside-filtered-American-60-80
acontia,4,outside-filtered-American-60-80
acopic,4,outside-filtered-American-60-80
acorned,4,larger-level-not-approved
acouchy,4,larger-level-not-approved
acquest,4,outside-filtered-American-60-80
acquiet,4,outside-filtered-American-60-80
acquiry,4,outside-filtered-American-60-80
acquis,4,outside-filtered-American-60-80
acred,4,larger-level-not-approved
acrogen,4,larger-level-not-approved
actinic,4,larger-level-not-approved
actio,4,outside-filtered-American-60-80
actless,4,outside-filtered-American-60-80
acton,3,outside-filtered-American-60-80
actrice,4,outside-filtered-American-60-80
actrix,4,outside-filtered-American-60-80
acture,4,outside-filtered-American-60-80
acuate,4,larger-level-not-approved
aculeus,4,larger-level-not-approved
acushla,4,outside-filtered-American-60-80
adagial,4,larger-level-not-approved
adam,2,outside-filtered-American-60-80
adamite,4,outside-filtered-American-60-80
adance,4,outside-filtered-American-60-80
adangle,4,outside-filtered-American-60-80
adaptor,4,outside-filtered-American-60-80
adat,4,outside-filtered-American-60-80
adaxial,4,larger-level-not-approved
addax,4,larger-level-not-approved
addeem,4,outside-filtered-American-60-80
addice,4,outside-filtered-American-60-80
addon,4,outside-filtered-American-60-80
addoom,4,outside-filtered-American-60-80
adducer,4,larger-level-not-approved
adduct,4,larger-level-not-approved
addulce,4,outside-filtered-American-60-80
adeem,4,outside-filtered-American-60-80
adeling,4,outside-filtered-American-60-80
adempt,4,outside-filtered-American-60-80
adenose,4,outside-filtered-American-60-80
adenous,4,outside-filtered-American-60-80
adeps,4,outside-filtered-American-60-80
adhan,4,outside-filtered-American-60-80
adipic,4,outside-filtered-American-60-80
aditus,4,outside-filtered-American-60-80
adnate,4,larger-level-not-approved
ados,4,larger-level-not-approved
adown,4,larger-level-not-approved
aeon,4,outside-filtered-American-60-80
aeons,4,outside-filtered-American-60-80
aero,3,larger-level-not-approved
aerose,4,outside-filtered-American-60-80
aes,4,outside-filtered-American-60-80
aether,4,larger-level-not-approved
afeared,4,larger-level-not-approved
affiant,4,larger-level-not-approved
affinal,4,larger-level-not-approved
affines,4,larger-level-not-approved
afghani,4,larger-level-not-approved
aflare,4,outside-filtered-American-60-80
afore,4,larger-level-not-approved
afro,4,outside-filtered-American-60-80
agama,4,larger-level-not-approved
agarose,4,larger-level-not-approved
agbe,4,outside-filtered-American-60-80
agelast,4,outside-filtered-American-60-80
agelong,4,larger-level-not-approved
agen,4,outside-filtered-American-60-80
agendum,4,larger-level-not-approved
ager,4,larger-level-not-approved
agger,4,larger-level-not-approved
aggie,3,larger-level-not-approved
aggrace,4,outside-filtered-American-60-80
aggrade,4,larger-level-not-approved
aggrege,4,outside-filtered-American-60-80
aggress,4,larger-level-not-approved
aggroup,4,outside-filtered-American-60-80
agio,4,larger-level-not-approved
agist,4,larger-level-not-approved
agistor,4,outside-filtered-American-60-80
agita,4,larger-level-not-approved
agitato,4,larger-level-not-approved
aglet,4,larger-level-not-approved
agnail,4,larger-level-not-approved
agnate,4,larger-level-not-approved
agnomen,4,larger-level-not-approved
agnosia,4,larger-level-not-approved
agora,3,larger-level-not-approved
agouti,4,larger-level-not-approved
agrimi,4,outside-filtered-American-60-80
agro,4,outside-filtered-American-60-80
ahata,4,outside-filtered-American-60-80
ahi,4,outside-filtered-American-60-80
aimer,4,larger-level-not-approved
ain,4,larger-level-not-approved
airball,4,outside-filtered-American-60-80
airshed,4,larger-level-not-approved
airwall,4,outside-filtered-American-60-80
ait,3,larger-level-not-approved
ajaja,4,outside-filtered-American-60-80
aka,2,outside-filtered-American-60-80
akamai,4,outside-filtered-American-60-80
akee,4,larger-level-not-approved
aketon,4,outside-filtered-American-60-80
akra,4,outside-filtered-American-60-80
ala,3,outside-filtered-American-60-80
alamo,3,larger-level-not-approved
alan,2,outside-filtered-American-60-80
aland,4,outside-filtered-American-60-80
alanine,4,larger-level-not-approved
alar,4,larger-level-not-approved
alba,3,larger-level-not-approved
albergo,4,outside-filtered-American-60-80
albero,4,outside-filtered-American-60-80
albite,4,larger-level-not-approved
alcaide,4,larger-level-not-approved
alce,4,outside-filtered-American-60-80
alcopop,4,larger-level-not-approved
aldrin,4,larger-level-not-approved
aleph,4,larger-level-not-approved
alexia,4,larger-level-not-approved
alf,4,outside-filtered-American-60-80
alfa,4,larger-level-not-approved
algid,4,larger-level-not-approved
algo,4,outside-filtered-American-60-80
alicorn,4,outside-filtered-American-60-80
alim,4,outside-filtered-American-60-80
aliped,4,larger-level-not-approved
aliquot,4,larger-level-not-approved
alkane,4,larger-level-not-approved
alkene,4,larger-level-not-approved
alkyl,3,larger-level-not-approved
alkyne,4,larger-level-not-approved
allo,4,outside-filtered-American-60-80
allyl,4,larger-level-not-approved
alma,3,outside-filtered-American-60-80
aloo,4,larger-level-not-approved
als,4,outside-filtered-American-60-80
alt,4,larger-level-not-approved
alta,4,outside-filtered-American-60-80
althea,4,larger-level-not-approved
alus,4,outside-filtered-American-60-80
ama,4,larger-level-not-approved
amadawn,4,outside-filtered-American-60-80
amant,4,outside-filtered-American-60-80
amas,4,larger-level-not-approved
amate,4,outside-filtered-American-60-80
amative,4,larger-level-not-approved
ambos,4,larger-level-not-approved
amicus,4,larger-level-not-approved
amidst,3,outside-filtered-American-60-80
amiga,4,outside-filtered-American-60-80
amir,3,outside-filtered-American-60-80
amm,4,outside-filtered-American-60-80
amma,4,larger-level-not-approved
amock,4,outside-filtered-American-60-80
amongst,2,outside-filtered-American-60-80
amorist,4,larger-level-not-approved
amort,4,larger-level-not-approved
amscray,4,outside-filtered-American-60-80
amuck,4,outside-filtered-American-60-80
amuser,4,larger-level-not-approved
amyl,4,larger-level-not-approved
ana,3,larger-level-not-approved
anaemia,4,outside-filtered-American-60-80
anaemic,4,outside-filtered-American-60-80
anagoge,4,larger-level-not-approved
analyse,4,outside-filtered-American-60-80
ananas,4,outside-filtered-American-60-80
ananke,4,outside-filtered-American-60-80
anarch,4,larger-level-not-approved
anas,3,larger-level-not-approved
anatine,4,outside-filtered-American-60-80
anatta,4,outside-filtered-American-60-80
ancho,4,larger-level-not-approved
ancilla,4,larger-level-not-approved
ancora,4,outside-filtered-American-60-80
ande,4,outside-filtered-American-60-80
anglo,4,larger-level-not-approved
ani,3,larger-level-not-approved
anima,3,larger-level-not-approved
animat,4,outside-filtered-American-60-80
ann,2,outside-filtered-American-60-80
anna,2,larger-level-not-approved
annulet,4,larger-level-not-approved
annum,4,outside-filtered-American-60-80
anoa,4,larger-level-not-approved
anomia,4,larger-level-not-approved
anonym,4,larger-level-not-approved
anosmia,4,larger-level-not-approved
anosmic,4,larger-level-not-approved
anoxia,4,larger-level-not-approved
anoxic,4,larger-level-not-approved
ans,4,outside-filtered-American-60-80
ansa,4,outside-filtered-American-60-80
ansatz,4,outside-filtered-American-60-80
ansible,4,outside-filtered-American-60-80
antigay,4,larger-level-not-approved
antilog,4,larger-level-not-approved
antlion,4,outside-filtered-American-60-80
anxitie,4,outside-filtered-American-60-80
anyroad,4,outside-filtered-American-60-80
anyways,2,larger-level-not-approved
aortae,4,outside-filtered-American-60-80
aortal,4,larger-level-not-approved
apa,4,outside-filtered-American-60-80
aper,4,larger-level-not-approved
apert,4,outside-filtered-American-60-80
aphesis,4,larger-level-not-approved
aphetic,4,larger-level-not-approved
apian,4,larger-level-not-approved
apices,4,outside-filtered-American-60-80
apocope,4,larger-level-not-approved
apod,4,larger-level-not-approved
apodal,4,larger-level-not-approved
apollo,3,larger-level-not-approved
apolune,4,larger-level-not-approved
aporia,4,larger-level-not-approved
apothem,4,larger-level-not-approved
appal,4,outside-filtered-American-60-80
appel,4,larger-level-not-approved
aprium,4,outside-filtered-American-60-80
aproned,4,larger-level-not-approved
apsis,4,larger-level-not-approved
aptonym,4,outside-filtered-American-60-80
apud,4,outside-filtered-American-60-80
aquiver,4,larger-level-not-approved
ara,3,outside-filtered-American-60-80
araba,4,outside-filtered-American-60-80
arbour,4,outside-filtered-American-60-80
arcanum,4,larger-level-not-approved
archaea,4,larger-level-not-approved
arco,4,larger-level-not-approved
arcsine,4,larger-level-not-approved
arcus,4,outside-filtered-American-60-80
ard,4,outside-filtered-American-60-80
ardeb,4,larger-level-not-approved
ardour,4,outside-filtered-American-60-80
areola,4,larger-level-not-approved
areolar,4,larger-level-not-approved
argh,4,outside-filtered-American-60-80
arhat,4,larger-level-not-approved
arie,4,outside-filtered-American-60-80
arietta,4,larger-level-not-approved
aris,4,outside-filtered-American-60-80
arity,4,outside-filtered-American-60-80
arkan,4,outside-filtered-American-60-80
armiger,4,larger-level-not-approved
armless,4,larger-level-not-approved
armour,3,outside-filtered-American-60-80
aro,4,outside-filtered-American-60-80
aroba,4,outside-filtered-American-60-80
arrack,4,larger-level-not-approved
arriver,4,larger-level-not-approved
ars,4,larger-level-not-approved
arse,4,outside-filtered-American-60-80
arsed,4,outside-filtered-American-60-80
arsine,4,larger-level-not-approved
arsole,4,outside-filtered-American-60-80
artemon,4,outside-filtered-American-60-80
arteria,4,outside-filtered-American-60-80
arti,4,outside-filtered-American-60-80
artic,4,outside-filtered-American-60-80
arvo,4,larger-level-not-approved
aryl,4,larger-level-not-approved
asap,4,outside-filtered-American-60-80
ase,4,outside-filtered-American-60-80
asea,4,larger-level-not-approved
asepsis,4,larger-level-not-approved
asiago,4,outside-filtered-American-60-80
askey,4,outside-filtered-American-60-80
aslope,4,larger-level-not-approved
asperge,4,outside-filtered-American-60-80
asperse,4,larger-level-not-approved
aspie,4,outside-filtered-American-60-80
aspis,4,outside-filtered-American-60-80
assage,4,outside-filtered-American-60-80
assai,4,larger-level-not-approved
assart,4,outside-filtered-American-60-80
asshole,2,outside-filtered-American-60-80
assiege,4,outside-filtered-American-60-80
assrun,4,outside-filtered-American-60-80
astroid,4,larger-level-not-approved
atap,4,larger-level-not-approved
atas,4,outside-filtered-American-60-80
athan,4,outside-filtered-American-60-80
athodyd,4,larger-level-not-approved
atlatl,4,larger-level-not-approved
atled,4,outside-filtered-American-60-80
atomus,4,outside-filtered-American-60-80
atopic,4,larger-level-not-approved
atopy,4,larger-level-not-approved
attacca,4,outside-filtered-American-60-80
aubade,4,larger-level-not-approved
auberge,4,larger-level-not-approved
aud,4,outside-filtered-American-60-80
auf,4,outside-filtered-American-60-80
augend,4,larger-level-not-approved
augite,4,larger-level-not-approved
auguste,4,outside-filtered-American-60-80
aunty,3,outside-filtered-American-60-80
auric,4,larger-level-not-approved
aurum,4,larger-level-not-approved
autem,4,outside-filtered-American-60-80
auth,4,outside-filtered-American-60-80
autobus,4,larger-level-not-approved
aux,4,outside-filtered-American-60-80
avale,4,outside-filtered-American-60-80
avant,4,larger-level-not-approved
avarous,4,outside-filtered-American-60-80
avaunce,4,outside-filtered-American-60-80
ave,2,larger-level-not-approved
avel,4,outside-filtered-American-60-80
avenage,4,outside-filtered-American-60-80
avener,4,outside-filtered-American-60-80
avens,4,larger-level-not-approved
aventre,4,outside-filtered-American-60-80
averter,4,larger-level-not-approved
aves,4,larger-level-not-approved
aviate,4,larger-level-not-approved
avie,4,outside-filtered-American-60-80
avile,4,outside-filtered-American-60-80
avis,3,outside-filtered-American-60-80
avision,4,outside-filtered-American-60-80
aviso,4,outside-filtered-American-60-80
avo,4,larger-level-not-approved
avocat,4,outside-filtered-American-60-80
avocate,4,outside-filtered-American-60-80
avocet,4,larger-level-not-approved
avoider,4,larger-level-not-approved
avoset,4,outside-filtered-American-60-80
awarder,4,larger-level-not-approved
awarn,4,outside-filtered-American-60-80
aweary,4,larger-level-not-approved
aweless,4,larger-level-not-approved
awhape,4,outside-filtered-American-60-80
awk,4,outside-filtered-American-60-80
awkly,4,outside-filtered-American-60-80
awlwort,4,larger-level-not-approved
awned,4,larger-level-not-approved
awnless,4,larger-level-not-approved
awny,4,outside-filtered-American-60-80
awork,4,outside-filtered-American-60-80
awrong,4,outside-filtered-American-60-80
axel,4,larger-level-not-approved
axeman,4,larger-level-not-approved
axil,4,larger-level-not-approved
axile,4,larger-level-not-approved
axilla,4,larger-level-not-approved
axillar,4,larger-level-not-approved
axinite,4,larger-level-not-approved
axled,4,larger-level-not-approved
axman,4,larger-level-not-approved
axtree,4,outside-filtered-American-60-80
axunge,4,outside-filtered-American-60-80
ayein,4,outside-filtered-American-60-80
ayen,4,outside-filtered-American-60-80
ayin,4,larger-level-not-approved
ayle,4,outside-filtered-American-60-80
ayme,4,outside-filtered-American-60-80
ayo,4,outside-filtered-American-60-80
ayond,4,outside-filtered-American-60-80
ayont,4,outside-filtered-American-60-80
azalai,4,outside-filtered-American-60-80
azan,4,larger-level-not-approved
azarole,4,outside-filtered-American-60-80
azbuka,4,outside-filtered-American-60-80
azoic,4,larger-level-not-approved
azonic,4,larger-level-not-approved
azote,4,larger-level-not-approved
azoth,4,larger-level-not-approved
azotic,4,larger-level-not-approved
azotite,4,outside-filtered-American-60-80
azotize,4,larger-level-not-approved
azotous,4,outside-filtered-American-60-80
azured,4,outside-filtered-American-60-80
azurine,4,outside-filtered-American-60-80
azurite,4,larger-level-not-approved
azyme,4,outside-filtered-American-60-80
azymic,4,outside-filtered-American-60-80
azymite,4,outside-filtered-American-60-80
azymous,4,outside-filtered-American-60-80
bab,4,outside-filtered-American-60-80
babery,4,outside-filtered-American-60-80
babish,4,outside-filtered-American-60-80
babka,4,larger-level-not-approved
bablah,4,outside-filtered-American-60-80
babu,4,larger-level-not-approved
babul,4,larger-level-not-approved
babygro,4,outside-filtered-American-60-80
babyism,4,outside-filtered-American-60-80
bac,4,outside-filtered-American-60-80
bacalao,4,larger-level-not-approved
baccara,4,larger-level-not-approved
bach,3,larger-level-not-approved
bache,4,outside-filtered-American-60-80
bacinet,4,outside-filtered-American-60-80
backlot,4,larger-level-not-approved
backy,4,outside-filtered-American-60-80
baculum,4,larger-level-not-approved
badam,4,outside-filtered-American-60-80
bade,4,larger-level-not-approved
badian,4,outside-filtered-American-60-80
badmash,4,larger-level-not-approved
baffie,4,outside-filtered-American-60-80
baggala,4,outside-filtered-American-60-80
bagi,4,outside-filtered-American-60-80
baglo,4,outside-filtered-American-60-80
bagman,4,larger-level-not-approved
bagsy,4,outside-filtered-American-60-80
bagwash,4,outside-filtered-American-60-80
bai,4,outside-filtered-American-60-80
baile,4,outside-filtered-American-60-80
baju,4,outside-filtered-American-60-80
baka,4,outside-filtered-American-60-80
bal,4,larger-level-not-approved
balase,4,outside-filtered-American-60-80
baldare,4,outside-filtered-American-60-80
balian,4,outside-filtered-American-60-80
balrog,4,outside-filtered-American-60-80
bals,4,larger-level-not-approved
baluba,4,outside-filtered-American-60-80
bam,1,larger-level-not-approved
bambino,4,larger-level-not-approved
bambou,4,outside-filtered-American-60-80
bampot,4,outside-filtered-American-60-80
banc,4,larger-level-not-approved
banca,4,outside-filtered-American-60-80
banco,4,larger-level-not-approved
banda,3,larger-level-not-approved
bandana,3,outside-filtered-American-60-80
bandar,4,outside-filtered-American-60-80
bander,4,larger-level-not-approved
bando,4,outside-filtered-American-60-80
bandog,4,larger-level-not-approved
bangun,4,outside-filtered-American-60-80
banjax,4,larger-level-not-approved
banjoes,4,outside-filtered-American-60-80
baon,4,outside-filtered-American-60-80
bara,4,outside-filtered-American-60-80
barakah,4,outside-filtered-American-60-80
baramin,4,outside-filtered-American-60-80
barbara,2,outside-filtered-American-60-80
barded,4,larger-level-not-approved
bargee,4,larger-level-not-approved
bari,3,outside-filtered-American-60-80
barm,4,larger-level-not-approved
barnet,4,larger-level-not-approved
barque,4,outside-filtered-American-60-80
barra,4,larger-level-not-approved
barry,2,outside-filtered-American-60-80
baru,4,outside-filtered-American-60-80
bas,4,outside-filtered-American-60-80
basa,4,outside-filtered-American-60-80
bashaw,4,larger-level-not-approved
basilic,4,larger-level-not-approved
basonym,4,outside-filtered-American-60-80
basto,4,outside-filtered-American-60-80
bateau,4,larger-level-not-approved
bati,4,outside-filtered-American-60-80
batis,4,outside-filtered-American-60-80
batshit,4,outside-filtered-American-60-80
batt,4,larger-level-not-approved
batu,4,outside-filtered-American-60-80
bawcock,4,larger-level-not-approved
baz,4,outside-filtered-American-60-80
bazil,4,outside-filtered-American-60-80
beag,4,outside-filtered-American-60-80
beamer,4,outside-filtered-American-60-80
bearhug,4,outside-filtered-American-60-80
beaux,3,outside-filtered-American-60-80
becket,3,larger-level-not-approved
becue,4,outside-filtered-American-60-80
bedfast,4,larger-level-not-approved
bedo,4,outside-filtered-American-60-80
bedouin,3,larger-level-not-approved
beefalo,4,larger-level-not-approved
beezer,4,larger-level-not-approved
begrip,4,outside-filtered-American-60-80
behove,4,outside-filtered-American-60-80
bein,4,outside-filtered-American-60-80
bel,3,larger-level-not-approved
beli,4,outside-filtered-American-60-80
bello,4,outside-filtered-American-60-80
bema,4,larger-level-not-approved
ben,2,larger-level-not-approved
bene,4,larger-level-not-approved
benison,4,larger-level-not-approved
benny,3,larger-level-not-approved
benzoic,4,larger-level-not-approved
benzoin,4,larger-level-not-approved
benzol,4,larger-level-not-approved
benzoyl,4,larger-level-not-approved
benzule,4,outside-filtered-American-60-80
bepaint,4,larger-level-not-approved
bepelt,4,outside-filtered-American-60-80
bepinch,4,outside-filtered-American-60-80
beprose,4,outside-filtered-American-60-80
ber,4,outside-filtered-American-60-80
bere,4,outside-filtered-American-60-80
bergen,4,outside-filtered-American-60-80
bes,3,larger-level-not-approved
bestest,4,outside-filtered-American-60-80
beth,3,larger-level-not-approved
betony,4,larger-level-not-approved
betted,4,outside-filtered-American-60-80
betty,3,outside-filtered-American-60-80
bever,4,outside-filtered-American-60-80
beweep,4,outside-filtered-American-60-80
bez,4,outside-filtered-American-60-80
bhikkhu,4,outside-filtered-American-60-80
bhikshu,4,outside-filtered-American-60-80
bhoy,4,outside-filtered-American-60-80
bibb,4,larger-level-not-approved
bibber,4,larger-level-not-approved
biblist,4,larger-level-not-approved
bic,4,outside-filtered-American-60-80
bice,4,larger-level-not-approved
bidden,4,larger-level-not-approved
bidon,4,outside-filtered-American-60-80
biggy,4,larger-level-not-approved
bikeway,4,larger-level-not-approved
bilbo,3,larger-level-not-approved
bilby,4,larger-level-not-approved
biltong,4,larger-level-not-approved
bim,3,outside-filtered-American-60-80
bimble,4,outside-filtered-American-60-80
bindii,4,outside-filtered-American-60-80
bindle,4,larger-level-not-approved
biner,4,outside-filtered-American-60-80
bingoed,4,outside-filtered-American-60-80
bint,4,larger-level-not-approved
biofact,4,outside-filtered-American-60-80
bion,4,outside-filtered-American-60-80
birdo,4,outside-filtered-American-60-80
biro,4,larger-level-not-approved
bitrate,4,outside-filtered-American-60-80
bitt,4,larger-level-not-approved
bitts,4,larger-level-not-approved
bizarro,4,larger-level-not-approved
bizzo,4,outside-filtered-American-60-80
blad,4,outside-filtered-American-60-80
blagger,4,outside-filtered-American-60-80
blahg,4,outside-filtered-American-60-80
blanc,3,outside-filtered-American-60-80
blanco,4,outside-filtered-American-60-80
blasto,4,outside-filtered-American-60-80
blat,4,larger-level-not-approved
blate,4,larger-level-not-approved
blats,4,larger-level-not-approved
blazar,4,outside-filtered-American-60-80
bleb,4,larger-level-not-approved
blech,4,outside-filtered-American-60-80
bleg,4,outside-filtered-American-60-80
bleh,4,outside-filtered-American-60-80
blem,4,outside-filtered-American-60-80
blenny,4,larger-level-not-approved
blesser,4,larger-level-not-approved
blivet,4,larger-level-not-approved
blook,4,outside-filtered-American-60-80
blore,4,outside-filtered-American-60-80
blud,4,outside-filtered-American-60-80
bludge,4,larger-level-not-approved
bludger,4,larger-level-not-approved
bluggy,4,outside-filtered-American-60-80
blurse,4,outside-filtered-American-60-80
bly,4,outside-filtered-American-60-80
boba,4,outside-filtered-American-60-80
bobbitt,4,outside-filtered-American-60-80
bobo,4,outside-filtered-American-60-80
bobstay,4,larger-level-not-approved
bocca,4,outside-filtered-American-60-80
bodark,4,outside-filtered-American-60-80
boeuf,4,outside-filtered-American-60-80
boga,4,outside-filtered-American-60-80
bogan,4,larger-level-not-approved
bogart,3,larger-level-not-approved
bogroll,4,outside-filtered-American-60-80
bogy,4,outside-filtered-American-60-80
bohrium,4,larger-level-not-approved
boink,4,larger-level-not-approved
bois,4,outside-filtered-American-60-80
bok,4,outside-filtered-American-60-80
boke,4,outside-filtered-American-60-80
bokken,4,outside-filtered-American-60-80
bol,4,outside-filtered-American-60-80
bolide,4,larger-level-not-approved
bolivia,3,larger-level-not-approved
bolo,4,larger-level-not-approved
boloney,4,outside-filtered-American-60-80
bolos,4,larger-level-not-approved
bombus,4,outside-filtered-American-60-80
bona,4,outside-filtered-American-60-80
bonjour,4,outside-filtered-American-60-80
bonne,4,larger-level-not-approved
bonnie,3,outside-filtered-American-60-80
bonze,4,larger-level-not-approved
bonzer,4,larger-level-not-approved
boobie,4,larger-level-not-approved
boodler,4,outside-filtered-American-60-80
boomlet,4,larger-level-not-approved
bor,4,outside-filtered-American-60-80
bora,3,larger-level-not-approved
boracic,4,larger-level-not-approved
borage,4,larger-level-not-approved
borane,4,larger-level-not-approved
borate,4,larger-level-not-approved
bord,4,outside-filtered-American-60-80
bordel,4,larger-level-not-approved
boreen,4,larger-level-not-approved
borg,3,larger-level-not-approved
boric,4,larger-level-not-approved
bork,4,larger-level-not-approved
boro,4,outside-filtered-American-60-80
borra,4,outside-filtered-American-60-80
bors,4,outside-filtered-American-60-80
borsht,4,larger-level-not-approved
bortz,4,outside-filtered-American-60-80
bos,4,outside-filtered-American-60-80
boson,4,larger-level-not-approved
bosque,4,larger-level-not-approved
bote,4,outside-filtered-American-60-80
botfly,4,larger-level-not-approved
boto,4,larger-level-not-approved
botulin,4,larger-level-not-approved
bouche,4,outside-filtered-American-60-80
bourn,4,larger-level-not-approved
bouton,4,larger-level-not-approved
bowfin,4,larger-level-not-approved
bowyer,4,larger-level-not-approved
boxen,4,outside-filtered-American-60-80
boxty,4,outside-filtered-American-60-80
boyar,4,larger-level-not-approved
boyard,4,larger-level-not-approved
boychik,4,larger-level-not-approved
boyo,4,larger-level-not-approved
braai,4,larger-level-not-approved
braccio,4,outside-filtered-American-60-80
brahman,3,outside-filtered-American-60-80
brahmin,3,larger-level-not-approved
braize,4,outside-filtered-American-60-80
brant,3,larger-level-not-approved
brassic,4,outside-filtered-American-60-80
bratva,4,outside-filtered-American-60-80
brava,4,larger-level-not-approved
brayer,4,larger-level-not-approved
brazil,2,larger-level-not-approved
bredrin,4,outside-filtered-American-60-80
bree,3,larger-level-not-approved
breeks,4,larger-level-not-approved
brekkie,4,outside-filtered-American-60-80
brelan,4,outside-filtered-American-60-80
brett,3,outside-filtered-American-60-80
brev,4,outside-filtered-American-60-80
brezel,4,outside-filtered-American-60-80
briard,4,larger-level-not-approved
brier,4,outside-filtered-American-60-80
brillig,4,outside-filtered-American-60-80
bris,4,larger-level-not-approved
bristol,2,larger-level-not-approved
brit,3,larger-level-not-approved
brivla,4,outside-filtered-American-60-80
brocard,4,outside-filtered-American-60-80
brockle,4,outside-filtered-American-60-80
brodi,4,outside-filtered-American-60-80
brodie,4,outside-filtered-American-60-80
brody,4,outside-filtered-American-60-80
broider,4,larger-level-not-approved
bromate,4,larger-level-not-approved
bromo,4,larger-level-not-approved
brose,4,larger-level-not-approved
brotus,4,outside-filtered-American-60-80
bruce,2,outside-filtered-American-60-80
bruja,4,outside-filtered-American-60-80
brujo,4,outside-filtered-American-60-80
brumby,4,larger-level-not-approved
brune,4,outside-filtered-American-60-80
bruv,4,outside-filtered-American-60-80
bruvver,4,outside-filtered-American-60-80
bryndza,4,outside-filtered-American-60-80
bryozoa,4,outside-filtered-American-60-80
bubbler,4,larger-level-not-approved
buccal,4,larger-level-not-approved
buckra,4,larger-level-not-approved
budda,4,outside-filtered-American-60-80
buddha,3,larger-level-not-approved
budmash,4,outside-filtered-American-60-80
budo,4,outside-filtered-American-60-80
buffle,4,outside-filtered-American-60-80
bufo,4,outside-filtered-American-60-80
bugger,3,outside-filtered-American-60-80
bukake,4,outside-filtered-American-60-80
buko,4,outside-filtered-American-60-80
buku,4,outside-filtered-American-60-80
bulger,4,outside-filtered-American-60-80
bulla,4,larger-level-not-approved
bumboat,4,larger-level-not-approved
bund,3,larger-level-not-approved
bundler,4,larger-level-not-approved
bunter,4,larger-level-not-approved
bunyip,4,larger-level-not-approved
bunyips,4,larger-level-not-approved
buoyage,4,larger-level-not-approved
bupkis,4,outside-filtered-American-60-80
burb,4,larger-level-not-approved
burd,4,outside-filtered-American-60-80
bureaux,4,outside-filtered-American-60-80
burel,4,outside-filtered-American-60-80
buret,4,larger-level-not-approved
burette,4,larger-level-not-approved
burgage,4,larger-level-not-approved
burgee,4,larger-level-not-approved
burgoo,4,larger-level-not-approved
burh,4,outside-filtered-American-60-80
burke,3,larger-level-not-approved
burley,3,larger-level-not-approved
bushido,4,larger-level-not-approved
busta,4,outside-filtered-American-60-80
butene,4,larger-level-not-approved
buteo,4,larger-level-not-approved
butyl,4,larger-level-not-approved
buzzcut,4,outside-filtered-American-60-80
bwana,4,larger-level-not-approved
caballo,4,outside-filtered-American-60-80
cabbie,4,outside-filtered-American-60-80
cabesse,4,outside-filtered-American-60-80
cabezon,4,larger-level-not-approved
cabman,4,larger-level-not-approved
caca,4,larger-level-not-approved
cacaine,4,outside-filtered-American-60-80
cacique,4,larger-level-not-approved
cack,4,larger-level-not-approved
cacoepy,4,larger-level-not-approved
caconym,4,larger-level-not-approved
caddis,4,larger-level-not-approved
caddy,3,larger-level-not-approved
cadent,4,larger-level-not-approved
cadi,4,larger-level-not-approved
caecum,4,outside-filtered-American-60-80
caer,4,outside-filtered-American-60-80
caesium,4,outside-filtered-American-60-80
cafard,4,larger-level-not-approved
caffled,4,outside-filtered-American-60-80
cager,4,larger-level-not-approved
calash,4,larger-level-not-approved
calibre,4,outside-filtered-American-60-80
calix,4,larger-level-not-approved
calli,4,outside-filtered-American-60-80
calque,4,larger-level-not-approved
caltrop,4,larger-level-not-approved
calver,4,outside-filtered-American-60-80
calx,4,larger-level-not-approved
cama,4,outside-filtered-American-60-80
cambio,4,outside-filtered-American-60-80
cami,4,larger-level-not-approved
campion,3,larger-level-not-approved
campo,3,larger-level-not-approved
candela,4,larger-level-not-approved
candour,4,outside-filtered-American-60-80
canid,4,larger-level-not-approved
caninus,4,outside-filtered-American-60-80
cankle,4,outside-filtered-American-60-80
canna,4,larger-level-not-approved
cannel,4,larger-level-not-approved
canner,4,larger-level-not-approved
cannula,4,larger-level-not-approved
canonic,4,larger-level-not-approved
cantar,4,outside-filtered-American-60-80
cantle,4,larger-level-not-approved
capel,4,outside-filtered-American-60-80
capisce,4,outside-filtered-American-60-80
capita,4,outside-filtered-American-60-80
capote,4,larger-level-not-approved
capsid,4,larger-level-not-approved
caput,4,larger-level-not-approved
caracal,4,larger-level-not-approved
carb,4,larger-level-not-approved
carbone,4,outside-filtered-American-60-80
cardi,4,outside-filtered-American-60-80
cardoon,4,larger-level-not-approved
cardy,4,outside-filtered-American-60-80
carfax,4,outside-filtered-American-60-80
cariad,4,outside-filtered-American-60-80
carioca,4,larger-level-not-approved
carl,2,larger-level-not-approved
carlin,3,larger-level-not-approved
carney,3,outside-filtered-American-60-80
caron,4,outside-filtered-American-60-80
carr,3,larger-level-not-approved
carrom,4,larger-level-not-approved
carte,3,larger-level-not-approved
casbah,4,larger-level-not-approved
casque,4,larger-level-not-approved
castell,4,outside-filtered-American-60-80
castrum,4,outside-filtered-American-60-80
casus,4,outside-filtered-American-60-80
catena,4,larger-level-not-approved
cathect,4,larger-level-not-approved
catso,4,outside-filtered-American-60-80
catsup,4,outside-filtered-American-60-80
caudex,4,larger-level-not-approved
cauf,4,outside-filtered-American-60-80
caul,4,larger-level-not-approved
cauline,4,larger-level-not-approved
caulis,4,larger-level-not-approved
cauma,4,outside-filtered-American-60-80
cautery,4,larger-level-not-approved
cavea,4,outside-filtered-American-60-80
cavy,4,larger-level-not-approved
cazique,4,outside-filtered-American-60-80
cecity,4,larger-level-not-approved
cedi,4,larger-level-not-approved
ceil,4,larger-level-not-approved
ceils,4,larger-level-not-approved
celadon,4,larger-level-not-approved
cellule,4,larger-level-not-approved
celsius,3,outside-filtered-American-60-80
celt,4,larger-level-not-approved
cembalo,4,larger-level-not-approved
cenacle,4,larger-level-not-approved
cento,4,larger-level-not-approved
centra,4,larger-level-not-approved
centre,4,outside-filtered-American-60-80
centres,4,outside-filtered-American-60-80
centrum,4,larger-level-not-approved
centum,4,larger-level-not-approved
cercus,4,larger-level-not-approved
cereus,4,larger-level-not-approved
cero,4,larger-level-not-approved
cerumen,4,larger-level-not-approved
cervine,4,larger-level-not-approved
ces,4,outside-filtered-American-60-80
chaat,4,larger-level-not-approved
chachka,4,larger-level-not-approved
chad,3,larger-level-not-approved
chadar,4,larger-level-not-approved
chafery,4,outside-filtered-American-60-80
chalaza,4,larger-level-not-approved
chamfer,4,larger-level-not-approved
chan,4,outside-filtered-American-60-80
chancer,4,larger-level-not-approved
chanlon,4,outside-filtered-American-60-80
chanty,4,larger-level-not-approved
chappal,4,outside-filtered-American-60-80
charr,4,larger-level-not-approved
charrus,4,outside-filtered-American-60-80
charset,4,outside-filtered-American-60-80
charva,4,outside-filtered-American-60-80
chas,4,outside-filtered-American-60-80
chasse,4,larger-level-not-approved
chaton,4,outside-filtered-American-60-80
chausse,4,outside-filtered-American-60-80
chavish,4,outside-filtered-American-60-80
chavvy,4,outside-filtered-American-60-80
chaw,4,larger-level-not-approved
chaws,4,larger-level-not-approved
chayote,4,larger-level-not-approved
che,3,outside-filtered-American-60-80
cheche,4,outside-filtered-American-60-80
chela,4,larger-level-not-approved
chelate,4,larger-level-not-approved
cheque,4,outside-filtered-American-60-80
cher,4,outside-filtered-American-60-80
chevage,4,outside-filtered-American-60-80
cheval,4,outside-filtered-American-60-80
chevaux,4,outside-filtered-American-60-80
chevy,3,larger-level-not-approved
chiack,4,larger-level-not-approved
chikan,4,outside-filtered-American-60-80
childe,4,larger-level-not-approved
childer,4,outside-filtered-American-60-80
childs,4,outside-filtered-American-60-80
chile,2,outside-filtered-American-60-80
chilias,4,outside-filtered-American-60-80
chillax,4,larger-level-not-approved
chilli,3,outside-filtered-American-60-80
chillun,4,outside-filtered-American-60-80
chinch,4,larger-level-not-approved
chined,4,larger-level-not-approved
chiral,4,larger-level-not-approved
chiton,4,larger-level-not-approved
chode,4,outside-filtered-American-60-80
chola,4,larger-level-not-approved
cholo,4,larger-level-not-approved
chook,4,larger-level-not-approved
chorion,4,larger-level-not-approved
choses,4,larger-level-not-approved
choss,4,outside-filtered-American-60-80
chou,3,larger-level-not-approved
chowry,4,outside-filtered-American-60-80
chucker,4,outside-filtered-American-60-80
chuckey,4,outside-filtered-American-60-80
chuddar,4,larger-level-not-approved
chuff,4,larger-level-not-approved
chugger,4,larger-level-not-approved
chuman,4,outside-filtered-American-60-80
chuppah,4,larger-level-not-approved
churchy,4,larger-level-not-approved
cicala,4,larger-level-not-approved
cichlid,4,larger-level-not-approved
ciel,4,outside-filtered-American-60-80
cig,3,larger-level-not-approved
cigaret,4,outside-filtered-American-60-80
ciggy,4,larger-level-not-approved
ciliate,4,larger-level-not-approved
cilice,4,larger-level-not-approved
cimbal,4,outside-filtered-American-60-80
cinque,4,larger-level-not-approved
cisco,3,larger-level-not-approved
citied,4,larger-level-not-approved
citify,4,larger-level-not-approved
citrate,3,larger-level-not-approved
citri,4,outside-filtered-American-60-80
citrine,4,larger-level-not-approved
claire,3,outside-filtered-American-60-80
clamour,4,outside-filtered-American-60-80
claree,4,outside-filtered-American-60-80
clast,4,larger-level-not-approved
clava,4,outside-filtered-American-60-80
clave,4,larger-level-not-approved
clavis,4,outside-filtered-American-60-80
clavus,4,larger-level-not-approved
cleg,4,larger-level-not-approved
clerisy,4,larger-level-not-approved
clines,4,larger-level-not-approved
clippie,4,outside-filtered-American-60-80
clitic,4,larger-level-not-approved
cloath,4,outside-filtered-American-60-80
clon,4,outside-filtered-American-60-80
clonic,4,larger-level-not-approved
clopen,4,outside-filtered-American-60-80
clou,4,outside-filtered-American-60-80
cloven,4,larger-level-not-approved
cloze,4,larger-level-not-approved
clubby,4,larger-level-not-approved
clucky,4,larger-level-not-approved
cmavo,4,outside-filtered-American-60-80
cmene,4,outside-filtered-American-60-80
cnemis,4,outside-filtered-American-60-80
coaler,4,larger-level-not-approved
coaming,4,larger-level-not-approved
cobb,4,outside-filtered-American-60-80
cocus,4,outside-filtered-American-60-80
codder,4,outside-filtered-American-60-80
coeliac,4,outside-filtered-American-60-80
coenure,4,outside-filtered-American-60-80
coffle,4,larger-level-not-approved
cogito,4,larger-level-not-approved
cognize,4,larger-level-not-approved
cogue,4,outside-filtered-American-60-80
cogware,4,outside-filtered-American-60-80
cohosh,4,larger-level-not-approved
cole,2,larger-level-not-approved
colline,4,outside-filtered-American-60-80
colo,4,outside-filtered-American-60-80
colombo,4,outside-filtered-American-60-80
colonus,4,larger-level-not-approved
colour,4,outside-filtered-American-60-80
colours,4,outside-filtered-American-60-80
colter,4,larger-level-not-approved
colza,4,larger-level-not-approved
com,4,outside-filtered-American-60-80
comal,4,larger-level-not-approved
comice,4,outside-filtered-American-60-80
comitia,4,larger-level-not-approved
comm,4,outside-filtered-American-60-80
commis,4,outside-filtered-American-60-80
comms,4,outside-filtered-American-60-80
comper,4,outside-filtered-American-60-80
complin,4,larger-level-not-approved
comte,4,outside-filtered-American-60-80
condyle,4,larger-level-not-approved
conge,4,outside-filtered-American-60-80
conlang,4,outside-filtered-American-60-80
conn,3,larger-level-not-approved
conner,3,larger-level-not-approved
conns,4,larger-level-not-approved
conshie,4,outside-filtered-American-60-80
cony,4,outside-filtered-American-60-80
cooee,4,larger-level-not-approved
cooey,4,outside-filtered-American-60-80
coolbox,4,outside-filtered-American-60-80
coomb,4,larger-level-not-approved
coon,3,outside-filtered-American-60-80
coopery,4,larger-level-not-approved
cooter,4,larger-level-not-approved
copeck,4,outside-filtered-American-60-80
copha,4,outside-filtered-American-60-80
copine,4,outside-filtered-American-60-80
coppice,4,larger-level-not-approved
copyvio,4,outside-filtered-American-60-80
cordate,4,larger-level-not-approved
corium,4,larger-level-not-approved
cornish,3,outside-filtered-American-60-80
corno,4,outside-filtered-American-60-80
cornu,4,larger-level-not-approved
corrach,4,outside-filtered-American-60-80
corse,4,larger-level-not-approved
corslet,4,larger-level-not-approved
corvine,4,larger-level-not-approved
corvus,4,outside-filtered-American-60-80
corymb,4,larger-level-not-approved
cosher,4,larger-level-not-approved
coss,4,larger-level-not-approved
costa,2,larger-level-not-approved
cosy,3,outside-filtered-American-60-80
couleur,4,outside-filtered-American-60-80
couloir,4,larger-level-not-approved
couped,4,larger-level-not-approved
coved,4,larger-level-not-approved
coverb,4,outside-filtered-American-60-80
coving,4,larger-level-not-approved
cowardy,4,outside-filtered-American-60-80
cowled,4,larger-level-not-approved
cowpea,4,larger-level-not-approved
cowper,4,outside-filtered-American-60-80
cowry,4,larger-level-not-approved
cowson,4,outside-filtered-American-60-80
coxa,4,larger-level-not-approved
coydog,4,larger-level-not-approved
coyed,4,larger-level-not-approved
coying,4,larger-level-not-approved
coz,3,larger-level-not-approved
craic,4,larger-level-not-approved
crania,4,outside-filtered-American-60-80
crap,2,outside-filtered-American-60-80
craped,4,larger-level-not-approved
crapper,4,outside-filtered-American-60-80
craps,3,outside-filtered-American-60-80
crapula,4,outside-filtered-American-60-80
crapy,4,larger-level-not-approved
creen,4,outside-filtered-American-60-80
crema,4,outside-filtered-American-60-80
crim,4,outside-filtered-American-60-80
crimper,4,larger-level-not-approved
cristal,4,outside-filtered-American-60-80
croc,4,larger-level-not-approved
croquis,4,larger-level-not-approved
crore,3,larger-level-not-approved
cru,4,larger-level-not-approved
cruck,4,larger-level-not-approved
cruft,4,outside-filtered-American-60-80
crump,3,larger-level-not-approved
crunk,4,outside-filtered-American-60-80
cruor,4,larger-level-not-approved
crus,4,larger-level-not-approved
crwth,4,larger-level-not-approved
csardas,4,larger-level-not-approved
cuarto,4,outside-filtered-American-60-80
cuatro,4,larger-level-not-approved
cubane,4,outside-filtered-American-60-80
cuirass,4,larger-level-not-approved
culchie,4,outside-filtered-American-60-80
culler,4,larger-level-not-approved
culver,3,larger-level-not-approved
cumball,4,outside-filtered-American-60-80
cundum,4,outside-filtered-American-60-80
cuneate,4,larger-level-not-approved
curette,4,larger-level-not-approved
curr,4,larger-level-not-approved
curva,4,outside-filtered-American-60-80
cuscus,4,larger-level-not-approved
cutis,4,larger-level-not-approved
cuttie,4,outside-filtered-American-60-80
cuvette,4,larger-level-not-approved
cwm,4,larger-level-not-approved
cyanate,4,larger-level-not-approved
cyanic,4,larger-level-not-approved
cyanin,4,larger-level-not-approved
cyanine,4,larger-level-not-approved
cyano,4,larger-level-not-approved
cyanose,4,outside-filtered-American-60-80
cycad,4,larger-level-not-approved
cycloid,4,larger-level-not-approved
cyning,4,outside-filtered-American-60-80
cypher,3,outside-filtered-American-60-80
cytosol,4,larger-level-not-approved
czardas,4,larger-level-not-approved
dabai,4,outside-filtered-American-60-80
dabster,4,larger-level-not-approved
dada,3,larger-level-not-approved
dadgum,4,larger-level-not-approved
daff,4,larger-level-not-approved
dagesh,4,outside-filtered-American-60-80
daggy,4,larger-level-not-approved
dagmar,4,outside-filtered-American-60-80
dah,3,larger-level-not-approved
dahl,4,larger-level-not-approved
dai,4,outside-filtered-American-60-80
daimyo,4,larger-level-not-approved
daisho,4,outside-filtered-American-60-80
daker,4,outside-filtered-American-60-80
dal,4,larger-level-not-approved
daleth,4,larger-level-not-approved
dalton,3,larger-level-not-approved
dammer,4,larger-level-not-approved
dampish,4,larger-level-not-approved
dampy,4,outside-filtered-American-60-80
dan,2,larger-level-not-approved
daniel,2,outside-filtered-American-60-80
dans,4,larger-level-not-approved
danza,4,outside-filtered-American-60-80
dap,3,larger-level-not-approved
dar,4,outside-filtered-American-60-80
darf,4,outside-filtered-American-60-80
dari,4,outside-filtered-American-60-80
darkey,4,outside-filtered-American-60-80
darkle,4,larger-level-not-approved
das,4,outside-filtered-American-60-80
dasein,4,outside-filtered-American-60-80
dass,4,outside-filtered-American-60-80
dassie,4,larger-level-not-approved
dato,4,larger-level-not-approved
daw,3,larger-level-not-approved
dawg,4,outside-filtered-American-60-80
dawing,4,larger-level-not-approved
daystar,4,larger-level-not-approved
dazibao,4,outside-filtered-American-60-80
dealie,4,outside-filtered-American-60-80
deas,4,outside-filtered-American-60-80
debag,4,larger-level-not-approved
debole,4,outside-filtered-American-60-80
debone,4,larger-level-not-approved
deburr,4,larger-level-not-approved
debye,4,larger-level-not-approved
decile,4,larger-level-not-approved
dedo,4,outside-filtered-American-60-80
dee,3,larger-level-not-approved
defence,4,outside-filtered-American-60-80
deffo,4,outside-filtered-American-60-80
defier,4,larger-level-not-approved
defrag,4,larger-level-not-approved
deg,4,outside-filtered-American-60-80
degum,4,larger-level-not-approved
dehisce,4,larger-level-not-approved
dehors,4,outside-filtered-American-60-80
deicide,4,larger-level-not-approved
dein,4,outside-filtered-American-60-80
deiseal,4,outside-filtered-American-60-80
dek,4,outside-filtered-American-60-80
deking,4,larger-level-not-approved
dekko,4,larger-level-not-approved
del,4,larger-level-not-approved
deletia,4,outside-filtered-American-60-80
delict,4,larger-level-not-approved
dem,4,outside-filtered-American-60-80
demain,4,outside-filtered-American-60-80
deman,4,outside-filtered-American-60-80
demit,4,larger-level-not-approved
demy,4,larger-level-not-approved
deo,4,outside-filtered-American-60-80
deontic,4,larger-level-not-approved
dep,4,outside-filtered-American-60-80
der,4,outside-filtered-American-60-80
derate,4,larger-level-not-approved
derecho,4,outside-filtered-American-60-80
dero,4,outside-filtered-American-60-80
des,4,outside-filtered-American-60-80
desex,4,larger-level-not-approved
desirer,4,larger-level-not-approved
desmoid,4,larger-level-not-approved
despect,4,outside-filtered-American-60-80
despeed,4,outside-filtered-American-60-80
despond,4,larger-level-not-approved
desport,4,outside-filtered-American-60-80
detent,4,larger-level-not-approved
detrain,4,larger-level-not-approved
dev,4,outside-filtered-American-60-80
deva,3,larger-level-not-approved
devi,4,outside-filtered-American-60-80
devoir,4,larger-level-not-approved
devoirs,4,larger-level-not-approved
devon,3,larger-level-not-approved
dexter,3,larger-level-not-approved
dey,3,larger-level-not-approved
dhamma,4,outside-filtered-American-60-80
dholak,4,outside-filtered-American-60-80
diablo,4,larger-level-not-approved
diabolo,4,larger-level-not-approved
dialog,3,outside-filtered-American-60-80
diarize,4,outside-filtered-American-60-80
diazene,4,outside-filtered-American-60-80
diazine,4,larger-level-not-approved
diazo,4,larger-level-not-approved
dib,4,larger-level-not-approved
dibber,4,larger-level-not-approved
dibbing,4,larger-level-not-approved
dick,2,outside-filtered-American-60-80
dickens,3,outside-filtered-American-60-80
dicker,4,outside-filtered-American-60-80
dicot,4,larger-level-not-approved
didst,4,larger-level-not-approved
dier,4,outside-filtered-American-60-80
dieses,4,larger-level-not-approved
diety,4,outside-filtered-American-60-80
digamma,4,larger-level-not-approved
digitus,4,outside-filtered-American-60-80
diglyph,4,outside-filtered-American-60-80
dika,4,outside-filtered-American-60-80
dimer,4,larger-level-not-approved
dimeter,4,larger-level-not-approved
dimpsey,4,outside-filtered-American-60-80
dinero,4,larger-level-not-approved
dinger,4,larger-level-not-approved
dink,3,larger-level-not-approved
dino,4,larger-level-not-approved
diopter,4,larger-level-not-approved
dirige,4,outside-filtered-American-60-80
diss,3,outside-filtered-American-60-80
distich,4,larger-level-not-approved
distro,4,outside-filtered-American-60-80
dit,3,larger-level-not-approved
ditzy,4,outside-filtered-American-60-80
djinn,4,outside-filtered-American-60-80
dls,4,outside-filtered-American-60-80
dobber,4,larger-level-not-approved
doco,4,outside-filtered-American-60-80
dogfood,4,outside-filtered-American-60-80
dogger,4,larger-level-not-approved
doggie,3,outside-filtered-American-60-80
doghead,4,outside-filtered-American-60-80
dogi,4,outside-filtered-American-60-80
doh,3,outside-filtered-American-60-80
doit,4,larger-level-not-approved
dolce,4,larger-level-not-approved
dolente,4,larger-level-not-approved
dolina,4,larger-level-not-approved
dolus,4,outside-filtered-American-60-80
dolven,4,outside-filtered-American-60-80
dom,3,larger-level-not-approved
dominus,4,outside-filtered-American-60-80
domus,4,outside-filtered-American-60-80
donga,4,larger-level-not-approved
donger,4,outside-filtered-American-60-80
doni,4,outside-filtered-American-60-80
donjon,4,larger-level-not-approved
donk,4,outside-filtered-American-60-80
donna,3,larger-level-not-approved
donner,4,outside-filtered-American-60-80
dono,4,outside-filtered-American-60-80
doo,4,outside-filtered-American-60-80
doober,4,outside-filtered-American-60-80
dood,4,outside-filtered-American-60-80
doofer,4,larger-level-not-approved
doona,4,larger-level-not-approved
dop,4,larger-level-not-approved
dopant,4,larger-level-not-approved
doplic,4,outside-filtered-American-60-80
dor,3,larger-level-not-approved
dord,4,outside-filtered-American-60-80
dorp,4,larger-level-not-approved
dors,4,larger-level-not-approved
dort,4,outside-filtered-American-60-80
dosa,4,larger-level-not-approved
dottle,4,larger-level-not-approved
douce,4,larger-level-not-approved
douceur,4,larger-level-not-approved
doufu,4,outside-filtered-American-60-80
douter,4,outside-filtered-American-60-80
doux,4,larger-level-not-approved
dow,3,larger-level-not-approved
drabble,4,larger-level-not-approved
draco,3,outside-filtered-American-60-80
draught,4,larger-level-not-approved
dreamt,4,outside-filtered-American-60-80
dreck,4,larger-level-not-approved
dreg,4,larger-level-not-approved
dreich,4,larger-level-not-approved
drek,4,outside-filtered-American-60-80
drey,4,larger-level-not-approved
drib,4,larger-level-not-approved
driveby,4,outside-filtered-American-60-80
droit,4,larger-level-not-approved
dromos,4,larger-level-not-approved
drongo,4,larger-level-not-approved
drow,4,outside-filtered-American-60-80
drugget,4,larger-level-not-approved
drydock,4,outside-filtered-American-60-80
dua,4,outside-filtered-American-60-80
dubash,4,outside-filtered-American-60-80
dubnium,4,larger-level-not-approved
duc,4,outside-filtered-American-60-80
duce,4,larger-level-not-approved
ducker,4,larger-level-not-approved
dudette,4,outside-filtered-American-60-80
dugong,4,larger-level-not-approved
dui,4,outside-filtered-American-60-80
duit,4,larger-level-not-approved
dulce,4,larger-level-not-approved
dulcify,4,larger-level-not-approved
dulse,4,larger-level-not-approved
dum,4,outside-filtered-American-60-80
duma,3,larger-level-not-approved
dunch,4,outside-filtered-American-60-80
duncy,4,outside-filtered-American-60-80
dunkel,4,outside-filtered-American-60-80
dunker,4,larger-level-not-approved
dunnage,4,larger-level-not-approved
dunnock,4,larger-level-not-approved
dunny,4,larger-level-not-approved
duomo,4,larger-level-not-approved
dupery,4,larger-level-not-approved
durn,4,larger-level-not-approved
durst,3,outside-filtered-American-60-80
dux,4,larger-level-not-approved
dwarves,3,outside-filtered-American-60-80
dwelled,4,outside-filtered-American-60-80
dykey,4,larger-level-not-approved
dykon,4,outside-filtered-American-60-80
dynast,4,larger-level-not-approved
dyne,4,larger-level-not-approved
dynes,4,larger-level-not-approved
dyno,4,outside-filtered-American-60-80
dyspnea,4,larger-level-not-approved
dysuria,4,larger-level-not-approved
dzo,4,larger-level-not-approved
eagre,4,larger-level-not-approved
eam,4,outside-filtered-American-60-80
earing,4,larger-level-not-approved
easeful,4,larger-level-not-approved
easter,2,outside-filtered-American-60-80
eau,4,larger-level-not-approved
ebooks,4,outside-filtered-American-60-80
ecarte,4,larger-level-not-approved
echt,4,larger-level-not-approved
ecky,4,outside-filtered-American-60-80
edaphic,4,larger-level-not-approved
eddress,4,outside-filtered-American-60-80
edh,4,larger-level-not-approved
edile,4,outside-filtered-American-60-80
edress,4,outside-filtered-American-60-80
eejit,4,larger-level-not-approved
eelpout,4,larger-level-not-approved
eend,4,outside-filtered-American-60-80
effacer,4,larger-level-not-approved
effet,4,outside-filtered-American-60-80
eft,4,larger-level-not-approved
efter,4,outside-filtered-American-60-80
eggar,4,larger-level-not-approved
egger,4,larger-level-not-approved
eggy,4,larger-level-not-approved
egosurf,4,outside-filtered-American-60-80
eid,4,outside-filtered-American-60-80
eidolon,4,larger-level-not-approved
ekki,4,outside-filtered-American-60-80
ekmek,4,outside-filtered-American-60-80
elative,4,larger-level-not-approved
ele,4,outside-filtered-American-60-80
eleet,4,outside-filtered-American-60-80
elegist,4,larger-level-not-approved
eles,4,outside-filtered-American-60-80
ellen,2,outside-filtered-American-60-80
elo,4,outside-filtered-American-60-80
elpee,4,outside-filtered-American-60-80
eluate,4,larger-level-not-approved
elute,4,larger-level-not-approved
emacs,4,outside-filtered-American-60-80
embolus,4,larger-level-not-approved
embrown,4,larger-level-not-approved
emergy,4,outside-filtered-American-60-80
emmer,4,larger-level-not-approved
emmet,3,larger-level-not-approved
empasm,4,outside-filtered-American-60-80
enam,4,outside-filtered-American-60-80
endian,4,outside-filtered-American-60-80
eng,4,larger-level-not-approved
engagor,4,outside-filtered-American-60-80
engawa,4,outside-filtered-American-60-80
english,1,larger-level-not-approved
enlace,4,larger-level-not-approved
ennead,4,larger-level-not-approved
ennuye,4,outside-filtered-American-60-80
enol,4,larger-level-not-approved
enology,4,larger-level-not-approved
enquiry,3,outside-filtered-American-60-80
enrol,4,outside-filtered-American-60-80
ensnarl,4,larger-level-not-approved
entotic,4,outside-filtered-American-60-80
entrain,4,larger-level-not-approved
environ,4,larger-level-not-approved
eolic,4,outside-filtered-American-60-80
eorl,4,outside-filtered-American-60-80
eoten,4,outside-filtered-American-60-80
ephebe,4,larger-level-not-approved
epicene,4,larger-level-not-approved
epigone,4,larger-level-not-approved
eponym,4,larger-level-not-approved
epopt,4,outside-filtered-American-60-80
eques,4,outside-filtered-American-60-80
erastes,4,outside-filtered-American-60-80
eric,2,outside-filtered-American-60-80
eros,3,larger-level-not-approved
erose,4,larger-level-not-approved
escheat,4,larger-level-not-approved
ese,4,outside-filtered-American-60-80
esh,4,outside-filtered-American-60-80
esker,4,larger-level-not-approved
esky,4,outside-filtered-American-60-80
espada,4,outside-filtered-American-60-80
espial,4,larger-level-not-approved
esprise,4,outside-filtered-American-60-80
ess,4,larger-level-not-approved
esse,4,larger-level-not-approved
essiac,4,outside-filtered-American-60-80
est,4,outside-filtered-American-60-80
estado,4,outside-filtered-American-60-80
este,4,outside-filtered-American-60-80
estival,4,larger-level-not-approved
estop,4,larger-level-not-approved
etendue,4,outside-filtered-American-60-80
etext,4,outside-filtered-American-60-80
eth,4,larger-level-not-approved
ethene,4,larger-level-not-approved
ethyne,4,larger-level-not-approved
etymon,4,larger-level-not-approved
eucaine,4,larger-level-not-approved
eudicot,4,outside-filtered-American-60-80
euonym,4,outside-filtered-American-60-80
euphroe,4,larger-level-not-approved
eupnea,4,larger-level-not-approved
eutopy,4,outside-filtered-American-60-80
eval,4,outside-filtered-American-60-80
evert,4,larger-level-not-approved
evzone,4,larger-level-not-approved
eww,4,larger-level-not-approved
exagram,4,outside-filtered-American-60-80
exclave,4,larger-level-not-approved
exeat,4,larger-level-not-approved
exedra,4,larger-level-not-approved
exonym,4,larger-level-not-approved
exoreic,4,outside-filtered-American-60-80
extance,4,outside-filtered-American-60-80
extropy,4,outside-filtered-American-60-80
exuvia,4,larger-level-not-approved
exuviae,4,larger-level-not-approved
exy,4,outside-filtered-American-60-80
eyer,4,larger-level-not-approved
eyne,4,outside-filtered-American-60-80
eyot,4,larger-level-not-approved
eyra,4,larger-level-not-approved
eyrie,4,outside-filtered-American-60-80
eyry,4,outside-filtered-American-60-80
fabella,4,outside-filtered-American-60-80
fabler,4,larger-level-not-approved
fabrica,4,outside-filtered-American-60-80
facer,4,larger-level-not-approved
factum,4,outside-filtered-American-60-80
fada,4,outside-filtered-American-60-80
fader,4,larger-level-not-approved
fadge,4,larger-level-not-approved
faeces,3,outside-filtered-American-60-80
fagotti,4,outside-filtered-American-60-80
fah,4,larger-level-not-approved
fahl,4,outside-filtered-American-60-80
fairie,4,outside-filtered-American-60-80
fakeer,4,larger-level-not-approved
falt,4,outside-filtered-American-60-80
familia,4,outside-filtered-American-60-80
famulus,4,larger-level-not-approved
fand,4,outside-filtered-American-60-80
fane,4,larger-level-not-approved
fankle,4,outside-filtered-American-60-80
fanware,4,outside-filtered-American-60-80
fanwear,4,outside-filtered-American-60-80
faqir,4,larger-level-not-approved
farb,4,outside-filtered-American-60-80
farby,4,outside-filtered-American-60-80
fard,4,larger-level-not-approved
farl,4,larger-level-not-approved
fart,3,outside-filtered-American-60-80
fartlek,4,larger-level-not-approved
fasces,4,larger-level-not-approved
fascine,4,larger-level-not-approved
fatwah,4,larger-level-not-approved
favour,4,outside-filtered-American-60-80
fawce,4,outside-filtered-American-60-80
feague,4,outside-filtered-American-60-80
feceate,4,outside-filtered-American-60-80
feck,4,larger-level-not-approved
feddle,4,outside-filtered-American-60-80
feist,4,larger-level-not-approved
fellah,4,larger-level-not-approved
fellate,4,larger-level-not-approved
fem,4,larger-level-not-approved
femina,4,outside-filtered-American-60-80
fer,4,outside-filtered-American-60-80
ferash,4,outside-filtered-American-60-80
fere,4,outside-filtered-American-60-80
fermata,4,larger-level-not-approved
fermi,4,larger-level-not-approved
fermion,4,larger-level-not-approved
ferril,4,outside-filtered-American-60-80
ferrum,4,outside-filtered-American-60-80
fervour,4,outside-filtered-American-60-80
fescue,4,larger-level-not-approved
fet,4,outside-filtered-American-60-80
fetor,4,larger-level-not-approved
fetta,4,outside-filtered-American-60-80
feu,4,larger-level-not-approved
feygele,4,outside-filtered-American-60-80
fibre,4,outside-filtered-American-60-80
fic,4,outside-filtered-American-60-80
fideo,4,outside-filtered-American-60-80
figgy,4,outside-filtered-American-60-80
fil,4,larger-level-not-approved
fila,4,larger-level-not-approved
filk,4,outside-filtered-American-60-80
filmic,4,larger-level-not-approved
fils,4,larger-level-not-approved
filum,4,larger-level-not-approved
finito,4,larger-level-not-approved
finna,4,outside-filtered-American-60-80
fino,4,larger-level-not-approved
fiqh,4,outside-filtered-American-60-80
firkin,4,larger-level-not-approved
fisc,4,larger-level-not-approved
fisking,4,outside-filtered-American-60-80
fisting,4,larger-level-not-approved
fitnah,4,outside-filtered-American-60-80
fitra,4,outside-filtered-American-60-80
fitt,4,outside-filtered-American-60-80
flagger,4,larger-level-not-approved
flam,4,larger-level-not-approved
flamage,4,outside-filtered-American-60-80
flamen,4,larger-level-not-approved
flamer,4,larger-level-not-approved
flauta,4,larger-level-not-approved
flava,4,outside-filtered-American-60-80
flavid,4,outside-filtered-American-60-80
flavour,4,outside-filtered-American-60-80
fleadh,4,outside-filtered-American-60-80
fledge,4,larger-level-not-approved
fleer,4,larger-level-not-approved
flemish,3,outside-filtered-American-60-80
flet,4,outside-filtered-American-60-80
fletch,4,larger-level-not-approved
fleur,4,outside-filtered-American-60-80
flexor,4,larger-level-not-approved
flic,4,larger-level-not-approved
floc,4,larger-level-not-approved
flor,4,outside-filtered-American-60-80
fluffer,4,larger-level-not-approved
fluier,4,outside-filtered-American-60-80
flunkey,4,outside-filtered-American-60-80
fluoro,4,outside-filtered-American-60-80
fluter,4,larger-level-not-approved
flyer,3,outside-filtered-American-60-80
fnord,4,outside-filtered-American-60-80
foetid,4,outside-filtered-American-60-80
foetor,4,outside-filtered-American-60-80
foetus,3,outside-filtered-American-60-80
fogey,4,outside-filtered-American-60-80
foi,4,outside-filtered-American-60-80
folium,4,larger-level-not-approved
fon,4,outside-filtered-American-60-80
fonds,4,larger-level-not-approved
fondu,4,outside-filtered-American-60-80
fons,4,outside-filtered-American-60-80
foo,4,larger-level-not-approved
foob,4,outside-filtered-American-60-80
foobar,4,outside-filtered-American-60-80
foofy,4,outside-filtered-American-60-80
foon,4,larger-level-not-approved
footpad,4,larger-level-not-approved
fora,3,outside-filtered-American-60-80
forb,4,larger-level-not-approved
forcer,4,larger-level-not-approved
forex,4,outside-filtered-American-60-80
forfend,4,larger-level-not-approved
forlese,4,outside-filtered-American-60-80
forlest,4,outside-filtered-American-60-80
forlore,4,outside-filtered-American-60-80
formate,4,larger-level-not-approved
formica,4,larger-level-not-approved
formule,4,outside-filtered-American-60-80
fortis,4,larger-level-not-approved
foss,4,larger-level-not-approved
fother,4,outside-filtered-American-60-80
fou,4,larger-level-not-approved
fousty,4,outside-filtered-American-60-80
foutre,4,outside-filtered-American-60-80
fovea,4,larger-level-not-approved
fower,4,outside-filtered-American-60-80
fowler,3,larger-level-not-approved
fra,3,larger-level-not-approved
fractus,4,larger-level-not-approved
frag,4,larger-level-not-approved
fragor,4,outside-filtered-American-60-80
fraise,4,larger-level-not-approved
franger,4,outside-filtered-American-60-80
frass,4,larger-level-not-approved
frater,4,larger-level-not-approved
french,1,larger-level-not-approved
freon,4,outside-filtered-American-60-80
fribble,4,larger-level-not-approved
friendo,4,outside-filtered-American-60-80
fringer,4,outside-filtered-American-60-80
frisbee,3,larger-level-not-approved
friseur,4,larger-level-not-approved
frivol,4,larger-level-not-approved
froe,4,larger-level-not-approved
fromage,4,outside-filtered-American-60-80
frore,4,larger-level-not-approved
frosk,4,outside-filtered-American-60-80
frug,4,larger-level-not-approved
fud,4,larger-level-not-approved
fuga,4,outside-filtered-American-60-80
fugazi,4,outside-filtered-American-60-80
fulfil,3,outside-filtered-American-60-80
fumer,4,larger-level-not-approved
fumetto,4,outside-filtered-American-60-80
funda,4,outside-filtered-American-60-80
fundae,4,outside-filtered-American-60-80
fundaes,4,outside-filtered-American-60-80
fundas,4,outside-filtered-American-60-80
fundi,4,larger-level-not-approved
fundus,4,larger-level-not-approved
fungo,4,larger-level-not-approved
furan,4,larger-level-not-approved
furcula,4,larger-level-not-approved
furore,4,outside-filtered-American-60-80
furphy,4,outside-filtered-American-60-80
fusain,4,larger-level-not-approved
fuscous,4,larger-level-not-approved
fusil,4,larger-level-not-approved
fut,4,outside-filtered-American-60-80
fute,4,outside-filtered-American-60-80
futtock,4,larger-level-not-approved
fylfot,4,larger-level-not-approved
gabber,4,larger-level-not-approved
gabbro,4,larger-level-not-approved
gabion,4,larger-level-not-approved
gack,4,outside-filtered-American-60-80
gaduin,4,outside-filtered-American-60-80
gafiate,4,outside-filtered-American-60-80
gage,3,larger-level-not-approved
gager,4,larger-level-not-approved
gagger,4,larger-level-not-approved
gaijin,4,larger-level-not-approved
gaja,4,outside-filtered-American-60-80
gakuran,4,outside-filtered-American-60-80
galah,4,larger-level-not-approved
galileo,4,outside-filtered-American-60-80
galoshe,4,outside-filtered-American-60-80
gam,3,larger-level-not-approved
gamba,4,larger-level-not-approved
gamboge,4,larger-level-not-approved
gamelan,4,larger-level-not-approved
gamp,4,larger-level-not-approved
gams,4,larger-level-not-approved
gan,3,larger-level-not-approved
ganef,4,larger-level-not-approved
ganga,4,outside-filtered-American-60-80
ganger,4,larger-level-not-approved
gangue,4,larger-level-not-approved
gank,4,outside-filtered-American-60-80
gans,4,outside-filtered-American-60-80
gaol,4,outside-filtered-American-60-80
gaoler,4,outside-filtered-American-60-80
gaper,4,larger-level-not-approved
gard,4,outside-filtered-American-60-80
garda,4,larger-level-not-approved
gardai,4,larger-level-not-approved
garget,4,larger-level-not-approved
garth,3,larger-level-not-approved
gasify,4,larger-level-not-approved
gasser,4,larger-level-not-approved
gast,4,larger-level-not-approved
gat,3,larger-level-not-approved
gata,4,outside-filtered-American-60-80
gato,4,outside-filtered-American-60-80
gatta,4,outside-filtered-American-60-80
gau,4,outside-filtered-American-60-80
gaud,4,larger-level-not-approved
gauger,4,larger-level-not-approved
gaum,4,larger-level-not-approved
gaur,4,larger-level-not-approved
gauss,3,larger-level-not-approved
gaydar,4,larger-level-not-approved
geat,4,outside-filtered-American-60-80
geekasm,4,outside-filtered-American-60-80
geekery,4,outside-filtered-American-60-80
geekly,4,outside-filtered-American-60-80
geep,4,outside-filtered-American-60-80
geez,3,outside-filtered-American-60-80
gelati,4,larger-level-not-approved
gele,4,outside-filtered-American-60-80
gelt,4,larger-level-not-approved
gemma,3,larger-level-not-approved
genitor,4,larger-level-not-approved
genizah,4,outside-filtered-American-60-80
genoa,3,larger-level-not-approved
genu,4,larger-level-not-approved
gerefa,4,outside-filtered-American-60-80
german,2,larger-level-not-approved
geta,4,larger-level-not-approved
ghazwa,4,outside-filtered-American-60-80
ghi,4,larger-level-not-approved
ghillie,4,larger-level-not-approved
giallo,4,outside-filtered-American-60-80
gib,4,larger-level-not-approved
giddyup,4,larger-level-not-approved
gila,3,outside-filtered-American-60-80
gillion,4,outside-filtered-American-60-80
gimbal,4,larger-level-not-approved
gimel,4,larger-level-not-approved
gimmer,4,outside-filtered-American-60-80
gina,4,outside-filtered-American-60-80
ging,4,outside-filtered-American-60-80
ginge,4,outside-filtered-American-60-80
gingiva,4,larger-level-not-approved
gingko,4,outside-filtered-American-60-80
gink,4,larger-level-not-approved
ginner,4,larger-level-not-approved
girn,4,larger-level-not-approved
girning,4,larger-level-not-approved
gisarme,4,larger-level-not-approved
gismu,4,outside-filtered-American-60-80
gitano,4,outside-filtered-American-60-80
giusto,4,outside-filtered-American-60-80
gladius,4,outside-filtered-American-60-80
glagol,4,outside-filtered-American-60-80
glaire,4,larger-level-not-approved
glaive,4,larger-level-not-approved
glazer,4,larger-level-not-approved
gleba,4,larger-level-not-approved
glebe,4,larger-level-not-approved
glede,4,larger-level-not-approved
gleed,4,larger-level-not-approved
gliadin,4,larger-level-not-approved
gloater,4,larger-level-not-approved
globus,4,outside-filtered-American-60-80
glom,4,larger-level-not-approved
glomp,4,outside-filtered-American-60-80
gloria,3,larger-level-not-approved
gloze,4,larger-level-not-approved
gluggy,4,outside-filtered-American-60-80
glume,4,larger-level-not-approved
glurge,4,outside-filtered-American-60-80
glurgy,4,outside-filtered-American-60-80
glutin,4,outside-filtered-American-60-80
glycine,4,larger-level-not-approved
glyptic,4,larger-level-not-approved
gnar,4,larger-level-not-approved
gnawer,4,larger-level-not-approved
gnomon,4,larger-level-not-approved
gnostic,3,larger-level-not-approved
goa,3,larger-level-not-approved
goaler,4,outside-filtered-American-60-80
gobby,4,outside-filtered-American-60-80
goby,4,larger-level-not-approved
godwit,4,larger-level-not-approved
goglet,4,larger-level-not-approved
goil,4,outside-filtered-American-60-80
gol,4,outside-filtered-American-60-80
gola,4,outside-filtered-American-60-80
goldarn,4,larger-level-not-approved
goldurn,4,outside-filtered-American-60-80
gombeen,4,larger-level-not-approved
gooch,4,outside-filtered-American-60-80
goodie,3,outside-filtered-American-60-80
goodo,4,larger-level-not-approved
goog,4,larger-level-not-approved
goolie,4,larger-level-not-approved
gopuram,4,outside-filtered-American-60-80
gorger,4,larger-level-not-approved
gos,4,larger-level-not-approved
gothic,3,larger-level-not-approved
goto,4,outside-filtered-American-60-80
gotra,4,outside-filtered-American-60-80
goujon,4,outside-filtered-American-60-80
gousset,4,outside-filtered-American-60-80
grabass,4,outside-filtered-American-60-80
gracias,4,outside-filtered-American-60-80
gradian,4,outside-filtered-American-60-80
graf,4,outside-filtered-American-60-80
grama,4,larger-level-not-approved
gramme,4,outside-filtered-American-60-80
grana,4,larger-level-not-approved
granda,4,outside-filtered-American-60-80
grande,4,outside-filtered-American-60-80
grannie,4,outside-filtered-American-60-80
grantor,4,larger-level-not-approved
granum,4,larger-level-not-approved
grappa,4,larger-level-not-approved
gravlax,4,larger-level-not-approved
grazier,4,larger-level-not-approved
greave,4,larger-level-not-approved
greeble,4,outside-filtered-American-60-80
greek,2,larger-level-not-approved
greeny,4,larger-level-not-approved
greeve,4,outside-filtered-American-60-80
grep,4,outside-filtered-American-60-80
grey,2,outside-filtered-American-60-80
gribble,4,larger-level-not-approved
grift,4,larger-level-not-approved
grigio,4,outside-filtered-American-60-80
grigri,4,larger-level-not-approved
grike,4,outside-filtered-American-60-80
grinch,3,larger-level-not-approved
grito,4,outside-filtered-American-60-80
grogram,4,larger-level-not-approved
grok,4,larger-level-not-approved
grot,4,larger-level-not-approved
grouty,4,larger-level-not-approved
groyne,4,outside-filtered-American-60-80
grue,4,larger-level-not-approved
grundle,4,outside-filtered-American-60-80
grunger,4,outside-filtered-American-60-80
grus,4,outside-filtered-American-60-80
guanaco,4,larger-level-not-approved
guapo,4,outside-filtered-American-60-80
gubbins,4,larger-level-not-approved
gudgeon,4,larger-level-not-approved
guiser,4,outside-filtered-American-60-80
gul,4,larger-level-not-approved
gula,4,larger-level-not-approved
gules,4,larger-level-not-approved
gumba,4,outside-filtered-American-60-80
gummer,4,larger-level-not-approved
gunport,4,outside-filtered-American-60-80
gunsel,4,larger-level-not-approved
gunyah,4,larger-level-not-approved
gurnard,4,larger-level-not-approved
gurner,4,larger-level-not-approved
gybe,4,outside-filtered-American-60-80
gyre,4,larger-level-not-approved
haaf,4,larger-level-not-approved
haar,4,larger-level-not-approved
habena,4,outside-filtered-American-60-80
haboob,4,larger-level-not-approved
hade,4,larger-level-not-approved
hadj,4,outside-filtered-American-60-80
hadji,4,outside-filtered-American-60-80
hadron,4,larger-level-not-approved
haem,4,outside-filtered-American-60-80
haemal,4,outside-filtered-American-60-80
haf,4,outside-filtered-American-60-80
hagbut,4,larger-level-not-approved
hagfish,4,larger-level-not-approved
hagseed,4,outside-filtered-American-60-80
hagship,4,outside-filtered-American-60-80
hah,3,outside-filtered-American-60-80
haha,4,outside-filtered-American-60-80
haiduck,4,outside-filtered-American-60-80
haje,4,outside-filtered-American-60-80
hajib,4,outside-filtered-American-60-80
haka,4,larger-level-not-approved
hal,3,outside-filtered-American-60-80
halbert,4,larger-level-not-approved
halide,4,larger-level-not-approved
haline,4,outside-filtered-American-60-80
hallo,3,outside-filtered-American-60-80
hallux,4,larger-level-not-approved
halm,4,larger-level-not-approved
halma,4,larger-level-not-approved
halmas,4,larger-level-not-approved
halver,4,outside-filtered-American-60-80
hamal,4,larger-level-not-approved
hamate,4,larger-level-not-approved
hammada,4,larger-level-not-approved
hamose,4,outside-filtered-American-60-80
hamous,4,outside-filtered-American-60-80
hamsa,4,outside-filtered-American-60-80
hamular,4,larger-level-not-approved
hamule,4,outside-filtered-American-60-80
hamuli,4,larger-level-not-approved
hamulus,4,larger-level-not-approved
han,3,outside-filtered-American-60-80
hanap,4,outside-filtered-American-60-80
hanaper,4,larger-level-not-approved
hance,4,larger-level-not-approved
hanch,4,outside-filtered-American-60-80
hander,4,larger-level-not-approved
handsel,4,larger-level-not-approved
hangul,4,larger-level-not-approved
hanif,4,outside-filtered-American-60-80
hanja,4,outside-filtered-American-60-80
hanky,4,outside-filtered-American-60-80
hansel,3,larger-level-not-approved
hanzi,4,outside-filtered-American-60-80
haole,4,larger-level-not-approved
happed,4,larger-level-not-approved
happi,4,outside-filtered-American-60-80
hapuku,4,outside-filtered-American-60-80
har,4,outside-filtered-American-60-80
harbour,4,outside-filtered-American-60-80
hardass,4,larger-level-not-approved
hardon,4,outside-filtered-American-60-80
harpe,4,outside-filtered-American-60-80
harumph,4,larger-level-not-approved
hassium,4,larger-level-not-approved
haut,4,larger-level-not-approved
haute,4,larger-level-not-approved
haver,4,larger-level-not-approved
hawala,4,outside-filtered-American-60-80
hawberk,4,outside-filtered-American-60-80
hax,4,outside-filtered-American-60-80
haya,4,outside-filtered-American-60-80
hayduck,4,outside-filtered-American-60-80
haz,4,outside-filtered-American-60-80
hazzan,4,larger-level-not-approved
headend,4,outside-filtered-American-60-80
heben,4,outside-filtered-American-60-80
hedonic,4,larger-level-not-approved
heeler,4,larger-level-not-approved
heeze,4,outside-filtered-American-60-80
hegemon,4,larger-level-not-approved
heh,4,larger-level-not-approved
hei,4,outside-filtered-American-60-80
heiduc,4,outside-filtered-American-60-80
heiduck,4,outside-filtered-American-60-80
heis,4,outside-filtered-American-60-80
helado,4,outside-filtered-American-60-80
helio,4,outside-filtered-American-60-80
helion,4,outside-filtered-American-60-80
hella,4,outside-filtered-American-60-80
henge,4,larger-level-not-approved
hennery,4,larger-level-not-approved
henry,2,larger-level-not-approved
hentai,4,outside-filtered-American-60-80
heptode,4,outside-filtered-American-60-80
heptose,4,larger-level-not-approved
hera,4,outside-filtered-American-60-80
heriot,4,larger-level-not-approved
heros,3,outside-filtered-American-60-80
hest,4,larger-level-not-approved
het,4,larger-level-not-approved
heth,4,larger-level-not-approved
hetman,4,larger-level-not-approved
hetty,4,outside-filtered-American-60-80
hexane,4,larger-level-not-approved
hexode,4,outside-filtered-American-60-80
hexose,4,larger-level-not-approved
heyduk,4,outside-filtered-American-60-80
heyem,4,outside-filtered-American-60-80
hice,4,outside-filtered-American-60-80
hight,4,larger-level-not-approved
hijinks,4,outside-filtered-American-60-80
hiki,4,outside-filtered-American-60-80
hikmah,4,outside-filtered-American-60-80
hilted,4,larger-level-not-approved
hilum,4,larger-level-not-approved
hilus,4,larger-level-not-approved
himbo,4,outside-filtered-American-60-80
hin,3,larger-level-not-approved
hinky,4,outside-filtered-American-60-80
hinny,4,larger-level-not-approved
hippy,3,larger-level-not-approved
hircine,4,larger-level-not-approved
histone,3,larger-level-not-approved
hitman,4,outside-filtered-American-60-80
hiver,4,larger-level-not-approved
hlaford,4,outside-filtered-American-60-80
hoagy,4,outside-filtered-American-60-80
hoar,4,larger-level-not-approved
hoboy,4,outside-filtered-American-60-80
hocus,4,larger-level-not-approved
hodad,4,outside-filtered-American-60-80
hogger,4,larger-level-not-approved
hoise,4,larger-level-not-approved
holland,2,larger-level-not-approved
holm,3,larger-level-not-approved
holt,3,larger-level-not-approved
homa,4,outside-filtered-American-60-80
hondel,4,outside-filtered-American-60-80
hong,2,larger-level-not-approved
hongi,4,larger-level-not-approved
honkey,4,outside-filtered-American-60-80
honour,4,outside-filtered-American-60-80
honyock,4,outside-filtered-American-60-80
hoochie,4,outside-filtered-American-60-80
hoon,4,larger-level-not-approved
hooper,3,larger-level-not-approved
hoopoe,4,larger-level-not-approved
hooptie,4,outside-filtered-American-60-80
hoose,4,outside-filtered-American-60-80
hophead,4,larger-level-not-approved
hoplite,4,larger-level-not-approved
hopple,4,larger-level-not-approved
hork,4,outside-filtered-American-60-80
horo,4,outside-filtered-American-60-80
horsy,4,outside-filtered-American-60-80
hoser,4,larger-level-not-approved
hostie,4,outside-filtered-American-60-80
houmous,4,outside-filtered-American-60-80
howzat,4,larger-level-not-approved
hoy,3,larger-level-not-approved
huck,3,larger-level-not-approved
huevo,4,outside-filtered-American-60-80
huevos,4,outside-filtered-American-60-80
hui,3,outside-filtered-American-60-80
huis,4,outside-filtered-American-60-80
humour,4,outside-filtered-American-60-80
humus,4,outside-filtered-American-60-80
humvee,4,larger-level-not-approved
hun,3,larger-level-not-approved
hundert,4,outside-filtered-American-60-80
hundo,4,outside-filtered-American-60-80
hurley,3,larger-level-not-approved
hurst,3,larger-level-not-approved
hutted,4,larger-level-not-approved
huzza,4,outside-filtered-American-60-80
hwyl,4,larger-level-not-approved
hyaena,4,outside-filtered-American-60-80
hyalin,4,larger-level-not-approved
hyaline,4,larger-level-not-approved
hydric,4,larger-level-not-approved
hydroxy,3,larger-level-not-approved
hyem,4,outside-filtered-American-60-80
hylic,4,outside-filtered-American-60-80
hyoid,4,larger-level-not-approved
hyp,4,outside-filtered-American-60-80
hyponym,4,larger-level-not-approved
hypoxia,4,larger-level-not-approved
hyrax,4,larger-level-not-approved
iceball,4,outside-filtered-American-60-80
ich,4,larger-level-not-approved
ichor,4,larger-level-not-approved
icker,4,larger-level-not-approved
iconize,4,outside-filtered-American-60-80
ide,4,outside-filtered-American-60-80
ideate,4,larger-level-not-approved
idiota,4,outside-filtered-American-60-80
ies,4,outside-filtered-American-60-80
ifere,4,outside-filtered-American-60-80
iftar,4,outside-filtered-American-60-80
ihram,4,larger-level-not-approved
ijtihad,4,outside-filtered-American-60-80
ikona,4,outside-filtered-American-60-80
ilala,4,outside-filtered-American-60-80
ile,4,outside-filtered-American-60-80
ileac,4,larger-level-not-approved
ileus,4,larger-level-not-approved
illume,4,larger-level-not-approved
imager,4,larger-level-not-approved
iman,4,outside-filtered-American-60-80
imbrue,4,larger-level-not-approved
imbrute,4,larger-level-not-approved
immer,4,outside-filtered-American-60-80
immund,4,outside-filtered-American-60-80
impawn,4,larger-level-not-approved
imping,4,larger-level-not-approved
impresa,4,larger-level-not-approved
imprest,4,larger-level-not-approved
impro,4,outside-filtered-American-60-80
imu,4,outside-filtered-American-60-80
incus,4,larger-level-not-approved
incwala,4,outside-filtered-American-60-80
india,1,outside-filtered-American-60-80
indice,4,outside-filtered-American-60-80
indio,4,outside-filtered-American-60-80
indole,4,larger-level-not-approved
infitah,4,outside-filtered-American-60-80
ingle,4,larger-level-not-approved
ingles,4,larger-level-not-approved
injuria,4,outside-filtered-American-60-80
innie,4,outside-filtered-American-60-80
inox,4,outside-filtered-American-60-80
instal,4,outside-filtered-American-60-80
inswing,4,outside-filtered-American-60-80
int,4,outside-filtered-American-60-80
intrada,4,outside-filtered-American-60-80
intrata,4,outside-filtered-American-60-80
inurn,4,larger-level-not-approved
inutile,4,larger-level-not-approved
inveil,4,outside-filtered-American-60-80
iodate,4,larger-level-not-approved
ipe,4,outside-filtered-American-60-80
irie,4,outside-filtered-American-60-80
irised,4,larger-level-not-approved
ischium,4,larger-level-not-approved
ish,4,larger-level-not-approved
isnad,4,outside-filtered-American-60-80
isogon,4,larger-level-not-approved
isohyet,4,larger-level-not-approved
isotach,4,larger-level-not-approved
ist,4,outside-filtered-American-60-80
istid,4,outside-filtered-American-60-80
ita,4,outside-filtered-American-60-80
ital,4,outside-filtered-American-60-80
ith,4,outside-filtered-American-60-80
ivan,3,outside-filtered-American-60-80
iwan,4,outside-filtered-American-60-80
ixnay,4,outside-filtered-American-60-80
izmel,4,outside-filtered-American-60-80
izzard,4,larger-level-not-approved
jacal,4,larger-level-not-approved
jackeen,4,outside-filtered-American-60-80
jaffa,4,outside-filtered-American-60-80
jagger,3,larger-level-not-approved
jaghir,4,outside-filtered-American-60-80
jak,4,larger-level-not-approved
jake,2,larger-level-not-approved
jakes,4,larger-level-not-approved
jaleo,4,outside-filtered-American-60-80
jamaica,3,outside-filtered-American-60-80
jambe,4,larger-level-not-approved
jambon,4,outside-filtered-American-60-80
jameed,4,outside-filtered-American-60-80
jamjar,4,outside-filtered-American-60-80
jandal,4,outside-filtered-American-60-80
jardin,4,outside-filtered-American-60-80
jarhead,4,larger-level-not-approved
jarl,4,larger-level-not-approved
jarrah,4,larger-level-not-approved
jas,4,outside-filtered-American-60-80
jaspe,4,larger-level-not-approved
jawn,4,outside-filtered-American-60-80
jee,4,larger-level-not-approved
jeet,4,outside-filtered-American-60-80
jefe,4,larger-level-not-approved
jeg,4,outside-filtered-American-60-80
jehad,4,outside-filtered-American-60-80
jehu,4,larger-level-not-approved
jellaba,4,larger-level-not-approved
jerboa,4,larger-level-not-approved
jerker,4,larger-level-not-approved
jerran,4,outside-filtered-American-60-80
jes,4,outside-filtered-American-60-80
jess,3,larger-level-not-approved
jessed,4,larger-level-not-approved
jetlag,4,outside-filtered-American-60-80
jetski,4,outside-filtered-American-60-80
jew,3,larger-level-not-approved
jewfish,4,larger-level-not-approved
jharal,4,outside-filtered-American-60-80
jibber,4,larger-level-not-approved
jidder,4,outside-filtered-American-60-80
jiggy,4,larger-level-not-approved
jip,4,outside-filtered-American-60-80
jizz,4,outside-filtered-American-60-80
joanna,3,outside-filtered-American-60-80
jobbie,4,larger-level-not-approved
jobby,4,outside-filtered-American-60-80
jod,4,outside-filtered-American-60-80
joe,2,larger-level-not-approved
johnson,4,outside-filtered-American-60-80
joned,4,outside-filtered-American-60-80
jones,2,larger-level-not-approved
jorum,4,larger-level-not-approved
jos,3,outside-filtered-American-60-80
joseph,2,larger-level-not-approved
joshi,4,outside-filtered-American-60-80
joss,3,larger-level-not-approved
jota,4,larger-level-not-approved
joygasm,4,outside-filtered-American-60-80
jubilar,4,outside-filtered-American-60-80
judas,3,larger-level-not-approved
judoka,4,larger-level-not-approved
jugate,4,larger-level-not-approved
julio,3,outside-filtered-American-60-80
jumbuck,4,larger-level-not-approved
jun,3,outside-filtered-American-60-80
june,1,outside-filtered-American-60-80
junky,4,larger-level-not-approved
junto,4,larger-level-not-approved
jurat,4,larger-level-not-approved
jus,4,larger-level-not-approved
juxta,4,outside-filtered-American-60-80
kaas,4,outside-filtered-American-60-80
kaf,4,larger-level-not-approved
kaffir,4,larger-level-not-approved
kaftan,4,outside-filtered-American-60-80
kai,4,larger-level-not-approved
kaizen,4,larger-level-not-approved
kaj,4,outside-filtered-American-60-80
kaki,4,larger-level-not-approved
kakke,4,outside-filtered-American-60-80
kaks,4,outside-filtered-American-60-80
kalam,4,outside-filtered-American-60-80
kali,3,larger-level-not-approved
kalif,4,larger-level-not-approved
kalij,4,outside-filtered-American-60-80
kalima,4,outside-filtered-American-60-80
kaliph,4,larger-level-not-approved
kalis,4,larger-level-not-approved
kalium,4,outside-filtered-American-60-80
kalua,4,outside-filtered-American-60-80
kam,4,outside-filtered-American-60-80
kama,4,larger-level-not-approved
kamala,3,larger-level-not-approved
kamao,4,outside-filtered-American-60-80
kami,4,larger-level-not-approved
kamik,4,outside-filtered-American-60-80
kamila,4,outside-filtered-American-60-80
kan,3,outside-filtered-American-60-80
kanaka,4,larger-level-not-approved
kanban,4,larger-level-not-approved
kanna,4,outside-filtered-American-60-80
kaon,4,larger-level-not-approved
kaph,4,larger-level-not-approved
kapo,4,outside-filtered-American-60-80
kapusta,4,outside-filtered-American-60-80
kaputt,4,larger-level-not-approved
kara,4,outside-filtered-American-60-80
karass,4,outside-filtered-American-60-80
karl,2,outside-filtered-American-60-80
karoo,4,larger-level-not-approved
karoshi,4,outside-filtered-American-60-80
karst,4,larger-level-not-approved
kasha,4,larger-level-not-approved
kat,3,larger-level-not-approved
kata,4,larger-level-not-approved
katal,4,outside-filtered-American-60-80
katana,4,outside-filtered-American-60-80
kate,2,outside-filtered-American-60-80
kau,4,outside-filtered-American-60-80
kauris,4,larger-level-not-approved
kavass,4,outside-filtered-American-60-80
kawa,4,outside-filtered-American-60-80
kay,3,larger-level-not-approved
kayu,4,outside-filtered-American-60-80
kea,4,larger-level-not-approved
kebbuck,4,larger-level-not-approved
kecapi,4,outside-filtered-American-60-80
keck,4,larger-level-not-approved
keddah,4,larger-level-not-approved
kedge,4,larger-level-not-approved
kegger,4,larger-level-not-approved
kek,4,outside-filtered-American-60-80
kemp,3,larger-level-not-approved
kenosis,4,larger-level-not-approved
kent,2,outside-filtered-American-60-80
kerb,4,outside-filtered-American-60-80
kerf,4,larger-level-not-approved
kern,3,larger-level-not-approved
kerned,4,larger-level-not-approved
kerygma,4,larger-level-not-approved
ketose,4,larger-level-not-approved
kevlar,4,outside-filtered-American-60-80
keyring,4,outside-filtered-American-60-80
khaddar,4,larger-level-not-approved
khalif,4,outside-filtered-American-60-80
khalifa,4,outside-filtered-American-60-80
khamsin,4,larger-level-not-approved
khat,4,larger-level-not-approved
khutbah,4,outside-filtered-American-60-80
kiasu,4,outside-filtered-American-60-80
kibei,4,larger-level-not-approved
kiboze,4,outside-filtered-American-60-80
kie,4,outside-filtered-American-60-80
kiki,4,outside-filtered-American-60-80
kila,4,outside-filtered-American-60-80
kilobit,4,larger-level-not-approved
kim,2,outside-filtered-American-60-80
kina,4,larger-level-not-approved
kine,4,larger-level-not-approved
kinesis,4,larger-level-not-approved
kipe,4,outside-filtered-American-60-80
kir,4,larger-level-not-approved
kirk,3,larger-level-not-approved
kissa,4,outside-filtered-American-60-80
kitbag,4,outside-filtered-American-60-80
kithe,4,larger-level-not-approved
kitsune,4,outside-filtered-American-60-80
kiva,4,larger-level-not-approved
kives,4,outside-filtered-American-60-80
klar,4,outside-filtered-American-60-80
klavern,4,larger-level-not-approved
klick,4,larger-level-not-approved
klimp,4,outside-filtered-American-60-80
kloof,4,larger-level-not-approved
kludge,4,larger-level-not-approved
kludgy,4,larger-level-not-approved
kluski,4,outside-filtered-American-60-80
knag,4,outside-filtered-American-60-80
knagged,4,outside-filtered-American-60-80
knaggie,4,outside-filtered-American-60-80
knaggy,4,outside-filtered-American-60-80
knap,4,larger-level-not-approved
kneeled,4,outside-filtered-American-60-80
kneepan,4,larger-level-not-approved
knobble,4,outside-filtered-American-60-80
knowbot,4,outside-filtered-American-60-80
koi,4,larger-level-not-approved
koine,4,larger-level-not-approved
koji,4,larger-level-not-approved
koko,4,outside-filtered-American-60-80
kokuji,4,outside-filtered-American-60-80
kolea,4,outside-filtered-American-60-80
kolo,4,larger-level-not-approved
kongo,4,outside-filtered-American-60-80
kongsi,4,outside-filtered-American-60-80
koomkie,4,outside-filtered-American-60-80
kopek,4,outside-filtered-American-60-80
koph,4,larger-level-not-approved
kopi,4,outside-filtered-American-60-80
kopje,4,larger-level-not-approved
koppa,4,larger-level-not-approved
koro,4,outside-filtered-American-60-80
kors,4,larger-level-not-approved
koru,4,outside-filtered-American-60-80
koti,4,outside-filtered-American-60-80
kowhai,4,outside-filtered-American-60-80
kraken,3,larger-level-not-approved
kraut,4,outside-filtered-American-60-80
kris,3,larger-level-not-approved
kritik,4,outside-filtered-American-60-80
kronor,4,outside-filtered-American-60-80
kuda,4,outside-filtered-American-60-80
kudu,4,larger-level-not-approved
kugel,4,larger-level-not-approved
kuh,4,outside-filtered-American-60-80
kula,4,outside-filtered-American-60-80
kulak,4,larger-level-not-approved
kumiss,4,larger-level-not-approved
kun,4,outside-filtered-American-60-80
kuna,4,larger-level-not-approved
kuri,4,outside-filtered-American-60-80
kutya,4,outside-filtered-American-60-80
kuya,4,outside-filtered-American-60-80
kuzu,4,outside-filtered-American-60-80
kwacha,4,larger-level-not-approved
kwukyel,4,outside-filtered-American-60-80
laager,4,larger-level-not-approved
labiate,4,larger-level-not-approved
labour,4,outside-filtered-American-60-80
laccic,4,outside-filtered-American-60-80
ladette,4,larger-level-not-approved
ladino,4,larger-level-not-approved
lagi,4,outside-filtered-American-60-80
lagom,4,outside-filtered-American-60-80
lah,4,larger-level-not-approved
lahar,4,larger-level-not-approved
lai,4,outside-filtered-American-60-80
laine,4,outside-filtered-American-60-80
laired,4,larger-level-not-approved
lait,4,outside-filtered-American-60-80
lak,4,outside-filtered-American-60-80
laker,3,larger-level-not-approved
lakers,4,larger-level-not-approved
lakh,4,larger-level-not-approved
laksa,4,larger-level-not-approved
lambast,4,outside-filtered-American-60-80
lamedh,4,larger-level-not-approved
lamella,4,larger-level-not-approved
lamia,4,larger-level-not-approved
laminak,4,outside-filtered-American-60-80
lamping,4,larger-level-not-approved
lamster,4,larger-level-not-approved
lang,4,larger-level-not-approved
langer,4,outside-filtered-American-60-80
langue,4,larger-level-not-approved
langur,4,larger-level-not-approved
lanista,4,outside-filtered-American-60-80
lanose,4,larger-level-not-approved
lapser,4,larger-level-not-approved
lapsi,4,outside-filtered-American-60-80
lar,3,larger-level-not-approved
lardoon,4,larger-level-not-approved
largess,4,outside-filtered-American-60-80
lari,4,larger-level-not-approved
larker,4,larger-level-not-approved
las,4,larger-level-not-approved
lase,4,larger-level-not-approved
lasher,4,larger-level-not-approved
lasing,4,larger-level-not-approved
laster,4,larger-level-not-approved
lateen,4,larger-level-not-approved
latina,4,larger-level-not-approved
latino,4,larger-level-not-approved
latus,4,outside-filtered-American-60-80
lauder,3,larger-level-not-approved
laugher,4,larger-level-not-approved
lauhala,4,outside-filtered-American-60-80
launce,4,larger-level-not-approved
laund,4,outside-filtered-American-60-80
laura,2,larger-level-not-approved
laurate,4,outside-filtered-American-60-80
lauric,4,outside-filtered-American-60-80
laurin,4,outside-filtered-American-60-80
laurite,4,outside-filtered-American-60-80
laurone,4,outside-filtered-American-60-80
lavabo,4,larger-level-not-approved
lavaret,4,outside-filtered-American-60-80
lawing,4,larger-level-not-approved
laya,4,outside-filtered-American-60-80
leant,4,outside-filtered-American-60-80
learnt,3,outside-filtered-American-60-80
leat,4,outside-filtered-American-60-80
lector,4,larger-level-not-approved
lede,4,outside-filtered-American-60-80
leden,4,outside-filtered-American-60-80
leet,4,larger-level-not-approved
leetman,4,outside-filtered-American-60-80
lege,4,outside-filtered-American-60-80
leger,4,larger-level-not-approved
leggero,4,outside-filtered-American-60-80
leggo,4,outside-filtered-American-60-80
lego,4,outside-filtered-American-60-80
leister,4,larger-level-not-approved
lek,4,larger-level-not-approved
lekker,4,larger-level-not-approved
lekvar,4,larger-level-not-approved
lemmata,4,larger-level-not-approved
lenis,4,larger-level-not-approved
lente,4,outside-filtered-American-60-80
lentes,4,outside-filtered-American-60-80
leo,2,outside-filtered-American-60-80
leod,4,outside-filtered-American-60-80
leone,4,larger-level-not-approved
leones,4,larger-level-not-approved
lepper,4,outside-filtered-American-60-80
lepra,4,outside-filtered-American-60-80
leu,4,larger-level-not-approved
leucite,4,larger-level-not-approved
leva,4,larger-level-not-approved
leveed,4,larger-level-not-approved
leven,4,outside-filtered-American-60-80
leveret,4,larger-level-not-approved
levin,3,larger-level-not-approved
levir,4,outside-filtered-American-60-80
lex,4,larger-level-not-approved
lexeme,4,larger-level-not-approved
ley,3,larger-level-not-approved
libbra,4,outside-filtered-American-60-80
liber,3,larger-level-not-approved
libero,4,outside-filtered-American-60-80
libra,3,larger-level-not-approved
libre,4,outside-filtered-American-60-80
lichee,4,outside-filtered-American-60-80
lickpot,4,outside-filtered-American-60-80
lictor,4,larger-level-not-approved
licuala,4,outside-filtered-American-60-80
lier,2,larger-level-not-approved
lig,4,outside-filtered-American-60-80
ligand,4,larger-level-not-approved
liger,4,larger-level-not-approved
ligne,4,outside-filtered-American-60-80
ligule,4,larger-level-not-approved
lil,4,outside-filtered-American-60-80
lilied,4,larger-level-not-approved
lima,3,outside-filtered-American-60-80
limbic,4,larger-level-not-approved
linacs,4,larger-level-not-approved
lineout,4,outside-filtered-American-60-80
lingam,4,larger-level-not-approved
lingua,3,larger-level-not-approved
linn,3,larger-level-not-approved
linter,4,larger-level-not-approved
lionet,4,larger-level-not-approved
lipa,4,larger-level-not-approved
lipsync,4,outside-filtered-American-60-80
lis,3,larger-level-not-approved
listeme,4,outside-filtered-American-60-80
lister,3,larger-level-not-approved
lithic,4,larger-level-not-approved
litre,4,outside-filtered-American-60-80
lituus,4,larger-level-not-approved
livre,4,larger-level-not-approved
llamah,4,outside-filtered-American-60-80
loa,4,outside-filtered-American-60-80
lobelia,4,larger-level-not-approved
lobo,3,larger-level-not-approved
lobule,4,larger-level-not-approved
loden,4,larger-level-not-approved
loess,4,larger-level-not-approved
logan,4,larger-level-not-approved
loggets,4,larger-level-not-approved
lol,4,outside-filtered-American-60-80
lolita,4,outside-filtered-American-60-80
loller,4,larger-level-not-approved
lolz,4,outside-filtered-American-60-80
loma,4,larger-level-not-approved
longa,4,outside-filtered-American-60-80
loogie,4,outside-filtered-American-60-80
looper,4,larger-level-not-approved
lopper,4,larger-level-not-approved
loquat,4,larger-level-not-approved
los,4,outside-filtered-American-60-80
lossy,4,larger-level-not-approved
lota,4,larger-level-not-approved
louis,2,larger-level-not-approved
loupe,4,larger-level-not-approved
lovat,4,larger-level-not-approved
luce,3,larger-level-not-approved
lucerne,3,larger-level-not-approved
luces,4,larger-level-not-approved
lucifer,3,larger-level-not-approved
luddite,4,outside-filtered-American-60-80
ludi,4,outside-filtered-American-60-80
lue,4,outside-filtered-American-60-80
luft,4,outside-filtered-American-60-80
lufu,4,outside-filtered-American-60-80
luke,2,outside-filtered-American-60-80
lumper,4,larger-level-not-approved
luna,3,outside-filtered-American-60-80
lunate,4,larger-level-not-approved
lune,4,larger-level-not-approved
lunes,4,larger-level-not-approved
lunette,4,larger-level-not-approved
lungo,4,outside-filtered-American-60-80
lupe,3,outside-filtered-American-60-80
lurker,4,larger-level-not-approved
luser,4,outside-filtered-American-60-80
lustre,3,outside-filtered-American-60-80
lutein,4,larger-level-not-approved
luthier,4,larger-level-not-approved
lutz,4,larger-level-not-approved
luvvie,4,outside-filtered-American-60-80
luvvy,4,outside-filtered-American-60-80
luz,4,outside-filtered-American-60-80
lychee,4,outside-filtered-American-60-80
lyn,4,outside-filtered-American-60-80
lyra,3,outside-filtered-American-60-80
lysin,4,larger-level-not-approved
lysine,3,larger-level-not-approved
lysis,4,larger-level-not-approved
maa,4,outside-filtered-American-60-80
macaco,4,larger-level-not-approved
macchia,4,outside-filtered-American-60-80
macer,4,larger-level-not-approved
macers,4,larger-level-not-approved
macher,4,outside-filtered-American-60-80
maddock,4,outside-filtered-American-60-80
madeira,3,larger-level-not-approved
maffick,4,larger-level-not-approved
maga,4,outside-filtered-American-60-80
maggie,3,outside-filtered-American-60-80
maglev,4,larger-level-not-approved
magna,4,outside-filtered-American-60-80
magus,4,larger-level-not-approved
mahal,4,outside-filtered-American-60-80
maidan,4,larger-level-not-approved
maka,4,outside-filtered-American-60-80
makable,4,larger-level-not-approved
makan,4,outside-filtered-American-60-80
makar,4,larger-level-not-approved
maki,4,outside-filtered-American-60-80
makwa,4,outside-filtered-American-60-80
mal,4,outside-filtered-American-60-80
maleate,4,larger-level-not-approved
maler,4,outside-filtered-American-60-80
mali,3,outside-filtered-American-60-80
malison,4,larger-level-not-approved
malle,4,outside-filtered-American-60-80
malleus,4,larger-level-not-approved
malo,4,outside-filtered-American-60-80
malodor,4,larger-level-not-approved
malpais,4,outside-filtered-American-60-80
maltase,4,larger-level-not-approved
malter,4,outside-filtered-American-60-80
mamilla,4,outside-filtered-American-60-80
mammock,4,larger-level-not-approved
mancala,4,outside-filtered-American-60-80
mandapa,4,outside-filtered-American-60-80
manet,4,outside-filtered-American-60-80
manges,4,larger-level-not-approved
mangu,4,outside-filtered-American-60-80
mani,3,outside-filtered-American-60-80
manidoo,4,outside-filtered-American-60-80
maniple,4,larger-level-not-approved
manja,4,outside-filtered-American-60-80
manmade,4,outside-filtered-American-60-80
mann,3,outside-filtered-American-60-80
mano,4,larger-level-not-approved
mansaf,4,outside-filtered-American-60-80
manteau,4,larger-level-not-approved
mantlet,4,larger-level-not-approved
manu,4,outside-filtered-American-60-80
manus,4,larger-level-not-approved
manx,4,outside-filtered-American-60-80
manzana,4,outside-filtered-American-60-80
maquis,4,larger-level-not-approved
marc,2,larger-level-not-approved
marcel,3,larger-level-not-approved
mardo,4,outside-filtered-American-60-80
mardy,4,outside-filtered-American-60-80
marmite,4,larger-level-not-approved
marrer,4,outside-filtered-American-60-80
marron,4,larger-level-not-approved
martian,3,larger-level-not-approved
maru,4,outside-filtered-American-60-80
marxism,3,outside-filtered-American-60-80
mase,4,outside-filtered-American-60-80
mashlin,4,outside-filtered-American-60-80
mashy,4,larger-level-not-approved
masjid,3,larger-level-not-approved
maskery,4,outside-filtered-American-60-80
maskin,4,outside-filtered-American-60-80
maslach,4,outside-filtered-American-60-80
maslin,4,outside-filtered-American-60-80
masoret,4,outside-filtered-American-60-80
massa,4,larger-level-not-approved
masser,4,outside-filtered-American-60-80
mata,4,outside-filtered-American-60-80
matanza,4,outside-filtered-American-60-80
matelot,4,larger-level-not-approved
materia,4,outside-filtered-American-60-80
maths,4,outside-filtered-American-60-80
matin,4,larger-level-not-approved
matka,4,outside-filtered-American-60-80
matoke,4,larger-level-not-approved
matra,4,outside-filtered-American-60-80
matt,2,outside-filtered-American-60-80
mattoid,4,larger-level-not-approved
matura,4,outside-filtered-American-60-80
mawashi,4,outside-filtered-American-60-80
mawk,4,outside-filtered-American-60-80
mawle,4,outside-filtered-American-60-80
maya,3,larger-level-not-approved
mayhap,4,larger-level-not-approved
mazard,4,larger-level-not-approved
mazer,4,larger-level-not-approved
mazier,4,larger-level-not-approved
mazy,4,larger-level-not-approved
measle,4,larger-level-not-approved
meated,4,larger-level-not-approved
meatus,4,larger-level-not-approved
mediad,4,larger-level-not-approved
medio,4,outside-filtered-American-60-80
medlar,4,larger-level-not-approved
meer,4,outside-filtered-American-60-80
megohm,4,larger-level-not-approved
megrim,4,larger-level-not-approved
mehu,4,outside-filtered-American-60-80
meidan,4,outside-filtered-American-60-80
meishi,4,outside-filtered-American-60-80
meister,4,larger-level-not-approved
mel,3,larger-level-not-approved
mela,4,outside-filtered-American-60-80
melisma,4,larger-level-not-approved
melissa,3,outside-filtered-American-60-80
mem,4,larger-level-not-approved
memoria,4,outside-filtered-American-60-80
meng,4,outside-filtered-American-60-80
mentch,4,outside-filtered-American-60-80
mento,4,outside-filtered-American-60-80
menton,4,outside-filtered-American-60-80
mentsch,4,outside-filtered-American-60-80
mentsh,4,outside-filtered-American-60-80
mentum,4,larger-level-not-approved
mer,4,outside-filtered-American-60-80
meri,4,outside-filtered-American-60-80
merkin,4,larger-level-not-approved
merle,3,larger-level-not-approved
merlon,4,larger-level-not-approved
merm,4,outside-filtered-American-60-80
mes,3,larger-level-not-approved
mese,4,outside-filtered-American-60-80
mesial,4,larger-level-not-approved
meso,4,outside-filtered-American-60-80
mesto,4,outside-filtered-American-60-80
meta,3,outside-filtered-American-60-80
metate,4,larger-level-not-approved
metis,4,larger-level-not-approved
metra,4,outside-filtered-American-60-80
metre,4,larger-level-not-approved
metres,4,larger-level-not-approved
mett,4,outside-filtered-American-60-80
meute,4,outside-filtered-American-60-80
meze,4,larger-level-not-approved
mia,4,outside-filtered-American-60-80
miaou,4,larger-level-not-approved
miaow,4,outside-filtered-American-60-80
mich,4,outside-filtered-American-60-80
mickle,4,larger-level-not-approved
midfall,4,outside-filtered-American-60-80
mig,3,larger-level-not-approved
mighta,4,outside-filtered-American-60-80
mihrab,4,larger-level-not-approved
milkie,4,outside-filtered-American-60-80
milko,4,outside-filtered-American-60-80
millah,4,outside-filtered-American-60-80
mille,4,larger-level-not-approved
milpa,4,larger-level-not-approved
milse,4,outside-filtered-American-60-80
milter,4,larger-level-not-approved
milu,4,outside-filtered-American-60-80
mimesis,4,larger-level-not-approved
min,2,larger-level-not-approved
mina,3,larger-level-not-approved
minette,4,outside-filtered-American-60-80
ming,3,outside-filtered-American-60-80
minge,4,larger-level-not-approved
minging,4,larger-level-not-approved
miniver,4,larger-level-not-approved
minivet,4,larger-level-not-approved
minyan,4,larger-level-not-approved
mir,3,larger-level-not-approved
misanga,4,outside-filtered-American-60-80
mise,4,outside-filtered-American-60-80
misper,4,outside-filtered-American-60-80
missa,4,outside-filtered-American-60-80
miswant,4,outside-filtered-American-60-80
mit,4,outside-filtered-American-60-80
mitch,3,outside-filtered-American-60-80
mither,4,larger-level-not-approved
mitre,4,outside-filtered-American-60-80
mitta,4,outside-filtered-American-60-80
mitzva,4,outside-filtered-American-60-80
mizen,4,larger-level-not-approved
mizzle,4,larger-level-not-approved
moa,4,larger-level-not-approved
moai,4,outside-filtered-American-60-80
mobot,4,outside-filtered-American-60-80
mockney,4,larger-level-not-approved
mockup,4,outside-filtered-American-60-80
modello,4,outside-filtered-American-60-80
moder,4,outside-filtered-American-60-80
moga,4,outside-filtered-American-60-80
moggie,4,outside-filtered-American-60-80
mogwai,4,outside-filtered-American-60-80
mohawk,3,larger-level-not-approved
mohel,4,larger-level-not-approved
mohur,4,larger-level-not-approved
moider,4,outside-filtered-American-60-80
moksha,4,larger-level-not-approved
molal,4,larger-level-not-approved
molid,4,outside-filtered-American-60-80
moline,4,larger-level-not-approved
mollusc,4,outside-filtered-American-60-80
mon,3,larger-level-not-approved
mona,3,outside-filtered-American-60-80
monas,4,larger-level-not-approved
monde,4,larger-level-not-approved
mondo,4,larger-level-not-approved
mong,3,larger-level-not-approved
monied,4,outside-filtered-American-60-80
monocot,4,larger-level-not-approved
monoid,4,outside-filtered-American-60-80
monte,3,larger-level-not-approved
moodle,4,outside-filtered-American-60-80
moonbat,4,outside-filtered-American-60-80
moonset,4,larger-level-not-approved
mooter,4,larger-level-not-approved
mordent,4,larger-level-not-approved
morena,4,outside-filtered-American-60-80
morendo,4,larger-level-not-approved
morgan,2,larger-level-not-approved
morgen,4,larger-level-not-approved
morion,4,larger-level-not-approved
mormon,3,outside-filtered-American-60-80
morna,4,outside-filtered-American-60-80
morpion,4,outside-filtered-American-60-80
morris,2,larger-level-not-approved
mort,3,larger-level-not-approved
mos,4,outside-filtered-American-60-80
mota,4,outside-filtered-American-60-80
motard,4,outside-filtered-American-60-80
mott,3,larger-level-not-approved
motte,4,larger-level-not-approved
motti,4,outside-filtered-American-60-80
motu,4,outside-filtered-American-60-80
mouflon,4,larger-level-not-approved
mould,4,outside-filtered-American-60-80
moulin,3,larger-level-not-approved
moult,4,outside-filtered-American-60-80
mousey,4,outside-filtered-American-60-80
mout,4,outside-filtered-American-60-80
moval,4,outside-filtered-American-60-80
mox,4,outside-filtered-American-60-80
moyen,4,outside-filtered-American-60-80
mozzie,4,larger-level-not-approved
muchly,4,larger-level-not-approved
mucho,4,larger-level-not-approved
mucker,4,larger-level-not-approved
muckle,4,larger-level-not-approved
mudded,4,larger-level-not-approved
mugu,4,outside-filtered-American-60-80
mugwort,4,larger-level-not-approved
muhajir,4,outside-filtered-American-60-80
muid,4,outside-filtered-American-60-80
mujahid,4,outside-filtered-American-60-80
muka,4,outside-filtered-American-60-80
mulai,4,outside-filtered-American-60-80
mulier,4,outside-filtered-American-60-80
mullen,4,larger-level-not-approved
multi,4,outside-filtered-American-60-80
mumpish,4,outside-filtered-American-60-80
mun,4,outside-filtered-American-60-80
mund,4,outside-filtered-American-60-80
mundus,4,outside-filtered-American-60-80
mung,4,larger-level-not-approved
munt,4,outside-filtered-American-60-80
muon,4,larger-level-not-approved
murex,4,larger-level-not-approved
murg,4,outside-filtered-American-60-80
murha,4,outside-filtered-American-60-80
muri,4,outside-filtered-American-60-80
muriate,4,larger-level-not-approved
murre,4,larger-level-not-approved
murse,4,outside-filtered-American-60-80
muset,4,outside-filtered-American-60-80
mutha,4,outside-filtered-American-60-80
mux,4,larger-level-not-approved
muxer,4,outside-filtered-American-60-80
muy,4,outside-filtered-American-60-80
myology,4,larger-level-not-approved
myosin,4,larger-level-not-approved
mythos,3,larger-level-not-approved
myxo,4,outside-filtered-American-60-80
myxoid,4,larger-level-not-approved
naam,4,outside-filtered-American-60-80
nabla,4,outside-filtered-American-60-80
nacarat,4,outside-filtered-American-60-80
nad,4,outside-filtered-American-60-80
nada,4,larger-level-not-approved
nads,4,outside-filtered-American-60-80
naevoid,4,outside-filtered-American-60-80
naevose,4,outside-filtered-American-60-80
naevus,4,larger-level-not-approved
nagware,4,outside-filtered-American-60-80
nailer,4,larger-level-not-approved
nais,4,outside-filtered-American-60-80
nait,4,outside-filtered-American-60-80
namaste,4,larger-level-not-approved
namer,4,larger-level-not-approved
nan,3,outside-filtered-American-60-80
nana,4,larger-level-not-approved
nand,4,outside-filtered-American-60-80
nang,4,outside-filtered-American-60-80
nankeen,4,larger-level-not-approved
nanmu,4,outside-filtered-American-60-80
nannan,4,outside-filtered-American-60-80
nano,4,outside-filtered-American-60-80
nanori,4,outside-filtered-American-60-80
nare,4,outside-filtered-American-60-80
narr,4,outside-filtered-American-60-80
narthex,4,larger-level-not-approved
nartjie,4,outside-filtered-American-60-80
nase,4,outside-filtered-American-60-80
nasheed,4,outside-filtered-American-60-80
nasion,4,larger-level-not-approved
nat,3,outside-filtered-American-60-80
natant,4,larger-level-not-approved
natlang,4,outside-filtered-American-60-80
natrium,4,larger-level-not-approved
nav,4,outside-filtered-American-60-80
navarin,4,outside-filtered-American-60-80
navette,4,outside-filtered-American-60-80
neatnik,4,larger-level-not-approved
neb,3,larger-level-not-approved
neen,4,outside-filtered-American-60-80
neep,4,larger-level-not-approved
neeps,4,larger-level-not-approved
nef,4,outside-filtered-American-60-80
neg,4,larger-level-not-approved
negress,4,larger-level-not-approved
negroes,4,outside-filtered-American-60-80
nek,4,outside-filtered-American-60-80
neko,4,outside-filtered-American-60-80
nelly,3,larger-level-not-approved
nene,4,larger-level-not-approved
nenia,4,outside-filtered-American-60-80
neoteny,4,larger-level-not-approved
nephric,4,larger-level-not-approved
nephros,4,outside-filtered-American-60-80
nephs,4,outside-filtered-American-60-80
nerdom,4,outside-filtered-American-60-80
nereid,4,larger-level-not-approved
nerf,4,outside-filtered-American-60-80
nerts,4,larger-level-not-approved
nerven,4,outside-filtered-American-60-80
nervure,4,larger-level-not-approved
nesh,4,outside-filtered-American-60-80
ness,3,larger-level-not-approved
neta,4,outside-filtered-American-60-80
netsuke,4,larger-level-not-approved
neu,4,outside-filtered-American-60-80
neuk,4,larger-level-not-approved
neura,4,outside-filtered-American-60-80
neurula,4,larger-level-not-approved
neve,4,larger-level-not-approved
nibbed,4,larger-level-not-approved
niched,4,larger-level-not-approved
nicher,4,outside-filtered-American-60-80
nid,4,outside-filtered-American-60-80
nidus,4,larger-level-not-approved
niente,4,outside-filtered-American-60-80
nieve,4,larger-level-not-approved
niger,4,outside-filtered-American-60-80
nigger,3,outside-filtered-American-60-80
niggers,3,outside-filtered-American-60-80
nigon,4,outside-filtered-American-60-80
nihil,4,larger-level-not-approved
nikka,4,outside-filtered-American-60-80
nin,4,outside-filtered-American-60-80
nio,4,outside-filtered-American-60-80
nisi,4,larger-level-not-approved
nite,3,outside-filtered-American-60-80
nitrile,4,larger-level-not-approved
nitty,3,larger-level-not-approved
niveau,4,outside-filtered-American-60-80
niveous,4,larger-level-not-approved
nixer,4,outside-filtered-American-60-80
nizzle,4,outside-filtered-American-60-80
nodder,4,larger-level-not-approved
noes,4,outside-filtered-American-60-80
nog,4,larger-level-not-approved
noki,4,outside-filtered-American-60-80
noll,4,outside-filtered-American-60-80
nom,4,outside-filtered-American-60-80
noman,4,outside-filtered-American-60-80
nome,4,larger-level-not-approved
nomen,4,larger-level-not-approved
nonagon,4,larger-level-not-approved
nones,4,outside-filtered-American-60-80
nonic,4,outside-filtered-American-60-80
nonna,4,outside-filtered-American-60-80
nonno,4,outside-filtered-American-60-80
nono,4,outside-filtered-American-60-80
noob,4,outside-filtered-American-60-80
noogie,4,larger-level-not-approved
normale,4,outside-filtered-American-60-80
norman,2,outside-filtered-American-60-80
nos,4,outside-filtered-American-60-80
noseeum,4,outside-filtered-American-60-80
nota,4,larger-level-not-approved
nou,4,outside-filtered-American-60-80
nounal,4,larger-level-not-approved
nov,4,outside-filtered-American-60-80
novi,4,outside-filtered-American-60-80
nowhen,4,outside-filtered-American-60-80
nox,4,outside-filtered-American-60-80
nuclide,4,larger-level-not-approved
nudnik,4,larger-level-not-approved
nuevo,4,outside-filtered-American-60-80
nulla,4,outside-filtered-American-60-80
nullah,4,larger-level-not-approved
nulled,4,larger-level-not-approved
num,4,outside-filtered-American-60-80
numen,4,larger-level-not-approved
numero,4,outside-filtered-American-60-80
numpty,4,larger-level-not-approved
nuna,4,outside-filtered-American-60-80
nur,4,outside-filtered-American-60-80
nutant,4,larger-level-not-approved
nutate,4,larger-level-not-approved
nutgraf,4,outside-filtered-American-60-80
nyala,4,larger-level-not-approved
nybble,4,larger-level-not-approved
nyet,4,outside-filtered-American-60-80
nympha,4,larger-level-not-approved
nymphae,4,larger-level-not-approved
nymphe,4,outside-filtered-American-60-80
nymphes,4,outside-filtered-American-60-80
oater,4,larger-level-not-approved
obround,4,outside-filtered-American-60-80
obtund,4,larger-level-not-approved
oca,4,larger-level-not-approved
occhio,4,outside-filtered-American-60-80
ocha,4,outside-filtered-American-60-80
ochre,4,outside-filtered-American-60-80
octan,4,larger-level-not-approved
octant,4,larger-level-not-approved
octic,4,outside-filtered-American-60-80
octium,4,outside-filtered-American-60-80
octopi,4,outside-filtered-American-60-80
octuple,4,larger-level-not-approved
oculus,3,larger-level-not-approved
oda,4,larger-level-not-approved
odelet,4,outside-filtered-American-60-80
odist,4,larger-level-not-approved
odour,4,outside-filtered-American-60-80
oedema,4,outside-filtered-American-60-80
oeuf,4,outside-filtered-American-60-80
ofer,4,outside-filtered-American-60-80
offen,4,outside-filtered-American-60-80
offy,4,outside-filtered-American-60-80
oficina,4,outside-filtered-American-60-80
ofter,4,larger-level-not-approved
ogee,4,larger-level-not-approved
ogive,4,larger-level-not-approved
ohana,4,outside-filtered-American-60-80
ohmic,4,larger-level-not-approved
okta,4,larger-level-not-approved
ola,4,outside-filtered-American-60-80
olefin,4,larger-level-not-approved
olf,4,outside-filtered-American-60-80
olifant,4,outside-filtered-American-60-80
olim,4,outside-filtered-American-60-80
olio,4,larger-level-not-approved
oliver,2,outside-filtered-American-60-80
olla,4,larger-level-not-approved
ollie,3,larger-level-not-approved
ology,4,larger-level-not-approved
oma,4,outside-filtered-American-60-80
omena,4,outside-filtered-American-60-80
omened,4,larger-level-not-approved
omer,3,larger-level-not-approved
omerta,4,larger-level-not-approved
omniety,4,outside-filtered-American-60-80
omnis,4,outside-filtered-American-60-80
omy,4,outside-filtered-American-60-80
onager,4,larger-level-not-approved
onanism,4,larger-level-not-approved
oneiric,4,larger-level-not-approved
oni,4,outside-filtered-American-60-80
ono,4,outside-filtered-American-60-80
ons,4,larger-level-not-approved
ontic,4,larger-level-not-approved
onymous,4,outside-filtered-American-60-80
oocyte,4,larger-level-not-approved
oof,4,larger-level-not-approved
ooidal,4,outside-filtered-American-60-80
ook,4,outside-filtered-American-60-80
oology,4,larger-level-not-approved
oom,4,outside-filtered-American-60-80
oophagy,4,outside-filtered-American-60-80
ootheca,4,larger-level-not-approved
operant,4,larger-level-not-approved
operon,4,larger-level-not-approved
operose,4,larger-level-not-approved
ora,3,larger-level-not-approved
orang,4,larger-level-not-approved
orbed,4,larger-level-not-approved
ord,4,outside-filtered-American-60-80
ordo,4,larger-level-not-approved
orogeny,4,larger-level-not-approved
orse,4,outside-filtered-American-60-80
oryx,4,larger-level-not-approved
oshi,4,outside-filtered-American-60-80
osmate,4,outside-filtered-American-60-80
osmole,4,larger-level-not-approved
oso,4,outside-filtered-American-60-80
ossicle,4,larger-level-not-approved
ostia,4,larger-level-not-approved
ostium,4,larger-level-not-approved
otic,4,larger-level-not-approved
otto,3,larger-level-not-approved
ousel,4,larger-level-not-approved
outa,4,larger-level-not-approved
outdate,4,larger-level-not-approved
outie,4,outside-filtered-American-60-80
outpray,4,larger-level-not-approved
outro,4,outside-filtered-American-60-80
outy,4,outside-filtered-American-60-80
ouzel,4,larger-level-not-approved
overegg,4,outside-filtered-American-60-80
ovine,4,larger-level-not-approved
oware,4,outside-filtered-American-60-80
oxalic,4,outside-filtered-American-60-80
oxeye,4,larger-level-not-approved
oxter,4,larger-level-not-approved
oxyacid,4,larger-level-not-approved
oxyarc,4,outside-filtered-American-60-80
oyes,4,larger-level-not-approved
oyez,4,larger-level-not-approved
paar,4,outside-filtered-American-60-80
paca,4,larger-level-not-approved
paco,4,outside-filtered-American-60-80
padi,4,larger-level-not-approved
paedo,4,outside-filtered-American-60-80
pagi,4,outside-filtered-American-60-80
pagina,4,outside-filtered-American-60-80
paha,4,outside-filtered-American-60-80
pais,4,outside-filtered-American-60-80
paise,4,larger-level-not-approved
paki,4,outside-filtered-American-60-80
pala,4,outside-filtered-American-60-80
palabra,4,outside-filtered-American-60-80
palau,4,outside-filtered-American-60-80
palla,4,outside-filtered-American-60-80
palmas,4,outside-filtered-American-60-80
palo,4,outside-filtered-American-60-80
paloma,4,outside-filtered-American-60-80
palooka,4,larger-level-not-approved
palp,4,larger-level-not-approved
paludal,4,larger-level-not-approved
palus,4,outside-filtered-American-60-80
pam,3,larger-level-not-approved
pampa,4,larger-level-not-approved
pandit,4,larger-level-not-approved
pano,4,outside-filtered-American-60-80
panty,3,outside-filtered-American-60-80
papaw,4,outside-filtered-American-60-80
parage,4,outside-filtered-American-60-80
paratha,4,larger-level-not-approved
pard,4,larger-level-not-approved
parget,4,larger-level-not-approved
paries,4,larger-level-not-approved
parkie,4,outside-filtered-American-60-80
parlour,4,outside-filtered-American-60-80
parma,3,outside-filtered-American-60-80
parmi,4,outside-filtered-American-60-80
paronym,4,larger-level-not-approved
parp,4,outside-filtered-American-60-80
parr,3,larger-level-not-approved
partaga,4,outside-filtered-American-60-80
partay,4,outside-filtered-American-60-80
parti,4,outside-filtered-American-60-80
pash,4,larger-level-not-approved
pashmak,4,outside-filtered-American-60-80
paster,4,larger-level-not-approved
pastie,4,outside-filtered-American-60-80
pastis,4,larger-level-not-approved
pata,4,outside-filtered-American-60-80
pated,4,larger-level-not-approved
pater,4,larger-level-not-approved
patka,4,outside-filtered-American-60-80
pato,4,outside-filtered-American-60-80
patress,4,outside-filtered-American-60-80
patzer,4,larger-level-not-approved
paucal,4,outside-filtered-American-60-80
pavache,4,outside-filtered-American-60-80
pavais,4,outside-filtered-American-60-80
pavisor,4,outside-filtered-American-60-80
pax,3,larger-level-not-approved
paya,4,outside-filtered-American-60-80
paysite,4,outside-filtered-American-60-80
pease,3,outside-filtered-American-60-80
peasen,4,larger-level-not-approved
pec,4,larger-level-not-approved
pectus,4,outside-filtered-American-60-80
pedicel,4,larger-level-not-approved
pedis,4,outside-filtered-American-60-80
pedo,4,outside-filtered-American-60-80
pedon,4,outside-filtered-American-60-80
peine,4,outside-filtered-American-60-80
pela,4,outside-filtered-American-60-80
peleton,4,outside-filtered-American-60-80
pelham,4,larger-level-not-approved
pelta,4,outside-filtered-American-60-80
pelter,4,larger-level-not-approved
peltry,4,larger-level-not-approved
pencell,4,outside-filtered-American-60-80
pene,4,outside-filtered-American-60-80
penes,4,outside-filtered-American-60-80
penna,4,larger-level-not-approved
penner,4,larger-level-not-approved
pentane,4,larger-level-not-approved
pentode,4,larger-level-not-approved
pentose,4,larger-level-not-approved
perdu,4,larger-level-not-approved
pere,4,larger-level-not-approved
perfin,4,larger-level-not-approved
peridot,4,larger-level-not-approved
perigon,4,larger-level-not-approved
periodo,4,outside-filtered-American-60-80
perq,4,outside-filtered-American-60-80
perron,4,larger-level-not-approved
perry,2,larger-level-not-approved
perse,4,larger-level-not-approved
perve,4,larger-level-not-approved
pes,3,larger-level-not-approved
pesante,4,larger-level-not-approved
pestis,4,outside-filtered-American-60-80
petit,3,larger-level-not-approved
petits,4,outside-filtered-American-60-80
petra,4,outside-filtered-American-60-80
petrous,4,larger-level-not-approved
pfund,4,outside-filtered-American-60-80
phage,4,larger-level-not-approved
pharm,4,outside-filtered-American-60-80
phatic,4,larger-level-not-approved
phenome,4,outside-filtered-American-60-80
phenyl,4,larger-level-not-approved
philia,4,outside-filtered-American-60-80
phoca,4,outside-filtered-American-60-80
phocine,4,larger-level-not-approved
phon,4,larger-level-not-approved
phoney,4,larger-level-not-approved
phwoar,4,larger-level-not-approved
pian,4,outside-filtered-American-60-80
pice,4,larger-level-not-approved
pickaxe,4,outside-filtered-American-60-80
pickney,4,outside-filtered-American-60-80
picrate,4,larger-level-not-approved
pietism,4,larger-level-not-approved
pigling,4,larger-level-not-approved
pika,4,larger-level-not-approved
pikey,4,larger-level-not-approved
pila,4,outside-filtered-American-60-80
pilar,4,larger-level-not-approved
pileus,4,larger-level-not-approved
pilose,4,larger-level-not-approved
pilum,4,outside-filtered-American-60-80
pineal,4,larger-level-not-approved
pinesap,4,larger-level-not-approved
pingas,4,outside-filtered-American-60-80
pinger,4,larger-level-not-approved
pinky,3,outside-filtered-American-60-80
pinna,4,larger-level-not-approved
pinner,4,larger-level-not-approved
pinta,4,larger-level-not-approved
pion,4,larger-level-not-approved
piosity,4,larger-level-not-approved
pipi,4,outside-filtered-American-60-80
pipis,4,outside-filtered-American-60-80
piquer,4,outside-filtered-American-60-80
piquet,4,larger-level-not-approved
pirogue,4,larger-level-not-approved
pisang,4,outside-filtered-American-60-80
piscine,4,larger-level-not-approved
pissant,4,larger-level-not-approved
pisser,4,outside-filtered-American-60-80
pissup,4,outside-filtered-American-60-80
pitman,3,larger-level-not-approved
pito,4,outside-filtered-American-60-80
pivo,4,outside-filtered-American-60-80
pizzle,4,larger-level-not-approved
plage,4,larger-level-not-approved
plano,4,larger-level-not-approved
planta,4,outside-filtered-American-60-80
plaquet,4,outside-filtered-American-60-80
plasm,4,larger-level-not-approved
pleach,4,larger-level-not-approved
pled,3,outside-filtered-American-60-80
plena,4,larger-level-not-approved
ploop,4,outside-filtered-American-60-80
plough,3,outside-filtered-American-60-80
pluma,4,outside-filtered-American-60-80
plumae,4,outside-filtered-American-60-80
plumbum,4,larger-level-not-approved
pluot,4,outside-filtered-American-60-80
pluton,4,larger-level-not-approved
plyer,4,larger-level-not-approved
png,4,outside-filtered-American-60-80
podgy,4,outside-filtered-American-60-80
poed,4,outside-filtered-American-60-80
poep,4,outside-filtered-American-60-80
poilu,4,larger-level-not-approved
pois,4,outside-filtered-American-60-80
poiser,4,outside-filtered-American-60-80
pokie,4,outside-filtered-American-60-80
polacca,4,larger-level-not-approved
polaris,3,outside-filtered-American-60-80
polder,4,larger-level-not-approved
poler,4,larger-level-not-approved
polis,3,larger-level-not-approved
poller,4,larger-level-not-approved
pollex,4,larger-level-not-approved
pollock,3,outside-filtered-American-60-80
polska,4,outside-filtered-American-60-80
polyhex,4,outside-filtered-American-60-80
polynya,4,larger-level-not-approved
polytan,4,outside-filtered-American-60-80
polyzoa,4,outside-filtered-American-60-80
pomace,4,larger-level-not-approved
pomelle,4,outside-filtered-American-60-80
pomfret,4,larger-level-not-approved
pomme,4,outside-filtered-American-60-80
pommie,4,larger-level-not-approved
pon,4,outside-filtered-American-60-80
pondus,4,outside-filtered-American-60-80
pongo,4,outside-filtered-American-60-80
pongy,4,outside-filtered-American-60-80
pons,4,larger-level-not-approved
pont,4,outside-filtered-American-60-80
pooched,4,larger-level-not-approved
pood,4,larger-level-not-approved
poon,4,larger-level-not-approved
poori,4,larger-level-not-approved
pootie,4,outside-filtered-American-60-80
popish,4,larger-level-not-approved
popo,4,outside-filtered-American-60-80
popolo,4,outside-filtered-American-60-80
porta,4,larger-level-not-approved
portato,4,outside-filtered-American-60-80
porto,4,outside-filtered-American-60-80
pos,4,outside-filtered-American-60-80
poseuse,4,outside-filtered-American-60-80
possed,4,outside-filtered-American-60-80
posser,4,outside-filtered-American-60-80
possing,4,outside-filtered-American-60-80
postfix,4,larger-level-not-approved
pote,4,outside-filtered-American-60-80
poteen,4,larger-level-not-approved
potless,4,outside-filtered-American-60-80
poule,4,outside-filtered-American-60-80
pov,4,outside-filtered-American-60-80
povvo,4,outside-filtered-American-60-80
poxy,4,larger-level-not-approved
prana,4,larger-level-not-approved
predy,4,outside-filtered-American-60-80
prego,4,outside-filtered-American-60-80
prender,4,outside-filtered-American-60-80
prepose,4,larger-level-not-approved
preso,4,outside-filtered-American-60-80
preverb,4,larger-level-not-approved
prexy,4,larger-level-not-approved
preyer,4,larger-level-not-approved
priapus,4,larger-level-not-approved
prile,4,outside-filtered-American-60-80
prima,4,outside-filtered-American-60-80
primero,4,larger-level-not-approved
primo,4,larger-level-not-approved
primus,3,larger-level-not-approved
prins,4,outside-filtered-American-60-80
prise,4,outside-filtered-American-60-80
prizer,4,larger-level-not-approved
proc,4,outside-filtered-American-60-80
proem,4,larger-level-not-approved
prolate,4,larger-level-not-approved
proline,4,larger-level-not-approved
prolly,4,outside-filtered-American-60-80
pronate,4,larger-level-not-approved
propend,4,larger-level-not-approved
propene,4,larger-level-not-approved
proplyd,4,outside-filtered-American-60-80
propone,4,larger-level-not-approved
propyl,4,larger-level-not-approved
proser,4,larger-level-not-approved
prosty,4,outside-filtered-American-60-80
protist,4,larger-level-not-approved
proto,4,outside-filtered-American-60-80
provo,4,larger-level-not-approved
prower,4,larger-level-not-approved
prox,4,outside-filtered-American-60-80
prunt,4,larger-level-not-approved
prunus,4,larger-level-not-approved
pubbing,4,outside-filtered-American-60-80
pubby,4,outside-filtered-American-60-80
puddly,4,larger-level-not-approved
puella,4,outside-filtered-American-60-80
puer,4,outside-filtered-American-60-80
puffery,4,larger-level-not-approved
pugio,4,outside-filtered-American-60-80
puisne,4,larger-level-not-approved
puits,4,outside-filtered-American-60-80
puka,4,outside-filtered-American-60-80
puku,4,outside-filtered-American-60-80
pula,4,larger-level-not-approved
pulau,4,outside-filtered-American-60-80
punaany,4,outside-filtered-American-60-80
pung,4,larger-level-not-approved
punner,4,larger-level-not-approved
punta,4,outside-filtered-American-60-80
punto,4,outside-filtered-American-60-80
pur,4,outside-filtered-American-60-80
purdy,4,outside-filtered-American-60-80
puri,4,larger-level-not-approved
purlin,4,larger-level-not-approved
puro,4,outside-filtered-American-60-80
purpure,4,larger-level-not-approved
pushpit,4,outside-filtered-American-60-80
puso,4,outside-filtered-American-60-80
puta,4,outside-filtered-American-60-80
puukko,4,outside-filtered-American-60-80
pyjamas,4,outside-filtered-American-60-80
pyramis,4,outside-filtered-American-60-80
pyran,4,larger-level-not-approved
pyrena,4,outside-filtered-American-60-80
pyrene,4,larger-level-not-approved
pyretic,4,larger-level-not-approved
pyritic,4,larger-level-not-approved
pyro,4,outside-filtered-American-60-80
pyrope,4,larger-level-not-approved
pyrotic,4,outside-filtered-American-60-80
pyrrhic,4,larger-level-not-approved
pyrrole,4,larger-level-not-approved
qadar,4,outside-filtered-American-60-80
qadi,4,larger-level-not-approved
qasida,4,outside-filtered-American-60-80
qat,4,larger-level-not-approved
qibla,4,larger-level-not-approved
qigong,4,outside-filtered-American-60-80
qintar,4,larger-level-not-approved
qiviut,4,larger-level-not-approved
qiyas,4,outside-filtered-American-60-80
qoph,4,larger-level-not-approved
quagga,4,larger-level-not-approved
quaghog,4,outside-filtered-American-60-80
quahaug,4,outside-filtered-American-60-80
quaich,4,larger-level-not-approved
quaigh,4,larger-level-not-approved
quaily,4,outside-filtered-American-60-80
quale,4,larger-level-not-approved
qualia,4,larger-level-not-approved
quarte,4,larger-level-not-approved
quatre,4,larger-level-not-approved
quatro,4,outside-filtered-American-60-80
que,4,outside-filtered-American-60-80
queachy,4,outside-filtered-American-60-80
quean,4,larger-level-not-approved
queller,4,larger-level-not-approved
quena,4,larger-level-not-approved
queso,4,outside-filtered-American-60-80
quethe,4,outside-filtered-American-60-80
quetzal,4,larger-level-not-approved
quidam,4,outside-filtered-American-60-80
quiesce,4,outside-filtered-American-60-80
quilate,4,outside-filtered-American-60-80
quillon,4,larger-level-not-approved
quim,4,outside-filtered-American-60-80
quine,4,outside-filtered-American-60-80
quinta,4,larger-level-not-approved
quintal,4,larger-level-not-approved
quinte,4,larger-level-not-approved
quintus,4,outside-filtered-American-60-80
quinze,4,larger-level-not-approved
quism,4,outside-filtered-American-60-80
quisset,4,outside-filtered-American-60-80
quitely,4,outside-filtered-American-60-80
quitted,4,outside-filtered-American-60-80
quittor,4,larger-level-not-approved
quob,4,outside-filtered-American-60-80
quod,4,larger-level-not-approved
quokka,4,larger-level-not-approved
quoll,4,outside-filtered-American-60-80
quotum,4,outside-filtered-American-60-80
qwertz,4,outside-filtered-American-60-80
rabat,4,larger-level-not-approved
rach,4,outside-filtered-American-60-80
racker,4,larger-level-not-approved
rackett,4,outside-filtered-American-60-80
racquet,3,outside-filtered-American-60-80
radix,4,larger-level-not-approved
radome,4,larger-level-not-approved
rai,4,larger-level-not-approved
railer,4,larger-level-not-approved
raj,3,larger-level-not-approved
raja,3,outside-filtered-American-60-80
rakija,4,outside-filtered-American-60-80
ralph,2,larger-level-not-approved
rame,4,outside-filtered-American-60-80
ramraid,4,outside-filtered-American-60-80
rancho,3,larger-level-not-approved
randan,4,larger-level-not-approved
rani,3,outside-filtered-American-60-80
ranine,4,outside-filtered-American-60-80
ranula,4,larger-level-not-approved
rappa,4,outside-filtered-American-60-80
rappee,4,larger-level-not-approved
rappen,4,larger-level-not-approved
rase,4,larger-level-not-approved
rasul,4,outside-filtered-American-60-80
rata,4,larger-level-not-approved
raviolo,4,outside-filtered-American-60-80
raya,4,larger-level-not-approved
razer,4,larger-level-not-approved
readme,4,outside-filtered-American-60-80
realia,4,larger-level-not-approved
realise,4,outside-filtered-American-60-80
realler,4,outside-filtered-American-60-80
reallow,4,outside-filtered-American-60-80
reave,4,larger-level-not-approved
reaver,4,larger-level-not-approved
reb,4,larger-level-not-approved
rebbe,4,larger-level-not-approved
rebill,4,outside-filtered-American-60-80
reboant,4,larger-level-not-approved
rebore,4,larger-level-not-approved
rebrand,4,larger-level-not-approved
rebuy,4,larger-level-not-approved
reck,4,larger-level-not-approved
reclude,4,outside-filtered-American-60-80
recurse,4,outside-filtered-American-60-80
redd,3,larger-level-not-approved
reddy,4,outside-filtered-American-60-80
redex,4,outside-filtered-American-60-80
redeye,4,larger-level-not-approved
redox,4,larger-level-not-approved
redrum,4,outside-filtered-American-60-80
redtop,4,larger-level-not-approved
redux,3,larger-level-not-approved
ree,4,larger-level-not-approved
reeded,4,larger-level-not-approved
reeker,4,larger-level-not-approved
reeler,4,larger-level-not-approved
reeved,4,outside-filtered-American-60-80
refry,4,larger-level-not-approved
reg,3,larger-level-not-approved
regalo,4,outside-filtered-American-60-80
regen,4,outside-filtered-American-60-80
regina,4,larger-level-not-approved
regna,4,larger-level-not-approved
rego,4,larger-level-not-approved
regulon,4,outside-filtered-American-60-80
regulus,4,larger-level-not-approved
reiki,4,larger-level-not-approved
reis,4,outside-filtered-American-60-80
reit,4,outside-filtered-American-60-80
rekey,4,larger-level-not-approved
relict,4,larger-level-not-approved
reman,4,larger-level-not-approved
remex,4,larger-level-not-approved
remiges,4,larger-level-not-approved
remis,4,outside-filtered-American-60-80
remuda,4,larger-level-not-approved
ren,4,outside-filtered-American-60-80
rendaku,4,outside-filtered-American-60-80
rentier,4,larger-level-not-approved
reo,4,outside-filtered-American-60-80
repaper,4,outside-filtered-American-60-80
res,4,larger-level-not-approved
reseda,4,larger-level-not-approved
resh,4,outside-filtered-American-60-80
resile,4,larger-level-not-approved
resilin,4,larger-level-not-approved
resiny,4,larger-level-not-approved
reskill,4,larger-level-not-approved
resorb,4,larger-level-not-approved
restiff,4,outside-filtered-American-60-80
resto,4,outside-filtered-American-60-80
resurge,4,larger-level-not-approved
ret,4,outside-filtered-American-60-80
rete,4,larger-level-not-approved
retted,4,outside-filtered-American-60-80
revery,4,outside-filtered-American-60-80
revet,4,larger-level-not-approved
rex,3,larger-level-not-approved
rheme,4,larger-level-not-approved
rhombi,4,outside-filtered-American-60-80
rhotic,4,larger-level-not-approved
rhumb,4,larger-level-not-approved
rhyne,4,outside-filtered-American-60-80
ria,3,larger-level-not-approved
riband,4,larger-level-not-approved
ribbit,4,outside-filtered-American-60-80
ribose,4,larger-level-not-approved
rictus,4,larger-level-not-approved
ridley,4,larger-level-not-approved
ridotto,4,larger-level-not-approved
riel,4,larger-level-not-approved
rifugio,4,outside-filtered-American-60-80
rigour,4,outside-filtered-American-60-80
rik,4,outside-filtered-American-60-80
rike,4,outside-filtered-American-60-80
rimer,4,larger-level-not-approved
rimfire,4,larger-level-not-approved
rimmer,4,outside-filtered-American-60-80
rimose,4,larger-level-not-approved
rin,4,outside-filtered-American-60-80
rith,4,outside-filtered-American-60-80
ritter,4,larger-level-not-approved
roadmap,4,outside-filtered-American-60-80
robbin,4,larger-level-not-approved
roble,4,larger-level-not-approved
robusta,4,larger-level-not-approved
roc,3,larger-level-not-approved
rockbun,4,outside-filtered-American-60-80
rog,4,outside-filtered-American-60-80
rok,4,outside-filtered-American-60-80
rollway,4,larger-level-not-approved
romaji,4,larger-level-not-approved
romanji,4,outside-filtered-American-60-80
romano,4,larger-level-not-approved
romaunt,4,larger-level-not-approved
ron,2,outside-filtered-American-60-80
rond,4,outside-filtered-American-60-80
ronin,4,outside-filtered-American-60-80
roo,4,larger-level-not-approved
rooky,4,larger-level-not-approved
rootsy,4,larger-level-not-approved
rort,4,larger-level-not-approved
rosbif,4,outside-filtered-American-60-80
roscoe,4,larger-level-not-approved
rosehip,4,outside-filtered-American-60-80
rosetum,4,outside-filtered-American-60-80
rosser,4,outside-filtered-American-60-80
rotifer,4,larger-level-not-approved
roto,4,larger-level-not-approved
rotta,4,outside-filtered-American-60-80
rotula,4,outside-filtered-American-60-80
rouble,4,outside-filtered-American-60-80
rouser,4,larger-level-not-approved
roynish,4,outside-filtered-American-60-80
rozzer,4,larger-level-not-approved
rpm,4,outside-filtered-American-60-80
rufous,4,larger-level-not-approved
rugose,4,larger-level-not-approved
rukh,4,outside-filtered-American-60-80
rulier,4,larger-level-not-approved
rumen,4,larger-level-not-approved
rumour,4,outside-filtered-American-60-80
rundlet,4,larger-level-not-approved
ruth,2,larger-level-not-approved
rutile,4,larger-level-not-approved
rutter,4,outside-filtered-American-60-80
ryot,4,larger-level-not-approved
ryvett,4,outside-filtered-American-60-80
saag,4,larger-level-not-approved
sabat,4,outside-filtered-American-60-80
sabaton,4,larger-level-not-approved
sabbat,4,larger-level-not-approved
sabella,4,outside-filtered-American-60-80
sabre,3,outside-filtered-American-60-80
sacar,4,outside-filtered-American-60-80
sacral,4,larger-level-not-approved
saddo,4,larger-level-not-approved
sade,3,larger-level-not-approved
sadguru,4,outside-filtered-American-60-80
sagesse,4,outside-filtered-American-60-80
saggar,4,larger-level-not-approved
sagitta,4,outside-filtered-American-60-80
sah,4,outside-filtered-American-60-80
sai,4,outside-filtered-American-60-80
sais,4,outside-filtered-American-60-80
saison,4,outside-filtered-American-60-80
saker,4,larger-level-not-approved
sakina,4,outside-filtered-American-60-80
sal,3,larger-level-not-approved
sala,4,outside-filtered-American-60-80
salame,4,outside-filtered-American-60-80
salat,4,outside-filtered-American-60-80
saler,4,outside-filtered-American-60-80
salet,4,larger-level-not-approved
salina,3,larger-level-not-approved
salle,4,outside-filtered-American-60-80
sallet,4,larger-level-not-approved
saltus,4,larger-level-not-approved
salvia,4,larger-level-not-approved
salvor,4,larger-level-not-approved
sam,2,outside-filtered-American-60-80
sambar,4,larger-level-not-approved
sambuca,4,larger-level-not-approved
samekh,4,larger-level-not-approved
san,2,larger-level-not-approved
sandur,4,outside-filtered-American-60-80
sangat,4,outside-filtered-American-60-80
sangen,4,outside-filtered-American-60-80
sangha,4,outside-filtered-American-60-80
sango,4,outside-filtered-American-60-80
santo,4,larger-level-not-approved
santoku,4,outside-filtered-American-60-80
saprobe,4,larger-level-not-approved
sard,4,larger-level-not-approved
sati,4,larger-level-not-approved
satinet,4,larger-level-not-approved
saudade,4,larger-level-not-approved
sault,4,larger-level-not-approved
saum,4,outside-filtered-American-60-80
savante,4,outside-filtered-American-60-80
savour,4,outside-filtered-American-60-80
sawn,4,outside-filtered-American-60-80
saxum,4,outside-filtered-American-60-80
saya,4,outside-filtered-American-60-80
scaler,4,larger-level-not-approved
scally,4,larger-level-not-approved
scampo,4,outside-filtered-American-60-80
scanger,4,outside-filtered-American-60-80
scanno,4,outside-filtered-American-60-80
scaup,4,larger-level-not-approved
sceach,4,outside-filtered-American-60-80
sceptic,4,outside-filtered-American-60-80
sceptre,4,outside-filtered-American-60-80
schelm,4,outside-filtered-American-60-80
schemie,4,outside-filtered-American-60-80
schesis,4,outside-filtered-American-60-80
schlong,4,outside-filtered-American-60-80
schlub,4,larger-level-not-approved
schlump,4,larger-level-not-approved
schmear,4,larger-level-not-approved
schmutz,4,outside-filtered-American-60-80
schofel,4,outside-filtered-American-60-80
schroff,4,outside-filtered-American-60-80
schtick,4,outside-filtered-American-60-80
schwag,4,outside-filtered-American-60-80
schwer,4,outside-filtered-American-60-80
sclera,4,larger-level-not-approved
scomber,4,outside-filtered-American-60-80
scoober,4,outside-filtered-American-60-80
scop,4,larger-level-not-approved
scopa,4,outside-filtered-American-60-80
scoria,4,larger-level-not-approved
scot,3,larger-level-not-approved
scoter,4,larger-level-not-approved
scots,3,larger-level-not-approved
screeve,4,outside-filtered-American-60-80
scritch,4,outside-filtered-American-60-80
scrooch,4,larger-level-not-approved
scrote,4,larger-level-not-approved
scrummy,4,larger-level-not-approved
scuffer,4,larger-level-not-approved
scunner,4,larger-level-not-approved
scutum,4,larger-level-not-approved
seaduck,4,outside-filtered-American-60-80
sealab,4,outside-filtered-American-60-80
seamer,4,larger-level-not-approved
sean,2,outside-filtered-American-60-80
seastar,4,outside-filtered-American-60-80
seba,4,outside-filtered-American-60-80
secco,4,larger-level-not-approved
seconde,4,outside-filtered-American-60-80
secondo,4,larger-level-not-approved
sed,4,outside-filtered-American-60-80
seder,4,larger-level-not-approved
seedlep,4,outside-filtered-American-60-80
sei,4,larger-level-not-approved
seiche,4,larger-level-not-approved
seidel,4,larger-level-not-approved
seis,4,larger-level-not-approved
seisin,4,outside-filtered-American-60-80
seiyuu,4,outside-filtered-American-60-80
sejant,4,larger-level-not-approved
sekali,4,outside-filtered-American-60-80
sela,4,outside-filtered-American-60-80
selenic,4,larger-level-not-approved
selo,4,outside-filtered-American-60-80
seme,4,larger-level-not-approved
sempre,4,outside-filtered-American-60-80
semtex,4,larger-level-not-approved
sen,2,larger-level-not-approved
senang,4,outside-filtered-American-60-80
senatus,4,outside-filtered-American-60-80
senesce,4,larger-level-not-approved
senex,4,outside-filtered-American-60-80
senryu,4,larger-level-not-approved
sens,4,larger-level-not-approved
sente,4,larger-level-not-approved
senti,4,larger-level-not-approved
sepoy,4,larger-level-not-approved
seppuku,4,larger-level-not-approved
sept,2,larger-level-not-approved
septime,4,larger-level-not-approved
ser,4,larger-level-not-approved
sera,3,outside-filtered-American-60-80
serie,4,outside-filtered-American-60-80
serir,4,outside-filtered-American-60-80
serra,3,outside-filtered-American-60-80
sers,4,larger-level-not-approved
ses,4,outside-filtered-American-60-80
sesh,4,outside-filtered-American-60-80
sessile,4,larger-level-not-approved
seta,4,larger-level-not-approved
setlist,4,outside-filtered-American-60-80
setoid,4,outside-filtered-American-60-80
sext,4,larger-level-not-approved
sextary,4,outside-filtered-American-60-80
sexte,4,outside-filtered-American-60-80
sexto,4,larger-level-not-approved
sez,4,outside-filtered-American-60-80
shabbat,4,outside-filtered-American-60-80
shader,4,larger-level-not-approved
shahada,4,outside-filtered-American-60-80
shako,4,larger-level-not-approved
shaku,4,outside-filtered-American-60-80
shammes,4,larger-level-not-approved
shamus,4,larger-level-not-approved
shaw,2,larger-level-not-approved
sheeple,4,outside-filtered-American-60-80
sheik,3,larger-level-not-approved
sheller,4,larger-level-not-approved
shemale,4,outside-filtered-American-60-80
sheople,4,outside-filtered-American-60-80
sheugh,4,larger-level-not-approved
shid,4,outside-filtered-American-60-80
shiksa,4,larger-level-not-approved
shimada,4,outside-filtered-American-60-80
shlep,4,outside-filtered-American-60-80
shmexy,4,outside-filtered-American-60-80
shmuck,4,larger-level-not-approved
shoarma,4,outside-filtered-American-60-80
shoji,4,larger-level-not-approved
shojo,4,outside-filtered-American-60-80
shola,4,outside-filtered-American-60-80
shoobie,4,outside-filtered-American-60-80
shortie,4,outside-filtered-American-60-80
shroff,4,larger-level-not-approved
shrove,4,outside-filtered-American-60-80
shtetl,4,larger-level-not-approved
shtup,4,outside-filtered-American-60-80
shul,4,larger-level-not-approved
shvitz,4,outside-filtered-American-60-80
shwarma,4,outside-filtered-American-60-80
sial,4,larger-level-not-approved
sib,4,larger-level-not-approved
sich,4,outside-filtered-American-60-80
sida,4,outside-filtered-American-60-80
sie,4,outside-filtered-American-60-80
siemens,4,larger-level-not-approved
sievert,4,larger-level-not-approved
sig,3,outside-filtered-American-60-80
sigmoid,4,larger-level-not-approved
signore,4,outside-filtered-American-60-80
sik,4,outside-filtered-American-60-80
sika,4,larger-level-not-approved
silane,4,larger-level-not-approved
sild,4,larger-level-not-approved
silesia,4,larger-level-not-approved
sillage,4,outside-filtered-American-60-80
silva,3,larger-level-not-approved
sima,4,larger-level-not-approved
simar,4,larger-level-not-approved
simoom,4,larger-level-not-approved
sinamay,4,larger-level-not-approved
sinh,4,larger-level-not-approved
sinter,4,larger-level-not-approved
sira,4,outside-filtered-American-60-80
sirup,4,outside-filtered-American-60-80
siskin,4,larger-level-not-approved
sisu,4,outside-filtered-American-60-80
sith,4,larger-level-not-approved
situs,4,larger-level-not-approved
skank,4,larger-level-not-approved
skanky,4,larger-level-not-approved
skeeze,4,outside-filtered-American-60-80
skell,4,larger-level-not-approved
sken,4,outside-filtered-American-60-80
skerry,4,larger-level-not-approved
skiddy,4,larger-level-not-approved
skijor,4,outside-filtered-American-60-80
skilful,3,outside-filtered-American-60-80
skink,4,larger-level-not-approved
skister,4,outside-filtered-American-60-80
skosh,4,larger-level-not-approved
skyed,4,outside-filtered-American-60-80
skylab,4,outside-filtered-American-60-80
skyr,4,outside-filtered-American-60-80
skyway,4,larger-level-not-approved
slater,3,larger-level-not-approved
slava,4,outside-filtered-American-60-80
slavey,4,larger-level-not-approved
slean,4,outside-filtered-American-60-80
slithy,4,outside-filtered-American-60-80
sloper,4,larger-level-not-approved
slore,4,outside-filtered-American-60-80
smaragd,4,larger-level-not-approved
smarm,4,larger-level-not-approved
smeg,4,outside-filtered-American-60-80
smegma,4,larger-level-not-approved
smexily,4,outside-filtered-American-60-80
smexy,4,outside-filtered-American-60-80
smilie,4,outside-filtered-American-60-80
smirt,4,outside-filtered-American-60-80
smoko,4,larger-level-not-approved
smoot,4,outside-filtered-American-60-80
smore,4,outside-filtered-American-60-80
smurf,4,larger-level-not-approved
snarf,4,larger-level-not-approved
snark,4,larger-level-not-approved
sneck,4,larger-level-not-approved
snell,3,larger-level-not-approved
snert,4,outside-filtered-American-60-80
snirt,4,outside-filtered-American-60-80
snuba,4,outside-filtered-American-60-80
soc,3,outside-filtered-American-60-80
socker,4,outside-filtered-American-60-80
socle,4,larger-level-not-approved
sodic,4,larger-level-not-approved
sofar,4,larger-level-not-approved
soffit,4,larger-level-not-approved
sog,4,outside-filtered-American-60-80
soh,4,larger-level-not-approved
sois,4,outside-filtered-American-60-80
soju,4,outside-filtered-American-60-80
sola,3,larger-level-not-approved
soldo,4,larger-level-not-approved
soleil,4,outside-filtered-American-60-80
solon,4,larger-level-not-approved
solum,4,larger-level-not-approved
solus,4,larger-level-not-approved
som,4,larger-level-not-approved
soma,3,larger-level-not-approved
sombre,3,outside-filtered-American-60-80
sommer,4,larger-level-not-approved
sonant,4,larger-level-not-approved
sonde,4,larger-level-not-approved
sone,4,larger-level-not-approved
songo,4,outside-filtered-American-60-80
songy,4,outside-filtered-American-60-80
sony,4,outside-filtered-American-60-80
soper,4,outside-filtered-American-60-80
sora,3,larger-level-not-approved
sorb,4,larger-level-not-approved
soror,4,outside-filtered-American-60-80
sororal,4,larger-level-not-approved
sors,4,outside-filtered-American-60-80
sortes,4,outside-filtered-American-60-80
souled,4,larger-level-not-approved
souq,4,outside-filtered-American-60-80
sov,4,outside-filtered-American-60-80
sox,3,outside-filtered-American-60-80
spacy,4,outside-filtered-American-60-80
spader,4,larger-level-not-approved
spake,4,larger-level-not-approved
spambot,4,larger-level-not-approved
spanker,4,larger-level-not-approved
sparge,4,larger-level-not-approved
spaug,4,outside-filtered-American-60-80
speeded,4,outside-filtered-American-60-80
spelt,3,larger-level-not-approved
spelunc,4,outside-filtered-American-60-80
spelunk,4,outside-filtered-American-60-80
spense,4,larger-level-not-approved
spesh,4,outside-filtered-American-60-80
spica,4,larger-level-not-approved
spide,4,outside-filtered-American-60-80
spim,4,larger-level-not-approved
spitz,4,larger-level-not-approved
splade,4,outside-filtered-American-60-80
spod,4,larger-level-not-approved
spodium,4,outside-filtered-American-60-80
spoilt,3,outside-filtered-American-60-80
spoony,4,larger-level-not-approved
spork,4,outside-filtered-American-60-80
spose,4,outside-filtered-American-60-80
spottle,4,outside-filtered-American-60-80
spraint,4,outside-filtered-American-60-80
sprote,4,outside-filtered-American-60-80
sprue,4,larger-level-not-approved
squick,4,outside-filtered-American-60-80
squill,4,larger-level-not-approved
squinch,4,larger-level-not-approved
squits,4,larger-level-not-approved
stabile,4,larger-level-not-approved
stacker,4,larger-level-not-approved
stad,4,outside-filtered-American-60-80
stager,4,larger-level-not-approved
stammel,4,larger-level-not-approved
stan,2,outside-filtered-American-60-80
standel,4,outside-filtered-American-60-80
stang,4,larger-level-not-approved
stapes,4,larger-level-not-approved
stater,4,larger-level-not-approved
statism,4,larger-level-not-approved
statist,4,larger-level-not-approved
stator,4,larger-level-not-approved
statua,4,outside-filtered-American-60-80
steen,3,outside-filtered-American-60-80
steeve,4,larger-level-not-approved
stella,3,larger-level-not-approved
stelo,4,outside-filtered-American-60-80
sten,4,outside-filtered-American-60-80
stengah,4,larger-level-not-approved
steric,4,larger-level-not-approved
sterol,4,larger-level-not-approved
stiffie,4,outside-filtered-American-60-80
stiffy,4,larger-level-not-approved
stig,4,outside-filtered-American-60-80
stinka,4,outside-filtered-American-60-80
stip,4,outside-filtered-American-60-80
stipe,3,larger-level-not-approved
stipes,4,larger-level-not-approved
stipped,4,outside-filtered-American-60-80
stipule,4,larger-level-not-approved
stiver,4,larger-level-not-approved
sto,4,outside-filtered-American-60-80
stod,4,outside-filtered-American-60-80
stoled,4,outside-filtered-American-60-80
stollen,4,larger-level-not-approved
stoma,4,larger-level-not-approved
stoolie,4,larger-level-not-approved
storer,4,larger-level-not-approved
storey,3,outside-filtered-American-60-80
stour,4,outside-filtered-American-60-80
stover,4,larger-level-not-approved
strake,4,larger-level-not-approved
strakes,4,larger-level-not-approved
strappy,4,larger-level-not-approved
stretto,4,larger-level-not-approved
stubbie,4,outside-filtered-American-60-80
stunna,4,outside-filtered-American-60-80
stye,4,outside-filtered-American-60-80
styli,4,outside-filtered-American-60-80
subacid,4,larger-level-not-approved
subfund,4,outside-filtered-American-60-80
subfusc,4,larger-level-not-approved
subito,4,larger-level-not-approved
succede,4,outside-filtered-American-60-80
sudate,4,outside-filtered-American-60-80
sudoku,4,larger-level-not-approved
sudor,4,larger-level-not-approved
suhur,4,outside-filtered-American-60-80
suine,4,outside-filtered-American-60-80
sulfite,4,larger-level-not-approved
suling,4,outside-filtered-American-60-80
sulphur,3,outside-filtered-American-60-80
summa,4,larger-level-not-approved
sumpit,4,outside-filtered-American-60-80
sumus,4,outside-filtered-American-60-80
sundew,4,larger-level-not-approved
sunga,4,outside-filtered-American-60-80
sunnies,4,larger-level-not-approved
sura,4,larger-level-not-approved
surat,3,larger-level-not-approved
surd,4,larger-level-not-approved
surma,4,outside-filtered-American-60-80
surra,4,larger-level-not-approved
sus,4,larger-level-not-approved
svara,4,outside-filtered-American-60-80
swabby,4,larger-level-not-approved
swage,4,larger-level-not-approved
swang,4,larger-level-not-approved
swarf,4,larger-level-not-approved
swart,4,larger-level-not-approved
swarth,4,larger-level-not-approved
swazzle,4,outside-filtered-American-60-80
swishy,4,larger-level-not-approved
swive,4,outside-filtered-American-60-80
swizzle,4,larger-level-not-approved
swole,4,outside-filtered-American-60-80
swop,4,outside-filtered-American-60-80
swotty,4,outside-filtered-American-60-80
syn,4,outside-filtered-American-60-80
syne,4,larger-level-not-approved
synovia,4,larger-level-not-approved
sysop,4,larger-level-not-approved
sysops,4,larger-level-not-approved
syzygy,4,larger-level-not-approved
taa,4,outside-filtered-American-60-80
taas,4,outside-filtered-American-60-80
tabasco,4,outside-filtered-American-60-80
tabnab,4,outside-filtered-American-60-80
tabu,4,outside-filtered-American-60-80
tabula,4,outside-filtered-American-60-80
tace,4,larger-level-not-approved
tache,4,larger-level-not-approved
taff,4,outside-filtered-American-60-80
tafsir,4,outside-filtered-American-60-80
tai,3,outside-filtered-American-60-80
taj,4,larger-level-not-approved
tak,4,outside-filtered-American-60-80
taka,4,larger-level-not-approved
takbir,4,outside-filtered-American-60-80
tala,4,larger-level-not-approved
talar,4,outside-filtered-American-60-80
talas,4,larger-level-not-approved
taler,4,larger-level-not-approved
tambala,4,larger-level-not-approved
tambou,4,outside-filtered-American-60-80
tammy,3,larger-level-not-approved
tampion,4,larger-level-not-approved
tanah,4,outside-filtered-American-60-80
tanga,4,larger-level-not-approved
tangi,4,larger-level-not-approved
tangram,4,larger-level-not-approved
tannoy,4,larger-level-not-approved
tant,4,outside-filtered-American-60-80
tanto,4,larger-level-not-approved
tantric,4,larger-level-not-approved
tanuki,4,larger-level-not-approved
tanya,3,outside-filtered-American-60-80
tao,3,larger-level-not-approved
tapa,4,larger-level-not-approved
tapis,4,larger-level-not-approved
tappen,4,outside-filtered-American-60-80
taqlid,4,outside-filtered-American-60-80
taquito,4,outside-filtered-American-60-80
taqwa,4,outside-filtered-American-60-80
targe,4,larger-level-not-approved
tariqa,4,outside-filtered-American-60-80
tarpan,4,larger-level-not-approved
tarsand,4,outside-filtered-American-60-80
tarsier,4,larger-level-not-approved
tas,4,larger-level-not-approved
tash,4,outside-filtered-American-60-80
tasse,4,larger-level-not-approved
tasset,4,larger-level-not-approved
tata,4,outside-filtered-American-60-80
tauon,4,larger-level-not-approved
tav,4,larger-level-not-approved
tavla,4,outside-filtered-American-60-80
tawhid,4,outside-filtered-American-60-80
tawse,4,larger-level-not-approved
tay,4,outside-filtered-American-60-80
teabag,4,outside-filtered-American-60-80
teapoy,4,larger-level-not-approved
tearer,4,larger-level-not-approved
teated,4,larger-level-not-approved
tedder,4,larger-level-not-approved
teek,4,outside-filtered-American-60-80
teemer,4,larger-level-not-approved
teener,4,larger-level-not-approved
tel,4,larger-level-not-approved
tela,4,larger-level-not-approved
telega,4,larger-level-not-approved
teleost,4,larger-level-not-approved
telesis,4,larger-level-not-approved
teme,4,outside-filtered-American-60-80
temenos,4,outside-filtered-American-60-80
tempe,3,larger-level-not-approved
tenno,4,larger-level-not-approved
tenten,4,outside-filtered-American-60-80
tenter,4,larger-level-not-approved
tentigo,4,outside-filtered-American-60-80
tenuto,4,larger-level-not-approved
ter,4,outside-filtered-American-60-80
terai,4,larger-level-not-approved
teraph,4,larger-level-not-approved
tercel,4,larger-level-not-approved
tercian,4,outside-filtered-American-60-80
termer,4,larger-level-not-approved
terp,4,outside-filtered-American-60-80
terpene,4,larger-level-not-approved
terra,4,larger-level-not-approved
tes,4,larger-level-not-approved
tesla,4,larger-level-not-approved
tessera,4,larger-level-not-approved
testa,4,larger-level-not-approved
testata,4,outside-filtered-American-60-80
testee,4,larger-level-not-approved
testudo,4,larger-level-not-approved
teth,4,larger-level-not-approved
tetri,4,larger-level-not-approved
tetrode,4,larger-level-not-approved
tetrose,4,outside-filtered-American-60-80
texas,2,larger-level-not-approved
tey,4,outside-filtered-American-60-80
thack,4,outside-filtered-American-60-80
thallus,4,larger-level-not-approved
thang,4,larger-level-not-approved
thankee,4,outside-filtered-American-60-80
theorbo,4,larger-level-not-approved
thetan,4,outside-filtered-American-60-80
theurgy,4,larger-level-not-approved
thinko,4,outside-filtered-American-60-80
thneed,4,outside-filtered-American-60-80
thoil,4,outside-filtered-American-60-80
thon,4,outside-filtered-American-60-80
thongy,4,outside-filtered-American-60-80
thor,4,outside-filtered-American-60-80
thrip,4,outside-filtered-American-60-80
thrips,4,larger-level-not-approved
thru,3,larger-level-not-approved
thumby,4,outside-filtered-American-60-80
thuris,4,outside-filtered-American-60-80
thusly,4,larger-level-not-approved
thwaite,4,outside-filtered-American-60-80
thyrsus,4,larger-level-not-approved
tib,4,outside-filtered-American-60-80
tiel,4,outside-filtered-American-60-80
tierce,4,larger-level-not-approved
tig,4,larger-level-not-approved
tigon,4,larger-level-not-approved
tigrine,4,outside-filtered-American-60-80
tik,4,outside-filtered-American-60-80
tiki,3,larger-level-not-approved
tilawa,4,outside-filtered-American-60-80
tillite,4,larger-level-not-approved
tilly,4,outside-filtered-American-60-80
tilter,4,larger-level-not-approved
tilth,4,larger-level-not-approved
timeous,4,larger-level-not-approved
timpan,4,outside-filtered-American-60-80
tinta,4,outside-filtered-American-60-80
tio,4,outside-filtered-American-60-80
tis,4,larger-level-not-approved
tisane,4,larger-level-not-approved
titfer,4,larger-level-not-approved
titi,4,larger-level-not-approved
titrant,4,larger-level-not-approved
titrate,4,larger-level-not-approved
titre,4,outside-filtered-American-60-80
titsup,4,outside-filtered-American-60-80
tittie,4,larger-level-not-approved
tobiko,4,outside-filtered-American-60-80
toby,3,larger-level-not-approved
toccer,4,outside-filtered-American-60-80
tod,3,larger-level-not-approved
toddick,4,outside-filtered-American-60-80
todger,4,larger-level-not-approved
todo,4,outside-filtered-American-60-80
tofus,4,larger-level-not-approved
togo,4,outside-filtered-American-60-80
toh,4,outside-filtered-American-60-80
toit,4,outside-filtered-American-60-80
tokaji,4,outside-filtered-American-60-80
toki,4,outside-filtered-American-60-80
tol,4,outside-filtered-American-60-80
tolar,4,larger-level-not-approved
toledo,3,larger-level-not-approved
tomo,4,outside-filtered-American-60-80
tonga,3,larger-level-not-approved
tonto,4,larger-level-not-approved
toon,4,larger-level-not-approved
toonie,4,larger-level-not-approved
tope,4,larger-level-not-approved
toper,4,larger-level-not-approved
topo,4,larger-level-not-approved
toponym,4,larger-level-not-approved
tora,4,larger-level-not-approved
torc,4,larger-level-not-approved
torni,4,outside-filtered-American-60-80
toro,4,outside-filtered-American-60-80
toroid,4,larger-level-not-approved
torp,4,outside-filtered-American-60-80
torr,4,larger-level-not-approved
torsk,4,larger-level-not-approved
torta,4,outside-filtered-American-60-80
tosspot,4,larger-level-not-approved
toubab,4,outside-filtered-American-60-80
toucher,4,larger-level-not-approved
toughy,4,larger-level-not-approved
touse,4,larger-level-not-approved
touter,4,larger-level-not-approved
tox,4,outside-filtered-American-60-80
toxotes,4,outside-filtered-American-60-80
toyon,4,larger-level-not-approved
tra,4,outside-filtered-American-60-80
traino,4,outside-filtered-American-60-80
tranch,4,outside-filtered-American-60-80
tranny,4,larger-level-not-approved
transat,4,outside-filtered-American-60-80
trant,4,outside-filtered-American-60-80
tranter,4,outside-filtered-American-60-80
traunch,4,outside-filtered-American-60-80
trave,4,larger-level-not-approved
tref,4,outside-filtered-American-60-80
treff,4,outside-filtered-American-60-80
trehala,4,larger-level-not-approved
trema,4,outside-filtered-American-60-80
tres,4,outside-filtered-American-60-80
tri,4,outside-filtered-American-60-80
tribade,4,larger-level-not-approved
tribble,4,outside-filtered-American-60-80
triduum,4,larger-level-not-approved
trigamy,4,outside-filtered-American-60-80
trigon,4,larger-level-not-approved
trimer,4,larger-level-not-approved
trink,4,outside-filtered-American-60-80
triode,4,larger-level-not-approved
triose,4,larger-level-not-approved
tripoli,3,larger-level-not-approved
tris,4,outside-filtered-American-60-80
trist,4,outside-filtered-American-60-80
triste,4,larger-level-not-approved
triton,3,larger-level-not-approved
tro,4,outside-filtered-American-60-80
trogon,4,larger-level-not-approved
trojan,3,outside-filtered-American-60-80
trombe,4,outside-filtered-American-60-80
tromino,4,outside-filtered-American-60-80
trompe,4,larger-level-not-approved
trop,4,outside-filtered-American-60-80
trou,4,outside-filtered-American-60-80
trugg,4,outside-filtered-American-60-80
trypsin,4,larger-level-not-approved
trysail,4,larger-level-not-approved
tsade,4,larger-level-not-approved
tsar,3,outside-filtered-American-60-80
tsarina,4,outside-filtered-American-60-80
tsarist,4,outside-filtered-American-60-80
tsuba,4,outside-filtered-American-60-80
tuan,4,larger-level-not-approved
tuff,3,larger-level-not-approved
tuffet,4,larger-level-not-approved
tumour,4,outside-filtered-American-60-80
tundish,4,larger-level-not-approved
tung,4,larger-level-not-approved
tup,4,larger-level-not-approved
tupelo,4,larger-level-not-approved
tuplet,4,outside-filtered-American-60-80
tupo,4,outside-filtered-American-60-80
turm,4,outside-filtered-American-60-80
turnup,4,outside-filtered-American-60-80
tusker,4,larger-level-not-approved
tutee,4,larger-level-not-approved
tutoyer,4,larger-level-not-approved
tuyere,4,larger-level-not-approved
tweag,4,outside-filtered-American-60-80
tweaker,4,outside-filtered-American-60-80
tweedle,4,larger-level-not-approved
twigloo,4,outside-filtered-American-60-80
twink,3,larger-level-not-approved
twoccer,4,outside-filtered-American-60-80
twp,4,outside-filtered-American-60-80
txt,4,outside-filtered-American-60-80
typic,4,larger-level-not-approved
tyre,3,outside-filtered-American-60-80
tzar,4,outside-filtered-American-60-80
tzarina,4,outside-filtered-American-60-80
uberous,4,outside-filtered-American-60-80
uberty,4,outside-filtered-American-60-80
ubiety,4,larger-level-not-approved
udal,4,outside-filtered-American-60-80
uey,4,outside-filtered-American-60-80
ufo,4,outside-filtered-American-60-80
uggo,4,outside-filtered-American-60-80
ugli,4,outside-filtered-American-60-80
ugsome,4,larger-level-not-approved
uke,4,larger-level-not-approved
ukelele,4,outside-filtered-American-60-80
ulama,4,larger-level-not-approved
ulan,4,larger-level-not-approved
ulcus,4,outside-filtered-American-60-80
ule,4,outside-filtered-American-60-80
ullage,4,larger-level-not-approved
ultima,3,larger-level-not-approved
ultion,4,outside-filtered-American-60-80
ulu,4,larger-level-not-approved
umami,4,larger-level-not-approved
umbo,4,larger-level-not-approved
umbral,4,larger-level-not-approved
ummah,4,larger-level-not-approved
umount,4,outside-filtered-American-60-80
unagi,4,outside-filtered-American-60-80
unburnt,4,larger-level-not-approved
uncage,4,larger-level-not-approved
uncia,4,outside-filtered-American-60-80
unco,4,larger-level-not-approved
uncowed,4,outside-filtered-American-60-80
und,4,outside-filtered-American-60-80
undyed,4,larger-level-not-approved
unibrow,4,outside-filtered-American-60-80
unkept,4,larger-level-not-approved
unlay,4,larger-level-not-approved
unmount,4,outside-filtered-American-60-80
unplait,4,outside-filtered-American-60-80
uns,4,larger-level-not-approved
unseam,4,larger-level-not-approved
unshift,4,larger-level-not-approved
untar,4,outside-filtered-American-60-80
unvicar,4,outside-filtered-American-60-80
unwish,4,larger-level-not-approved
upas,4,larger-level-not-approved
upbar,4,outside-filtered-American-60-80
upbear,4,larger-level-not-approved
upbind,4,outside-filtered-American-60-80
upblow,4,outside-filtered-American-60-80
upbreak,4,outside-filtered-American-60-80
upbreed,4,outside-filtered-American-60-80
upburst,4,outside-filtered-American-60-80
upcast,4,larger-level-not-approved
upcheer,4,outside-filtered-American-60-80
upclimb,4,outside-filtered-American-60-80
upcoil,4,outside-filtered-American-60-80
upcurl,4,outside-filtered-American-60-80
updive,4,outside-filtered-American-60-80
updraw,4,outside-filtered-American-60-80
upeygan,4,outside-filtered-American-60-80
upfill,4,outside-filtered-American-60-80
upflow,4,outside-filtered-American-60-80
upflung,4,outside-filtered-American-60-80
upgaze,4,outside-filtered-American-60-80
upgive,4,outside-filtered-American-60-80
upgrow,4,outside-filtered-American-60-80
upgush,4,outside-filtered-American-60-80
uphand,4,outside-filtered-American-60-80
uphang,4,outside-filtered-American-60-80
upheave,4,larger-level-not-approved
upher,4,outside-filtered-American-60-80
uphoard,4,outside-filtered-American-60-80
uplay,4,outside-filtered-American-60-80
uplead,4,outside-filtered-American-60-80
uplean,4,outside-filtered-American-60-80
uplock,4,outside-filtered-American-60-80
uplook,4,outside-filtered-American-60-80
uppent,4,outside-filtered-American-60-80
uppile,4,outside-filtered-American-60-80
uppluck,4,outside-filtered-American-60-80
upprop,4,outside-filtered-American-60-80
uprise,4,larger-level-not-approved
upsert,4,outside-filtered-American-60-80
upskirt,4,outside-filtered-American-60-80
upsweep,4,larger-level-not-approved
upswept,4,larger-level-not-approved
uraemia,4,outside-filtered-American-60-80
uraemic,4,outside-filtered-American-60-80
urania,4,larger-level-not-approved
uranite,4,larger-level-not-approved
uranyl,4,larger-level-not-approved
urate,4,larger-level-not-approved
urbano,4,outside-filtered-American-60-80
urbs,4,larger-level-not-approved
urease,4,larger-level-not-approved
uretic,4,larger-level-not-approved
uridine,4,larger-level-not-approved
urinous,4,larger-level-not-approved
urna,4,outside-filtered-American-60-80
uropod,4,larger-level-not-approved
usine,4,outside-filtered-American-60-80
usura,4,outside-filtered-American-60-80
ute,3,larger-level-not-approved
util,4,outside-filtered-American-60-80
utile,4,larger-level-not-approved
utilise,4,outside-filtered-American-60-80
utopian,3,larger-level-not-approved
utu,4,outside-filtered-American-60-80
uvea,4,larger-level-not-approved
uxorial,4,larger-level-not-approved
uzi,4,outside-filtered-American-60-80
vaagmer,4,outside-filtered-American-60-80
vaca,4,outside-filtered-American-60-80
vai,4,outside-filtered-American-60-80
vail,3,larger-level-not-approved
valine,4,larger-level-not-approved
vallum,4,larger-level-not-approved
valour,4,outside-filtered-American-60-80
valva,4,outside-filtered-American-60-80
vamper,4,larger-level-not-approved
vanga,4,outside-filtered-American-60-80
vanner,4,larger-level-not-approved
vanward,4,larger-level-not-approved
vapour,4,outside-filtered-American-60-80
var,4,larger-level-not-approved
vara,4,larger-level-not-approved
varier,4,larger-level-not-approved
vario,4,outside-filtered-American-60-80
varis,4,outside-filtered-American-60-80
varna,3,larger-level-not-approved
varve,4,larger-level-not-approved
varves,4,larger-level-not-approved
vas,3,larger-level-not-approved
vasa,4,larger-level-not-approved
vatic,4,larger-level-not-approved
vau,4,larger-level-not-approved
vav,4,larger-level-not-approved
veda,3,outside-filtered-American-60-80
vedette,4,larger-level-not-approved
vee,4,larger-level-not-approved
veery,4,larger-level-not-approved
veinlet,4,larger-level-not-approved
veiny,4,larger-level-not-approved
vel,4,outside-filtered-American-60-80
veldt,4,outside-filtered-American-60-80
vender,4,outside-filtered-American-60-80
venew,4,outside-filtered-American-60-80
veney,4,outside-filtered-American-60-80
venire,4,larger-level-not-approved
venti,4,outside-filtered-American-60-80
venturi,4,larger-level-not-approved
venu,4,outside-filtered-American-60-80
venule,4,larger-level-not-approved
venus,3,larger-level-not-approved
vera,3,outside-filtered-American-60-80
veritas,4,outside-filtered-American-60-80
verlan,4,outside-filtered-American-60-80
vermes,4,larger-level-not-approved
vermian,4,outside-filtered-American-60-80
vermis,4,larger-level-not-approved
verser,4,outside-filtered-American-60-80
verts,4,larger-level-not-approved
vesica,4,larger-level-not-approved
vespine,4,larger-level-not-approved
vetoer,4,outside-filtered-American-60-80
vext,4,larger-level-not-approved
vici,4,outside-filtered-American-60-80
vicus,4,outside-filtered-American-60-80
vid,4,larger-level-not-approved
vier,4,larger-level-not-approved
vig,4,larger-level-not-approved
vigour,4,outside-filtered-American-60-80
vika,4,outside-filtered-American-60-80
vilayet,4,larger-level-not-approved
ville,4,outside-filtered-American-60-80
villes,4,outside-filtered-American-60-80
villous,4,larger-level-not-approved
vinca,4,larger-level-not-approved
vincent,2,outside-filtered-American-60-80
vint,4,outside-filtered-American-60-80
vinyasa,4,outside-filtered-American-60-80
violon,4,outside-filtered-American-60-80
virama,4,outside-filtered-American-60-80
virgate,4,larger-level-not-approved
virid,4,larger-level-not-approved
virii,4,outside-filtered-American-60-80
virilia,4,outside-filtered-American-60-80
vis,4,outside-filtered-American-60-80
visarga,4,outside-filtered-American-60-80
vive,3,larger-level-not-approved
viverra,4,outside-filtered-American-60-80
vixenly,4,larger-level-not-approved
vizard,4,larger-level-not-approved
voces,4,outside-filtered-American-60-80
vodcast,4,outside-filtered-American-60-80
voider,4,larger-level-not-approved
vol,4,outside-filtered-American-60-80
volar,4,larger-level-not-approved
vols,4,outside-filtered-American-60-80
volta,3,larger-level-not-approved
vom,4,outside-filtered-American-60-80
vomer,4,larger-level-not-approved
vor,4,outside-filtered-American-60-80
votator,4,outside-filtered-American-60-80
vox,4,outside-filtered-American-60-80
vrata,4,outside-filtered-American-60-80
vulnus,4,outside-filtered-American-60-80
vum,4,larger-level-not-approved
vurp,4,outside-filtered-American-60-80
waag,4,outside-filtered-American-60-80
wabbit,4,larger-level-not-approved
wacke,4,larger-level-not-approved
wadmal,4,larger-level-not-approved
wahy,4,outside-filtered-American-60-80
wai,4,outside-filtered-American-60-80
waka,4,outside-filtered-American-60-80
wald,4,outside-filtered-American-60-80
waldo,4,larger-level-not-approved
waler,4,larger-level-not-approved
walkman,4,outside-filtered-American-60-80
wampee,4,outside-filtered-American-60-80
wang,3,outside-filtered-American-60-80
wanghee,4,outside-filtered-American-60-80
wanned,4,larger-level-not-approved
waragi,4,outside-filtered-American-60-80
warez,4,larger-level-not-approved
wari,4,outside-filtered-American-60-80
warling,4,outside-filtered-American-60-80
warper,4,larger-level-not-approved
wast,4,larger-level-not-approved
wat,3,larger-level-not-approved
waw,4,larger-level-not-approved
waymark,4,larger-level-not-approved
wazzock,4,outside-filtered-American-60-80
weald,4,larger-level-not-approved
wealh,4,outside-filtered-American-60-80
weber,3,larger-level-not-approved
webmag,4,outside-filtered-American-60-80
webmail,4,outside-filtered-American-60-80
webpage,4,outside-filtered-American-60-80
welch,3,outside-filtered-American-60-80
welcher,4,larger-level-not-approved
wem,4,outside-filtered-American-60-80
wer,4,outside-filtered-American-60-80
wergeld,4,larger-level-not-approved
wert,4,larger-level-not-approved
wester,4,larger-level-not-approved
wether,3,larger-level-not-approved
wetted,4,outside-filtered-American-60-80
wey,4,outside-filtered-American-60-80
whacky,4,outside-filtered-American-60-80
whare,4,outside-filtered-American-60-80
whiffy,4,larger-level-not-approved
whig,3,larger-level-not-approved
whirr,4,outside-filtered-American-60-80
whisky,3,outside-filtered-American-60-80
whomp,4,larger-level-not-approved
whump,4,larger-level-not-approved
wickiup,4,larger-level-not-approved
widdle,4,outside-filtered-American-60-80
wigger,4,outside-filtered-American-60-80
wikify,4,outside-filtered-American-60-80
wilco,4,larger-level-not-approved
wilding,4,larger-level-not-approved
wilful,3,outside-filtered-American-60-80
willie,3,outside-filtered-American-60-80
wimmin,4,larger-level-not-approved
windle,4,outside-filtered-American-60-80
wisent,4,larger-level-not-approved
wite,4,larger-level-not-approved
withy,4,larger-level-not-approved
witing,4,larger-level-not-approved
woggle,4,outside-filtered-American-60-80
wolfdog,4,outside-filtered-American-60-80
womyn,4,larger-level-not-approved
wonga,4,larger-level-not-approved
woollen,4,outside-filtered-American-60-80
wooly,4,outside-filtered-American-60-80
woomera,4,larger-level-not-approved
wootz,4,outside-filtered-American-60-80
wuffo,4,outside-filtered-American-60-80
wynn,3,larger-level-not-approved
wyrd,4,outside-filtered-American-60-80
wyrm,4,outside-filtered-American-60-80
wyvern,4,larger-level-not-approved
xanthic,4,larger-level-not-approved
xenium,4,outside-filtered-American-60-80
xiphias,4,outside-filtered-American-60-80
xiphoid,4,larger-level-not-approved
xylitol,4,larger-level-not-approved
xylose,4,larger-level-not-approved
xylyl,4,outside-filtered-American-60-80
xyster,4,larger-level-not-approved
yaar,4,larger-level-not-approved
yabby,4,outside-filtered-American-60-80
yah,3,larger-level-not-approved
yakka,4,larger-level-not-approved
yanqui,4,larger-level-not-approved
yappy,4,larger-level-not-approved
yardang,4,outside-filtered-American-60-80
yarder,4,larger-level-not-approved
yate,4,outside-filtered-American-60-80
yawp,4,larger-level-not-approved
yay,4,larger-level-not-approved
yeh,4,outside-filtered-American-60-80
yelm,4,outside-filtered-American-60-80
yenta,4,larger-level-not-approved
yessir,4,larger-level-not-approved
yiff,4,outside-filtered-American-60-80
yiffed,4,outside-filtered-American-60-80
yiffer,4,outside-filtered-American-60-80
yiffing,4,outside-filtered-American-60-80
yiffs,4,outside-filtered-American-60-80
yiffy,4,outside-filtered-American-60-80
yill,4,outside-filtered-American-60-80
yippie,4,larger-level-not-approved
yode,4,outside-filtered-American-60-80
yodh,4,larger-level-not-approved
yogh,4,larger-level-not-approved
yogini,4,larger-level-not-approved
yoink,4,outside-filtered-American-60-80
yola,4,outside-filtered-American-60-80
yond,4,larger-level-not-approved
yoni,4,larger-level-not-approved
yonic,4,larger-level-not-approved
yoof,4,larger-level-not-approved
yoohoo,4,outside-filtered-American-60-80
york,1,outside-filtered-American-60-80
yorker,3,outside-filtered-American-60-80
yous,3,outside-filtered-American-60-80
youse,4,larger-level-not-approved
yowie,4,outside-filtered-American-60-80
yoyo,4,outside-filtered-American-60-80
yuca,4,larger-level-not-approved
yumi,4,outside-filtered-American-60-80
yute,4,outside-filtered-American-60-80
zacate,4,outside-filtered-American-60-80
zadakat,4,outside-filtered-American-60-80
zaffre,4,outside-filtered-American-60-80
zaftig,4,larger-level-not-approved
zag,4,larger-level-not-approved
zaire,4,larger-level-not-approved
zak,4,outside-filtered-American-60-80
zakat,4,larger-level-not-approved
zampone,4,outside-filtered-American-60-80
zander,4,larger-level-not-approved
zanja,4,outside-filtered-American-60-80
zar,4,outside-filtered-American-60-80
zas,4,larger-level-not-approved
zax,4,larger-level-not-approved
zayin,4,larger-level-not-approved
zazen,4,larger-level-not-approved
zebec,4,larger-level-not-approved
zebeck,4,larger-level-not-approved
zeedonk,4,outside-filtered-American-60-80
zein,4,larger-level-not-approved
zelkova,4,larger-level-not-approved
zenzic,4,outside-filtered-American-60-80
zeon,4,outside-filtered-American-60-80
zeroth,4,larger-level-not-approved
zester,4,larger-level-not-approved
zho,4,larger-level-not-approved
zig,3,larger-level-not-approved
zij,4,outside-filtered-American-60-80
zimarra,4,outside-filtered-American-60-80
zincite,4,larger-level-not-approved
zinco,4,outside-filtered-American-60-80
zineb,4,larger-level-not-approved
zingaro,4,larger-level-not-approved
zio,4,outside-filtered-American-60-80
zittern,4,outside-filtered-American-60-80
zizz,4,outside-filtered-American-60-80
zobo,4,outside-filtered-American-60-80
zoccolo,4,outside-filtered-American-60-80
zombi,4,outside-filtered-American-60-80
zombify,4,larger-level-not-approved
zombis,4,outside-filtered-American-60-80
zona,4,outside-filtered-American-60-80
zoner,4,larger-level-not-approved
zoners,4,larger-level-not-approved
zonk,4,larger-level-not-approved
zonker,4,outside-filtered-American-60-80
zonkers,4,outside-filtered-American-60-80
zonking,4,larger-level-not-approved
zonks,4,larger-level-not-approved
zony,4,outside-filtered-American-60-80
zoopsia,4,outside-filtered-American-60-80
zootomy,4,larger-level-not-approved
zoppo,4,outside-filtered-American-60-80
zorb,4,outside-filtered-American-60-80
zorched,4,larger-level-not-approved
zorro,3,outside-filtered-American-60-80
zorse,4,outside-filtered-American-60-80
zotheca,4,outside-filtered-American-60-80
zouk,4,larger-level-not-approved
zoysia,4,larger-level-not-approved
zufolo,4,outside-filtered-American-60-80
zulm,4,outside-filtered-American-60-80
zulu,3,outside-filtered-American-60-80
zuppa,4,outside-filtered-American-60-80
zygoma,4,larger-level-not-approved
zymase,4,larger-level-not-approved
