word,esdb_level,definition_source,rarity_basis,lemma
aah,60,cleaned-dictionary,preserved,
aback,60,cleaned-dictionary,preserved,
abacus,60,cleaned-dictionary,preserved,
abaft,60,cleaned-dictionary,preserved,
abalone,60,cleaned-dictionary,preserved,
abandon,60,cleaned-dictionary,preserved,
abase,60,cleaned-dictionary,preserved,
abased,60,cleaned-dictionary,preserved,
abases,60,esdb-inflection,inherited-from-lemma,abase
abash,60,cleaned-dictionary,preserved,
abashed,60,cleaned-dictionary,preserved,
abashes,60,esdb-inflection,inherited-from-lemma,abash
abasing,60,cleaned-dictionary,preserved,
abate,60,cleaned-dictionary,preserved,
abated,60,cleaned-dictionary,preserved,
abates,60,cleaned-dictionary,preserved,
abating,60,cleaned-dictionary,preserved,
abbe,60,cleaned-dictionary,preserved,
abbes,60,esdb-inflection,inherited-from-lemma,abbe
abbess,60,cleaned-dictionary,preserved,
abbey,60,cleaned-dictionary,preserved,
abbeys,60,cleaned-dictionary,preserved,
abbot,60,cleaned-dictionary,preserved,
abbots,60,cleaned-dictionary,preserved,
abdomen,60,cleaned-dictionary,preserved,
abduct,60,cleaned-dictionary,preserved,
abducts,60,esdb-inflection,inherited-from-lemma,abduct
abeam,60,cleaned-dictionary,preserved,
abed,60,cleaned-dictionary,preserved,
abet,60,cleaned-dictionary,preserved,
abets,60,esdb-inflection,inherited-from-lemma,abet
abetted,60,cleaned-dictionary,preserved,
abettor,60,cleaned-dictionary,preserved,
abhor,60,cleaned-dictionary,preserved,
abhors,60,esdb-inflection,inherited-from-lemma,abhor
abide,60,cleaned-dictionary,preserved,
abides,60,esdb-inflection,inherited-from-lemma,abide
abiding,60,cleaned-dictionary,preserved,
ability,60,cleaned-dictionary,preserved,
abiotic,70,cleaned-dictionary,preserved,
abject,60,cleaned-dictionary,preserved,
abjure,60,cleaned-dictionary,preserved,
abjured,60,cleaned-dictionary,preserved,
abjurer,60,cleaned-dictionary,preserved,
abjures,60,cleaned-dictionary,preserved,
ablate,60,cleaned-dictionary,preserved,
ablated,60,cleaned-dictionary,preserved,
ablates,60,cleaned-dictionary,preserved,
ablaze,60,cleaned-dictionary,preserved,
able,60,cleaned-dictionary,preserved,
abler,60,cleaned-dictionary,preserved,
ablest,60,cleaned-dictionary,preserved,
abloom,60,cleaned-dictionary,preserved,
ably,60,cleaned-dictionary,preserved,
aboard,60,cleaned-dictionary,preserved,
abode,60,cleaned-dictionary,preserved,
abodes,60,esdb-inflection,inherited-from-lemma,abode
abolish,60,cleaned-dictionary,preserved,
abort,60,cleaned-dictionary,preserved,
aborted,60,cleaned-dictionary,preserved,
aborts,60,esdb-inflection,inherited-from-lemma,abort
abound,60,cleaned-dictionary,preserved,
abounds,60,esdb-inflection,inherited-from-lemma,abound
about,60,cleaned-dictionary,preserved,
above,60,cleaned-dictionary,preserved,
abrade,60,cleaned-dictionary,preserved,
abraded,60,esdb-inflection,inherited-from-lemma,abrade
abrades,60,esdb-inflection,inherited-from-lemma,abrade
abreast,60,cleaned-dictionary,preserved,
abridge,60,cleaned-dictionary,preserved,
abroad,60,cleaned-dictionary,preserved,
abrupt,60,cleaned-dictionary,preserved,
abs,60,cleaned-dictionary,preserved,
abscess,60,cleaned-dictionary,preserved,
abscond,60,cleaned-dictionary,preserved,
absence,60,cleaned-dictionary,preserved,
absent,60,cleaned-dictionary,preserved,
absents,60,esdb-inflection,inherited-from-lemma,absent
absolve,60,cleaned-dictionary,preserved,
absorb,60,cleaned-dictionary,preserved,
absorbs,60,esdb-inflection,inherited-from-lemma,absorb
abstain,60,cleaned-dictionary,preserved,
absurd,60,cleaned-dictionary,preserved,
abuse,60,cleaned-dictionary,preserved,
abused,60,cleaned-dictionary,preserved,
abuser,60,cleaned-dictionary,preserved,
abusers,60,cleaned-dictionary,preserved,
abuses,60,cleaned-dictionary,preserved,
abusing,60,cleaned-dictionary,preserved,
abusive,60,cleaned-dictionary,preserved,
abut,60,cleaned-dictionary,preserved,
abuts,60,cleaned-dictionary,preserved,
abutted,60,cleaned-dictionary,preserved,
abuzz,60,cleaned-dictionary,preserved,
abysmal,60,cleaned-dictionary,preserved,
abyss,60,cleaned-dictionary,preserved,
abyssal,60,cleaned-dictionary,preserved,
abysses,60,esdb-inflection,inherited-from-lemma,abyss
acacia,60,cleaned-dictionary,preserved,
acacias,60,esdb-inflection,inherited-from-lemma,acacia
academe,60,cleaned-dictionary,preserved,
academy,60,cleaned-dictionary,preserved,
accede,60,cleaned-dictionary,preserved,
acceded,60,esdb-inflection,inherited-from-lemma,accede
accedes,60,esdb-inflection,inherited-from-lemma,accede
accent,60,cleaned-dictionary,preserved,
accents,60,esdb-inflection,inherited-from-lemma,accent
accept,60,cleaned-dictionary,preserved,
accepts,60,esdb-inflection,inherited-from-lemma,accept
access,60,cleaned-dictionary,preserved,
acclaim,60,cleaned-dictionary,preserved,
accord,60,cleaned-dictionary,preserved,
accords,60,esdb-inflection,inherited-from-lemma,accord
accost,60,cleaned-dictionary,preserved,
accosts,60,esdb-inflection,inherited-from-lemma,accost
account,60,cleaned-dictionary,preserved,
accrual,60,cleaned-dictionary,preserved,
accrue,60,cleaned-dictionary,preserved,
accrued,60,esdb-inflection,inherited-from-lemma,accrue
accrues,60,esdb-inflection,inherited-from-lemma,accrue
accuse,60,cleaned-dictionary,preserved,
accused,60,cleaned-dictionary,preserved,
accuser,60,cleaned-dictionary,preserved,
accuses,60,esdb-inflection,inherited-from-lemma,accuse
ace,60,cleaned-dictionary,preserved,
aced,60,esdb-inflection,inherited-from-lemma,ace
acerbic,60,cleaned-dictionary,preserved,
aces,60,cleaned-dictionary,preserved,
acetate,60,cleaned-dictionary,preserved,
acetic,60,cleaned-dictionary,preserved,
acetone,60,cleaned-dictionary,preserved,
acetyl,60,cleaned-dictionary,preserved,
ache,60,cleaned-dictionary,preserved,
ached,60,esdb-inflection,inherited-from-lemma,ache
achene,60,cleaned-dictionary,preserved,
achenes,60,esdb-inflection,inherited-from-lemma,achene
aches,60,esdb-inflection,inherited-from-lemma,ache
achieve,60,cleaned-dictionary,preserved,
aching,60,cleaned-dictionary,preserved,
achoo,60,cleaned-dictionary,preserved,
acid,60,cleaned-dictionary,preserved,
acidic,60,cleaned-dictionary,preserved,
acidify,60,cleaned-dictionary,preserved,
acidity,60,cleaned-dictionary,preserved,
acidly,60,cleaned-dictionary,preserved,
acids,60,esdb-inflection,inherited-from-lemma,acid
acing,60,esdb-inflection,inherited-from-lemma,ace
acme,60,cleaned-dictionary,preserved,
acmes,60,esdb-inflection,inherited-from-lemma,acme
acne,60,cleaned-dictionary,preserved,
acolyte,60,cleaned-dictionary,preserved,
aconite,60,cleaned-dictionary,preserved,
acorn,60,cleaned-dictionary,preserved,
acorns,60,esdb-inflection,inherited-from-lemma,acorn
acquire,60,cleaned-dictionary,preserved,
acquit,60,cleaned-dictionary,preserved,
acquits,60,esdb-inflection,inherited-from-lemma,acquit
acre,60,cleaned-dictionary,preserved,
acreage,60,editorial,provisional-editorial,
acres,60,cleaned-dictionary,preserved,
acrid,60,cleaned-dictionary,preserved,
acrider,60,esdb-inflection,inherited-from-lemma,acrid
acrobat,60,cleaned-dictionary,preserved,
acronym,60,cleaned-dictionary,preserved,
across,60,cleaned-dictionary,preserved,
acrylic,60,cleaned-dictionary,preserved,
act,60,cleaned-dictionary,preserved,
acted,60,esdb-inflection,inherited-from-lemma,act
acting,60,cleaned-dictionary,preserved,
action,60,cleaned-dictionary,preserved,
actions,60,cleaned-dictionary,preserved,
active,60,cleaned-dictionary,preserved,
actives,60,esdb-inflection,inherited-from-lemma,active
actor,60,cleaned-dictionary,preserved,
actors,60,cleaned-dictionary,preserved,
actress,60,cleaned-dictionary,preserved,
acts,60,esdb-inflection,inherited-from-lemma,act
actual,60,cleaned-dictionary,preserved,
actuary,60,cleaned-dictionary,preserved,
actuate,60,cleaned-dictionary,preserved,
acuity,60,cleaned-dictionary,preserved,
acumen,60,cleaned-dictionary,preserved,
acute,60,cleaned-dictionary,preserved,
acutely,60,cleaned-dictionary,preserved,
acuter,60,esdb-inflection,inherited-from-lemma,acute
acutes,60,esdb-inflection,inherited-from-lemma,acute
acutest,60,esdb-inflection,inherited-from-lemma,acute
acyl,60,cleaned-dictionary,preserved,
adage,60,cleaned-dictionary,preserved,
adages,60,esdb-inflection,inherited-from-lemma,adage
adagio,60,cleaned-dictionary,preserved,
adagios,60,esdb-inflection,inherited-from-lemma,adagio
adamant,60,cleaned-dictionary,preserved,
adapt,60,cleaned-dictionary,preserved,
adapted,60,cleaned-dictionary,preserved,
adapter,60,cleaned-dictionary,preserved,
adapts,60,esdb-inflection,inherited-from-lemma,adapt
add,60,cleaned-dictionary,preserved,
addable,60,cleaned-dictionary,preserved,
added,60,cleaned-dictionary,preserved,
addend,60,cleaned-dictionary,preserved,
addenda,60,cleaned-dictionary,preserved,
addends,60,esdb-inflection,inherited-from-lemma,addend
adder,60,cleaned-dictionary,preserved,
adders,60,esdb-inflection,inherited-from-lemma,adder
addict,60,cleaned-dictionary,preserved,
addicts,60,esdb-inflection,inherited-from-lemma,addict
adding,60,cleaned-dictionary,preserved,
addle,60,cleaned-dictionary,preserved,
addled,60,esdb-inflection,inherited-from-lemma,addle
addles,60,esdb-inflection,inherited-from-lemma,addle
addling,60,esdb-inflection,inherited-from-lemma,addle
address,60,cleaned-dictionary,preserved,
adds,60,esdb-inflection,inherited-from-lemma,add
adduce,60,cleaned-dictionary,preserved,
adduced,60,esdb-inflection,inherited-from-lemma,adduce
adduces,60,esdb-inflection,inherited-from-lemma,adduce
adenine,60,cleaned-dictionary,preserved,
adenoid,60,cleaned-dictionary,preserved,
adept,60,cleaned-dictionary,preserved,
adepts,60,esdb-inflection,inherited-from-lemma,adept
adhere,60,cleaned-dictionary,preserved,
adhered,60,cleaned-dictionary,preserved,
adheres,60,esdb-inflection,inherited-from-lemma,adhere
adieu,60,cleaned-dictionary,preserved,
adieus,60,esdb-inflection,inherited-from-lemma,adieu
adipose,60,cleaned-dictionary,preserved,
adjoin,60,cleaned-dictionary,preserved,
adjoins,60,esdb-inflection,inherited-from-lemma,adjoin
adjourn,60,cleaned-dictionary,preserved,
adjunct,60,cleaned-dictionary,preserved,
adjust,60,cleaned-dictionary,preserved,
adjusts,60,esdb-inflection,inherited-from-lemma,adjust
admin,60,cleaned-dictionary,preserved,
admiral,60,cleaned-dictionary,preserved,
admire,60,cleaned-dictionary,preserved,
admired,60,cleaned-dictionary,preserved,
admirer,60,cleaned-dictionary,preserved,
admires,60,esdb-inflection,inherited-from-lemma,admire
admit,60,cleaned-dictionary,preserved,
admits,60,esdb-inflection,inherited-from-lemma,admit
admix,60,cleaned-dictionary,preserved,
admixed,60,esdb-inflection,inherited-from-lemma,admix
admixes,60,esdb-inflection,inherited-from-lemma,admix
ado,60,cleaned-dictionary,preserved,
adobe,60,cleaned-dictionary,preserved,
adobes,60,esdb-inflection,inherited-from-lemma,adobe
adopt,60,cleaned-dictionary,preserved,
adopted,60,cleaned-dictionary,preserved,
adoptee,60,cleaned-dictionary,preserved,
adopts,60,esdb-inflection,inherited-from-lemma,adopt
adore,60,cleaned-dictionary,preserved,
adored,60,cleaned-dictionary,preserved,
adores,60,esdb-inflection,inherited-from-lemma,adore
adoring,60,esdb-inflection,inherited-from-lemma,adore
adorn,60,cleaned-dictionary,preserved,
adorned,60,esdb-inflection,inherited-from-lemma,adorn
adorns,60,esdb-inflection,inherited-from-lemma,adorn
adrenal,60,cleaned-dictionary,preserved,
adrift,60,cleaned-dictionary,preserved,
adroit,60,cleaned-dictionary,preserved,
adsorb,60,cleaned-dictionary,preserved,
adsorbs,60,esdb-inflection,inherited-from-lemma,adsorb
adult,60,cleaned-dictionary,preserved,
adults,60,cleaned-dictionary,preserved,
advance,60,cleaned-dictionary,preserved,
advent,60,cleaned-dictionary,preserved,
advents,60,esdb-inflection,inherited-from-lemma,advent
adverb,60,cleaned-dictionary,preserved,
adverbs,60,esdb-inflection,inherited-from-lemma,adverb
adverse,60,cleaned-dictionary,preserved,
advert,60,cleaned-dictionary,preserved,
adverts,60,esdb-inflection,inherited-from-lemma,advert
advice,60,cleaned-dictionary,preserved,
advise,60,cleaned-dictionary,preserved,
advised,60,cleaned-dictionary,preserved,
adviser,60,cleaned-dictionary,preserved,
advises,60,esdb-inflection,inherited-from-lemma,advise
advisor,60,cleaned-dictionary,preserved,
adware,60,cleaned-dictionary,preserved,
adze,60,cleaned-dictionary,preserved,
adzes,60,esdb-inflection,inherited-from-lemma,adze
aegis,60,cleaned-dictionary,preserved,
aerate,60,editorial,provisional-editorial,
aerated,60,esdb-inflection,inherited-from-lemma,aerate
aerates,60,esdb-inflection,inherited-from-lemma,aerate
aerial,60,cleaned-dictionary,preserved,
aerials,60,esdb-inflection,inherited-from-lemma,aerial
aerie,60,cleaned-dictionary,preserved,
aeries,60,esdb-inflection,inherited-from-lemma,aerie
aerobic,60,cleaned-dictionary,preserved,
aerosol,60,cleaned-dictionary,preserved,
aery,60,cleaned-dictionary,preserved,
afar,60,cleaned-dictionary,preserved,
affable,60,cleaned-dictionary,preserved,
affably,60,cleaned-dictionary,preserved,
affair,60,cleaned-dictionary,preserved,
affairs,60,cleaned-dictionary,preserved,
affect,60,cleaned-dictionary,preserved,
affects,60,esdb-inflection,inherited-from-lemma,affect
affine,60,cleaned-dictionary,preserved,
affirm,60,cleaned-dictionary,preserved,
affirms,60,esdb-inflection,inherited-from-lemma,affirm
affix,60,cleaned-dictionary,preserved,
affixed,60,esdb-inflection,inherited-from-lemma,affix
affixes,60,esdb-inflection,inherited-from-lemma,affix
afflict,60,cleaned-dictionary,preserved,
afford,60,cleaned-dictionary,preserved,
affords,60,esdb-inflection,inherited-from-lemma,afford
affray,60,cleaned-dictionary,preserved,
affrays,60,esdb-inflection,inherited-from-lemma,affray
affront,60,cleaned-dictionary,preserved,
afghan,60,cleaned-dictionary,preserved,
afghans,60,esdb-inflection,inherited-from-lemma,afghan
afire,60,cleaned-dictionary,preserved,
aflame,60,cleaned-dictionary,preserved,
afloat,60,cleaned-dictionary,preserved,
afoot,60,cleaned-dictionary,preserved,
afraid,60,cleaned-dictionary,preserved,
afresh,60,cleaned-dictionary,preserved,
aft,60,cleaned-dictionary,preserved,
after,60,cleaned-dictionary,preserved,
afters,60,esdb-inflection,inherited-from-lemma,after
again,60,cleaned-dictionary,preserved,
against,60,cleaned-dictionary,preserved,
agape,60,cleaned-dictionary,preserved,
agar,60,cleaned-dictionary,preserved,
agaric,70,cleaned-dictionary,preserved,
agate,60,cleaned-dictionary,preserved,
agates,60,esdb-inflection,inherited-from-lemma,agate
agave,60,cleaned-dictionary,preserved,
age,60,cleaned-dictionary,preserved,
aged,60,cleaned-dictionary,preserved,
ageism,60,cleaned-dictionary,preserved,
ageist,60,cleaned-dictionary,preserved,
ageists,60,esdb-inflection,inherited-from-lemma,ageist
ageless,60,cleaned-dictionary,preserved,
agency,60,cleaned-dictionary,preserved,
agenda,60,cleaned-dictionary,preserved,
agendas,60,esdb-inflection,inherited-from-lemma,agenda
agent,60,cleaned-dictionary,preserved,
agents,60,cleaned-dictionary,preserved,
ages,60,cleaned-dictionary,preserved,
aggro,60,cleaned-dictionary,preserved,
aghast,60,cleaned-dictionary,preserved,
agile,60,cleaned-dictionary,preserved,
agility,60,cleaned-dictionary,preserved,
aging,60,cleaned-dictionary,preserved,
agings,60,esdb-inflection,inherited-from-lemma,aging
agitate,60,cleaned-dictionary,preserved,
aglow,60,cleaned-dictionary,preserved,
ago,60,cleaned-dictionary,preserved,
agog,60,cleaned-dictionary,preserved,
agonies,60,esdb-inflection,inherited-from-lemma,agony
agonist,60,cleaned-dictionary,preserved,
agonize,60,cleaned-dictionary,preserved,
agony,60,cleaned-dictionary,preserved,
agree,60,cleaned-dictionary,preserved,
agreed,60,cleaned-dictionary,preserved,
agrees,60,cleaned-dictionary,preserved,
aground,60,cleaned-dictionary,preserved,
ague,60,cleaned-dictionary,preserved,
aha,60,editorial,provisional-editorial,
ahead,60,cleaned-dictionary,preserved,
ahem,60,cleaned-dictionary,preserved,
ahoy,60,cleaned-dictionary,preserved,
aid,60,cleaned-dictionary,preserved,
aide,60,cleaned-dictionary,preserved,
aided,60,esdb-inflection,inherited-from-lemma,aid
aides,60,esdb-inflection,inherited-from-lemma,aide
aiding,60,esdb-inflection,inherited-from-lemma,aid
aids,60,cleaned-dictionary,preserved,
ail,60,cleaned-dictionary,preserved,
ailed,60,esdb-inflection,inherited-from-lemma,ail
aileron,60,cleaned-dictionary,preserved,
ailing,60,esdb-inflection,inherited-from-lemma,ail
ailment,60,cleaned-dictionary,preserved,
ails,60,esdb-inflection,inherited-from-lemma,ail
aim,60,cleaned-dictionary,preserved,
aimed,60,esdb-inflection,inherited-from-lemma,aim
aiming,60,esdb-inflection,inherited-from-lemma,aim
aimless,60,cleaned-dictionary,preserved,
aims,60,cleaned-dictionary,preserved,
air,60,cleaned-dictionary,preserved,
airbag,60,cleaned-dictionary,preserved,
airbags,60,esdb-inflection,inherited-from-lemma,airbag
airbed,60,editorial,provisional-editorial,
airbeds,60,esdb-inflection,inherited-from-lemma,airbed
aircrew,60,cleaned-dictionary,preserved,
airdrop,60,cleaned-dictionary,preserved,
aired,60,esdb-inflection,inherited-from-lemma,air
airfare,60,editorial,provisional-editorial,
airflow,60,editorial,provisional-editorial,
airfoil,60,cleaned-dictionary,preserved,
airgun,60,cleaned-dictionary,preserved,
airguns,60,esdb-inflection,inherited-from-lemma,airgun
airier,60,esdb-inflection,inherited-from-lemma,airy
airiest,60,esdb-inflection,inherited-from-lemma,airy
airily,60,cleaned-dictionary,preserved,
airing,60,cleaned-dictionary,preserved,
airings,60,esdb-inflection,inherited-from-lemma,airing
airless,60,cleaned-dictionary,preserved,
airlift,60,cleaned-dictionary,preserved,
airline,60,cleaned-dictionary,preserved,
airlock,60,cleaned-dictionary,preserved,
airmail,60,cleaned-dictionary,preserved,
airman,60,cleaned-dictionary,preserved,
airmen,60,esdb-inflection,inherited-from-lemma,airman
airplay,60,editorial,provisional-editorial,
airport,60,cleaned-dictionary,preserved,
airs,60,cleaned-dictionary,preserved,
airship,60,cleaned-dictionary,preserved,
airshow,60,editorial,provisional-editorial,
airsick,60,cleaned-dictionary,preserved,
airtime,60,cleaned-dictionary,preserved,
airway,60,cleaned-dictionary,preserved,
airways,60,esdb-inflection,inherited-from-lemma,airway
airy,60,cleaned-dictionary,preserved,
aisle,60,editorial,provisional-editorial,
aisles,60,esdb-inflection,inherited-from-lemma,aisle
aitch,60,cleaned-dictionary,preserved,
aitches,60,esdb-inflection,inherited-from-lemma,aitch
ajar,60,cleaned-dictionary,preserved,
akimbo,60,cleaned-dictionary,preserved,
akin,60,cleaned-dictionary,preserved,
alarm,60,cleaned-dictionary,preserved,
alarmed,60,esdb-inflection,inherited-from-lemma,alarm
alarms,60,esdb-inflection,inherited-from-lemma,alarm
alas,60,cleaned-dictionary,preserved,
alb,60,cleaned-dictionary,preserved,
albedo,70,cleaned-dictionary,preserved,
albeit,60,cleaned-dictionary,preserved,
albino,60,cleaned-dictionary,preserved,
albinos,60,esdb-inflection,inherited-from-lemma,albino
albs,60,esdb-inflection,inherited-from-lemma,alb
album,60,cleaned-dictionary,preserved,
albumen,60,cleaned-dictionary,preserved,
albumin,60,cleaned-dictionary,preserved,
albums,60,esdb-inflection,inherited-from-lemma,album
alchemy,60,cleaned-dictionary,preserved,
alcohol,60,cleaned-dictionary,preserved,
alcove,60,cleaned-dictionary,preserved,
alcoves,60,esdb-inflection,inherited-from-lemma,alcove
alder,60,cleaned-dictionary,preserved,
alders,60,esdb-inflection,inherited-from-lemma,alder
ale,60,cleaned-dictionary,preserved,
alembic,60,cleaned-dictionary,preserved,
alert,60,cleaned-dictionary,preserved,
alerted,60,esdb-inflection,inherited-from-lemma,alert
ales,60,esdb-inflection,inherited-from-lemma,ale
alewife,60,cleaned-dictionary,preserved,
alfalfa,60,editorial,provisional-editorial,
alga,60,cleaned-dictionary,preserved,
algae,60,cleaned-dictionary,preserved,
algal,60,cleaned-dictionary,preserved,
algebra,60,cleaned-dictionary,preserved,
alias,60,cleaned-dictionary,preserved,
aliased,60,esdb-inflection,inherited-from-lemma,alias
alibi,60,cleaned-dictionary,preserved,
alibied,60,esdb-inflection,inherited-from-lemma,alibi
alibis,60,esdb-inflection,inherited-from-lemma,alibi
alien,60,cleaned-dictionary,preserved,
aliens,60,esdb-inflection,inherited-from-lemma,alien
alight,60,cleaned-dictionary,preserved,
alights,60,esdb-inflection,inherited-from-lemma,alight
align,60,cleaned-dictionary,preserved,
aligned,60,cleaned-dictionary,preserved,
aligns,60,esdb-inflection,inherited-from-lemma,align
alike,60,cleaned-dictionary,preserved,
aliment,60,cleaned-dictionary,preserved,
alimony,60,cleaned-dictionary,preserved,
alive,60,cleaned-dictionary,preserved,
alkali,60,cleaned-dictionary,preserved,
all,60,cleaned-dictionary,preserved,
allay,60,cleaned-dictionary,preserved,
allayed,60,esdb-inflection,inherited-from-lemma,allay
allays,60,esdb-inflection,inherited-from-lemma,allay
allege,60,cleaned-dictionary,preserved,
alleged,60,cleaned-dictionary,preserved,
alleges,60,esdb-inflection,inherited-from-lemma,allege
allegro,60,cleaned-dictionary,preserved,
allele,60,cleaned-dictionary,preserved,
alleles,60,esdb-inflection,inherited-from-lemma,allele
allergy,60,cleaned-dictionary,preserved,
alley,60,cleaned-dictionary,preserved,
alleys,60,esdb-inflection,inherited-from-lemma,alley
allied,60,cleaned-dictionary,preserved,
allies,60,esdb-inflection,inherited-from-lemma,ally
allium,70,cleaned-dictionary,preserved,
allot,60,cleaned-dictionary,preserved,
allots,60,esdb-inflection,inherited-from-lemma,allot
allow,60,cleaned-dictionary,preserved,
allowed,60,cleaned-dictionary,preserved,
allows,60,cleaned-dictionary,preserved,
alloy,60,cleaned-dictionary,preserved,
alloyed,60,cleaned-dictionary,preserved,
alloys,60,cleaned-dictionary,preserved,
allude,60,cleaned-dictionary,preserved,
alluded,60,esdb-inflection,inherited-from-lemma,allude
alludes,60,esdb-inflection,inherited-from-lemma,allude
allure,60,cleaned-dictionary,preserved,
allured,60,esdb-inflection,inherited-from-lemma,allure
allures,60,esdb-inflection,inherited-from-lemma,allure
ally,60,cleaned-dictionary,preserved,
allying,60,esdb-inflection,inherited-from-lemma,ally
almanac,60,cleaned-dictionary,preserved,
almond,60,cleaned-dictionary,preserved,
almonds,60,esdb-inflection,inherited-from-lemma,almond
almoner,60,cleaned-dictionary,preserved,
almost,60,cleaned-dictionary,preserved,
alms,60,cleaned-dictionary,preserved,
aloe,60,cleaned-dictionary,preserved,
aloes,60,esdb-inflection,inherited-from-lemma,aloe
aloft,60,cleaned-dictionary,preserved,
aloha,60,cleaned-dictionary,preserved,
alohas,60,esdb-inflection,inherited-from-lemma,aloha
alone,60,cleaned-dictionary,preserved,
along,60,cleaned-dictionary,preserved,
aloof,60,cleaned-dictionary,preserved,
aloofly,60,cleaned-dictionary,preserved,
aloud,60,cleaned-dictionary,preserved,
alp,60,cleaned-dictionary,preserved,
alpaca,60,cleaned-dictionary,preserved,
alpacas,60,esdb-inflection,inherited-from-lemma,alpaca
alpha,60,cleaned-dictionary,preserved,
alphas,60,esdb-inflection,inherited-from-lemma,alpha
alpine,60,cleaned-dictionary,preserved,
alpines,60,esdb-inflection,inherited-from-lemma,alpine
alps,60,esdb-inflection,inherited-from-lemma,alp
already,60,cleaned-dictionary,preserved,
alright,60,cleaned-dictionary,preserved,
also,60,cleaned-dictionary,preserved,
altar,60,cleaned-dictionary,preserved,
altars,60,esdb-inflection,inherited-from-lemma,altar
alter,60,cleaned-dictionary,preserved,
altered,60,cleaned-dictionary,preserved,
alters,60,esdb-inflection,inherited-from-lemma,alter
alto,60,cleaned-dictionary,preserved,
altos,60,esdb-inflection,inherited-from-lemma,alto
alum,60,cleaned-dictionary,preserved,
alumna,60,cleaned-dictionary,preserved,
alumnae,60,esdb-inflection,inherited-from-lemma,alumna
alumni,60,cleaned-dictionary,preserved,
alumnus,60,cleaned-dictionary,preserved,
alums,60,esdb-inflection,inherited-from-lemma,alum
always,60,cleaned-dictionary,preserved,
amalgam,60,cleaned-dictionary,preserved,
amass,60,cleaned-dictionary,preserved,
amassed,60,esdb-inflection,inherited-from-lemma,amass
amasses,60,esdb-inflection,inherited-from-lemma,amass
amateur,60,cleaned-dictionary,preserved,
amatory,60,cleaned-dictionary,preserved,
amaze,60,cleaned-dictionary,preserved,
amazed,60,cleaned-dictionary,preserved,
amazes,60,esdb-inflection,inherited-from-lemma,amaze
amazing,60,cleaned-dictionary,preserved,
amazon,60,cleaned-dictionary,preserved,
amazons,60,esdb-inflection,inherited-from-lemma,amazon
amber,60,cleaned-dictionary,preserved,
ambient,60,cleaned-dictionary,preserved,
ambit,60,cleaned-dictionary,preserved,
amble,60,cleaned-dictionary,preserved,
ambled,60,esdb-inflection,inherited-from-lemma,amble
ambler,60,cleaned-dictionary,preserved,
amblers,60,esdb-inflection,inherited-from-lemma,ambler
ambles,60,esdb-inflection,inherited-from-lemma,amble
ambling,60,esdb-inflection,inherited-from-lemma,amble
ambush,60,cleaned-dictionary,preserved,
amen,60,cleaned-dictionary,preserved,
amend,60,cleaned-dictionary,preserved,
amended,60,cleaned-dictionary,preserved,
amends,60,cleaned-dictionary,preserved,
amenity,60,cleaned-dictionary,preserved,
amiable,60,cleaned-dictionary,preserved,
amid,60,cleaned-dictionary,preserved,
amide,60,cleaned-dictionary,preserved,
amides,60,esdb-inflection,inherited-from-lemma,amide
amigo,60,cleaned-dictionary,preserved,
amigos,60,esdb-inflection,inherited-from-lemma,amigo
amine,60,cleaned-dictionary,preserved,
amines,60,esdb-inflection,inherited-from-lemma,amine
amino,60,cleaned-dictionary,preserved,
amiss,60,cleaned-dictionary,preserved,
amity,60,cleaned-dictionary,preserved,
ammo,60,cleaned-dictionary,preserved,
ammonia,60,cleaned-dictionary,preserved,
amnesia,60,cleaned-dictionary,preserved,
amnesty,60,cleaned-dictionary,preserved,
amnion,60,cleaned-dictionary,preserved,
amnions,60,esdb-inflection,inherited-from-lemma,amnion
amoeba,60,cleaned-dictionary,preserved,
amoebas,60,esdb-inflection,inherited-from-lemma,amoeba
amok,60,cleaned-dictionary,preserved,
among,60,cleaned-dictionary,preserved,
amoral,60,cleaned-dictionary,preserved,
amorous,60,cleaned-dictionary,preserved,
amount,60,cleaned-dictionary,preserved,
amounts,60,cleaned-dictionary,preserved,
amour,60,cleaned-dictionary,preserved,
amours,60,esdb-inflection,inherited-from-lemma,amour
amp,60,cleaned-dictionary,preserved,
ampere,60,cleaned-dictionary,preserved,
amperes,60,esdb-inflection,inherited-from-lemma,ampere
amphora,60,cleaned-dictionary,preserved,
ample,60,cleaned-dictionary,preserved,
ampler,60,esdb-inflection,inherited-from-lemma,ample
amplest,60,esdb-inflection,inherited-from-lemma,ample
amplify,60,cleaned-dictionary,preserved,
amply,60,cleaned-dictionary,preserved,
amps,60,esdb-inflection,inherited-from-lemma,amp
amputee,60,cleaned-dictionary,preserved,
amulet,60,cleaned-dictionary,preserved,
amulets,60,esdb-inflection,inherited-from-lemma,amulet
amuse,60,cleaned-dictionary,preserved,
amused,60,cleaned-dictionary,preserved,
amuses,60,esdb-inflection,inherited-from-lemma,amuse
amusing,60,esdb-inflection,inherited-from-lemma,amuse
amylase,60,cleaned-dictionary,preserved,
amyloid,60,cleaned-dictionary,preserved,
anagram,60,cleaned-dictionary,preserved,
anal,60,cleaned-dictionary,preserved,
anally,60,cleaned-dictionary,preserved,
analog,60,cleaned-dictionary,preserved,
analogs,60,esdb-inflection,inherited-from-lemma,analog
analogy,60,cleaned-dictionary,preserved,
analyst,60,cleaned-dictionary,preserved,
analyze,60,cleaned-dictionary,preserved,
anapest,60,cleaned-dictionary,preserved,
anarchy,60,cleaned-dictionary,preserved,
anatomy,60,cleaned-dictionary,preserved,
anchor,60,cleaned-dictionary,preserved,
anchors,60,esdb-inflection,inherited-from-lemma,anchor
anchovy,60,cleaned-dictionary,preserved,
ancient,60,cleaned-dictionary,preserved,
and,60,cleaned-dictionary,preserved,
andante,60,cleaned-dictionary,preserved,
andiron,60,cleaned-dictionary,preserved,
android,60,cleaned-dictionary,preserved,
anemia,60,cleaned-dictionary,preserved,
anemic,60,cleaned-dictionary,preserved,
anemone,60,cleaned-dictionary,preserved,
anent,60,cleaned-dictionary,preserved,
anew,60,cleaned-dictionary,preserved,
angel,60,cleaned-dictionary,preserved,
angelic,60,cleaned-dictionary,preserved,
angels,60,cleaned-dictionary,preserved,
anger,60,cleaned-dictionary,preserved,
angered,60,esdb-inflection,inherited-from-lemma,anger
angers,60,esdb-inflection,inherited-from-lemma,anger
angina,60,cleaned-dictionary,preserved,
angle,60,cleaned-dictionary,preserved,
angled,60,esdb-inflection,inherited-from-lemma,angle
angler,60,cleaned-dictionary,preserved,
anglers,60,esdb-inflection,inherited-from-lemma,angler
angles,60,cleaned-dictionary,preserved,
angling,60,esdb-inflection,inherited-from-lemma,angle
angrier,60,esdb-inflection,inherited-from-lemma,angry
angrily,60,cleaned-dictionary,preserved,
angry,60,cleaned-dictionary,preserved,
angst,60,cleaned-dictionary,preserved,
anguish,60,cleaned-dictionary,preserved,
angular,60,cleaned-dictionary,preserved,
aniline,60,cleaned-dictionary,preserved,
animal,60,cleaned-dictionary,preserved,
animals,60,cleaned-dictionary,preserved,
animate,60,cleaned-dictionary,preserved,
anime,60,cleaned-dictionary,preserved,
animist,60,cleaned-dictionary,preserved,
animus,60,cleaned-dictionary,preserved,
anion,60,cleaned-dictionary,preserved,
anions,60,esdb-inflection,inherited-from-lemma,anion
anise,60,cleaned-dictionary,preserved,
aniseed,60,cleaned-dictionary,preserved,
ankh,60,cleaned-dictionary,preserved,
ankhs,60,cleaned-dictionary,preserved,
ankle,60,cleaned-dictionary,preserved,
ankles,60,esdb-inflection,inherited-from-lemma,ankle
anklet,60,cleaned-dictionary,preserved,
anklets,60,esdb-inflection,inherited-from-lemma,anklet
annals,60,cleaned-dictionary,preserved,
anneal,60,cleaned-dictionary,preserved,
anneals,60,esdb-inflection,inherited-from-lemma,anneal
annelid,60,cleaned-dictionary,preserved,
annex,60,cleaned-dictionary,preserved,
annexed,60,esdb-inflection,inherited-from-lemma,annex
annexes,60,esdb-inflection,inherited-from-lemma,annex
annoy,60,cleaned-dictionary,preserved,
annoyed,60,cleaned-dictionary,preserved,
annoys,60,esdb-inflection,inherited-from-lemma,annoy
annual,60,cleaned-dictionary,preserved,
annuals,60,esdb-inflection,inherited-from-lemma,annual
annuity,60,cleaned-dictionary,preserved,
annul,60,cleaned-dictionary,preserved,
annuli,60,esdb-inflection,inherited-from-lemma,annulus
annuls,60,esdb-inflection,inherited-from-lemma,annul
annulus,60,cleaned-dictionary,preserved,
anode,60,cleaned-dictionary,preserved,
anodes,60,esdb-inflection,inherited-from-lemma,anode
anodyne,60,cleaned-dictionary,preserved,
anoint,60,cleaned-dictionary,preserved,
anoints,60,esdb-inflection,inherited-from-lemma,anoint
anomaly,60,cleaned-dictionary,preserved,
anomie,70,cleaned-dictionary,preserved,
anon,60,cleaned-dictionary,preserved,
anorak,60,cleaned-dictionary,preserved,
anoraks,60,esdb-inflection,inherited-from-lemma,anorak
another,60,cleaned-dictionary,preserved,
answer,60,cleaned-dictionary,preserved,
answers,60,cleaned-dictionary,preserved,
ant,60,cleaned-dictionary,preserved,
antacid,60,cleaned-dictionary,preserved,
ante,60,cleaned-dictionary,preserved,
anted,60,esdb-inflection,inherited-from-lemma,ante
anteing,60,esdb-inflection,inherited-from-lemma,ante
antenna,60,cleaned-dictionary,preserved,
antes,60,cleaned-dictionary,preserved,
anthem,60,cleaned-dictionary,preserved,
anthems,60,esdb-inflection,inherited-from-lemma,anthem
anther,60,cleaned-dictionary,preserved,
anthers,60,esdb-inflection,inherited-from-lemma,anther
anthill,60,editorial,provisional-editorial,
anthrax,60,cleaned-dictionary,preserved,
anti,60,cleaned-dictionary,preserved,
antic,60,cleaned-dictionary,preserved,
antics,60,esdb-inflection,inherited-from-lemma,antic
antigen,60,cleaned-dictionary,preserved,
antique,60,cleaned-dictionary,preserved,
antis,60,esdb-inflection,inherited-from-lemma,anti
antiwar,60,cleaned-dictionary,preserved,
antler,60,cleaned-dictionary,preserved,
antlers,60,esdb-inflection,inherited-from-lemma,antler
antonym,60,cleaned-dictionary,preserved,
ants,60,esdb-inflection,inherited-from-lemma,ant
anus,60,cleaned-dictionary,preserved,
anuses,60,esdb-inflection,inherited-from-lemma,anus
anvil,60,cleaned-dictionary,preserved,
anvils,60,esdb-inflection,inherited-from-lemma,anvil
anxiety,60,cleaned-dictionary,preserved,
anxious,60,cleaned-dictionary,preserved,
any,60,cleaned-dictionary,preserved,
anybody,60,cleaned-dictionary,preserved,
anyhow,60,cleaned-dictionary,preserved,
anymore,60,cleaned-dictionary,preserved,
anyone,60,cleaned-dictionary,preserved,
anytime,60,cleaned-dictionary,preserved,
anyway,60,cleaned-dictionary,preserved,
aorta,60,cleaned-dictionary,preserved,
aortas,60,esdb-inflection,inherited-from-lemma,aorta
aortic,60,cleaned-dictionary,preserved,
apace,60,cleaned-dictionary,preserved,
apart,60,cleaned-dictionary,preserved,
apathy,60,cleaned-dictionary,preserved,
ape,60,cleaned-dictionary,preserved,
aped,60,esdb-inflection,inherited-from-lemma,ape
apes,60,cleaned-dictionary,preserved,
apex,60,cleaned-dictionary,preserved,
apexes,60,esdb-inflection,inherited-from-lemma,apex
aphasia,60,cleaned-dictionary,preserved,
aphid,60,cleaned-dictionary,preserved,
aphids,60,esdb-inflection,inherited-from-lemma,aphid
apiary,60,cleaned-dictionary,preserved,
apiece,60,cleaned-dictionary,preserved,
aping,60,esdb-inflection,inherited-from-lemma,ape
aplomb,60,cleaned-dictionary,preserved,
apogee,60,cleaned-dictionary,preserved,
apogees,60,esdb-inflection,inherited-from-lemma,apogee
apology,60,cleaned-dictionary,preserved,
apostle,60,cleaned-dictionary,preserved,
app,60,cleaned-dictionary,preserved,
appall,60,cleaned-dictionary,preserved,
appalls,60,esdb-inflection,inherited-from-lemma,appall
apparel,60,cleaned-dictionary,preserved,
appeal,60,cleaned-dictionary,preserved,
appeals,60,cleaned-dictionary,preserved,
appear,60,cleaned-dictionary,preserved,
appears,60,esdb-inflection,inherited-from-lemma,appear
appease,60,cleaned-dictionary,preserved,
append,60,cleaned-dictionary,preserved,
appends,60,esdb-inflection,inherited-from-lemma,append
applaud,60,cleaned-dictionary,preserved,
apple,60,cleaned-dictionary,preserved,
apples,60,cleaned-dictionary,preserved,
applied,60,cleaned-dictionary,preserved,
applies,60,esdb-inflection,inherited-from-lemma,apply
apply,60,cleaned-dictionary,preserved,
appoint,60,cleaned-dictionary,preserved,
apprise,60,cleaned-dictionary,preserved,
approve,60,cleaned-dictionary,preserved,
apps,60,cleaned-dictionary,preserved,
apricot,60,cleaned-dictionary,preserved,
apron,60,cleaned-dictionary,preserved,
aprons,60,esdb-inflection,inherited-from-lemma,apron
apropos,60,cleaned-dictionary,preserved,
apse,60,cleaned-dictionary,preserved,
apses,60,esdb-inflection,inherited-from-lemma,apse
apt,60,cleaned-dictionary,preserved,
apter,60,esdb-inflection,inherited-from-lemma,apt
aptest,60,esdb-inflection,inherited-from-lemma,apt
aqua,60,cleaned-dictionary,preserved,
aquas,60,esdb-inflection,inherited-from-lemma,aqua
aquatic,60,cleaned-dictionary,preserved,
aqueous,60,cleaned-dictionary,preserved,
arabica,60,cleaned-dictionary,preserved,
arable,60,cleaned-dictionary,preserved,
arbiter,60,cleaned-dictionary,preserved,
arbor,60,cleaned-dictionary,preserved,
arbors,60,esdb-inflection,inherited-from-lemma,arbor
arc,60,cleaned-dictionary,preserved,
arcade,60,cleaned-dictionary,preserved,
arcades,60,esdb-inflection,inherited-from-lemma,arcade
arcana,60,cleaned-dictionary,preserved,
arcane,60,cleaned-dictionary,preserved,
arced,60,esdb-inflection,inherited-from-lemma,arc
arch,60,cleaned-dictionary,preserved,
archaic,60,cleaned-dictionary,preserved,
arched,60,cleaned-dictionary,preserved,
archer,60,cleaned-dictionary,preserved,
archers,60,esdb-inflection,inherited-from-lemma,archer
archery,60,cleaned-dictionary,preserved,
arches,60,esdb-inflection,inherited-from-lemma,arch
arching,60,esdb-inflection,inherited-from-lemma,arch
archive,60,cleaned-dictionary,preserved,
archway,60,editorial,provisional-editorial,
arcing,60,esdb-inflection,inherited-from-lemma,arc
arcs,60,esdb-inflection,inherited-from-lemma,arc
arctic,60,cleaned-dictionary,preserved,
arctics,60,esdb-inflection,inherited-from-lemma,arctic
ardent,60,cleaned-dictionary,preserved,
ardor,60,cleaned-dictionary,preserved,
ardors,60,esdb-inflection,inherited-from-lemma,ardor
arduous,60,cleaned-dictionary,preserved,
are,60,cleaned-dictionary,preserved,
area,60,cleaned-dictionary,preserved,
areal,60,cleaned-dictionary,preserved,
areas,60,cleaned-dictionary,preserved,
arena,60,cleaned-dictionary,preserved,
arenas,60,esdb-inflection,inherited-from-lemma,arena
ares,60,esdb-inflection,inherited-from-lemma,are
argent,60,cleaned-dictionary,preserved,
argon,60,cleaned-dictionary,preserved,
argot,60,cleaned-dictionary,preserved,
argots,60,esdb-inflection,inherited-from-lemma,argot
argue,60,cleaned-dictionary,preserved,
argued,60,cleaned-dictionary,preserved,
argues,60,esdb-inflection,inherited-from-lemma,argue
arguing,60,cleaned-dictionary,preserved,
aria,60,cleaned-dictionary,preserved,
arias,60,esdb-inflection,inherited-from-lemma,aria
arid,60,cleaned-dictionary,preserved,
aright,60,cleaned-dictionary,preserved,
aril,70,cleaned-dictionary,preserved,
arise,60,cleaned-dictionary,preserved,
arisen,60,cleaned-dictionary,preserved,
arises,60,esdb-inflection,inherited-from-lemma,arise
arising,60,cleaned-dictionary,preserved,
ark,60,cleaned-dictionary,preserved,
arks,60,esdb-inflection,inherited-from-lemma,ark
arm,60,cleaned-dictionary,preserved,
armada,60,editorial,provisional-editorial,
armadas,60,esdb-inflection,inherited-from-lemma,armada
armband,60,cleaned-dictionary,preserved,
armed,60,cleaned-dictionary,preserved,
armful,60,cleaned-dictionary,preserved,
armfuls,60,esdb-inflection,inherited-from-lemma,armful
armhole,60,cleaned-dictionary,preserved,
armies,60,cleaned-dictionary,preserved,
arming,60,esdb-inflection,inherited-from-lemma,arm
armlet,60,cleaned-dictionary,preserved,
armlets,60,esdb-inflection,inherited-from-lemma,armlet
armload,60,editorial,provisional-editorial,
armoire,60,cleaned-dictionary,preserved,
armor,60,cleaned-dictionary,preserved,
armored,60,esdb-inflection,inherited-from-lemma,armor
armors,60,esdb-inflection,inherited-from-lemma,armor
armory,60,editorial,provisional-editorial,
armpit,60,cleaned-dictionary,preserved,
armpits,60,esdb-inflection,inherited-from-lemma,armpit
armrest,60,cleaned-dictionary,preserved,
arms,60,cleaned-dictionary,preserved,
army,60,cleaned-dictionary,preserved,
aroma,60,cleaned-dictionary,preserved,
aromas,60,esdb-inflection,inherited-from-lemma,aroma
arose,60,cleaned-dictionary,preserved,
around,60,cleaned-dictionary,preserved,
aroused,60,cleaned-dictionary,preserved,
arraign,60,cleaned-dictionary,preserved,
arrange,60,cleaned-dictionary,preserved,
arrant,60,cleaned-dictionary,preserved,
arras,60,cleaned-dictionary,preserved,
arrases,60,esdb-inflection,inherited-from-lemma,arras
array,60,cleaned-dictionary,preserved,
arrayed,60,esdb-inflection,inherited-from-lemma,array
arrays,60,esdb-inflection,inherited-from-lemma,array
arrears,60,cleaned-dictionary,preserved,
arrest,60,cleaned-dictionary,preserved,
arrests,60,esdb-inflection,inherited-from-lemma,arrest
arrival,60,cleaned-dictionary,preserved,
arrive,60,cleaned-dictionary,preserved,
arrived,60,cleaned-dictionary,preserved,
arrives,60,esdb-inflection,inherited-from-lemma,arrive
arrow,60,cleaned-dictionary,preserved,
arrows,60,cleaned-dictionary,preserved,
arroyo,60,cleaned-dictionary,preserved,
arroyos,60,esdb-inflection,inherited-from-lemma,arroyo
arsenal,60,cleaned-dictionary,preserved,
arsenic,60,cleaned-dictionary,preserved,
arson,60,cleaned-dictionary,preserved,
art,60,cleaned-dictionary,preserved,
artery,60,cleaned-dictionary,preserved,
artful,60,cleaned-dictionary,preserved,
article,60,cleaned-dictionary,preserved,
artier,60,esdb-inflection,inherited-from-lemma,arty
artiest,60,esdb-inflection,inherited-from-lemma,arty
artisan,60,cleaned-dictionary,preserved,
artist,60,cleaned-dictionary,preserved,
artiste,60,cleaned-dictionary,preserved,
artists,60,cleaned-dictionary,preserved,
arts,60,cleaned-dictionary,preserved,
artwork,60,cleaned-dictionary,preserved,
arty,60,cleaned-dictionary,preserved,
arugula,60,cleaned-dictionary,preserved,
ascend,60,cleaned-dictionary,preserved,
ascends,60,esdb-inflection,inherited-from-lemma,ascend
ascent,60,editorial,provisional-editorial,
ascents,60,esdb-inflection,inherited-from-lemma,ascent
ascetic,60,cleaned-dictionary,preserved,
ascribe,60,cleaned-dictionary,preserved,
asexual,60,cleaned-dictionary,preserved,
ash,60,cleaned-dictionary,preserved,
ashamed,60,cleaned-dictionary,preserved,
ashen,60,cleaned-dictionary,preserved,
ashes,60,cleaned-dictionary,preserved,
ashier,60,esdb-inflection,inherited-from-lemma,ashy
ashiest,60,esdb-inflection,inherited-from-lemma,ashy
ashore,60,cleaned-dictionary,preserved,
ashtray,60,cleaned-dictionary,preserved,
ashy,60,cleaned-dictionary,preserved,
aside,60,cleaned-dictionary,preserved,
asides,60,esdb-inflection,inherited-from-lemma,aside
asinine,60,cleaned-dictionary,preserved,
ask,60,cleaned-dictionary,preserved,
askance,60,cleaned-dictionary,preserved,
asked,60,cleaned-dictionary,preserved,
askew,60,cleaned-dictionary,preserved,
asking,60,cleaned-dictionary,preserved,
asks,60,esdb-inflection,inherited-from-lemma,ask
asleep,60,cleaned-dictionary,preserved,
asp,60,cleaned-dictionary,preserved,
aspect,60,cleaned-dictionary,preserved,
aspects,60,cleaned-dictionary,preserved,
aspen,60,cleaned-dictionary,preserved,
aspens,60,esdb-inflection,inherited-from-lemma,aspen
asphalt,60,editorial,provisional-editorial,
aspic,60,cleaned-dictionary,preserved,
aspics,60,esdb-inflection,inherited-from-lemma,aspic
aspire,60,cleaned-dictionary,preserved,
aspired,60,esdb-inflection,inherited-from-lemma,aspire
aspires,60,esdb-inflection,inherited-from-lemma,aspire
aspirin,60,cleaned-dictionary,preserved,
asps,60,esdb-inflection,inherited-from-lemma,asp
ass,60,cleaned-dictionary,preserved,
assail,60,cleaned-dictionary,preserved,
assails,60,esdb-inflection,inherited-from-lemma,assail
assault,60,cleaned-dictionary,preserved,
assay,60,cleaned-dictionary,preserved,
assayed,60,esdb-inflection,inherited-from-lemma,assay
assays,60,esdb-inflection,inherited-from-lemma,assay
assent,60,cleaned-dictionary,preserved,
assents,60,esdb-inflection,inherited-from-lemma,assent
assert,60,cleaned-dictionary,preserved,
asserts,60,esdb-inflection,inherited-from-lemma,assert
asses,60,esdb-inflection,inherited-from-lemma,ass
assess,60,cleaned-dictionary,preserved,
asset,60,cleaned-dictionary,preserved,
assets,60,cleaned-dictionary,preserved,
assign,60,cleaned-dictionary,preserved,
assigns,60,esdb-inflection,inherited-from-lemma,assign
assist,60,cleaned-dictionary,preserved,
assists,60,esdb-inflection,inherited-from-lemma,assist
assuage,60,cleaned-dictionary,preserved,
assume,60,cleaned-dictionary,preserved,
assumed,60,cleaned-dictionary,preserved,
assumes,60,esdb-inflection,inherited-from-lemma,assume
assure,60,cleaned-dictionary,preserved,
assured,60,cleaned-dictionary,preserved,
assures,60,esdb-inflection,inherited-from-lemma,assure
aster,60,cleaned-dictionary,preserved,
astern,60,cleaned-dictionary,preserved,
asters,60,esdb-inflection,inherited-from-lemma,aster
asthma,60,cleaned-dictionary,preserved,
astral,60,cleaned-dictionary,preserved,
astray,60,cleaned-dictionary,preserved,
astride,60,cleaned-dictionary,preserved,
astute,60,cleaned-dictionary,preserved,
asunder,60,cleaned-dictionary,preserved,
asylum,60,cleaned-dictionary,preserved,
asylums,60,esdb-inflection,inherited-from-lemma,asylum
atavism,60,cleaned-dictionary,preserved,
ataxia,60,cleaned-dictionary,preserved,
ate,60,cleaned-dictionary,preserved,
atelier,60,cleaned-dictionary,preserved,
atheism,60,cleaned-dictionary,preserved,
atheist,60,cleaned-dictionary,preserved,
athlete,60,cleaned-dictionary,preserved,
athwart,60,cleaned-dictionary,preserved,
atlas,60,cleaned-dictionary,preserved,
atlases,60,esdb-inflection,inherited-from-lemma,atlas
atoll,60,cleaned-dictionary,preserved,
atolls,60,esdb-inflection,inherited-from-lemma,atoll
atom,60,cleaned-dictionary,preserved,
atomic,60,cleaned-dictionary,preserved,
atoms,60,cleaned-dictionary,preserved,
atonal,60,cleaned-dictionary,preserved,
atone,60,cleaned-dictionary,preserved,
atoned,60,esdb-inflection,inherited-from-lemma,atone
atones,60,esdb-inflection,inherited-from-lemma,atone
atoning,60,esdb-inflection,inherited-from-lemma,atone
atria,60,esdb-inflection,inherited-from-lemma,atrium
atrium,60,cleaned-dictionary,preserved,
atrophy,60,cleaned-dictionary,preserved,
attach,60,cleaned-dictionary,preserved,
attack,60,cleaned-dictionary,preserved,
attacks,60,cleaned-dictionary,preserved,
attain,60,cleaned-dictionary,preserved,
attains,60,esdb-inflection,inherited-from-lemma,attain
attempt,60,cleaned-dictionary,preserved,
attend,60,cleaned-dictionary,preserved,
attends,60,esdb-inflection,inherited-from-lemma,attend
attest,60,cleaned-dictionary,preserved,
attests,60,esdb-inflection,inherited-from-lemma,attest
attic,60,cleaned-dictionary,preserved,
attics,60,esdb-inflection,inherited-from-lemma,attic
attire,60,cleaned-dictionary,preserved,
attired,60,esdb-inflection,inherited-from-lemma,attire
attires,60,esdb-inflection,inherited-from-lemma,attire
attract,60,cleaned-dictionary,preserved,
auburn,60,cleaned-dictionary,preserved,
auction,60,cleaned-dictionary,preserved,
audible,60,cleaned-dictionary,preserved,
audio,60,cleaned-dictionary,preserved,
audios,60,esdb-inflection,inherited-from-lemma,audio
audit,60,cleaned-dictionary,preserved,
audited,60,esdb-inflection,inherited-from-lemma,audit
audits,60,esdb-inflection,inherited-from-lemma,audit
auger,60,cleaned-dictionary,preserved,
augers,60,esdb-inflection,inherited-from-lemma,auger
aught,60,cleaned-dictionary,preserved,
aughts,60,esdb-inflection,inherited-from-lemma,aught
augment,60,cleaned-dictionary,preserved,
augur,60,cleaned-dictionary,preserved,
augured,60,esdb-inflection,inherited-from-lemma,augur
augurs,60,esdb-inflection,inherited-from-lemma,augur
augury,60,cleaned-dictionary,preserved,
august,60,cleaned-dictionary,preserved,
auk,60,cleaned-dictionary,preserved,
auks,60,esdb-inflection,inherited-from-lemma,auk
aunt,60,cleaned-dictionary,preserved,
auntie,60,cleaned-dictionary,preserved,
aunties,60,esdb-inflection,inherited-from-lemma,auntie
aunts,60,esdb-inflection,inherited-from-lemma,aunt
aura,60,cleaned-dictionary,preserved,
aural,60,cleaned-dictionary,preserved,
auras,60,esdb-inflection,inherited-from-lemma,aura
aureole,60,cleaned-dictionary,preserved,
auricle,60,cleaned-dictionary,preserved,
aurora,60,cleaned-dictionary,preserved,
auroras,60,esdb-inflection,inherited-from-lemma,aurora
auspice,60,cleaned-dictionary,preserved,
austere,60,cleaned-dictionary,preserved,
auteur,60,cleaned-dictionary,preserved,
auteurs,60,esdb-inflection,inherited-from-lemma,auteur
author,60,cleaned-dictionary,preserved,
authors,60,cleaned-dictionary,preserved,
autism,60,cleaned-dictionary,preserved,
auto,60,cleaned-dictionary,preserved,
autopsy,60,cleaned-dictionary,preserved,
autos,60,esdb-inflection,inherited-from-lemma,auto
autumn,60,cleaned-dictionary,preserved,
autumns,60,esdb-inflection,inherited-from-lemma,autumn
avail,60,cleaned-dictionary,preserved,
availed,60,esdb-inflection,inherited-from-lemma,avail
avails,60,esdb-inflection,inherited-from-lemma,avail
avarice,60,cleaned-dictionary,preserved,
avatar,60,cleaned-dictionary,preserved,
avatars,60,esdb-inflection,inherited-from-lemma,avatar
avaunt,60,cleaned-dictionary,preserved,
avenge,60,cleaned-dictionary,preserved,
avenged,60,esdb-inflection,inherited-from-lemma,avenge
avenger,60,cleaned-dictionary,preserved,
avenges,60,esdb-inflection,inherited-from-lemma,avenge
avenue,60,cleaned-dictionary,preserved,
avenues,60,esdb-inflection,inherited-from-lemma,avenue
aver,60,cleaned-dictionary,preserved,
average,60,cleaned-dictionary,preserved,
averred,60,esdb-inflection,inherited-from-lemma,aver
avers,60,cleaned-dictionary,preserved,
averse,60,cleaned-dictionary,preserved,
avert,60,cleaned-dictionary,preserved,
averted,60,cleaned-dictionary,preserved,
averts,60,esdb-inflection,inherited-from-lemma,avert
avian,60,cleaned-dictionary,preserved,
aviary,60,cleaned-dictionary,preserved,
aviator,60,cleaned-dictionary,preserved,
avid,60,cleaned-dictionary,preserved,
avidity,60,cleaned-dictionary,preserved,
avionic,60,cleaned-dictionary,preserved,
avocado,60,cleaned-dictionary,preserved,
avoid,60,cleaned-dictionary,preserved,
avoided,60,cleaned-dictionary,preserved,
avoids,60,esdb-inflection,inherited-from-lemma,avoid
avow,60,cleaned-dictionary,preserved,
avowal,60,cleaned-dictionary,preserved,
avowals,60,esdb-inflection,inherited-from-lemma,avowal
avowed,60,cleaned-dictionary,preserved,
avowing,60,esdb-inflection,inherited-from-lemma,avow
avows,60,esdb-inflection,inherited-from-lemma,avow
await,60,cleaned-dictionary,preserved,
awaited,60,cleaned-dictionary,preserved,
awaits,60,esdb-inflection,inherited-from-lemma,await
awake,60,cleaned-dictionary,preserved,
awaken,60,cleaned-dictionary,preserved,
awakens,60,esdb-inflection,inherited-from-lemma,awaken
awakes,60,esdb-inflection,inherited-from-lemma,awake
awaking,60,esdb-inflection,inherited-from-lemma,awake
award,60,cleaned-dictionary,preserved,
awarded,60,esdb-inflection,inherited-from-lemma,award
awards,60,cleaned-dictionary,preserved,
aware,60,cleaned-dictionary,preserved,
awash,60,cleaned-dictionary,preserved,
away,60,cleaned-dictionary,preserved,
awe,60,cleaned-dictionary,preserved,
awed,60,esdb-inflection,inherited-from-lemma,awe
aweigh,60,cleaned-dictionary,preserved,
awes,60,esdb-inflection,inherited-from-lemma,awe
awesome,60,editorial,provisional-editorial,
awful,60,cleaned-dictionary,preserved,
awfully,60,cleaned-dictionary,preserved,
awhile,60,cleaned-dictionary,preserved,
awing,60,cleaned-dictionary,preserved,
awkward,60,cleaned-dictionary,preserved,
awl,60,cleaned-dictionary,preserved,
awls,60,esdb-inflection,inherited-from-lemma,awl
awn,60,cleaned-dictionary,preserved,
awning,60,cleaned-dictionary,preserved,
awnings,60,esdb-inflection,inherited-from-lemma,awning
awns,60,esdb-inflection,inherited-from-lemma,awn
awoke,60,cleaned-dictionary,preserved,
awoken,60,cleaned-dictionary,preserved,
awry,60,cleaned-dictionary,preserved,
axe,60,cleaned-dictionary,preserved,
axed,60,esdb-inflection,inherited-from-lemma,axe
axes,60,cleaned-dictionary,preserved,
axial,60,cleaned-dictionary,preserved,
axially,60,cleaned-dictionary,preserved,
axing,60,esdb-inflection,inherited-from-lemma,axe
axiom,60,cleaned-dictionary,preserved,
axioms,60,esdb-inflection,inherited-from-lemma,axiom
axis,60,cleaned-dictionary,preserved,
axle,60,cleaned-dictionary,preserved,
axles,60,esdb-inflection,inherited-from-lemma,axle
axolotl,60,cleaned-dictionary,preserved,
axon,60,cleaned-dictionary,preserved,
axons,60,esdb-inflection,inherited-from-lemma,axon
aye,60,cleaned-dictionary,preserved,
ayes,60,cleaned-dictionary,preserved,
azalea,60,cleaned-dictionary,preserved,
azaleas,60,esdb-inflection,inherited-from-lemma,azalea
azimuth,60,cleaned-dictionary,preserved,
azure,60,cleaned-dictionary,preserved,
azures,60,esdb-inflection,inherited-from-lemma,azure
baa,60,cleaned-dictionary,preserved,
baaed,60,esdb-inflection,inherited-from-lemma,baa
baaing,60,cleaned-dictionary,preserved,
baas,60,cleaned-dictionary,preserved,
baba,60,cleaned-dictionary,preserved,
babble,60,cleaned-dictionary,preserved,
babbled,60,esdb-inflection,inherited-from-lemma,babble
babbler,60,cleaned-dictionary,preserved,
babbles,60,esdb-inflection,inherited-from-lemma,babble
babe,60,cleaned-dictionary,preserved,
babes,60,cleaned-dictionary,preserved,
babied,60,esdb-inflection,inherited-from-lemma,baby
babies,60,cleaned-dictionary,preserved,
baboon,60,cleaned-dictionary,preserved,
baboons,60,esdb-inflection,inherited-from-lemma,baboon
baby,60,cleaned-dictionary,preserved,
babying,60,esdb-inflection,inherited-from-lemma,baby
babyish,60,cleaned-dictionary,preserved,
babysat,60,cleaned-dictionary,preserved,
babysit,60,editorial,provisional-editorial,
baccy,60,cleaned-dictionary,preserved,
back,60,cleaned-dictionary,preserved,
backed,60,cleaned-dictionary,preserved,
backer,60,cleaned-dictionary,preserved,
backers,60,esdb-inflection,inherited-from-lemma,backer
backhoe,60,cleaned-dictionary,preserved,
backing,60,cleaned-dictionary,preserved,
backlog,60,cleaned-dictionary,preserved,
backs,60,cleaned-dictionary,preserved,
backup,60,cleaned-dictionary,preserved,
backups,60,esdb-inflection,inherited-from-lemma,backup
bacon,60,cleaned-dictionary,preserved,
bad,60,cleaned-dictionary,preserved,
badass,60,cleaned-dictionary,preserved,
badder,60,esdb-inflection,inherited-from-lemma,bad
baddest,60,cleaned-dictionary,preserved,
baddie,60,cleaned-dictionary,preserved,
baddies,60,esdb-inflection,inherited-from-lemma,baddie
badge,60,cleaned-dictionary,preserved,
badger,60,cleaned-dictionary,preserved,
badgers,60,esdb-inflection,inherited-from-lemma,badger
badges,60,esdb-inflection,inherited-from-lemma,badge
badly,60,cleaned-dictionary,preserved,
badness,60,cleaned-dictionary,preserved,
baffle,60,cleaned-dictionary,preserved,
baffled,60,cleaned-dictionary,preserved,
baffles,60,esdb-inflection,inherited-from-lemma,baffle
bag,60,cleaned-dictionary,preserved,
bagel,60,cleaned-dictionary,preserved,
bagels,60,esdb-inflection,inherited-from-lemma,bagel
baggage,60,cleaned-dictionary,preserved,
bagged,60,esdb-inflection,inherited-from-lemma,bag
baggier,60,esdb-inflection,inherited-from-lemma,baggy
bagging,60,esdb-inflection,inherited-from-lemma,bag
baggy,60,cleaned-dictionary,preserved,
bagpipe,60,cleaned-dictionary,preserved,
bags,60,cleaned-dictionary,preserved,
bah,60,cleaned-dictionary,preserved,
bail,60,cleaned-dictionary,preserved,
bailed,60,esdb-inflection,inherited-from-lemma,bail
bailey,60,cleaned-dictionary,preserved,
baileys,60,esdb-inflection,inherited-from-lemma,bailey
bailiff,60,cleaned-dictionary,preserved,
bailing,60,esdb-inflection,inherited-from-lemma,bail
bails,60,esdb-inflection,inherited-from-lemma,bail
bairn,60,cleaned-dictionary,preserved,
bairns,60,esdb-inflection,inherited-from-lemma,bairn
bait,60,cleaned-dictionary,preserved,
baited,60,esdb-inflection,inherited-from-lemma,bait
baiting,60,esdb-inflection,inherited-from-lemma,bait
baits,60,esdb-inflection,inherited-from-lemma,bait
baize,60,cleaned-dictionary,preserved,
bake,60,cleaned-dictionary,preserved,
baked,60,cleaned-dictionary,preserved,
baker,60,cleaned-dictionary,preserved,
bakers,60,esdb-inflection,inherited-from-lemma,baker
bakery,60,cleaned-dictionary,preserved,
bakes,60,esdb-inflection,inherited-from-lemma,bake
baking,60,cleaned-dictionary,preserved,
baklava,60,cleaned-dictionary,preserved,
balance,60,cleaned-dictionary,preserved,
balboa,60,cleaned-dictionary,preserved,
balboas,60,esdb-inflection,inherited-from-lemma,balboa
balcony,60,cleaned-dictionary,preserved,
bald,60,cleaned-dictionary,preserved,
balded,60,esdb-inflection,inherited-from-lemma,bald
balder,60,cleaned-dictionary,preserved,
baldest,60,esdb-inflection,inherited-from-lemma,bald
balding,60,esdb-inflection,inherited-from-lemma,bald
balds,60,esdb-inflection,inherited-from-lemma,bald
bale,60,cleaned-dictionary,preserved,
baled,60,esdb-inflection,inherited-from-lemma,bale
baleen,60,cleaned-dictionary,preserved,
baleful,60,cleaned-dictionary,preserved,
bales,60,esdb-inflection,inherited-from-lemma,bale
baling,60,esdb-inflection,inherited-from-lemma,bale
balk,60,cleaned-dictionary,preserved,
balked,60,esdb-inflection,inherited-from-lemma,balk
balkier,60,esdb-inflection,inherited-from-lemma,balky
balking,60,esdb-inflection,inherited-from-lemma,balk
balks,60,esdb-inflection,inherited-from-lemma,balk
balky,60,cleaned-dictionary,preserved,
ball,60,cleaned-dictionary,preserved,
ballast,60,cleaned-dictionary,preserved,
balled,60,esdb-inflection,inherited-from-lemma,ball
baller,60,cleaned-dictionary,preserved,
ballers,60,esdb-inflection,inherited-from-lemma,baller
ballet,60,cleaned-dictionary,preserved,
ballets,60,esdb-inflection,inherited-from-lemma,ballet
balling,60,esdb-inflection,inherited-from-lemma,ball
balloon,60,cleaned-dictionary,preserved,
ballot,60,cleaned-dictionary,preserved,
ballots,60,esdb-inflection,inherited-from-lemma,ballot
balls,60,cleaned-dictionary,preserved,
ballsed,60,esdb-inflection,inherited-from-lemma,balls
ballses,60,esdb-inflection,inherited-from-lemma,balls
bally,60,cleaned-dictionary,preserved,
balm,60,cleaned-dictionary,preserved,
balmier,60,esdb-inflection,inherited-from-lemma,balmy
balms,60,esdb-inflection,inherited-from-lemma,balm
balmy,60,cleaned-dictionary,preserved,
baloney,60,cleaned-dictionary,preserved,
balsa,60,cleaned-dictionary,preserved,
balsam,60,cleaned-dictionary,preserved,
balsams,60,esdb-inflection,inherited-from-lemma,balsam
balsas,60,esdb-inflection,inherited-from-lemma,balsa
ban,60,cleaned-dictionary,preserved,
banal,60,cleaned-dictionary,preserved,
banana,60,cleaned-dictionary,preserved,
bananas,60,esdb-inflection,inherited-from-lemma,banana
band,60,cleaned-dictionary,preserved,
bandage,60,cleaned-dictionary,preserved,
banded,60,esdb-inflection,inherited-from-lemma,band
bandied,60,esdb-inflection,inherited-from-lemma,bandy
bandies,60,esdb-inflection,inherited-from-lemma,bandy
banding,60,esdb-inflection,inherited-from-lemma,band
bandit,60,cleaned-dictionary,preserved,
bandits,60,esdb-inflection,inherited-from-lemma,bandit
bands,60,cleaned-dictionary,preserved,
bandy,60,cleaned-dictionary,preserved,
bane,60,cleaned-dictionary,preserved,
banes,60,esdb-inflection,inherited-from-lemma,bane
bang,60,cleaned-dictionary,preserved,
banged,60,esdb-inflection,inherited-from-lemma,bang
banger,60,cleaned-dictionary,preserved,
banging,60,cleaned-dictionary,preserved,
bangle,60,cleaned-dictionary,preserved,
bangles,60,esdb-inflection,inherited-from-lemma,bangle
bangs,60,esdb-inflection,inherited-from-lemma,bang
bani,60,cleaned-dictionary,preserved,
banish,60,cleaned-dictionary,preserved,
banjo,60,cleaned-dictionary,preserved,
banjos,60,cleaned-dictionary,preserved,
bank,60,cleaned-dictionary,preserved,
banked,60,esdb-inflection,inherited-from-lemma,bank
banker,60,cleaned-dictionary,preserved,
bankers,60,esdb-inflection,inherited-from-lemma,banker
banking,60,esdb-inflection,inherited-from-lemma,bank
banks,60,cleaned-dictionary,preserved,
banned,60,cleaned-dictionary,preserved,
banner,60,cleaned-dictionary,preserved,
banners,60,esdb-inflection,inherited-from-lemma,banner
banning,60,cleaned-dictionary,preserved,
bannock,60,cleaned-dictionary,preserved,
banns,60,cleaned-dictionary,preserved,
bans,60,esdb-inflection,inherited-from-lemma,ban
banshee,60,cleaned-dictionary,preserved,
banter,60,cleaned-dictionary,preserved,
banters,60,esdb-inflection,inherited-from-lemma,banter
baobab,60,cleaned-dictionary,preserved,
baobabs,60,esdb-inflection,inherited-from-lemma,baobab
bap,60,cleaned-dictionary,preserved,
baps,60,esdb-inflection,inherited-from-lemma,bap
baptism,60,cleaned-dictionary,preserved,
baptize,60,cleaned-dictionary,preserved,
bar,60,cleaned-dictionary,preserved,
barb,60,cleaned-dictionary,preserved,
barbed,60,esdb-inflection,inherited-from-lemma,barb
barbell,60,cleaned-dictionary,preserved,
barber,60,cleaned-dictionary,preserved,
barbers,60,esdb-inflection,inherited-from-lemma,barber
barbie,60,cleaned-dictionary,preserved,
barbies,60,esdb-inflection,inherited-from-lemma,barbie
barbing,60,esdb-inflection,inherited-from-lemma,barb
barbs,60,esdb-inflection,inherited-from-lemma,barb
barcode,60,cleaned-dictionary,preserved,
bard,60,cleaned-dictionary,preserved,
bards,60,esdb-inflection,inherited-from-lemma,bard
bare,60,cleaned-dictionary,preserved,
bared,60,esdb-inflection,inherited-from-lemma,bare
barely,60,cleaned-dictionary,preserved,
barer,60,esdb-inflection,inherited-from-lemma,bare
bares,60,esdb-inflection,inherited-from-lemma,bare
barest,60,esdb-inflection,inherited-from-lemma,bare
barf,60,cleaned-dictionary,preserved,
barfed,60,esdb-inflection,inherited-from-lemma,barf
barfing,60,esdb-inflection,inherited-from-lemma,barf
barfs,60,esdb-inflection,inherited-from-lemma,barf
bargain,60,cleaned-dictionary,preserved,
barge,60,cleaned-dictionary,preserved,
barged,60,esdb-inflection,inherited-from-lemma,barge
barges,60,esdb-inflection,inherited-from-lemma,barge
barging,60,esdb-inflection,inherited-from-lemma,barge
baring,60,esdb-inflection,inherited-from-lemma,bare
barista,60,cleaned-dictionary,preserved,
barium,60,cleaned-dictionary,preserved,
bark,60,cleaned-dictionary,preserved,
barked,60,esdb-inflection,inherited-from-lemma,bark
barker,60,cleaned-dictionary,preserved,
barkers,60,esdb-inflection,inherited-from-lemma,barker
barking,60,cleaned-dictionary,preserved,
barks,60,esdb-inflection,inherited-from-lemma,bark
barley,60,cleaned-dictionary,preserved,
barmy,60,cleaned-dictionary,preserved,
barn,60,cleaned-dictionary,preserved,
barns,60,esdb-inflection,inherited-from-lemma,barn
baron,60,cleaned-dictionary,preserved,
barons,60,esdb-inflection,inherited-from-lemma,baron
barony,60,cleaned-dictionary,preserved,
barrack,60,cleaned-dictionary,preserved,
barrage,60,cleaned-dictionary,preserved,
barre,60,cleaned-dictionary,preserved,
barred,60,esdb-inflection,inherited-from-lemma,bar
barrel,60,cleaned-dictionary,preserved,
barrels,60,esdb-inflection,inherited-from-lemma,barrel
barren,60,cleaned-dictionary,preserved,
barrens,60,esdb-inflection,inherited-from-lemma,barren
barres,60,esdb-inflection,inherited-from-lemma,barre
barrier,60,cleaned-dictionary,preserved,
barring,60,cleaned-dictionary,preserved,
barrow,60,cleaned-dictionary,preserved,
barrows,60,esdb-inflection,inherited-from-lemma,barrow
bars,60,cleaned-dictionary,preserved,
barter,60,cleaned-dictionary,preserved,
barters,60,esdb-inflection,inherited-from-lemma,barter
baryon,60,cleaned-dictionary,preserved,
baryons,60,esdb-inflection,inherited-from-lemma,baryon
basal,60,cleaned-dictionary,preserved,
base,60,cleaned-dictionary,preserved,
based,60,cleaned-dictionary,preserved,
baseman,60,cleaned-dictionary,preserved,
basemen,60,esdb-inflection,inherited-from-lemma,baseman
baser,60,esdb-inflection,inherited-from-lemma,base
bases,60,cleaned-dictionary,preserved,
basest,60,esdb-inflection,inherited-from-lemma,base
bash,60,cleaned-dictionary,preserved,
bashed,60,esdb-inflection,inherited-from-lemma,bash
bashes,60,esdb-inflection,inherited-from-lemma,bash
bashing,60,esdb-inflection,inherited-from-lemma,bash
basic,60,cleaned-dictionary,preserved,
basics,60,esdb-inflection,inherited-from-lemma,basic
basil,60,cleaned-dictionary,preserved,
basin,60,cleaned-dictionary,preserved,
basing,60,esdb-inflection,inherited-from-lemma,base
basins,60,esdb-inflection,inherited-from-lemma,basin
basis,60,cleaned-dictionary,preserved,
bask,60,cleaned-dictionary,preserved,
basked,60,esdb-inflection,inherited-from-lemma,bask
basket,60,cleaned-dictionary,preserved,
baskets,60,esdb-inflection,inherited-from-lemma,basket
basking,60,esdb-inflection,inherited-from-lemma,bask
basks,60,cleaned-dictionary,preserved,
basque,60,cleaned-dictionary,preserved,
basques,60,esdb-inflection,inherited-from-lemma,basque
bass,60,cleaned-dictionary,preserved,
basses,60,esdb-inflection,inherited-from-lemma,bass
basso,60,cleaned-dictionary,preserved,
bassoon,60,cleaned-dictionary,preserved,
bassos,60,esdb-inflection,inherited-from-lemma,basso
bast,60,cleaned-dictionary,preserved,
bastard,60,cleaned-dictionary,preserved,
baste,60,cleaned-dictionary,preserved,
basted,60,esdb-inflection,inherited-from-lemma,baste
bastes,60,esdb-inflection,inherited-from-lemma,baste
basting,60,cleaned-dictionary,preserved,
bastion,60,cleaned-dictionary,preserved,
bat,60,cleaned-dictionary,preserved,
batch,60,cleaned-dictionary,preserved,
batched,60,esdb-inflection,inherited-from-lemma,batch
batches,60,esdb-inflection,inherited-from-lemma,batch
bate,60,cleaned-dictionary,preserved,
bated,60,cleaned-dictionary,preserved,
bates,60,cleaned-dictionary,preserved,
bath,60,cleaned-dictionary,preserved,
bathe,60,cleaned-dictionary,preserved,
bathed,60,esdb-inflection,inherited-from-lemma,bathe
bathes,60,esdb-inflection,inherited-from-lemma,bathe
bathing,60,cleaned-dictionary,preserved,
baths,60,cleaned-dictionary,preserved,
batik,60,cleaned-dictionary,preserved,
batiks,60,esdb-inflection,inherited-from-lemma,batik
bating,60,esdb-inflection,inherited-from-lemma,bate
batman,60,cleaned-dictionary,preserved,
batmen,60,esdb-inflection,inherited-from-lemma,batman
baton,60,cleaned-dictionary,preserved,
batons,60,esdb-inflection,inherited-from-lemma,baton
bats,60,cleaned-dictionary,preserved,
batsman,60,cleaned-dictionary,preserved,
batsmen,60,cleaned-dictionary,preserved,
batted,60,esdb-inflection,inherited-from-lemma,bat
batter,60,cleaned-dictionary,preserved,
batters,60,esdb-inflection,inherited-from-lemma,batter
battery,60,cleaned-dictionary,preserved,
battier,60,esdb-inflection,inherited-from-lemma,batty
batting,60,cleaned-dictionary,preserved,
battle,60,cleaned-dictionary,preserved,
battled,60,esdb-inflection,inherited-from-lemma,battle
battles,60,cleaned-dictionary,preserved,
batty,60,cleaned-dictionary,preserved,
bauble,60,cleaned-dictionary,preserved,
baubles,60,esdb-inflection,inherited-from-lemma,bauble
baud,60,cleaned-dictionary,preserved,
bauxite,60,cleaned-dictionary,preserved,
bawd,60,cleaned-dictionary,preserved,
bawdier,60,esdb-inflection,inherited-from-lemma,bawdy
bawds,60,esdb-inflection,inherited-from-lemma,bawd
bawdy,60,cleaned-dictionary,preserved,
bawl,60,cleaned-dictionary,preserved,
bawled,60,esdb-inflection,inherited-from-lemma,bawl
bawling,60,esdb-inflection,inherited-from-lemma,bawl
bawls,60,esdb-inflection,inherited-from-lemma,bawl
bay,60,cleaned-dictionary,preserved,
bayed,60,esdb-inflection,inherited-from-lemma,bay
baying,60,esdb-inflection,inherited-from-lemma,bay
bayonet,60,cleaned-dictionary,preserved,
bayou,60,cleaned-dictionary,preserved,
bayous,60,esdb-inflection,inherited-from-lemma,bayou
bays,60,esdb-inflection,inherited-from-lemma,bay
bazaar,60,cleaned-dictionary,preserved,
bazaars,60,esdb-inflection,inherited-from-lemma,bazaar
bazooka,60,cleaned-dictionary,preserved,
beach,60,cleaned-dictionary,preserved,
beached,60,cleaned-dictionary,preserved,
beaches,60,esdb-inflection,inherited-from-lemma,beach
beacon,60,cleaned-dictionary,preserved,
beacons,60,esdb-inflection,inherited-from-lemma,beacon
bead,60,cleaned-dictionary,preserved,
beaded,60,esdb-inflection,inherited-from-lemma,bead
beading,60,esdb-inflection,inherited-from-lemma,bead
beadle,60,cleaned-dictionary,preserved,
beadles,60,esdb-inflection,inherited-from-lemma,beadle
beads,60,cleaned-dictionary,preserved,
beagle,60,cleaned-dictionary,preserved,
beagles,60,esdb-inflection,inherited-from-lemma,beagle
beak,60,cleaned-dictionary,preserved,
beaker,60,cleaned-dictionary,preserved,
beakers,60,esdb-inflection,inherited-from-lemma,beaker
beaks,60,esdb-inflection,inherited-from-lemma,beak
beam,60,cleaned-dictionary,preserved,
beamed,60,esdb-inflection,inherited-from-lemma,beam
beaming,60,esdb-inflection,inherited-from-lemma,beam
beams,60,cleaned-dictionary,preserved,
bean,60,cleaned-dictionary,preserved,
beanbag,60,cleaned-dictionary,preserved,
beaned,60,esdb-inflection,inherited-from-lemma,bean
beanie,60,cleaned-dictionary,preserved,
beanies,60,esdb-inflection,inherited-from-lemma,beanie
beaning,60,esdb-inflection,inherited-from-lemma,bean
beans,60,cleaned-dictionary,preserved,
bear,60,cleaned-dictionary,preserved,
beard,60,cleaned-dictionary,preserved,
bearded,60,esdb-inflection,inherited-from-lemma,beard
beards,60,esdb-inflection,inherited-from-lemma,beard
bearer,60,cleaned-dictionary,preserved,
bearers,60,esdb-inflection,inherited-from-lemma,bearer
bearing,60,cleaned-dictionary,preserved,
bears,60,cleaned-dictionary,preserved,
beast,60,cleaned-dictionary,preserved,
beastly,60,cleaned-dictionary,preserved,
beasts,60,cleaned-dictionary,preserved,
beat,60,cleaned-dictionary,preserved,
beaten,60,cleaned-dictionary,preserved,
beater,60,cleaned-dictionary,preserved,
beaters,60,esdb-inflection,inherited-from-lemma,beater
beating,60,esdb-inflection,inherited-from-lemma,beat
beatnik,60,cleaned-dictionary,preserved,
beats,60,cleaned-dictionary,preserved,
beau,60,cleaned-dictionary,preserved,
beaus,60,esdb-inflection,inherited-from-lemma,beau
beaut,60,cleaned-dictionary,preserved,
beauts,60,esdb-inflection,inherited-from-lemma,beaut
beauty,60,cleaned-dictionary,preserved,
beaver,60,cleaned-dictionary,preserved,
beavers,60,esdb-inflection,inherited-from-lemma,beaver
bebop,60,cleaned-dictionary,preserved,
bebops,60,esdb-inflection,inherited-from-lemma,bebop
becalm,60,cleaned-dictionary,preserved,
becalms,60,esdb-inflection,inherited-from-lemma,becalm
became,60,cleaned-dictionary,preserved,
because,60,cleaned-dictionary,preserved,
beck,60,cleaned-dictionary,preserved,
beckon,60,cleaned-dictionary,preserved,
beckons,60,esdb-inflection,inherited-from-lemma,beckon
becks,60,esdb-inflection,inherited-from-lemma,beck
become,60,cleaned-dictionary,preserved,
becomes,60,cleaned-dictionary,preserved,
bed,60,cleaned-dictionary,preserved,
bedaub,60,cleaned-dictionary,preserved,
bedaubs,60,esdb-inflection,inherited-from-lemma,bedaub
bedbug,60,cleaned-dictionary,preserved,
bedbugs,60,esdb-inflection,inherited-from-lemma,bedbug
bedded,60,esdb-inflection,inherited-from-lemma,bed
bedding,60,cleaned-dictionary,preserved,
bedeck,60,cleaned-dictionary,preserved,
bedecks,60,esdb-inflection,inherited-from-lemma,bedeck
bedevil,60,cleaned-dictionary,preserved,
bedim,60,cleaned-dictionary,preserved,
bedims,60,cleaned-dictionary,preserved,
bedrock,60,cleaned-dictionary,preserved,
bedroom,60,cleaned-dictionary,preserved,
beds,60,cleaned-dictionary,preserved,
bedtime,60,cleaned-dictionary,preserved,
bee,60,cleaned-dictionary,preserved,
beech,60,cleaned-dictionary,preserved,
beeches,60,esdb-inflection,inherited-from-lemma,beech
beef,60,cleaned-dictionary,preserved,
beefed,60,esdb-inflection,inherited-from-lemma,beef
beefier,60,esdb-inflection,inherited-from-lemma,beefy
beefing,60,esdb-inflection,inherited-from-lemma,beef
beefs,60,esdb-inflection,inherited-from-lemma,beef
beefy,60,cleaned-dictionary,preserved,
beehive,60,cleaned-dictionary,preserved,
beeline,60,cleaned-dictionary,preserved,
been,60,cleaned-dictionary,preserved,
beep,60,cleaned-dictionary,preserved,
beeped,60,esdb-inflection,inherited-from-lemma,beep
beeping,60,esdb-inflection,inherited-from-lemma,beep
beeps,60,esdb-inflection,inherited-from-lemma,beep
beer,60,cleaned-dictionary,preserved,
beers,60,esdb-inflection,inherited-from-lemma,beer
bees,60,cleaned-dictionary,preserved,
beeswax,60,cleaned-dictionary,preserved,
beet,60,cleaned-dictionary,preserved,
beetle,60,cleaned-dictionary,preserved,
beetled,60,esdb-inflection,inherited-from-lemma,beetle
beetles,60,cleaned-dictionary,preserved,
beets,60,esdb-inflection,inherited-from-lemma,beet
beeves,60,cleaned-dictionary,preserved,
befall,60,cleaned-dictionary,preserved,
befalls,60,esdb-inflection,inherited-from-lemma,befall
befell,60,cleaned-dictionary,preserved,
befit,60,cleaned-dictionary,preserved,
befits,60,esdb-inflection,inherited-from-lemma,befit
befog,60,cleaned-dictionary,preserved,
befogs,60,esdb-inflection,inherited-from-lemma,befog
before,60,cleaned-dictionary,preserved,
befoul,60,cleaned-dictionary,preserved,
befouls,60,esdb-inflection,inherited-from-lemma,befoul
beg,60,cleaned-dictionary,preserved,
began,60,cleaned-dictionary,preserved,
begat,60,cleaned-dictionary,preserved,
beget,60,cleaned-dictionary,preserved,
begets,60,esdb-inflection,inherited-from-lemma,beget
beggar,60,cleaned-dictionary,preserved,
beggars,60,esdb-inflection,inherited-from-lemma,beggar
begged,60,cleaned-dictionary,preserved,
begging,60,cleaned-dictionary,preserved,
begin,60,cleaned-dictionary,preserved,
begins,60,esdb-inflection,inherited-from-lemma,begin
begone,60,cleaned-dictionary,preserved,
begonia,60,cleaned-dictionary,preserved,
begot,60,esdb-inflection,inherited-from-lemma,beget
begs,60,esdb-inflection,inherited-from-lemma,beg
begum,60,cleaned-dictionary,preserved,
begums,60,esdb-inflection,inherited-from-lemma,begum
begun,60,cleaned-dictionary,preserved,
behalf,60,cleaned-dictionary,preserved,
behave,60,cleaned-dictionary,preserved,
behaved,60,cleaned-dictionary,preserved,
behaves,60,esdb-inflection,inherited-from-lemma,behave
behead,60,cleaned-dictionary,preserved,
beheads,60,esdb-inflection,inherited-from-lemma,behead
beheld,60,cleaned-dictionary,preserved,
behest,60,cleaned-dictionary,preserved,
behests,60,esdb-inflection,inherited-from-lemma,behest
behind,60,cleaned-dictionary,preserved,
behinds,60,esdb-inflection,inherited-from-lemma,behind
behold,60,cleaned-dictionary,preserved,
beholds,60,esdb-inflection,inherited-from-lemma,behold
behoove,60,cleaned-dictionary,preserved,
beige,60,cleaned-dictionary,preserved,
being,60,cleaned-dictionary,preserved,
beings,60,esdb-inflection,inherited-from-lemma,being
bejesus,60,cleaned-dictionary,preserved,
belated,60,cleaned-dictionary,preserved,
belay,60,cleaned-dictionary,preserved,
belayed,60,esdb-inflection,inherited-from-lemma,belay
belays,60,esdb-inflection,inherited-from-lemma,belay
belch,60,cleaned-dictionary,preserved,
belched,60,esdb-inflection,inherited-from-lemma,belch
belches,60,esdb-inflection,inherited-from-lemma,belch
belie,60,cleaned-dictionary,preserved,
belied,60,esdb-inflection,inherited-from-lemma,belie
belief,60,cleaned-dictionary,preserved,
beliefs,60,cleaned-dictionary,preserved,
belies,60,esdb-inflection,inherited-from-lemma,belie
believe,60,cleaned-dictionary,preserved,
bell,60,cleaned-dictionary,preserved,
bellboy,60,cleaned-dictionary,preserved,
belle,60,cleaned-dictionary,preserved,
belled,60,esdb-inflection,inherited-from-lemma,bell
belles,60,esdb-inflection,inherited-from-lemma,belle
bellied,60,esdb-inflection,inherited-from-lemma,belly
bellies,60,esdb-inflection,inherited-from-lemma,belly
belling,60,esdb-inflection,inherited-from-lemma,bell
bellow,60,cleaned-dictionary,preserved,
bellows,60,esdb-inflection,inherited-from-lemma,bellow
bells,60,cleaned-dictionary,preserved,
belly,60,cleaned-dictionary,preserved,
belong,60,cleaned-dictionary,preserved,
belongs,60,esdb-inflection,inherited-from-lemma,belong
beloved,60,cleaned-dictionary,preserved,
below,60,cleaned-dictionary,preserved,
belt,60,cleaned-dictionary,preserved,
belted,60,esdb-inflection,inherited-from-lemma,belt
belting,60,esdb-inflection,inherited-from-lemma,belt
belts,60,esdb-inflection,inherited-from-lemma,belt
belying,60,esdb-inflection,inherited-from-lemma,belie
bemoan,60,cleaned-dictionary,preserved,
bemoans,60,esdb-inflection,inherited-from-lemma,bemoan
bemuse,60,cleaned-dictionary,preserved,
bemused,60,esdb-inflection,inherited-from-lemma,bemuse
bemuses,60,esdb-inflection,inherited-from-lemma,bemuse
bench,60,cleaned-dictionary,preserved,
benched,60,cleaned-dictionary,preserved,
benches,60,esdb-inflection,inherited-from-lemma,bench
bend,60,cleaned-dictionary,preserved,
bender,60,cleaned-dictionary,preserved,
benders,60,esdb-inflection,inherited-from-lemma,bender
bending,60,cleaned-dictionary,preserved,
bends,60,esdb-inflection,inherited-from-lemma,bend
beneath,60,cleaned-dictionary,preserved,
benefit,60,cleaned-dictionary,preserved,
benign,60,cleaned-dictionary,preserved,
bent,60,cleaned-dictionary,preserved,
bents,60,esdb-inflection,inherited-from-lemma,bent
benzene,60,cleaned-dictionary,preserved,
benzine,60,cleaned-dictionary,preserved,
benzyl,60,cleaned-dictionary,preserved,
bequest,60,cleaned-dictionary,preserved,
berate,60,cleaned-dictionary,preserved,
berated,60,esdb-inflection,inherited-from-lemma,berate
berates,60,esdb-inflection,inherited-from-lemma,berate
bereave,60,cleaned-dictionary,preserved,
bereft,60,cleaned-dictionary,preserved,
beret,60,cleaned-dictionary,preserved,
berets,60,esdb-inflection,inherited-from-lemma,beret
berg,60,cleaned-dictionary,preserved,
bergs,60,esdb-inflection,inherited-from-lemma,berg
berm,60,cleaned-dictionary,preserved,
berms,60,esdb-inflection,inherited-from-lemma,berm
berried,60,esdb-inflection,inherited-from-lemma,berry
berries,60,cleaned-dictionary,preserved,
berry,60,cleaned-dictionary,preserved,
berserk,60,cleaned-dictionary,preserved,
berth,60,cleaned-dictionary,preserved,
berthed,60,cleaned-dictionary,preserved,
berths,60,esdb-inflection,inherited-from-lemma,berth
beryl,60,cleaned-dictionary,preserved,
beryls,60,esdb-inflection,inherited-from-lemma,beryl
beseech,60,cleaned-dictionary,preserved,
beset,60,cleaned-dictionary,preserved,
besets,60,esdb-inflection,inherited-from-lemma,beset
beside,60,cleaned-dictionary,preserved,
besides,60,cleaned-dictionary,preserved,
besiege,60,cleaned-dictionary,preserved,
besmear,60,cleaned-dictionary,preserved,
besom,60,cleaned-dictionary,preserved,
besoms,60,esdb-inflection,inherited-from-lemma,besom
besot,60,cleaned-dictionary,preserved,
besots,60,esdb-inflection,inherited-from-lemma,besot
bespeak,60,cleaned-dictionary,preserved,
bespoke,60,cleaned-dictionary,preserved,
best,60,cleaned-dictionary,preserved,
bested,60,esdb-inflection,inherited-from-lemma,best
bestial,60,cleaned-dictionary,preserved,
besting,60,esdb-inflection,inherited-from-lemma,best
bestow,60,cleaned-dictionary,preserved,
bestows,60,esdb-inflection,inherited-from-lemma,bestow
bet,60,cleaned-dictionary,preserved,
beta,60,cleaned-dictionary,preserved,
betas,60,esdb-inflection,inherited-from-lemma,beta
betimes,60,cleaned-dictionary,preserved,
betray,60,cleaned-dictionary,preserved,
betrays,60,esdb-inflection,inherited-from-lemma,betray
betroth,60,cleaned-dictionary,preserved,
bets,60,esdb-inflection,inherited-from-lemma,bet
better,60,cleaned-dictionary,preserved,
betting,60,esdb-inflection,inherited-from-lemma,bet
bettor,60,cleaned-dictionary,preserved,
bettors,60,esdb-inflection,inherited-from-lemma,bettor
between,60,cleaned-dictionary,preserved,
betwixt,60,cleaned-dictionary,preserved,
bewail,60,cleaned-dictionary,preserved,
bewails,60,esdb-inflection,inherited-from-lemma,bewail
beware,60,cleaned-dictionary,preserved,
bewared,60,esdb-inflection,inherited-from-lemma,beware
bewares,60,esdb-inflection,inherited-from-lemma,beware
bey,60,cleaned-dictionary,preserved,
beyond,60,cleaned-dictionary,preserved,
beys,60,esdb-inflection,inherited-from-lemma,bey
bezel,60,cleaned-dictionary,preserved,
bezels,60,esdb-inflection,inherited-from-lemma,bezel
bias,60,cleaned-dictionary,preserved,
biased,60,cleaned-dictionary,preserved,
biases,60,esdb-inflection,inherited-from-lemma,bias
biasing,60,esdb-inflection,inherited-from-lemma,bias
bib,60,cleaned-dictionary,preserved,
bible,60,cleaned-dictionary,preserved,
bibles,60,esdb-inflection,inherited-from-lemma,bible
bibs,60,esdb-inflection,inherited-from-lemma,bib
bicep,60,cleaned-dictionary,preserved,
biceps,60,cleaned-dictionary,preserved,
bicker,60,cleaned-dictionary,preserved,
bickers,60,esdb-inflection,inherited-from-lemma,bicker
bicycle,60,cleaned-dictionary,preserved,
bid,60,cleaned-dictionary,preserved,
bidding,60,cleaned-dictionary,preserved,
bide,60,cleaned-dictionary,preserved,
bides,60,esdb-inflection,inherited-from-lemma,bide
bidet,60,cleaned-dictionary,preserved,
bidets,60,esdb-inflection,inherited-from-lemma,bidet
biding,60,esdb-inflection,inherited-from-lemma,bide
bids,60,cleaned-dictionary,preserved,
bier,60,cleaned-dictionary,preserved,
biers,60,esdb-inflection,inherited-from-lemma,bier
biff,60,cleaned-dictionary,preserved,
biffed,60,esdb-inflection,inherited-from-lemma,biff
biffing,60,esdb-inflection,inherited-from-lemma,biff
biffs,60,esdb-inflection,inherited-from-lemma,biff
big,60,cleaned-dictionary,preserved,
bigamy,60,cleaned-dictionary,preserved,
bigger,60,cleaned-dictionary,preserved,
biggest,60,cleaned-dictionary,preserved,
bight,60,cleaned-dictionary,preserved,
bights,60,esdb-inflection,inherited-from-lemma,bight
bigot,60,cleaned-dictionary,preserved,
bigotry,60,cleaned-dictionary,preserved,
bigots,60,esdb-inflection,inherited-from-lemma,bigot
bigwig,60,cleaned-dictionary,preserved,
bigwigs,60,esdb-inflection,inherited-from-lemma,bigwig
bike,60,cleaned-dictionary,preserved,
biked,60,esdb-inflection,inherited-from-lemma,bike
biker,60,cleaned-dictionary,preserved,
bikers,60,esdb-inflection,inherited-from-lemma,biker
bikes,60,esdb-inflection,inherited-from-lemma,bike
biking,60,esdb-inflection,inherited-from-lemma,bike
bikini,60,cleaned-dictionary,preserved,
bikinis,60,esdb-inflection,inherited-from-lemma,bikini
bile,60,cleaned-dictionary,preserved,
bilge,60,cleaned-dictionary,preserved,
bilges,60,esdb-inflection,inherited-from-lemma,bilge
bilious,60,cleaned-dictionary,preserved,
bilk,60,cleaned-dictionary,preserved,
bilked,60,esdb-inflection,inherited-from-lemma,bilk
bilking,60,esdb-inflection,inherited-from-lemma,bilk
bilks,60,esdb-inflection,inherited-from-lemma,bilk
bill,60,cleaned-dictionary,preserved,
billed,60,esdb-inflection,inherited-from-lemma,bill
billet,60,cleaned-dictionary,preserved,
billets,60,esdb-inflection,inherited-from-lemma,billet
billies,60,esdb-inflection,inherited-from-lemma,billy
billing,60,esdb-inflection,inherited-from-lemma,bill
billion,60,cleaned-dictionary,preserved,
billow,60,cleaned-dictionary,preserved,
billows,60,esdb-inflection,inherited-from-lemma,billow
bills,60,cleaned-dictionary,preserved,
billy,60,cleaned-dictionary,preserved,
bimbo,60,cleaned-dictionary,preserved,
bimbos,60,esdb-inflection,inherited-from-lemma,bimbo
bin,60,cleaned-dictionary,preserved,
binary,60,cleaned-dictionary,preserved,
bind,60,cleaned-dictionary,preserved,
bindi,60,cleaned-dictionary,preserved,
binding,60,cleaned-dictionary,preserved,
bindis,60,esdb-inflection,inherited-from-lemma,bindi
binds,60,esdb-inflection,inherited-from-lemma,bind
binge,60,cleaned-dictionary,preserved,
binged,60,esdb-inflection,inherited-from-lemma,binge
binges,60,esdb-inflection,inherited-from-lemma,binge
bingo,60,cleaned-dictionary,preserved,
binned,60,esdb-inflection,inherited-from-lemma,bin
binning,60,esdb-inflection,inherited-from-lemma,bin
bins,60,esdb-inflection,inherited-from-lemma,bin
bio,60,cleaned-dictionary,preserved,
biofuel,60,cleaned-dictionary,preserved,
biology,60,cleaned-dictionary,preserved,
biomass,60,cleaned-dictionary,preserved,
biome,60,cleaned-dictionary,preserved,
biomes,60,esdb-inflection,inherited-from-lemma,biome
bionic,60,cleaned-dictionary,preserved,
bionics,60,cleaned-dictionary,preserved,
biopsy,60,cleaned-dictionary,preserved,
bios,60,esdb-inflection,inherited-from-lemma,bio
biota,60,cleaned-dictionary,preserved,
biotas,60,esdb-inflection,inherited-from-lemma,biota
biotech,60,cleaned-dictionary,preserved,
biotic,60,cleaned-dictionary,preserved,
biped,60,cleaned-dictionary,preserved,
bipedal,60,cleaned-dictionary,preserved,
bipeds,60,esdb-inflection,inherited-from-lemma,biped
birch,60,cleaned-dictionary,preserved,
birched,60,esdb-inflection,inherited-from-lemma,birch
birches,60,esdb-inflection,inherited-from-lemma,birch
bird,60,cleaned-dictionary,preserved,
birded,60,esdb-inflection,inherited-from-lemma,bird
birding,60,esdb-inflection,inherited-from-lemma,bird
birds,60,cleaned-dictionary,preserved,
bireme,70,cleaned-dictionary,preserved,
birth,60,cleaned-dictionary,preserved,
birthed,60,cleaned-dictionary,preserved,
births,60,esdb-inflection,inherited-from-lemma,birth
bis,60,cleaned-dictionary,preserved,
biscuit,60,cleaned-dictionary,preserved,
bisect,60,cleaned-dictionary,preserved,
bisects,60,esdb-inflection,inherited-from-lemma,bisect
bishop,60,cleaned-dictionary,preserved,
bishops,60,cleaned-dictionary,preserved,
bismuth,60,cleaned-dictionary,preserved,
bison,60,cleaned-dictionary,preserved,
bisque,60,cleaned-dictionary,preserved,
bistro,60,cleaned-dictionary,preserved,
bistros,60,esdb-inflection,inherited-from-lemma,bistro
bit,60,cleaned-dictionary,preserved,
bitch,60,cleaned-dictionary,preserved,
bitched,60,esdb-inflection,inherited-from-lemma,bitch
bitches,60,esdb-inflection,inherited-from-lemma,bitch
bite,60,cleaned-dictionary,preserved,
biter,60,cleaned-dictionary,preserved,
biters,60,esdb-inflection,inherited-from-lemma,biter
bites,60,esdb-inflection,inherited-from-lemma,bite
biting,60,cleaned-dictionary,preserved,
bitmap,60,cleaned-dictionary,preserved,
bitmaps,60,esdb-inflection,inherited-from-lemma,bitmap
bits,60,cleaned-dictionary,preserved,
bitten,60,cleaned-dictionary,preserved,
bitter,60,cleaned-dictionary,preserved,
bittern,60,cleaned-dictionary,preserved,
bitters,60,cleaned-dictionary,preserved,
bitumen,60,cleaned-dictionary,preserved,
bivouac,60,cleaned-dictionary,preserved,
bizarre,60,cleaned-dictionary,preserved,
blab,60,cleaned-dictionary,preserved,
blabbed,60,esdb-inflection,inherited-from-lemma,blab
blabber,60,cleaned-dictionary,preserved,
blabs,60,esdb-inflection,inherited-from-lemma,blab
black,60,cleaned-dictionary,preserved,
blacked,60,esdb-inflection,inherited-from-lemma,black
blacken,60,cleaned-dictionary,preserved,
blacker,60,esdb-inflection,inherited-from-lemma,black
bladder,60,cleaned-dictionary,preserved,
blade,60,cleaned-dictionary,preserved,
blades,60,cleaned-dictionary,preserved,
blag,60,cleaned-dictionary,preserved,
blagged,60,esdb-inflection,inherited-from-lemma,blag
blags,60,esdb-inflection,inherited-from-lemma,blag
blah,60,cleaned-dictionary,preserved,
blame,60,cleaned-dictionary,preserved,
blamed,60,cleaned-dictionary,preserved,
blames,60,esdb-inflection,inherited-from-lemma,blame
blaming,60,esdb-inflection,inherited-from-lemma,blame
blanch,60,cleaned-dictionary,preserved,
bland,60,cleaned-dictionary,preserved,
blander,60,esdb-inflection,inherited-from-lemma,bland
blank,60,cleaned-dictionary,preserved,
blanked,60,esdb-inflection,inherited-from-lemma,blank
blanker,60,esdb-inflection,inherited-from-lemma,blank
blanket,60,cleaned-dictionary,preserved,
blare,60,cleaned-dictionary,preserved,
blared,60,esdb-inflection,inherited-from-lemma,blare
blares,60,esdb-inflection,inherited-from-lemma,blare
blaring,60,esdb-inflection,inherited-from-lemma,blare
blarney,60,cleaned-dictionary,preserved,
blase,60,cleaned-dictionary,preserved,
blast,60,cleaned-dictionary,preserved,
blasted,60,esdb-inflection,inherited-from-lemma,blast
blasts,60,esdb-inflection,inherited-from-lemma,blast
blatant,60,cleaned-dictionary,preserved,
blather,60,cleaned-dictionary,preserved,
blaze,60,cleaned-dictionary,preserved,
blazed,60,cleaned-dictionary,preserved,
blazer,60,cleaned-dictionary,preserved,
blazers,60,esdb-inflection,inherited-from-lemma,blazer
blazes,60,esdb-inflection,inherited-from-lemma,blaze
blazing,60,cleaned-dictionary,preserved,
blazon,60,cleaned-dictionary,preserved,
blazons,60,esdb-inflection,inherited-from-lemma,blazon
bleach,60,cleaned-dictionary,preserved,
bleak,60,cleaned-dictionary,preserved,
bleaker,60,esdb-inflection,inherited-from-lemma,bleak
bleakly,60,cleaned-dictionary,preserved,
bleat,60,cleaned-dictionary,preserved,
bleated,60,esdb-inflection,inherited-from-lemma,bleat
bleats,60,esdb-inflection,inherited-from-lemma,bleat
bled,60,cleaned-dictionary,preserved,
bleed,60,cleaned-dictionary,preserved,
bleeds,60,esdb-inflection,inherited-from-lemma,bleed
bleep,60,cleaned-dictionary,preserved,
bleeped,60,esdb-inflection,inherited-from-lemma,bleep
bleeps,60,esdb-inflection,inherited-from-lemma,bleep
blemish,60,cleaned-dictionary,preserved,
blend,60,cleaned-dictionary,preserved,
blended,60,esdb-inflection,inherited-from-lemma,blend
blender,60,cleaned-dictionary,preserved,
blends,60,esdb-inflection,inherited-from-lemma,blend
bless,60,cleaned-dictionary,preserved,
blessed,60,cleaned-dictionary,preserved,
blesses,60,esdb-inflection,inherited-from-lemma,bless
blew,60,cleaned-dictionary,preserved,
blight,60,cleaned-dictionary,preserved,
blights,60,esdb-inflection,inherited-from-lemma,blight
blimp,60,cleaned-dictionary,preserved,
blimps,60,esdb-inflection,inherited-from-lemma,blimp
blind,60,cleaned-dictionary,preserved,
blinded,60,esdb-inflection,inherited-from-lemma,blind
blinder,60,esdb-inflection,inherited-from-lemma,blind
bling,60,cleaned-dictionary,preserved,
blink,60,cleaned-dictionary,preserved,
blinked,60,cleaned-dictionary,preserved,
blinker,60,cleaned-dictionary,preserved,
blinks,60,esdb-inflection,inherited-from-lemma,blink
blintz,60,cleaned-dictionary,preserved,
bliss,60,cleaned-dictionary,preserved,
blissed,60,esdb-inflection,inherited-from-lemma,bliss
blisses,60,esdb-inflection,inherited-from-lemma,bliss
blister,60,cleaned-dictionary,preserved,
blithe,60,cleaned-dictionary,preserved,
blither,60,esdb-inflection,inherited-from-lemma,blithe
blitz,60,cleaned-dictionary,preserved,
blitzed,60,cleaned-dictionary,preserved,
blitzes,60,esdb-inflection,inherited-from-lemma,blitz
bloat,60,cleaned-dictionary,preserved,
bloated,60,cleaned-dictionary,preserved,
bloats,60,esdb-inflection,inherited-from-lemma,bloat
blob,60,cleaned-dictionary,preserved,
blobbed,60,esdb-inflection,inherited-from-lemma,blob
blobs,60,esdb-inflection,inherited-from-lemma,blob
block,60,cleaned-dictionary,preserved,
blocked,60,esdb-inflection,inherited-from-lemma,block
blocks,60,cleaned-dictionary,preserved,
blog,60,cleaned-dictionary,preserved,
blogged,60,esdb-inflection,inherited-from-lemma,blog
blogger,60,cleaned-dictionary,preserved,
blogs,60,esdb-inflection,inherited-from-lemma,blog
bloke,60,cleaned-dictionary,preserved,
blokes,60,esdb-inflection,inherited-from-lemma,bloke
blond,60,cleaned-dictionary,preserved,
blonde,60,cleaned-dictionary,preserved,
blonder,60,esdb-inflection,inherited-from-lemma,blond
blondes,60,esdb-inflection,inherited-from-lemma,blonde
blonds,60,esdb-inflection,inherited-from-lemma,blond
blood,60,cleaned-dictionary,preserved,
blooded,60,esdb-inflection,inherited-from-lemma,blood
bloods,60,esdb-inflection,inherited-from-lemma,blood
bloody,60,cleaned-dictionary,preserved,
bloom,60,cleaned-dictionary,preserved,
bloomed,60,esdb-inflection,inherited-from-lemma,bloom
blooms,60,esdb-inflection,inherited-from-lemma,bloom
bloop,60,cleaned-dictionary,preserved,
blooped,60,esdb-inflection,inherited-from-lemma,bloop
blooper,60,cleaned-dictionary,preserved,
bloops,60,esdb-inflection,inherited-from-lemma,bloop
blossom,60,cleaned-dictionary,preserved,
blot,60,cleaned-dictionary,preserved,
blotchy,60,cleaned-dictionary,preserved,
blots,60,esdb-inflection,inherited-from-lemma,blot
blotted,60,esdb-inflection,inherited-from-lemma,blot
blotter,60,cleaned-dictionary,preserved,
blotto,60,cleaned-dictionary,preserved,
blouse,60,cleaned-dictionary,preserved,
bloused,60,esdb-inflection,inherited-from-lemma,blouse
blouses,60,esdb-inflection,inherited-from-lemma,blouse
blow,60,cleaned-dictionary,preserved,
blower,60,cleaned-dictionary,preserved,
blowers,60,esdb-inflection,inherited-from-lemma,blower
blowfly,60,cleaned-dictionary,preserved,
blowing,60,cleaned-dictionary,preserved,
blown,60,cleaned-dictionary,preserved,
blows,60,esdb-inflection,inherited-from-lemma,blow
blue,60,cleaned-dictionary,preserved,
blued,60,esdb-inflection,inherited-from-lemma,blue
bluer,60,esdb-inflection,inherited-from-lemma,blue
blues,60,cleaned-dictionary,preserved,
bluest,60,esdb-inflection,inherited-from-lemma,blue
bluet,60,cleaned-dictionary,preserved,
bluets,60,cleaned-dictionary,preserved,
bluff,60,cleaned-dictionary,preserved,
bluffed,60,esdb-inflection,inherited-from-lemma,bluff
bluffer,60,esdb-inflection,inherited-from-lemma,bluff
bluffs,60,esdb-inflection,inherited-from-lemma,bluff
bluing,60,esdb-inflection,inherited-from-lemma,blue
bluish,60,cleaned-dictionary,preserved,
blunder,60,cleaned-dictionary,preserved,
blunt,60,cleaned-dictionary,preserved,
blunted,60,esdb-inflection,inherited-from-lemma,blunt
blunter,60,esdb-inflection,inherited-from-lemma,blunt
bluntly,60,cleaned-dictionary,preserved,
blunts,60,esdb-inflection,inherited-from-lemma,blunt
blur,60,cleaned-dictionary,preserved,
blurb,60,cleaned-dictionary,preserved,
blurbs,60,esdb-inflection,inherited-from-lemma,blurb
blurred,60,cleaned-dictionary,preserved,
blurry,60,cleaned-dictionary,preserved,
blurs,60,esdb-inflection,inherited-from-lemma,blur
blurt,60,cleaned-dictionary,preserved,
blurted,60,esdb-inflection,inherited-from-lemma,blurt
blurts,60,esdb-inflection,inherited-from-lemma,blurt
blush,60,cleaned-dictionary,preserved,
blushed,60,cleaned-dictionary,preserved,
blushes,60,esdb-inflection,inherited-from-lemma,blush
boa,60,cleaned-dictionary,preserved,
boar,60,cleaned-dictionary,preserved,
board,60,cleaned-dictionary,preserved,
boarded,60,esdb-inflection,inherited-from-lemma,board
boarder,60,cleaned-dictionary,preserved,
boards,60,cleaned-dictionary,preserved,
boars,60,esdb-inflection,inherited-from-lemma,boar
boas,60,esdb-inflection,inherited-from-lemma,boa
boast,60,cleaned-dictionary,preserved,
boasted,60,cleaned-dictionary,preserved,
boasts,60,esdb-inflection,inherited-from-lemma,boast
boat,60,cleaned-dictionary,preserved,
boated,60,esdb-inflection,inherited-from-lemma,boat
boating,60,esdb-inflection,inherited-from-lemma,boat
boats,60,cleaned-dictionary,preserved,
bob,60,cleaned-dictionary,preserved,
bobbed,60,esdb-inflection,inherited-from-lemma,bob
bobbies,60,esdb-inflection,inherited-from-lemma,bobby
bobbin,60,cleaned-dictionary,preserved,
bobbing,60,esdb-inflection,inherited-from-lemma,bob
bobbins,60,esdb-inflection,inherited-from-lemma,bobbin
bobble,60,cleaned-dictionary,preserved,
bobbled,60,esdb-inflection,inherited-from-lemma,bobble
bobbles,60,esdb-inflection,inherited-from-lemma,bobble
bobby,60,cleaned-dictionary,preserved,
bobs,60,esdb-inflection,inherited-from-lemma,bob
bock,60,cleaned-dictionary,preserved,
bod,60,cleaned-dictionary,preserved,
bode,60,cleaned-dictionary,preserved,
boded,60,esdb-inflection,inherited-from-lemma,bode
bodega,60,cleaned-dictionary,preserved,
bodegas,60,esdb-inflection,inherited-from-lemma,bodega
bodes,60,esdb-inflection,inherited-from-lemma,bode
bodice,60,cleaned-dictionary,preserved,
bodices,60,esdb-inflection,inherited-from-lemma,bodice
bodies,60,cleaned-dictionary,preserved,
bodily,60,cleaned-dictionary,preserved,
boding,60,cleaned-dictionary,preserved,
bodkin,60,cleaned-dictionary,preserved,
bodkins,60,esdb-inflection,inherited-from-lemma,bodkin
bods,60,esdb-inflection,inherited-from-lemma,bod
body,60,cleaned-dictionary,preserved,
boffin,60,cleaned-dictionary,preserved,
boffins,60,esdb-inflection,inherited-from-lemma,boffin
bog,60,cleaned-dictionary,preserved,
bogey,60,cleaned-dictionary,preserved,
bogeyed,60,esdb-inflection,inherited-from-lemma,bogey
bogeys,60,esdb-inflection,inherited-from-lemma,bogey
bogged,60,esdb-inflection,inherited-from-lemma,bog
bogging,60,esdb-inflection,inherited-from-lemma,bog
boggle,60,cleaned-dictionary,preserved,
boggled,60,esdb-inflection,inherited-from-lemma,boggle
boggles,60,esdb-inflection,inherited-from-lemma,boggle
bogie,60,cleaned-dictionary,preserved,
bogies,60,esdb-inflection,inherited-from-lemma,bogie
bogs,60,esdb-inflection,inherited-from-lemma,bog
bogus,60,cleaned-dictionary,preserved,
bogyman,60,cleaned-dictionary,preserved,
bogymen,60,esdb-inflection,inherited-from-lemma,bogyman
boil,60,cleaned-dictionary,preserved,
boiled,60,cleaned-dictionary,preserved,
boiler,60,cleaned-dictionary,preserved,
boilers,60,esdb-inflection,inherited-from-lemma,boiler
boiling,60,cleaned-dictionary,preserved,
boils,60,cleaned-dictionary,preserved,
boing,60,cleaned-dictionary,preserved,
boings,60,esdb-inflection,inherited-from-lemma,boing
bold,60,cleaned-dictionary,preserved,
bolder,60,esdb-inflection,inherited-from-lemma,bold
boldest,60,esdb-inflection,inherited-from-lemma,bold
boldly,60,cleaned-dictionary,preserved,
bole,60,cleaned-dictionary,preserved,
boles,60,esdb-inflection,inherited-from-lemma,bole
boll,60,cleaned-dictionary,preserved,
bollard,60,cleaned-dictionary,preserved,
bolls,60,esdb-inflection,inherited-from-lemma,boll
bologna,60,cleaned-dictionary,preserved,
bolster,60,cleaned-dictionary,preserved,
bolt,60,cleaned-dictionary,preserved,
bolted,60,cleaned-dictionary,preserved,
bolting,60,cleaned-dictionary,preserved,
bolts,60,cleaned-dictionary,preserved,
bolus,60,cleaned-dictionary,preserved,
boluses,60,esdb-inflection,inherited-from-lemma,bolus
bomb,60,cleaned-dictionary,preserved,
bombard,60,cleaned-dictionary,preserved,
bombast,60,cleaned-dictionary,preserved,
bombed,60,esdb-inflection,inherited-from-lemma,bomb
bomber,60,cleaned-dictionary,preserved,
bombers,60,esdb-inflection,inherited-from-lemma,bomber
bombing,60,cleaned-dictionary,preserved,
bombs,60,cleaned-dictionary,preserved,
bonanza,60,cleaned-dictionary,preserved,
bonbon,60,cleaned-dictionary,preserved,
bonbons,60,esdb-inflection,inherited-from-lemma,bonbon
bonce,60,cleaned-dictionary,preserved,
bonces,60,esdb-inflection,inherited-from-lemma,bonce
bond,60,cleaned-dictionary,preserved,
bonded,60,cleaned-dictionary,preserved,
bonding,60,cleaned-dictionary,preserved,
bonds,60,cleaned-dictionary,preserved,
bone,60,cleaned-dictionary,preserved,
boned,60,esdb-inflection,inherited-from-lemma,bone
boner,60,cleaned-dictionary,preserved,
boners,60,esdb-inflection,inherited-from-lemma,boner
bones,60,cleaned-dictionary,preserved,
bonfire,60,cleaned-dictionary,preserved,
bong,60,cleaned-dictionary,preserved,
bonged,60,esdb-inflection,inherited-from-lemma,bong
bonging,60,esdb-inflection,inherited-from-lemma,bong
bongo,60,cleaned-dictionary,preserved,
bongos,60,esdb-inflection,inherited-from-lemma,bongo
bongs,60,esdb-inflection,inherited-from-lemma,bong
bonier,60,esdb-inflection,inherited-from-lemma,bony
boniest,60,esdb-inflection,inherited-from-lemma,bony
boning,60,esdb-inflection,inherited-from-lemma,bone
bonito,60,cleaned-dictionary,preserved,
bonitos,60,esdb-inflection,inherited-from-lemma,bonito
bonk,60,cleaned-dictionary,preserved,
bonked,60,esdb-inflection,inherited-from-lemma,bonk
bonking,60,esdb-inflection,inherited-from-lemma,bonk
bonks,60,esdb-inflection,inherited-from-lemma,bonk
bonnet,60,cleaned-dictionary,preserved,
bonnets,60,esdb-inflection,inherited-from-lemma,bonnet
bonnier,60,esdb-inflection,inherited-from-lemma,bonny
bonny,60,cleaned-dictionary,preserved,
bonsai,60,cleaned-dictionary,preserved,
bonus,60,cleaned-dictionary,preserved,
bonuses,60,esdb-inflection,inherited-from-lemma,bonus
bony,60,cleaned-dictionary,preserved,
boo,60,cleaned-dictionary,preserved,
boob,60,cleaned-dictionary,preserved,
boobed,60,esdb-inflection,inherited-from-lemma,boob
boobies,60,esdb-inflection,inherited-from-lemma,booby
boobing,60,esdb-inflection,inherited-from-lemma,boob
boobs,60,cleaned-dictionary,preserved,
booby,60,cleaned-dictionary,preserved,
booed,60,esdb-inflection,inherited-from-lemma,boo
booger,60,cleaned-dictionary,preserved,
boogers,60,esdb-inflection,inherited-from-lemma,booger
boogie,60,cleaned-dictionary,preserved,
boogied,60,esdb-inflection,inherited-from-lemma,boogie
boogies,60,esdb-inflection,inherited-from-lemma,boogie
booing,60,esdb-inflection,inherited-from-lemma,boo
book,60,cleaned-dictionary,preserved,
booked,60,esdb-inflection,inherited-from-lemma,book
bookie,60,cleaned-dictionary,preserved,
bookies,60,esdb-inflection,inherited-from-lemma,bookie
booking,60,esdb-inflection,inherited-from-lemma,book
bookish,60,cleaned-dictionary,preserved,
booklet,60,cleaned-dictionary,preserved,
books,60,cleaned-dictionary,preserved,
boom,60,cleaned-dictionary,preserved,
boomed,60,esdb-inflection,inherited-from-lemma,boom
boomer,60,cleaned-dictionary,preserved,
boomers,60,esdb-inflection,inherited-from-lemma,boomer
booming,60,esdb-inflection,inherited-from-lemma,boom
booms,60,esdb-inflection,inherited-from-lemma,boom
boor,60,cleaned-dictionary,preserved,
boorish,60,cleaned-dictionary,preserved,
boors,60,esdb-inflection,inherited-from-lemma,boor
boos,60,esdb-inflection,inherited-from-lemma,boo
boot,60,cleaned-dictionary,preserved,
booted,60,esdb-inflection,inherited-from-lemma,boot
booth,60,cleaned-dictionary,preserved,
booths,60,esdb-inflection,inherited-from-lemma,booth
booties,60,esdb-inflection,inherited-from-lemma,booty
booting,60,esdb-inflection,inherited-from-lemma,boot
boots,60,cleaned-dictionary,preserved,
booty,60,cleaned-dictionary,preserved,
booze,60,cleaned-dictionary,preserved,
boozed,60,esdb-inflection,inherited-from-lemma,booze
boozer,60,cleaned-dictionary,preserved,
boozers,60,esdb-inflection,inherited-from-lemma,boozer
boozes,60,esdb-inflection,inherited-from-lemma,booze
boozing,60,esdb-inflection,inherited-from-lemma,booze
bop,60,cleaned-dictionary,preserved,
bopped,60,esdb-inflection,inherited-from-lemma,bop
bopping,60,esdb-inflection,inherited-from-lemma,bop
bops,60,esdb-inflection,inherited-from-lemma,bop
borax,60,cleaned-dictionary,preserved,
border,60,cleaned-dictionary,preserved,
borders,60,cleaned-dictionary,preserved,
bore,60,cleaned-dictionary,preserved,
bored,60,cleaned-dictionary,preserved,
boredom,60,cleaned-dictionary,preserved,
borer,60,cleaned-dictionary,preserved,
borers,60,esdb-inflection,inherited-from-lemma,borer
bores,60,esdb-inflection,inherited-from-lemma,bore
boring,60,cleaned-dictionary,preserved,
born,60,cleaned-dictionary,preserved,
borne,60,cleaned-dictionary,preserved,
boron,60,cleaned-dictionary,preserved,
borough,60,cleaned-dictionary,preserved,
borrow,60,cleaned-dictionary,preserved,
borrows,60,esdb-inflection,inherited-from-lemma,borrow
borscht,60,cleaned-dictionary,preserved,
borstal,60,cleaned-dictionary,preserved,
bosh,60,cleaned-dictionary,preserved,
bosom,60,cleaned-dictionary,preserved,
bosoms,60,esdb-inflection,inherited-from-lemma,bosom
boss,60,cleaned-dictionary,preserved,
bossed,60,esdb-inflection,inherited-from-lemma,boss
bosses,60,esdb-inflection,inherited-from-lemma,boss
bossing,60,esdb-inflection,inherited-from-lemma,boss
bot,60,cleaned-dictionary,preserved,
botany,60,cleaned-dictionary,preserved,
botch,60,cleaned-dictionary,preserved,
botched,60,esdb-inflection,inherited-from-lemma,botch
botches,60,esdb-inflection,inherited-from-lemma,botch
both,60,cleaned-dictionary,preserved,
bother,60,cleaned-dictionary,preserved,
bothers,60,esdb-inflection,inherited-from-lemma,bother
botnet,60,cleaned-dictionary,preserved,
botnets,60,esdb-inflection,inherited-from-lemma,botnet
bots,60,esdb-inflection,inherited-from-lemma,bot
bottle,60,cleaned-dictionary,preserved,
bottled,60,cleaned-dictionary,preserved,
bottles,60,cleaned-dictionary,preserved,
bottom,60,cleaned-dictionary,preserved,
bottoms,60,esdb-inflection,inherited-from-lemma,bottom
boudoir,60,cleaned-dictionary,preserved,
bough,60,cleaned-dictionary,preserved,
boughs,60,esdb-inflection,inherited-from-lemma,bough
bought,60,cleaned-dictionary,preserved,
boulder,60,cleaned-dictionary,preserved,
bounce,60,cleaned-dictionary,preserved,
bounced,60,esdb-inflection,inherited-from-lemma,bounce
bouncer,60,cleaned-dictionary,preserved,
bounces,60,esdb-inflection,inherited-from-lemma,bounce
bound,60,cleaned-dictionary,preserved,
bounded,60,cleaned-dictionary,preserved,
bounds,60,cleaned-dictionary,preserved,
bounty,60,cleaned-dictionary,preserved,
bouquet,60,cleaned-dictionary,preserved,
bourbon,60,cleaned-dictionary,preserved,
bout,60,cleaned-dictionary,preserved,
bouts,60,esdb-inflection,inherited-from-lemma,bout
bovine,60,cleaned-dictionary,preserved,
bovines,60,esdb-inflection,inherited-from-lemma,bovine
bovver,60,cleaned-dictionary,preserved,
bow,60,cleaned-dictionary,preserved,
bowed,60,cleaned-dictionary,preserved,
bowel,60,cleaned-dictionary,preserved,
bowels,60,cleaned-dictionary,preserved,
bower,60,cleaned-dictionary,preserved,
bowers,60,esdb-inflection,inherited-from-lemma,bower
bowing,60,esdb-inflection,inherited-from-lemma,bow
bowl,60,cleaned-dictionary,preserved,
bowled,60,cleaned-dictionary,preserved,
bowleg,60,cleaned-dictionary,preserved,
bowlegs,60,esdb-inflection,inherited-from-lemma,bowleg
bowler,60,cleaned-dictionary,preserved,
bowlers,60,esdb-inflection,inherited-from-lemma,bowler
bowlful,60,cleaned-dictionary,preserved,
bowline,60,cleaned-dictionary,preserved,
bowling,60,cleaned-dictionary,preserved,
bowls,60,esdb-inflection,inherited-from-lemma,bowl
bowman,60,cleaned-dictionary,preserved,
bowmen,60,cleaned-dictionary,preserved,
bows,60,cleaned-dictionary,preserved,
box,60,cleaned-dictionary,preserved,
boxed,60,cleaned-dictionary,preserved,
boxer,60,cleaned-dictionary,preserved,
boxers,60,esdb-inflection,inherited-from-lemma,boxer
boxes,60,cleaned-dictionary,preserved,
boxing,60,cleaned-dictionary,preserved,
boy,60,cleaned-dictionary,preserved,
boycott,60,cleaned-dictionary,preserved,
boyhood,60,cleaned-dictionary,preserved,
boys,60,cleaned-dictionary,preserved,
bozo,60,cleaned-dictionary,preserved,
bozos,60,esdb-inflection,inherited-from-lemma,bozo
bra,60,cleaned-dictionary,preserved,
brace,60,cleaned-dictionary,preserved,
braced,60,esdb-inflection,inherited-from-lemma,brace
bracer,60,cleaned-dictionary,preserved,
bracers,60,esdb-inflection,inherited-from-lemma,bracer
braces,60,cleaned-dictionary,preserved,
bracing,60,esdb-inflection,inherited-from-lemma,brace
bracket,60,cleaned-dictionary,preserved,
bract,60,cleaned-dictionary,preserved,
bracts,60,esdb-inflection,inherited-from-lemma,bract
brad,60,cleaned-dictionary,preserved,
bradawl,60,cleaned-dictionary,preserved,
brads,60,esdb-inflection,inherited-from-lemma,brad
brae,60,cleaned-dictionary,preserved,
braes,60,esdb-inflection,inherited-from-lemma,brae
brag,60,cleaned-dictionary,preserved,
bragged,60,esdb-inflection,inherited-from-lemma,brag
brags,60,esdb-inflection,inherited-from-lemma,brag
braid,60,cleaned-dictionary,preserved,
braided,60,esdb-inflection,inherited-from-lemma,braid
braids,60,cleaned-dictionary,preserved,
braille,60,cleaned-dictionary,preserved,
brain,60,cleaned-dictionary,preserved,
brained,60,esdb-inflection,inherited-from-lemma,brain
brains,60,cleaned-dictionary,preserved,
brainy,60,cleaned-dictionary,preserved,
braise,60,cleaned-dictionary,preserved,
braised,60,esdb-inflection,inherited-from-lemma,braise
braises,60,esdb-inflection,inherited-from-lemma,braise
brake,60,cleaned-dictionary,preserved,
braked,60,cleaned-dictionary,preserved,
brakes,60,esdb-inflection,inherited-from-lemma,brake
braking,60,esdb-inflection,inherited-from-lemma,brake
bramble,60,cleaned-dictionary,preserved,
bran,60,cleaned-dictionary,preserved,
branch,60,cleaned-dictionary,preserved,
brand,60,cleaned-dictionary,preserved,
branded,60,esdb-inflection,inherited-from-lemma,brand
brands,60,cleaned-dictionary,preserved,
brandy,60,cleaned-dictionary,preserved,
bras,60,cleaned-dictionary,preserved,
brash,60,cleaned-dictionary,preserved,
brasher,60,esdb-inflection,inherited-from-lemma,brash
brass,60,cleaned-dictionary,preserved,
brasses,60,esdb-inflection,inherited-from-lemma,brass
brassy,60,cleaned-dictionary,preserved,
brat,60,cleaned-dictionary,preserved,
brats,60,esdb-inflection,inherited-from-lemma,brat
brave,60,cleaned-dictionary,preserved,
braved,60,esdb-inflection,inherited-from-lemma,brave
bravely,60,cleaned-dictionary,preserved,
braver,60,esdb-inflection,inherited-from-lemma,brave
bravery,60,cleaned-dictionary,preserved,
bravest,60,esdb-inflection,inherited-from-lemma,brave
braving,60,esdb-inflection,inherited-from-lemma,brave
bravo,60,cleaned-dictionary,preserved,
bravos,60,esdb-inflection,inherited-from-lemma,bravo
bravura,60,cleaned-dictionary,preserved,
brawl,60,cleaned-dictionary,preserved,
brawled,60,esdb-inflection,inherited-from-lemma,brawl
brawls,60,esdb-inflection,inherited-from-lemma,brawl
brawn,60,cleaned-dictionary,preserved,
bray,60,cleaned-dictionary,preserved,
brayed,60,esdb-inflection,inherited-from-lemma,bray
braying,60,esdb-inflection,inherited-from-lemma,bray
brays,60,esdb-inflection,inherited-from-lemma,bray
brazen,60,cleaned-dictionary,preserved,
brazens,60,esdb-inflection,inherited-from-lemma,brazen
breach,60,cleaned-dictionary,preserved,
bread,60,cleaned-dictionary,preserved,
breaded,60,esdb-inflection,inherited-from-lemma,bread
breads,60,cleaned-dictionary,preserved,
breadth,60,cleaned-dictionary,preserved,
break,60,cleaned-dictionary,preserved,
breaker,60,cleaned-dictionary,preserved,
breaks,60,cleaned-dictionary,preserved,
bream,60,cleaned-dictionary,preserved,
breams,60,esdb-inflection,inherited-from-lemma,bream
breast,60,cleaned-dictionary,preserved,
breasts,60,cleaned-dictionary,preserved,
breath,60,cleaned-dictionary,preserved,
breathe,60,cleaned-dictionary,preserved,
breaths,60,cleaned-dictionary,preserved,
bred,60,cleaned-dictionary,preserved,
breech,60,cleaned-dictionary,preserved,
breed,60,cleaned-dictionary,preserved,
breeder,60,cleaned-dictionary,preserved,
breeds,60,esdb-inflection,inherited-from-lemma,breed
breeze,60,cleaned-dictionary,preserved,
breezed,60,esdb-inflection,inherited-from-lemma,breeze
breezes,60,esdb-inflection,inherited-from-lemma,breeze
breezy,60,cleaned-dictionary,preserved,
breve,60,cleaned-dictionary,preserved,
breves,60,esdb-inflection,inherited-from-lemma,breve
brevity,60,cleaned-dictionary,preserved,
brew,60,cleaned-dictionary,preserved,
brewed,60,cleaned-dictionary,preserved,
brewer,60,cleaned-dictionary,preserved,
brewers,60,esdb-inflection,inherited-from-lemma,brewer
brewing,60,esdb-inflection,inherited-from-lemma,brew
brews,60,esdb-inflection,inherited-from-lemma,brew
briar,60,cleaned-dictionary,preserved,
briars,60,esdb-inflection,inherited-from-lemma,briar
bribe,60,cleaned-dictionary,preserved,
bribed,60,esdb-inflection,inherited-from-lemma,bribe
bribery,60,cleaned-dictionary,preserved,
bribes,60,esdb-inflection,inherited-from-lemma,bribe
bribing,60,esdb-inflection,inherited-from-lemma,bribe
brick,60,cleaned-dictionary,preserved,
bricked,60,esdb-inflection,inherited-from-lemma,brick
brickie,60,cleaned-dictionary,preserved,
bricks,60,cleaned-dictionary,preserved,
bridal,60,cleaned-dictionary,preserved,
bridals,60,esdb-inflection,inherited-from-lemma,bridal
bride,60,cleaned-dictionary,preserved,
brides,60,esdb-inflection,inherited-from-lemma,bride
bridge,60,cleaned-dictionary,preserved,
bridged,60,esdb-inflection,inherited-from-lemma,bridge
bridges,60,cleaned-dictionary,preserved,
bridle,60,cleaned-dictionary,preserved,
bridled,60,esdb-inflection,inherited-from-lemma,bridle
bridles,60,esdb-inflection,inherited-from-lemma,bridle
brie,60,cleaned-dictionary,preserved,
brief,60,cleaned-dictionary,preserved,
briefed,60,esdb-inflection,inherited-from-lemma,brief
briefer,60,esdb-inflection,inherited-from-lemma,brief
briefly,60,cleaned-dictionary,preserved,
brig,60,cleaned-dictionary,preserved,
brigade,60,cleaned-dictionary,preserved,
brigand,60,cleaned-dictionary,preserved,
bright,60,cleaned-dictionary,preserved,
brigs,60,esdb-inflection,inherited-from-lemma,brig
brill,60,cleaned-dictionary,preserved,
brim,60,cleaned-dictionary,preserved,
brimmed,60,esdb-inflection,inherited-from-lemma,brim
brims,60,esdb-inflection,inherited-from-lemma,brim
brine,60,cleaned-dictionary,preserved,
brined,60,esdb-inflection,inherited-from-lemma,brine
brines,60,esdb-inflection,inherited-from-lemma,brine
bring,60,cleaned-dictionary,preserved,
brings,60,esdb-inflection,inherited-from-lemma,bring
brining,60,esdb-inflection,inherited-from-lemma,brine
brink,60,cleaned-dictionary,preserved,
brinks,60,esdb-inflection,inherited-from-lemma,brink
brio,60,cleaned-dictionary,preserved,
brioche,60,cleaned-dictionary,preserved,
brisk,60,cleaned-dictionary,preserved,
brisked,60,esdb-inflection,inherited-from-lemma,brisk
brisker,60,esdb-inflection,inherited-from-lemma,brisk
briskly,60,cleaned-dictionary,preserved,
brisks,60,esdb-inflection,inherited-from-lemma,brisk
bristle,60,cleaned-dictionary,preserved,
bristly,60,cleaned-dictionary,preserved,
brittle,60,cleaned-dictionary,preserved,
bro,60,cleaned-dictionary,preserved,
broach,60,cleaned-dictionary,preserved,
broad,60,cleaned-dictionary,preserved,
broader,60,esdb-inflection,inherited-from-lemma,broad
broads,60,esdb-inflection,inherited-from-lemma,broad
brocade,60,cleaned-dictionary,preserved,
brogue,60,cleaned-dictionary,preserved,
brogues,60,esdb-inflection,inherited-from-lemma,brogue
broil,60,cleaned-dictionary,preserved,
broiled,60,esdb-inflection,inherited-from-lemma,broil
broils,60,esdb-inflection,inherited-from-lemma,broil
broke,60,cleaned-dictionary,preserved,
broken,60,cleaned-dictionary,preserved,
broker,60,cleaned-dictionary,preserved,
brolly,60,cleaned-dictionary,preserved,
bromide,60,cleaned-dictionary,preserved,
bromine,60,cleaned-dictionary,preserved,
bronze,60,cleaned-dictionary,preserved,
bronzed,60,esdb-inflection,inherited-from-lemma,bronze
bronzes,60,esdb-inflection,inherited-from-lemma,bronze
brooch,60,cleaned-dictionary,preserved,
brood,60,cleaned-dictionary,preserved,
brooded,60,cleaned-dictionary,preserved,
broods,60,cleaned-dictionary,preserved,
broody,60,cleaned-dictionary,preserved,
brook,60,cleaned-dictionary,preserved,
brooked,60,esdb-inflection,inherited-from-lemma,brook
brooks,60,esdb-inflection,inherited-from-lemma,brook
broom,60,cleaned-dictionary,preserved,
brooms,60,esdb-inflection,inherited-from-lemma,broom
bros,60,esdb-inflection,inherited-from-lemma,bro
broth,60,cleaned-dictionary,preserved,
brothel,60,cleaned-dictionary,preserved,
brother,60,cleaned-dictionary,preserved,
broths,60,esdb-inflection,inherited-from-lemma,broth
brought,60,cleaned-dictionary,preserved,
brow,60,cleaned-dictionary,preserved,
brown,60,cleaned-dictionary,preserved,
browned,60,esdb-inflection,inherited-from-lemma,brown
browner,60,esdb-inflection,inherited-from-lemma,brown
brownie,60,cleaned-dictionary,preserved,
browns,60,esdb-inflection,inherited-from-lemma,brown
brows,60,cleaned-dictionary,preserved,
browse,60,cleaned-dictionary,preserved,
browsed,60,esdb-inflection,inherited-from-lemma,browse
browser,60,cleaned-dictionary,preserved,
browses,60,esdb-inflection,inherited-from-lemma,browse
bruise,60,cleaned-dictionary,preserved,
bruised,60,esdb-inflection,inherited-from-lemma,bruise
bruises,60,esdb-inflection,inherited-from-lemma,bruise
bruit,60,cleaned-dictionary,preserved,
bruited,60,esdb-inflection,inherited-from-lemma,bruit
bruits,60,cleaned-dictionary,preserved,
brunch,60,cleaned-dictionary,preserved,
brunet,60,cleaned-dictionary,preserved,
brunets,60,esdb-inflection,inherited-from-lemma,brunet
brunt,60,cleaned-dictionary,preserved,
brush,60,cleaned-dictionary,preserved,
brushed,60,esdb-inflection,inherited-from-lemma,brush
brushes,60,esdb-inflection,inherited-from-lemma,brush
brusque,60,cleaned-dictionary,preserved,
brutal,60,cleaned-dictionary,preserved,
brute,60,cleaned-dictionary,preserved,
brutes,60,esdb-inflection,inherited-from-lemma,brute
bub,60,cleaned-dictionary,preserved,
bubble,60,cleaned-dictionary,preserved,
bubbled,60,esdb-inflection,inherited-from-lemma,bubble
bubbles,60,cleaned-dictionary,preserved,
bubbly,60,cleaned-dictionary,preserved,
bubo,60,cleaned-dictionary,preserved,
buboes,60,esdb-inflection,inherited-from-lemma,bubo
bubs,60,esdb-inflection,inherited-from-lemma,bub
buck,60,cleaned-dictionary,preserved,
bucked,60,esdb-inflection,inherited-from-lemma,buck
bucket,60,cleaned-dictionary,preserved,
buckets,60,esdb-inflection,inherited-from-lemma,bucket
bucking,60,esdb-inflection,inherited-from-lemma,buck
buckle,60,cleaned-dictionary,preserved,
buckled,60,esdb-inflection,inherited-from-lemma,buckle
buckler,60,cleaned-dictionary,preserved,
buckles,60,esdb-inflection,inherited-from-lemma,buckle
buckram,60,cleaned-dictionary,preserved,
bucks,60,esdb-inflection,inherited-from-lemma,buck
bucolic,60,cleaned-dictionary,preserved,
bud,60,cleaned-dictionary,preserved,
budded,60,esdb-inflection,inherited-from-lemma,bud
buddies,60,esdb-inflection,inherited-from-lemma,buddy
budding,60,esdb-inflection,inherited-from-lemma,bud
buddy,60,cleaned-dictionary,preserved,
budget,60,cleaned-dictionary,preserved,
budgets,60,cleaned-dictionary,preserved,
budgie,60,cleaned-dictionary,preserved,
budgies,60,esdb-inflection,inherited-from-lemma,budgie
buds,60,esdb-inflection,inherited-from-lemma,bud
buff,60,cleaned-dictionary,preserved,
buffalo,60,cleaned-dictionary,preserved,
buffed,60,esdb-inflection,inherited-from-lemma,buff
buffer,60,cleaned-dictionary,preserved,
buffers,60,esdb-inflection,inherited-from-lemma,buffer
buffet,60,cleaned-dictionary,preserved,
buffets,60,esdb-inflection,inherited-from-lemma,buffet
buffing,60,esdb-inflection,inherited-from-lemma,buff
buffs,60,esdb-inflection,inherited-from-lemma,buff
bug,60,cleaned-dictionary,preserved,
bugbear,60,cleaned-dictionary,preserved,
bugged,60,esdb-inflection,inherited-from-lemma,bug
buggery,60,cleaned-dictionary,preserved,
buggier,60,esdb-inflection,inherited-from-lemma,buggy
buggies,60,esdb-inflection,inherited-from-lemma,buggy
bugging,60,esdb-inflection,inherited-from-lemma,bug
buggy,60,cleaned-dictionary,preserved,
bugle,60,cleaned-dictionary,preserved,
bugled,60,esdb-inflection,inherited-from-lemma,bugle
bugles,60,esdb-inflection,inherited-from-lemma,bugle
bugling,60,esdb-inflection,inherited-from-lemma,bugle
bugs,60,esdb-inflection,inherited-from-lemma,bug
build,60,cleaned-dictionary,preserved,
builder,60,cleaned-dictionary,preserved,
builds,60,esdb-inflection,inherited-from-lemma,build
buildup,60,cleaned-dictionary,preserved,
built,60,cleaned-dictionary,preserved,
bulb,60,cleaned-dictionary,preserved,
bulbous,60,cleaned-dictionary,preserved,
bulbs,60,esdb-inflection,inherited-from-lemma,bulb
bulge,60,cleaned-dictionary,preserved,
bulged,60,esdb-inflection,inherited-from-lemma,bulge
bulges,60,esdb-inflection,inherited-from-lemma,bulge
bulging,60,esdb-inflection,inherited-from-lemma,bulge
bulimia,60,cleaned-dictionary,preserved,
bulk,60,cleaned-dictionary,preserved,
bulked,60,esdb-inflection,inherited-from-lemma,bulk
bulking,60,esdb-inflection,inherited-from-lemma,bulk
bulks,60,esdb-inflection,inherited-from-lemma,bulk
bull,60,cleaned-dictionary,preserved,
bulldog,60,cleaned-dictionary,preserved,
bulled,60,cleaned-dictionary,preserved,
bullet,60,cleaned-dictionary,preserved,
bullets,60,cleaned-dictionary,preserved,
bullied,60,esdb-inflection,inherited-from-lemma,bully
bullies,60,esdb-inflection,inherited-from-lemma,bully
bulling,60,esdb-inflection,inherited-from-lemma,bull
bullpen,60,cleaned-dictionary,preserved,
bulls,60,esdb-inflection,inherited-from-lemma,bull
bully,60,cleaned-dictionary,preserved,
bulwark,60,cleaned-dictionary,preserved,
bum,60,cleaned-dictionary,preserved,
bumble,60,cleaned-dictionary,preserved,
bumbled,60,esdb-inflection,inherited-from-lemma,bumble
bumbles,60,esdb-inflection,inherited-from-lemma,bumble
bumf,60,cleaned-dictionary,preserved,
bummed,60,esdb-inflection,inherited-from-lemma,bum
bummer,60,cleaned-dictionary,preserved,
bummers,60,esdb-inflection,inherited-from-lemma,bummer
bummest,60,esdb-inflection,inherited-from-lemma,bum
bumming,60,esdb-inflection,inherited-from-lemma,bum
bump,60,cleaned-dictionary,preserved,
bumped,60,esdb-inflection,inherited-from-lemma,bump
bumper,60,cleaned-dictionary,preserved,
bumpers,60,esdb-inflection,inherited-from-lemma,bumper
bumpier,60,esdb-inflection,inherited-from-lemma,bumpy
bumping,60,esdb-inflection,inherited-from-lemma,bump
bumpkin,60,cleaned-dictionary,preserved,
bumps,60,esdb-inflection,inherited-from-lemma,bump
bumpy,60,cleaned-dictionary,preserved,
bums,60,esdb-inflection,inherited-from-lemma,bum
bun,60,cleaned-dictionary,preserved,
bunch,60,cleaned-dictionary,preserved,
bunched,60,esdb-inflection,inherited-from-lemma,bunch
bunches,60,esdb-inflection,inherited-from-lemma,bunch
bundle,60,cleaned-dictionary,preserved,
bundled,60,esdb-inflection,inherited-from-lemma,bundle
bundles,60,esdb-inflection,inherited-from-lemma,bundle
bung,60,cleaned-dictionary,preserved,
bunged,60,esdb-inflection,inherited-from-lemma,bung
bungee,60,cleaned-dictionary,preserved,
bungees,60,esdb-inflection,inherited-from-lemma,bungee
bunging,60,esdb-inflection,inherited-from-lemma,bung
bungs,60,esdb-inflection,inherited-from-lemma,bung
bunion,60,cleaned-dictionary,preserved,
bunions,60,esdb-inflection,inherited-from-lemma,bunion
bunk,60,cleaned-dictionary,preserved,
bunked,60,esdb-inflection,inherited-from-lemma,bunk
bunker,60,cleaned-dictionary,preserved,
bunkers,60,esdb-inflection,inherited-from-lemma,bunker
bunking,60,esdb-inflection,inherited-from-lemma,bunk
bunks,60,esdb-inflection,inherited-from-lemma,bunk
bunkum,60,cleaned-dictionary,preserved,
bunnies,60,esdb-inflection,inherited-from-lemma,bunny
bunny,60,cleaned-dictionary,preserved,
buns,60,esdb-inflection,inherited-from-lemma,bun
bunt,60,cleaned-dictionary,preserved,
bunted,60,esdb-inflection,inherited-from-lemma,bunt
bunting,60,cleaned-dictionary,preserved,
bunts,60,esdb-inflection,inherited-from-lemma,bunt
buoy,60,cleaned-dictionary,preserved,
buoyant,60,cleaned-dictionary,preserved,
buoyed,60,esdb-inflection,inherited-from-lemma,buoy
buoying,60,esdb-inflection,inherited-from-lemma,buoy
buoys,60,esdb-inflection,inherited-from-lemma,buoy
bur,60,cleaned-dictionary,preserved,
burden,60,cleaned-dictionary,preserved,
burdens,60,esdb-inflection,inherited-from-lemma,burden
bureau,60,cleaned-dictionary,preserved,
bureaus,60,esdb-inflection,inherited-from-lemma,bureau
burg,60,cleaned-dictionary,preserved,
burgeon,60,cleaned-dictionary,preserved,
burger,60,cleaned-dictionary,preserved,
burgers,60,esdb-inflection,inherited-from-lemma,burger
burgher,60,cleaned-dictionary,preserved,
burglar,60,cleaned-dictionary,preserved,
burgle,60,cleaned-dictionary,preserved,
burgled,60,esdb-inflection,inherited-from-lemma,burgle
burgles,60,esdb-inflection,inherited-from-lemma,burgle
burgs,60,esdb-inflection,inherited-from-lemma,burg
burial,60,cleaned-dictionary,preserved,
burials,60,esdb-inflection,inherited-from-lemma,burial
buried,60,cleaned-dictionary,preserved,
buries,60,esdb-inflection,inherited-from-lemma,bury
burka,60,cleaned-dictionary,preserved,
burkas,60,esdb-inflection,inherited-from-lemma,burka
burl,60,cleaned-dictionary,preserved,
burls,60,esdb-inflection,inherited-from-lemma,burl
burn,60,cleaned-dictionary,preserved,
burned,60,cleaned-dictionary,preserved,
burner,60,cleaned-dictionary,preserved,
burners,60,esdb-inflection,inherited-from-lemma,burner
burning,60,cleaned-dictionary,preserved,
burnish,60,cleaned-dictionary,preserved,
burns,60,cleaned-dictionary,preserved,
burnt,60,cleaned-dictionary,preserved,
burp,60,cleaned-dictionary,preserved,
burped,60,esdb-inflection,inherited-from-lemma,burp
burping,60,esdb-inflection,inherited-from-lemma,burp
burps,60,esdb-inflection,inherited-from-lemma,burp
burr,60,cleaned-dictionary,preserved,
burred,60,esdb-inflection,inherited-from-lemma,burr
burring,60,esdb-inflection,inherited-from-lemma,burr
burrito,60,cleaned-dictionary,preserved,
burro,60,cleaned-dictionary,preserved,
burros,60,esdb-inflection,inherited-from-lemma,burro
burrow,60,cleaned-dictionary,preserved,
burrows,60,esdb-inflection,inherited-from-lemma,burrow
burrs,60,esdb-inflection,inherited-from-lemma,burr
burs,60,esdb-inflection,inherited-from-lemma,bur
bursar,60,cleaned-dictionary,preserved,
bursars,60,esdb-inflection,inherited-from-lemma,bursar
bursary,60,cleaned-dictionary,preserved,
burst,60,cleaned-dictionary,preserved,
bursts,60,esdb-inflection,inherited-from-lemma,burst
bury,60,cleaned-dictionary,preserved,
burying,60,esdb-inflection,inherited-from-lemma,bury
bus,60,cleaned-dictionary,preserved,
bused,60,esdb-inflection,inherited-from-lemma,bus
buses,60,cleaned-dictionary,preserved,
bush,60,cleaned-dictionary,preserved,
bushed,60,esdb-inflection,inherited-from-lemma,bush
bushel,60,cleaned-dictionary,preserved,
bushels,60,esdb-inflection,inherited-from-lemma,bushel
bushes,60,cleaned-dictionary,preserved,
bushing,60,cleaned-dictionary,preserved,
busied,60,esdb-inflection,inherited-from-lemma,busy
busier,60,esdb-inflection,inherited-from-lemma,busy
busies,60,esdb-inflection,inherited-from-lemma,busy
busiest,60,esdb-inflection,inherited-from-lemma,busy
busing,60,esdb-inflection,inherited-from-lemma,bus
busk,60,cleaned-dictionary,preserved,
busked,60,esdb-inflection,inherited-from-lemma,busk
busker,60,cleaned-dictionary,preserved,
buskers,60,esdb-inflection,inherited-from-lemma,busker
busking,60,esdb-inflection,inherited-from-lemma,busk
busks,60,esdb-inflection,inherited-from-lemma,busk
buss,60,cleaned-dictionary,preserved,
bussed,60,cleaned-dictionary,preserved,
busses,60,cleaned-dictionary,preserved,
bussing,60,esdb-inflection,inherited-from-lemma,buss
bust,60,cleaned-dictionary,preserved,
busted,60,cleaned-dictionary,preserved,
bustier,60,cleaned-dictionary,preserved,
busting,60,esdb-inflection,inherited-from-lemma,bust
bustle,60,cleaned-dictionary,preserved,
bustled,60,esdb-inflection,inherited-from-lemma,bustle
bustles,60,esdb-inflection,inherited-from-lemma,bustle
busts,60,cleaned-dictionary,preserved,
busty,60,cleaned-dictionary,preserved,
busy,60,cleaned-dictionary,preserved,
busying,60,esdb-inflection,inherited-from-lemma,busy
but,60,cleaned-dictionary,preserved,
butane,60,cleaned-dictionary,preserved,
butch,60,cleaned-dictionary,preserved,
butcher,60,cleaned-dictionary,preserved,
butches,60,esdb-inflection,inherited-from-lemma,butch
butler,60,cleaned-dictionary,preserved,
butlers,60,esdb-inflection,inherited-from-lemma,butler
butt,60,cleaned-dictionary,preserved,
butted,60,esdb-inflection,inherited-from-lemma,butt
butter,60,cleaned-dictionary,preserved,
butters,60,esdb-inflection,inherited-from-lemma,butter
butties,60,esdb-inflection,inherited-from-lemma,butty
butting,60,esdb-inflection,inherited-from-lemma,butt
buttock,60,cleaned-dictionary,preserved,
button,60,cleaned-dictionary,preserved,
buttons,60,cleaned-dictionary,preserved,
butts,60,esdb-inflection,inherited-from-lemma,butt
butty,60,cleaned-dictionary,preserved,
buxom,60,cleaned-dictionary,preserved,
buy,60,cleaned-dictionary,preserved,
buyer,60,cleaned-dictionary,preserved,
buyers,60,cleaned-dictionary,preserved,
buying,60,cleaned-dictionary,preserved,
buys,60,esdb-inflection,inherited-from-lemma,buy
buzz,60,cleaned-dictionary,preserved,
buzzard,60,cleaned-dictionary,preserved,
buzzed,60,esdb-inflection,inherited-from-lemma,buzz
buzzes,60,esdb-inflection,inherited-from-lemma,buzz
buzzing,60,cleaned-dictionary,preserved,
bye,60,cleaned-dictionary,preserved,
byes,60,esdb-inflection,inherited-from-lemma,bye
bygone,60,cleaned-dictionary,preserved,
bygones,60,esdb-inflection,inherited-from-lemma,bygone
bylaw,60,cleaned-dictionary,preserved,
bylaws,60,esdb-inflection,inherited-from-lemma,bylaw
byline,60,cleaned-dictionary,preserved,
bylines,60,esdb-inflection,inherited-from-lemma,byline
bypass,60,cleaned-dictionary,preserved,
byte,60,cleaned-dictionary,preserved,
bytes,60,cleaned-dictionary,preserved,
cab,60,cleaned-dictionary,preserved,
cabal,60,cleaned-dictionary,preserved,
cabals,60,esdb-inflection,inherited-from-lemma,cabal
cabana,60,cleaned-dictionary,preserved,
cabanas,60,esdb-inflection,inherited-from-lemma,cabana
cabaret,60,cleaned-dictionary,preserved,
cabbage,60,cleaned-dictionary,preserved,
cabbed,60,esdb-inflection,inherited-from-lemma,cab
cabbies,60,esdb-inflection,inherited-from-lemma,cabby
cabbing,60,esdb-inflection,inherited-from-lemma,cab
cabby,60,cleaned-dictionary,preserved,
caber,60,cleaned-dictionary,preserved,
cabers,60,esdb-inflection,inherited-from-lemma,caber
cabin,60,cleaned-dictionary,preserved,
cabinet,60,cleaned-dictionary,preserved,
cabins,60,esdb-inflection,inherited-from-lemma,cabin
cable,60,cleaned-dictionary,preserved,
cabled,60,esdb-inflection,inherited-from-lemma,cable
cables,60,esdb-inflection,inherited-from-lemma,cable
cabling,60,esdb-inflection,inherited-from-lemma,cable
caboose,60,cleaned-dictionary,preserved,
cabs,60,esdb-inflection,inherited-from-lemma,cab
cacao,60,cleaned-dictionary,preserved,
cacaos,60,esdb-inflection,inherited-from-lemma,cacao
cache,60,cleaned-dictionary,preserved,
cached,60,cleaned-dictionary,preserved,
caches,60,esdb-inflection,inherited-from-lemma,cache
cachet,60,cleaned-dictionary,preserved,
cachets,60,esdb-inflection,inherited-from-lemma,cachet
caching,60,esdb-inflection,inherited-from-lemma,cache
cacti,60,cleaned-dictionary,preserved,
cactus,60,cleaned-dictionary,preserved,
cad,60,cleaned-dictionary,preserved,
cadaver,60,cleaned-dictionary,preserved,
caddie,60,cleaned-dictionary,preserved,
caddied,60,esdb-inflection,inherited-from-lemma,caddie
caddies,60,esdb-inflection,inherited-from-lemma,caddie
cadence,60,cleaned-dictionary,preserved,
cadenza,60,cleaned-dictionary,preserved,
cadet,60,cleaned-dictionary,preserved,
cadets,60,esdb-inflection,inherited-from-lemma,cadet
cadge,60,cleaned-dictionary,preserved,
cadged,60,esdb-inflection,inherited-from-lemma,cadge
cadges,60,esdb-inflection,inherited-from-lemma,cadge
cadging,60,esdb-inflection,inherited-from-lemma,cadge
cadmium,60,cleaned-dictionary,preserved,
cadre,60,cleaned-dictionary,preserved,
cadres,60,esdb-inflection,inherited-from-lemma,cadre
cads,60,esdb-inflection,inherited-from-lemma,cad
caesura,60,cleaned-dictionary,preserved,
cafe,60,cleaned-dictionary,preserved,
cafes,60,esdb-inflection,inherited-from-lemma,cafe
caff,60,cleaned-dictionary,preserved,
caffs,60,esdb-inflection,inherited-from-lemma,caff
caftan,60,cleaned-dictionary,preserved,
caftans,60,esdb-inflection,inherited-from-lemma,caftan
cage,60,cleaned-dictionary,preserved,
caged,60,esdb-inflection,inherited-from-lemma,cage
cages,60,esdb-inflection,inherited-from-lemma,cage
cagey,60,cleaned-dictionary,preserved,
cagier,60,esdb-inflection,inherited-from-lemma,cagey
cagiest,60,esdb-inflection,inherited-from-lemma,cagey
caging,60,esdb-inflection,inherited-from-lemma,cage
cahoot,60,cleaned-dictionary,preserved,
cahoots,60,cleaned-dictionary,preserved,
caiman,60,cleaned-dictionary,preserved,
caimans,60,esdb-inflection,inherited-from-lemma,caiman
caisson,60,cleaned-dictionary,preserved,
cajole,60,cleaned-dictionary,preserved,
cajoled,60,esdb-inflection,inherited-from-lemma,cajole
cajoles,60,esdb-inflection,inherited-from-lemma,cajole
cake,60,cleaned-dictionary,preserved,
caked,60,esdb-inflection,inherited-from-lemma,cake
cakes,60,cleaned-dictionary,preserved,
caking,60,esdb-inflection,inherited-from-lemma,cake
calcium,60,cleaned-dictionary,preserved,
caldera,60,cleaned-dictionary,preserved,
calf,60,cleaned-dictionary,preserved,
caliph,60,cleaned-dictionary,preserved,
caliphs,60,esdb-inflection,inherited-from-lemma,caliph
call,60,cleaned-dictionary,preserved,
calla,60,cleaned-dictionary,preserved,
callas,60,esdb-inflection,inherited-from-lemma,calla
called,60,cleaned-dictionary,preserved,
calling,60,cleaned-dictionary,preserved,
callous,60,cleaned-dictionary,preserved,
callow,60,cleaned-dictionary,preserved,
calls,60,esdb-inflection,inherited-from-lemma,call
callus,60,cleaned-dictionary,preserved,
calm,60,cleaned-dictionary,preserved,
calmed,60,esdb-inflection,inherited-from-lemma,calm
calmer,60,esdb-inflection,inherited-from-lemma,calm
calmest,60,esdb-inflection,inherited-from-lemma,calm
calming,60,esdb-inflection,inherited-from-lemma,calm
calmly,60,cleaned-dictionary,preserved,
calms,60,esdb-inflection,inherited-from-lemma,calm
caloric,60,cleaned-dictionary,preserved,
calorie,60,cleaned-dictionary,preserved,
calumny,60,cleaned-dictionary,preserved,
calve,60,cleaned-dictionary,preserved,
calved,60,esdb-inflection,inherited-from-lemma,calve
calves,60,esdb-inflection,inherited-from-lemma,calf
calving,60,esdb-inflection,inherited-from-lemma,calve
calypso,60,cleaned-dictionary,preserved,
calyx,60,cleaned-dictionary,preserved,
calyxes,60,esdb-inflection,inherited-from-lemma,calyx
calzone,60,cleaned-dictionary,preserved,
cam,60,cleaned-dictionary,preserved,
camber,60,cleaned-dictionary,preserved,
cambers,60,esdb-inflection,inherited-from-lemma,camber
came,60,cleaned-dictionary,preserved,
camel,60,cleaned-dictionary,preserved,
camels,60,esdb-inflection,inherited-from-lemma,camel
camera,60,cleaned-dictionary,preserved,
cameras,60,cleaned-dictionary,preserved,
camp,60,cleaned-dictionary,preserved,
camped,60,esdb-inflection,inherited-from-lemma,camp
camper,60,cleaned-dictionary,preserved,
campers,60,esdb-inflection,inherited-from-lemma,camper
camping,60,esdb-inflection,inherited-from-lemma,camp
campout,60,cleaned-dictionary,preserved,
camps,60,cleaned-dictionary,preserved,
campus,60,cleaned-dictionary,preserved,
cams,60,esdb-inflection,inherited-from-lemma,cam
can,60,cleaned-dictionary,preserved,
canal,60,cleaned-dictionary,preserved,
canals,60,esdb-inflection,inherited-from-lemma,canal
canard,60,cleaned-dictionary,preserved,
canards,60,esdb-inflection,inherited-from-lemma,canard
canary,60,cleaned-dictionary,preserved,
cancel,60,cleaned-dictionary,preserved,
cancels,60,esdb-inflection,inherited-from-lemma,cancel
cancer,60,cleaned-dictionary,preserved,
cancers,60,cleaned-dictionary,preserved,
candid,60,cleaned-dictionary,preserved,
candida,60,cleaned-dictionary,preserved,
candied,60,cleaned-dictionary,preserved,
candies,60,esdb-inflection,inherited-from-lemma,candy
candle,60,cleaned-dictionary,preserved,
candled,60,esdb-inflection,inherited-from-lemma,candle
candles,60,cleaned-dictionary,preserved,
candor,60,cleaned-dictionary,preserved,
candy,60,cleaned-dictionary,preserved,
cane,60,cleaned-dictionary,preserved,
caned,60,esdb-inflection,inherited-from-lemma,cane
canes,60,esdb-inflection,inherited-from-lemma,cane
canine,60,cleaned-dictionary,preserved,
canines,60,esdb-inflection,inherited-from-lemma,canine
caning,60,esdb-inflection,inherited-from-lemma,cane
canker,60,cleaned-dictionary,preserved,
cankers,60,esdb-inflection,inherited-from-lemma,canker
canned,60,cleaned-dictionary,preserved,
cannier,60,esdb-inflection,inherited-from-lemma,canny
canning,60,cleaned-dictionary,preserved,
cannon,60,cleaned-dictionary,preserved,
cannons,60,esdb-inflection,inherited-from-lemma,cannon
cannot,60,cleaned-dictionary,preserved,
canny,60,cleaned-dictionary,preserved,
canoe,60,cleaned-dictionary,preserved,
canoed,60,esdb-inflection,inherited-from-lemma,canoe
canoes,60,esdb-inflection,inherited-from-lemma,canoe
canon,60,cleaned-dictionary,preserved,
canons,60,esdb-inflection,inherited-from-lemma,canon
canopy,60,cleaned-dictionary,preserved,
cans,60,esdb-inflection,inherited-from-lemma,can
cant,60,cleaned-dictionary,preserved,
cantata,60,cleaned-dictionary,preserved,
canted,60,esdb-inflection,inherited-from-lemma,cant
canter,60,cleaned-dictionary,preserved,
canters,60,esdb-inflection,inherited-from-lemma,canter
cantina,60,cleaned-dictionary,preserved,
canting,60,esdb-inflection,inherited-from-lemma,cant
canto,60,cleaned-dictionary,preserved,
canton,60,cleaned-dictionary,preserved,
cantons,60,esdb-inflection,inherited-from-lemma,canton
cantor,60,cleaned-dictionary,preserved,
cantors,60,esdb-inflection,inherited-from-lemma,cantor
cantos,60,esdb-inflection,inherited-from-lemma,canto
cants,60,esdb-inflection,inherited-from-lemma,cant
canvas,60,cleaned-dictionary,preserved,
canyon,60,cleaned-dictionary,preserved,
canyons,60,esdb-inflection,inherited-from-lemma,canyon
cap,60,cleaned-dictionary,preserved,
capable,60,cleaned-dictionary,preserved,
cape,60,cleaned-dictionary,preserved,
caped,60,cleaned-dictionary,preserved,
caper,60,cleaned-dictionary,preserved,
capered,60,esdb-inflection,inherited-from-lemma,caper
capers,60,esdb-inflection,inherited-from-lemma,caper
capes,60,esdb-inflection,inherited-from-lemma,cape
capital,60,cleaned-dictionary,preserved,
capitol,60,cleaned-dictionary,preserved,
capo,60,cleaned-dictionary,preserved,
capos,60,esdb-inflection,inherited-from-lemma,capo
capped,60,esdb-inflection,inherited-from-lemma,cap
capping,60,esdb-inflection,inherited-from-lemma,cap
caps,60,esdb-inflection,inherited-from-lemma,cap
capsize,60,cleaned-dictionary,preserved,
capstan,60,cleaned-dictionary,preserved,
capsule,60,cleaned-dictionary,preserved,
captain,60,cleaned-dictionary,preserved,
caption,60,cleaned-dictionary,preserved,
captive,60,cleaned-dictionary,preserved,
capture,60,cleaned-dictionary,preserved,
car,60,cleaned-dictionary,preserved,
carafe,60,cleaned-dictionary,preserved,
carafes,60,esdb-inflection,inherited-from-lemma,carafe
carat,60,cleaned-dictionary,preserved,
carats,60,esdb-inflection,inherited-from-lemma,carat
caraway,60,cleaned-dictionary,preserved,
carbine,60,cleaned-dictionary,preserved,
carbon,60,cleaned-dictionary,preserved,
carbons,60,esdb-inflection,inherited-from-lemma,carbon
carboy,60,cleaned-dictionary,preserved,
carboys,60,esdb-inflection,inherited-from-lemma,carboy
carcass,60,cleaned-dictionary,preserved,
card,60,cleaned-dictionary,preserved,
carded,60,esdb-inflection,inherited-from-lemma,card
carder,60,cleaned-dictionary,preserved,
carders,60,esdb-inflection,inherited-from-lemma,carder
cardie,60,cleaned-dictionary,preserved,
cardies,60,esdb-inflection,inherited-from-lemma,cardie
carding,60,esdb-inflection,inherited-from-lemma,card
cards,60,cleaned-dictionary,preserved,
care,60,cleaned-dictionary,preserved,
cared,60,cleaned-dictionary,preserved,
careen,60,cleaned-dictionary,preserved,
careens,60,esdb-inflection,inherited-from-lemma,careen
career,60,cleaned-dictionary,preserved,
careers,60,cleaned-dictionary,preserved,
careful,60,cleaned-dictionary,preserved,
carer,60,cleaned-dictionary,preserved,
carers,60,esdb-inflection,inherited-from-lemma,carer
cares,60,cleaned-dictionary,preserved,
caress,60,cleaned-dictionary,preserved,
caret,60,cleaned-dictionary,preserved,
carets,60,esdb-inflection,inherited-from-lemma,caret
cargo,60,cleaned-dictionary,preserved,
cargoes,60,esdb-inflection,inherited-from-lemma,cargo
caribou,60,cleaned-dictionary,preserved,
caring,60,esdb-inflection,inherited-from-lemma,care
carmine,60,cleaned-dictionary,preserved,
carnage,60,cleaned-dictionary,preserved,
carnal,60,cleaned-dictionary,preserved,
carob,60,cleaned-dictionary,preserved,
carobs,60,esdb-inflection,inherited-from-lemma,carob
carol,60,cleaned-dictionary,preserved,
caroled,60,esdb-inflection,inherited-from-lemma,carol
carols,60,esdb-inflection,inherited-from-lemma,carol
carom,60,cleaned-dictionary,preserved,
caromed,60,esdb-inflection,inherited-from-lemma,carom
caroms,60,esdb-inflection,inherited-from-lemma,carom
carouse,60,cleaned-dictionary,preserved,
carp,60,cleaned-dictionary,preserved,
carpal,60,cleaned-dictionary,preserved,
carpals,60,esdb-inflection,inherited-from-lemma,carpal
carped,60,esdb-inflection,inherited-from-lemma,carp
carpel,60,cleaned-dictionary,preserved,
carpels,60,esdb-inflection,inherited-from-lemma,carpel
carper,60,cleaned-dictionary,preserved,
carpers,60,esdb-inflection,inherited-from-lemma,carper
carpet,60,cleaned-dictionary,preserved,
carpets,60,esdb-inflection,inherited-from-lemma,carpet
carpi,60,esdb-inflection,inherited-from-lemma,carpus
carping,60,cleaned-dictionary,preserved,
carps,60,esdb-inflection,inherited-from-lemma,carp
carpus,60,cleaned-dictionary,preserved,
carried,60,cleaned-dictionary,preserved,
carrier,60,cleaned-dictionary,preserved,
carries,60,cleaned-dictionary,preserved,
carrion,60,cleaned-dictionary,preserved,
carrot,60,cleaned-dictionary,preserved,
carrots,60,esdb-inflection,inherited-from-lemma,carrot
carroty,60,cleaned-dictionary,preserved,
carry,60,cleaned-dictionary,preserved,
cars,60,cleaned-dictionary,preserved,
carsick,60,cleaned-dictionary,preserved,
cart,60,cleaned-dictionary,preserved,
carted,60,esdb-inflection,inherited-from-lemma,cart
cartel,60,cleaned-dictionary,preserved,
cartels,60,esdb-inflection,inherited-from-lemma,cartel
carting,60,esdb-inflection,inherited-from-lemma,cart
carton,60,cleaned-dictionary,preserved,
cartons,60,esdb-inflection,inherited-from-lemma,carton
cartoon,60,cleaned-dictionary,preserved,
carts,60,esdb-inflection,inherited-from-lemma,cart
carve,60,cleaned-dictionary,preserved,
carved,60,cleaned-dictionary,preserved,
carves,60,esdb-inflection,inherited-from-lemma,carve
carving,60,cleaned-dictionary,preserved,
casa,60,cleaned-dictionary,preserved,
casas,60,esdb-inflection,inherited-from-lemma,casa
cascade,60,cleaned-dictionary,preserved,
case,60,cleaned-dictionary,preserved,
cased,60,esdb-inflection,inherited-from-lemma,case
casein,60,cleaned-dictionary,preserved,
cases,60,cleaned-dictionary,preserved,
cash,60,cleaned-dictionary,preserved,
cashed,60,esdb-inflection,inherited-from-lemma,cash
cashes,60,esdb-inflection,inherited-from-lemma,cash
cashing,60,esdb-inflection,inherited-from-lemma,cash
casing,60,cleaned-dictionary,preserved,
casings,60,esdb-inflection,inherited-from-lemma,casing
casino,60,cleaned-dictionary,preserved,
casinos,60,esdb-inflection,inherited-from-lemma,casino
cask,60,cleaned-dictionary,preserved,
casket,60,cleaned-dictionary,preserved,
caskets,60,esdb-inflection,inherited-from-lemma,casket
casks,60,esdb-inflection,inherited-from-lemma,cask
cassava,60,cleaned-dictionary,preserved,
cassia,60,cleaned-dictionary,preserved,
cassias,60,esdb-inflection,inherited-from-lemma,cassia
cast,60,cleaned-dictionary,preserved,
caste,60,cleaned-dictionary,preserved,
caster,60,cleaned-dictionary,preserved,
casters,60,esdb-inflection,inherited-from-lemma,caster
castes,60,esdb-inflection,inherited-from-lemma,caste
casting,60,cleaned-dictionary,preserved,
castle,60,cleaned-dictionary,preserved,
castled,60,esdb-inflection,inherited-from-lemma,castle
castles,60,esdb-inflection,inherited-from-lemma,castle
castor,60,cleaned-dictionary,preserved,
castors,60,esdb-inflection,inherited-from-lemma,castor
casts,60,esdb-inflection,inherited-from-lemma,cast
casual,60,cleaned-dictionary,preserved,
casuals,60,esdb-inflection,inherited-from-lemma,casual
cat,60,cleaned-dictionary,preserved,
catalog,60,cleaned-dictionary,preserved,
catarrh,60,cleaned-dictionary,preserved,
catboat,60,cleaned-dictionary,preserved,
catch,60,cleaned-dictionary,preserved,
catcher,60,cleaned-dictionary,preserved,
catches,60,esdb-inflection,inherited-from-lemma,catch
catchy,60,cleaned-dictionary,preserved,
cater,60,cleaned-dictionary,preserved,
catered,60,esdb-inflection,inherited-from-lemma,cater
caters,60,esdb-inflection,inherited-from-lemma,cater
catfish,60,cleaned-dictionary,preserved,
catgut,60,cleaned-dictionary,preserved,
cathode,60,cleaned-dictionary,preserved,
cation,60,cleaned-dictionary,preserved,
cations,60,esdb-inflection,inherited-from-lemma,cation
catkin,60,cleaned-dictionary,preserved,
catkins,60,esdb-inflection,inherited-from-lemma,catkin
catlike,60,cleaned-dictionary,preserved,
catnap,60,cleaned-dictionary,preserved,
catnaps,60,esdb-inflection,inherited-from-lemma,catnap
cats,60,cleaned-dictionary,preserved,
cattier,60,esdb-inflection,inherited-from-lemma,catty
cattle,60,cleaned-dictionary,preserved,
catty,60,cleaned-dictionary,preserved,
caucus,60,cleaned-dictionary,preserved,
caught,60,cleaned-dictionary,preserved,
cause,60,cleaned-dictionary,preserved,
caused,60,esdb-inflection,inherited-from-lemma,cause
causer,60,cleaned-dictionary,preserved,
causers,60,esdb-inflection,inherited-from-lemma,causer
causes,60,cleaned-dictionary,preserved,
causing,60,esdb-inflection,inherited-from-lemma,cause
caustic,60,cleaned-dictionary,preserved,
caution,60,cleaned-dictionary,preserved,
cavalry,60,cleaned-dictionary,preserved,
cave,60,cleaned-dictionary,preserved,
caveat,60,cleaned-dictionary,preserved,
caveats,60,esdb-inflection,inherited-from-lemma,caveat
caved,60,esdb-inflection,inherited-from-lemma,cave
caves,60,esdb-inflection,inherited-from-lemma,cave
caviar,60,cleaned-dictionary,preserved,
cavil,60,cleaned-dictionary,preserved,
caviled,60,esdb-inflection,inherited-from-lemma,cavil
cavils,60,cleaned-dictionary,preserved,
caving,60,esdb-inflection,inherited-from-lemma,cave
cavity,60,cleaned-dictionary,preserved,
caw,60,cleaned-dictionary,preserved,
cawed,60,esdb-inflection,inherited-from-lemma,caw
cawing,60,esdb-inflection,inherited-from-lemma,caw
caws,60,cleaned-dictionary,preserved,
cay,60,cleaned-dictionary,preserved,
cays,60,esdb-inflection,inherited-from-lemma,cay
cayuse,60,cleaned-dictionary,preserved,
cayuses,60,esdb-inflection,inherited-from-lemma,cayuse
cease,60,cleaned-dictionary,preserved,
ceased,60,cleaned-dictionary,preserved,
ceases,60,esdb-inflection,inherited-from-lemma,cease
ceasing,60,esdb-inflection,inherited-from-lemma,cease
cedar,60,cleaned-dictionary,preserved,
cedars,60,esdb-inflection,inherited-from-lemma,cedar
cede,60,cleaned-dictionary,preserved,
ceded,60,esdb-inflection,inherited-from-lemma,cede
cedes,60,cleaned-dictionary,preserved,
cedilla,60,cleaned-dictionary,preserved,
ceding,60,esdb-inflection,inherited-from-lemma,cede
ceilidh,60,cleaned-dictionary,preserved,
ceiling,60,cleaned-dictionary,preserved,
celeb,60,cleaned-dictionary,preserved,
celebs,60,esdb-inflection,inherited-from-lemma,celeb
celery,60,cleaned-dictionary,preserved,
cell,60,cleaned-dictionary,preserved,
cellist,60,cleaned-dictionary,preserved,
cello,60,cleaned-dictionary,preserved,
cellos,60,esdb-inflection,inherited-from-lemma,cello
cells,60,cleaned-dictionary,preserved,
cement,60,cleaned-dictionary,preserved,
cements,60,esdb-inflection,inherited-from-lemma,cement
censor,60,cleaned-dictionary,preserved,
censors,60,esdb-inflection,inherited-from-lemma,censor
censure,60,cleaned-dictionary,preserved,
census,60,cleaned-dictionary,preserved,
cent,60,cleaned-dictionary,preserved,
centaur,60,cleaned-dictionary,preserved,
centavo,60,cleaned-dictionary,preserved,
center,60,cleaned-dictionary,preserved,
centers,60,cleaned-dictionary,preserved,
centime,60,cleaned-dictionary,preserved,
central,60,cleaned-dictionary,preserved,
cents,60,cleaned-dictionary,preserved,
century,60,cleaned-dictionary,preserved,
ceramic,60,cleaned-dictionary,preserved,
cereal,60,cleaned-dictionary,preserved,
cereals,60,esdb-inflection,inherited-from-lemma,cereal
cerise,60,cleaned-dictionary,preserved,
cerium,60,cleaned-dictionary,preserved,
cermet,60,cleaned-dictionary,preserved,
certain,60,cleaned-dictionary,preserved,
certify,60,cleaned-dictionary,preserved,
cervix,60,cleaned-dictionary,preserved,
cesium,60,cleaned-dictionary,preserved,
cession,60,cleaned-dictionary,preserved,
chador,60,cleaned-dictionary,preserved,
chadors,60,esdb-inflection,inherited-from-lemma,chador
chafe,60,cleaned-dictionary,preserved,
chafed,60,esdb-inflection,inherited-from-lemma,chafe
chafes,60,esdb-inflection,inherited-from-lemma,chafe
chaff,60,cleaned-dictionary,preserved,
chaffed,60,esdb-inflection,inherited-from-lemma,chaff
chaffs,60,esdb-inflection,inherited-from-lemma,chaff
chafing,60,esdb-inflection,inherited-from-lemma,chafe
chagrin,60,cleaned-dictionary,preserved,
chai,60,cleaned-dictionary,preserved,
chain,60,cleaned-dictionary,preserved,
chained,60,esdb-inflection,inherited-from-lemma,chain
chains,60,cleaned-dictionary,preserved,
chair,60,cleaned-dictionary,preserved,
chaired,60,esdb-inflection,inherited-from-lemma,chair
chairs,60,cleaned-dictionary,preserved,
chakra,60,cleaned-dictionary,preserved,
chakras,60,esdb-inflection,inherited-from-lemma,chakra
chalice,60,cleaned-dictionary,preserved,
chalk,60,cleaned-dictionary,preserved,
chalked,60,esdb-inflection,inherited-from-lemma,chalk
chalks,60,esdb-inflection,inherited-from-lemma,chalk
chamber,60,cleaned-dictionary,preserved,
chamois,60,cleaned-dictionary,preserved,
champ,60,cleaned-dictionary,preserved,
champed,60,esdb-inflection,inherited-from-lemma,champ
champs,60,esdb-inflection,inherited-from-lemma,champ
chance,60,cleaned-dictionary,preserved,
chanced,60,cleaned-dictionary,preserved,
chancel,60,cleaned-dictionary,preserved,
chances,60,cleaned-dictionary,preserved,
change,60,cleaned-dictionary,preserved,
changed,60,cleaned-dictionary,preserved,
changer,60,cleaned-dictionary,preserved,
changes,60,esdb-inflection,inherited-from-lemma,change
channel,60,cleaned-dictionary,preserved,
chant,60,cleaned-dictionary,preserved,
chanted,60,esdb-inflection,inherited-from-lemma,chant
chanter,60,cleaned-dictionary,preserved,
chantey,60,cleaned-dictionary,preserved,
chants,60,esdb-inflection,inherited-from-lemma,chant
chaos,60,cleaned-dictionary,preserved,
chaotic,60,cleaned-dictionary,preserved,
chap,60,cleaned-dictionary,preserved,
chapati,60,cleaned-dictionary,preserved,
chapel,60,cleaned-dictionary,preserved,
chapels,60,esdb-inflection,inherited-from-lemma,chapel
chapped,60,esdb-inflection,inherited-from-lemma,chap
chappy,60,cleaned-dictionary,preserved,
chaps,60,cleaned-dictionary,preserved,
chapter,60,cleaned-dictionary,preserved,
char,60,cleaned-dictionary,preserved,
charade,60,cleaned-dictionary,preserved,
chard,60,cleaned-dictionary,preserved,
charge,60,cleaned-dictionary,preserved,
charged,60,cleaned-dictionary,preserved,
charges,60,cleaned-dictionary,preserved,
chariot,60,cleaned-dictionary,preserved,
charity,60,cleaned-dictionary,preserved,
charlie,60,cleaned-dictionary,preserved,
charm,60,cleaned-dictionary,preserved,
charmed,60,esdb-inflection,inherited-from-lemma,charm
charms,60,esdb-inflection,inherited-from-lemma,charm
charred,60,esdb-inflection,inherited-from-lemma,char
chars,60,esdb-inflection,inherited-from-lemma,char
chart,60,cleaned-dictionary,preserved,
charted,60,esdb-inflection,inherited-from-lemma,chart
charter,60,cleaned-dictionary,preserved,
charts,60,cleaned-dictionary,preserved,
chase,60,cleaned-dictionary,preserved,
chased,60,esdb-inflection,inherited-from-lemma,chase
chaser,60,cleaned-dictionary,preserved,
chasers,60,esdb-inflection,inherited-from-lemma,chaser
chases,60,esdb-inflection,inherited-from-lemma,chase
chasing,60,esdb-inflection,inherited-from-lemma,chase
chasm,60,cleaned-dictionary,preserved,
chasms,60,esdb-inflection,inherited-from-lemma,chasm
chassis,60,cleaned-dictionary,preserved,
chaste,60,cleaned-dictionary,preserved,
chaster,60,esdb-inflection,inherited-from-lemma,chaste
chat,60,cleaned-dictionary,preserved,
chateau,60,cleaned-dictionary,preserved,
chats,60,esdb-inflection,inherited-from-lemma,chat
chatted,60,esdb-inflection,inherited-from-lemma,chat
chattel,60,cleaned-dictionary,preserved,
chatter,60,cleaned-dictionary,preserved,
chatty,60,cleaned-dictionary,preserved,
cheap,60,cleaned-dictionary,preserved,
cheaper,60,cleaned-dictionary,preserved,
cheat,60,cleaned-dictionary,preserved,
cheated,60,esdb-inflection,inherited-from-lemma,cheat
cheater,60,cleaned-dictionary,preserved,
cheats,60,esdb-inflection,inherited-from-lemma,cheat
check,60,cleaned-dictionary,preserved,
checked,60,esdb-inflection,inherited-from-lemma,check
checks,60,cleaned-dictionary,preserved,
checkup,60,cleaned-dictionary,preserved,
cheek,60,cleaned-dictionary,preserved,
cheeked,60,esdb-inflection,inherited-from-lemma,cheek
cheeks,60,cleaned-dictionary,preserved,
cheep,60,cleaned-dictionary,preserved,
cheeped,60,esdb-inflection,inherited-from-lemma,cheep
cheeps,60,esdb-inflection,inherited-from-lemma,cheep
cheer,60,cleaned-dictionary,preserved,
cheered,60,esdb-inflection,inherited-from-lemma,cheer
cheerio,60,cleaned-dictionary,preserved,
cheers,60,cleaned-dictionary,preserved,
cheese,60,cleaned-dictionary,preserved,
cheeses,60,esdb-inflection,inherited-from-lemma,cheese
cheesy,60,cleaned-dictionary,preserved,
cheetah,60,cleaned-dictionary,preserved,
chef,60,cleaned-dictionary,preserved,
chefs,60,esdb-inflection,inherited-from-lemma,chef
chemist,60,cleaned-dictionary,preserved,
chemo,60,cleaned-dictionary,preserved,
cherish,60,cleaned-dictionary,preserved,
cheroot,60,cleaned-dictionary,preserved,
cherry,60,cleaned-dictionary,preserved,
chert,60,cleaned-dictionary,preserved,
cherub,60,cleaned-dictionary,preserved,
cherubs,60,cleaned-dictionary,preserved,
chess,60,cleaned-dictionary,preserved,
chest,60,cleaned-dictionary,preserved,
chests,60,esdb-inflection,inherited-from-lemma,chest
chevron,60,cleaned-dictionary,preserved,
chew,60,cleaned-dictionary,preserved,
chewed,60,esdb-inflection,inherited-from-lemma,chew
chewier,60,esdb-inflection,inherited-from-lemma,chewy
chewing,60,cleaned-dictionary,preserved,
chews,60,cleaned-dictionary,preserved,
chewy,60,cleaned-dictionary,preserved,
chez,60,cleaned-dictionary,preserved,
chi,60,cleaned-dictionary,preserved,
chic,60,cleaned-dictionary,preserved,
chicane,60,cleaned-dictionary,preserved,
chicer,60,esdb-inflection,inherited-from-lemma,chic
chicest,60,esdb-inflection,inherited-from-lemma,chic
chick,60,cleaned-dictionary,preserved,
chicken,60,cleaned-dictionary,preserved,
chicks,60,esdb-inflection,inherited-from-lemma,chick
chicory,60,cleaned-dictionary,preserved,
chide,60,cleaned-dictionary,preserved,
chided,60,esdb-inflection,inherited-from-lemma,chide
chides,60,esdb-inflection,inherited-from-lemma,chide
chiding,60,esdb-inflection,inherited-from-lemma,chide
chief,60,cleaned-dictionary,preserved,
chiefer,60,esdb-inflection,inherited-from-lemma,chief
chiefly,60,cleaned-dictionary,preserved,
chiefs,60,cleaned-dictionary,preserved,
chigger,60,cleaned-dictionary,preserved,
child,60,cleaned-dictionary,preserved,
chili,60,cleaned-dictionary,preserved,
chilies,60,esdb-inflection,inherited-from-lemma,chili
chill,60,cleaned-dictionary,preserved,
chilled,60,esdb-inflection,inherited-from-lemma,chill
chiller,60,esdb-inflection,inherited-from-lemma,chill
chills,60,cleaned-dictionary,preserved,
chilly,60,cleaned-dictionary,preserved,
chime,60,cleaned-dictionary,preserved,
chimed,60,esdb-inflection,inherited-from-lemma,chime
chimera,60,cleaned-dictionary,preserved,
chimes,60,esdb-inflection,inherited-from-lemma,chime
chiming,60,esdb-inflection,inherited-from-lemma,chime
chimney,60,cleaned-dictionary,preserved,
chimp,60,cleaned-dictionary,preserved,
chimps,60,esdb-inflection,inherited-from-lemma,chimp
chin,60,cleaned-dictionary,preserved,
china,60,cleaned-dictionary,preserved,
chine,60,cleaned-dictionary,preserved,
chines,60,esdb-inflection,inherited-from-lemma,chine
chink,60,cleaned-dictionary,preserved,
chinked,60,esdb-inflection,inherited-from-lemma,chink
chinks,60,esdb-inflection,inherited-from-lemma,chink
chinned,60,esdb-inflection,inherited-from-lemma,chin
chino,60,cleaned-dictionary,preserved,
chinos,60,esdb-inflection,inherited-from-lemma,chino
chins,60,esdb-inflection,inherited-from-lemma,chin
chintzy,60,cleaned-dictionary,preserved,
chip,60,cleaned-dictionary,preserved,
chipped,60,esdb-inflection,inherited-from-lemma,chip
chips,60,cleaned-dictionary,preserved,
chirp,60,cleaned-dictionary,preserved,
chirped,60,esdb-inflection,inherited-from-lemma,chirp
chirps,60,esdb-inflection,inherited-from-lemma,chirp
chis,60,esdb-inflection,inherited-from-lemma,chi
chisel,60,cleaned-dictionary,preserved,
chisels,60,esdb-inflection,inherited-from-lemma,chisel
chit,60,cleaned-dictionary,preserved,
chitin,60,cleaned-dictionary,preserved,
chits,60,esdb-inflection,inherited-from-lemma,chit
chive,60,cleaned-dictionary,preserved,
chives,60,esdb-inflection,inherited-from-lemma,chive
choc,60,cleaned-dictionary,preserved,
chock,60,cleaned-dictionary,preserved,
chocked,60,esdb-inflection,inherited-from-lemma,chock
chocks,60,esdb-inflection,inherited-from-lemma,chock
chocs,60,esdb-inflection,inherited-from-lemma,choc
choice,60,cleaned-dictionary,preserved,
choicer,60,esdb-inflection,inherited-from-lemma,choice
choices,60,cleaned-dictionary,preserved,
choir,60,cleaned-dictionary,preserved,
choirs,60,cleaned-dictionary,preserved,
choke,60,cleaned-dictionary,preserved,
choked,60,cleaned-dictionary,preserved,
choker,60,cleaned-dictionary,preserved,
chokers,60,esdb-inflection,inherited-from-lemma,choker
chokes,60,esdb-inflection,inherited-from-lemma,choke
choking,60,esdb-inflection,inherited-from-lemma,choke
choler,60,cleaned-dictionary,preserved,
cholera,60,cleaned-dictionary,preserved,
chomp,60,cleaned-dictionary,preserved,
chomped,60,esdb-inflection,inherited-from-lemma,chomp
chomps,60,esdb-inflection,inherited-from-lemma,chomp
choose,60,cleaned-dictionary,preserved,
chooses,60,esdb-inflection,inherited-from-lemma,choose
choosy,60,cleaned-dictionary,preserved,
chop,60,cleaned-dictionary,preserved,
chopped,60,cleaned-dictionary,preserved,
chopper,60,cleaned-dictionary,preserved,
chops,60,esdb-inflection,inherited-from-lemma,chop
choral,60,cleaned-dictionary,preserved,
chorale,60,cleaned-dictionary,preserved,
chorals,60,esdb-inflection,inherited-from-lemma,choral
chord,60,cleaned-dictionary,preserved,
chords,60,cleaned-dictionary,preserved,
chore,60,cleaned-dictionary,preserved,
chores,60,esdb-inflection,inherited-from-lemma,chore
chortle,60,cleaned-dictionary,preserved,
chorus,60,cleaned-dictionary,preserved,
chose,60,cleaned-dictionary,preserved,
chosen,60,cleaned-dictionary,preserved,
chow,60,cleaned-dictionary,preserved,
chowed,60,esdb-inflection,inherited-from-lemma,chow
chowing,60,esdb-inflection,inherited-from-lemma,chow
chows,60,esdb-inflection,inherited-from-lemma,chow
chrome,60,cleaned-dictionary,preserved,
chromed,60,esdb-inflection,inherited-from-lemma,chrome
chromes,60,esdb-inflection,inherited-from-lemma,chrome
chronic,60,cleaned-dictionary,preserved,
chub,60,cleaned-dictionary,preserved,
chubby,60,cleaned-dictionary,preserved,
chubs,60,esdb-inflection,inherited-from-lemma,chub
chuck,60,cleaned-dictionary,preserved,
chucked,60,esdb-inflection,inherited-from-lemma,chuck
chuckle,60,cleaned-dictionary,preserved,
chucks,60,esdb-inflection,inherited-from-lemma,chuck
chuffed,60,cleaned-dictionary,preserved,
chug,60,cleaned-dictionary,preserved,
chugged,60,esdb-inflection,inherited-from-lemma,chug
chugs,60,esdb-inflection,inherited-from-lemma,chug
chum,60,cleaned-dictionary,preserved,
chummed,60,esdb-inflection,inherited-from-lemma,chum
chump,60,cleaned-dictionary,preserved,
chumps,60,esdb-inflection,inherited-from-lemma,chump
chums,60,esdb-inflection,inherited-from-lemma,chum
chunder,60,cleaned-dictionary,preserved,
chunk,60,cleaned-dictionary,preserved,
chunked,60,esdb-inflection,inherited-from-lemma,chunk
chunks,60,esdb-inflection,inherited-from-lemma,chunk
church,60,cleaned-dictionary,preserved,
churl,60,cleaned-dictionary,preserved,
churls,60,esdb-inflection,inherited-from-lemma,churl
churn,60,cleaned-dictionary,preserved,
churned,60,esdb-inflection,inherited-from-lemma,churn
churns,60,esdb-inflection,inherited-from-lemma,churn
chute,60,cleaned-dictionary,preserved,
chutes,60,esdb-inflection,inherited-from-lemma,chute
chutney,60,cleaned-dictionary,preserved,
chyme,60,cleaned-dictionary,preserved,
ciao,60,cleaned-dictionary,preserved,
cicada,60,cleaned-dictionary,preserved,
cicadas,60,esdb-inflection,inherited-from-lemma,cicada
cider,60,cleaned-dictionary,preserved,
ciders,60,esdb-inflection,inherited-from-lemma,cider
cigar,60,cleaned-dictionary,preserved,
cigars,60,cleaned-dictionary,preserved,
cinch,60,cleaned-dictionary,preserved,
cinched,60,esdb-inflection,inherited-from-lemma,cinch
cinches,60,esdb-inflection,inherited-from-lemma,cinch
cinema,60,cleaned-dictionary,preserved,
cinemas,60,esdb-inflection,inherited-from-lemma,cinema
cipher,60,cleaned-dictionary,preserved,
ciphers,60,esdb-inflection,inherited-from-lemma,cipher
circa,60,cleaned-dictionary,preserved,
circle,60,cleaned-dictionary,preserved,
circled,60,esdb-inflection,inherited-from-lemma,circle
circles,60,cleaned-dictionary,preserved,
circlet,60,cleaned-dictionary,preserved,
circuit,60,cleaned-dictionary,preserved,
circus,60,cleaned-dictionary,preserved,
cirque,60,cleaned-dictionary,preserved,
cirques,60,esdb-inflection,inherited-from-lemma,cirque
cirri,60,cleaned-dictionary,preserved,
cis,60,cleaned-dictionary,preserved,
cistern,60,cleaned-dictionary,preserved,
cite,60,cleaned-dictionary,preserved,
cited,60,cleaned-dictionary,preserved,
cites,60,esdb-inflection,inherited-from-lemma,cite
cities,60,cleaned-dictionary,preserved,
citing,60,cleaned-dictionary,preserved,
citizen,60,cleaned-dictionary,preserved,
citric,60,cleaned-dictionary,preserved,
citron,60,cleaned-dictionary,preserved,
citrons,60,esdb-inflection,inherited-from-lemma,citron
citrus,60,cleaned-dictionary,preserved,
city,60,cleaned-dictionary,preserved,
civet,60,cleaned-dictionary,preserved,
civets,60,esdb-inflection,inherited-from-lemma,civet
civic,60,cleaned-dictionary,preserved,
civics,60,cleaned-dictionary,preserved,
civil,60,cleaned-dictionary,preserved,
clad,60,cleaned-dictionary,preserved,
clade,60,cleaned-dictionary,preserved,
clades,60,esdb-inflection,inherited-from-lemma,clade
claim,60,cleaned-dictionary,preserved,
claimed,60,esdb-inflection,inherited-from-lemma,claim
claims,60,cleaned-dictionary,preserved,
clam,60,cleaned-dictionary,preserved,
clamber,60,cleaned-dictionary,preserved,
clammed,60,esdb-inflection,inherited-from-lemma,clam
clammy,60,cleaned-dictionary,preserved,
clamor,60,cleaned-dictionary,preserved,
clamors,60,esdb-inflection,inherited-from-lemma,clamor
clamp,60,cleaned-dictionary,preserved,
clamped,60,esdb-inflection,inherited-from-lemma,clamp
clamps,60,esdb-inflection,inherited-from-lemma,clamp
clams,60,esdb-inflection,inherited-from-lemma,clam
clan,60,cleaned-dictionary,preserved,
clang,60,cleaned-dictionary,preserved,
clanged,60,esdb-inflection,inherited-from-lemma,clang
clangs,60,esdb-inflection,inherited-from-lemma,clang
clans,60,esdb-inflection,inherited-from-lemma,clan
clap,60,cleaned-dictionary,preserved,
clapped,60,cleaned-dictionary,preserved,
clapper,60,cleaned-dictionary,preserved,
claps,60,esdb-inflection,inherited-from-lemma,clap
claque,60,cleaned-dictionary,preserved,
claques,60,esdb-inflection,inherited-from-lemma,claque
claret,60,cleaned-dictionary,preserved,
clarets,60,esdb-inflection,inherited-from-lemma,claret
clarify,60,cleaned-dictionary,preserved,
clarity,60,cleaned-dictionary,preserved,
clash,60,cleaned-dictionary,preserved,
clashed,60,esdb-inflection,inherited-from-lemma,clash
clashes,60,esdb-inflection,inherited-from-lemma,clash
clasp,60,cleaned-dictionary,preserved,
clasped,60,cleaned-dictionary,preserved,
clasps,60,esdb-inflection,inherited-from-lemma,clasp
class,60,cleaned-dictionary,preserved,
classed,60,esdb-inflection,inherited-from-lemma,class
classes,60,cleaned-dictionary,preserved,
classic,60,cleaned-dictionary,preserved,
classy,60,cleaned-dictionary,preserved,
clause,60,cleaned-dictionary,preserved,
clauses,60,cleaned-dictionary,preserved,
claw,60,cleaned-dictionary,preserved,
clawed,60,esdb-inflection,inherited-from-lemma,claw
clawing,60,esdb-inflection,inherited-from-lemma,claw
claws,60,esdb-inflection,inherited-from-lemma,claw
clay,60,cleaned-dictionary,preserved,
clean,60,cleaned-dictionary,preserved,
cleaned,60,esdb-inflection,inherited-from-lemma,clean
cleaner,60,cleaned-dictionary,preserved,
cleans,60,esdb-inflection,inherited-from-lemma,clean
cleanse,60,cleaned-dictionary,preserved,
cleanup,60,cleaned-dictionary,preserved,
clear,60,cleaned-dictionary,preserved,
cleared,60,cleaned-dictionary,preserved,
clearer,60,esdb-inflection,inherited-from-lemma,clear
clearly,60,cleaned-dictionary,preserved,
cleat,60,cleaned-dictionary,preserved,
cleats,60,esdb-inflection,inherited-from-lemma,cleat
cleave,60,cleaned-dictionary,preserved,
cleaved,60,cleaned-dictionary,preserved,
cleaver,60,cleaned-dictionary,preserved,
cleaves,60,esdb-inflection,inherited-from-lemma,cleave
clef,60,cleaned-dictionary,preserved,
clefs,60,esdb-inflection,inherited-from-lemma,clef
cleft,60,cleaned-dictionary,preserved,
clefts,60,esdb-inflection,inherited-from-lemma,cleft
clench,60,cleaned-dictionary,preserved,
clergy,60,cleaned-dictionary,preserved,
cleric,60,cleaned-dictionary,preserved,
clerics,60,esdb-inflection,inherited-from-lemma,cleric
clerk,60,cleaned-dictionary,preserved,
clerked,60,esdb-inflection,inherited-from-lemma,clerk
clerks,60,esdb-inflection,inherited-from-lemma,clerk
clever,60,cleaned-dictionary,preserved,
clew,60,cleaned-dictionary,preserved,
clewed,60,esdb-inflection,inherited-from-lemma,clew
clewing,60,esdb-inflection,inherited-from-lemma,clew
clews,60,esdb-inflection,inherited-from-lemma,clew
cliches,60,cleaned-dictionary,preserved,
click,60,cleaned-dictionary,preserved,
clicked,60,esdb-inflection,inherited-from-lemma,click
clicker,60,cleaned-dictionary,preserved,
clicks,60,esdb-inflection,inherited-from-lemma,click
client,60,cleaned-dictionary,preserved,
clients,60,cleaned-dictionary,preserved,
cliff,60,cleaned-dictionary,preserved,
cliffs,60,cleaned-dictionary,preserved,
climate,60,cleaned-dictionary,preserved,
climax,60,cleaned-dictionary,preserved,
climb,60,cleaned-dictionary,preserved,
climbed,60,cleaned-dictionary,preserved,
climber,60,cleaned-dictionary,preserved,
climbs,60,esdb-inflection,inherited-from-lemma,climb
clime,60,cleaned-dictionary,preserved,
climes,60,esdb-inflection,inherited-from-lemma,clime
clinch,60,cleaned-dictionary,preserved,
cling,60,cleaned-dictionary,preserved,
clings,60,esdb-inflection,inherited-from-lemma,cling
clingy,60,cleaned-dictionary,preserved,
clinker,60,cleaned-dictionary,preserved,
clip,60,cleaned-dictionary,preserved,
clipped,60,esdb-inflection,inherited-from-lemma,clip
clips,60,cleaned-dictionary,preserved,
clique,60,cleaned-dictionary,preserved,
cliques,60,esdb-inflection,inherited-from-lemma,clique
cloaca,60,cleaned-dictionary,preserved,
cloacae,60,esdb-inflection,inherited-from-lemma,cloaca
cloak,60,cleaned-dictionary,preserved,
cloaked,60,esdb-inflection,inherited-from-lemma,cloak
cloaks,60,esdb-inflection,inherited-from-lemma,cloak
cloche,60,cleaned-dictionary,preserved,
cloches,60,esdb-inflection,inherited-from-lemma,cloche
clock,60,cleaned-dictionary,preserved,
clocked,60,esdb-inflection,inherited-from-lemma,clock
clocks,60,esdb-inflection,inherited-from-lemma,clock
clod,60,cleaned-dictionary,preserved,
clods,60,esdb-inflection,inherited-from-lemma,clod
clog,60,cleaned-dictionary,preserved,
clogged,60,esdb-inflection,inherited-from-lemma,clog
clogs,60,esdb-inflection,inherited-from-lemma,clog
clone,60,cleaned-dictionary,preserved,
cloned,60,esdb-inflection,inherited-from-lemma,clone
clones,60,esdb-inflection,inherited-from-lemma,clone
cloning,60,esdb-inflection,inherited-from-lemma,clone
close,60,cleaned-dictionary,preserved,
closed,60,cleaned-dictionary,preserved,
closely,60,cleaned-dictionary,preserved,
closer,60,cleaned-dictionary,preserved,
closers,60,esdb-inflection,inherited-from-lemma,closer
closes,60,esdb-inflection,inherited-from-lemma,close
closest,60,cleaned-dictionary,preserved,
closet,60,cleaned-dictionary,preserved,
closets,60,esdb-inflection,inherited-from-lemma,closet
closing,60,cleaned-dictionary,preserved,
clot,60,cleaned-dictionary,preserved,
cloth,60,cleaned-dictionary,preserved,
clothe,60,cleaned-dictionary,preserved,
clothed,60,cleaned-dictionary,preserved,
clothes,60,cleaned-dictionary,preserved,
cloths,60,esdb-inflection,inherited-from-lemma,cloth
clots,60,esdb-inflection,inherited-from-lemma,clot
clotted,60,esdb-inflection,inherited-from-lemma,clot
cloture,60,cleaned-dictionary,preserved,
cloud,60,cleaned-dictionary,preserved,
clouded,60,esdb-inflection,inherited-from-lemma,cloud
clouds,60,cleaned-dictionary,preserved,
cloudy,60,cleaned-dictionary,preserved,
clout,60,cleaned-dictionary,preserved,
clouted,60,esdb-inflection,inherited-from-lemma,clout
clouts,60,esdb-inflection,inherited-from-lemma,clout
clove,60,cleaned-dictionary,preserved,
clover,60,cleaned-dictionary,preserved,
clovers,60,esdb-inflection,inherited-from-lemma,clover
cloves,60,esdb-inflection,inherited-from-lemma,clove
clown,60,cleaned-dictionary,preserved,
clowned,60,esdb-inflection,inherited-from-lemma,clown
clowns,60,esdb-inflection,inherited-from-lemma,clown
cloy,60,cleaned-dictionary,preserved,
cloyed,60,esdb-inflection,inherited-from-lemma,cloy
cloying,60,esdb-inflection,inherited-from-lemma,cloy
cloys,60,esdb-inflection,inherited-from-lemma,cloy
club,60,cleaned-dictionary,preserved,
clubbed,60,esdb-inflection,inherited-from-lemma,club
clubs,60,cleaned-dictionary,preserved,
cluck,60,cleaned-dictionary,preserved,
clucked,60,esdb-inflection,inherited-from-lemma,cluck
clucks,60,esdb-inflection,inherited-from-lemma,cluck
clue,60,cleaned-dictionary,preserved,
clued,60,esdb-inflection,inherited-from-lemma,clue
clues,60,cleaned-dictionary,preserved,
cluing,60,esdb-inflection,inherited-from-lemma,clue
clump,60,cleaned-dictionary,preserved,
clumped,60,esdb-inflection,inherited-from-lemma,clump
clumps,60,esdb-inflection,inherited-from-lemma,clump
clumsy,60,cleaned-dictionary,preserved,
clung,60,cleaned-dictionary,preserved,
cluster,60,cleaned-dictionary,preserved,
clutch,60,cleaned-dictionary,preserved,
clutter,60,cleaned-dictionary,preserved,
coach,60,cleaned-dictionary,preserved,
coached,60,esdb-inflection,inherited-from-lemma,coach
coaches,60,cleaned-dictionary,preserved,
coal,60,cleaned-dictionary,preserved,
coaled,60,esdb-inflection,inherited-from-lemma,coal
coaling,60,esdb-inflection,inherited-from-lemma,coal
coals,60,esdb-inflection,inherited-from-lemma,coal
coarse,60,cleaned-dictionary,preserved,
coarser,60,esdb-inflection,inherited-from-lemma,coarse
coastal,60,cleaned-dictionary,preserved,
coat,60,cleaned-dictionary,preserved,
coated,60,esdb-inflection,inherited-from-lemma,coat
coating,60,esdb-inflection,inherited-from-lemma,coat
coats,60,cleaned-dictionary,preserved,
coax,60,cleaned-dictionary,preserved,
coaxed,60,esdb-inflection,inherited-from-lemma,coax
coaxes,60,esdb-inflection,inherited-from-lemma,coax
coaxing,60,esdb-inflection,inherited-from-lemma,coax
cob,60,cleaned-dictionary,preserved,
cobalt,60,cleaned-dictionary,preserved,
cobber,60,cleaned-dictionary,preserved,
cobbers,60,esdb-inflection,inherited-from-lemma,cobber
cobbler,60,cleaned-dictionary,preserved,
cobra,60,cleaned-dictionary,preserved,
cobras,60,esdb-inflection,inherited-from-lemma,cobra
cobs,60,cleaned-dictionary,preserved,
cobweb,60,cleaned-dictionary,preserved,
cobwebs,60,esdb-inflection,inherited-from-lemma,cobweb
coca,60,cleaned-dictionary,preserved,
cocaine,60,cleaned-dictionary,preserved,
coccyx,60,cleaned-dictionary,preserved,
cochlea,60,cleaned-dictionary,preserved,
cock,60,cleaned-dictionary,preserved,
cocked,60,esdb-inflection,inherited-from-lemma,cock
cocking,60,esdb-inflection,inherited-from-lemma,cock
cockle,60,cleaned-dictionary,preserved,
cockles,60,esdb-inflection,inherited-from-lemma,cockle
cocks,60,esdb-inflection,inherited-from-lemma,cock
coco,60,cleaned-dictionary,preserved,
cocoa,60,cleaned-dictionary,preserved,
cocoas,60,esdb-inflection,inherited-from-lemma,cocoa
coconut,60,cleaned-dictionary,preserved,
cocoon,60,cleaned-dictionary,preserved,
cocoons,60,esdb-inflection,inherited-from-lemma,cocoon
cocos,60,esdb-inflection,inherited-from-lemma,coco
cod,60,cleaned-dictionary,preserved,
coda,60,cleaned-dictionary,preserved,
codas,60,esdb-inflection,inherited-from-lemma,coda
coddle,60,cleaned-dictionary,preserved,
coddled,60,esdb-inflection,inherited-from-lemma,coddle
coddles,60,esdb-inflection,inherited-from-lemma,coddle
code,60,cleaned-dictionary,preserved,
codec,60,cleaned-dictionary,preserved,
codecs,60,esdb-inflection,inherited-from-lemma,codec
coded,60,esdb-inflection,inherited-from-lemma,code
codeine,60,cleaned-dictionary,preserved,
codes,60,cleaned-dictionary,preserved,
codex,60,cleaned-dictionary,preserved,
codfish,60,cleaned-dictionary,preserved,
codices,60,cleaned-dictionary,preserved,
codicil,60,cleaned-dictionary,preserved,
codify,60,cleaned-dictionary,preserved,
coding,60,esdb-inflection,inherited-from-lemma,code
codon,60,cleaned-dictionary,preserved,
codons,60,esdb-inflection,inherited-from-lemma,codon
cods,60,esdb-inflection,inherited-from-lemma,cod
coed,60,cleaned-dictionary,preserved,
coeds,60,esdb-inflection,inherited-from-lemma,coed
coerce,60,cleaned-dictionary,preserved,
coerced,60,esdb-inflection,inherited-from-lemma,coerce
coercer,60,cleaned-dictionary,preserved,
coerces,60,esdb-inflection,inherited-from-lemma,coerce
coeval,60,cleaned-dictionary,preserved,
coevals,60,esdb-inflection,inherited-from-lemma,coeval
coexist,60,cleaned-dictionary,preserved,
coffee,60,cleaned-dictionary,preserved,
coffees,60,esdb-inflection,inherited-from-lemma,coffee
coffin,60,cleaned-dictionary,preserved,
coffins,60,esdb-inflection,inherited-from-lemma,coffin
cog,60,cleaned-dictionary,preserved,
cogent,60,cleaned-dictionary,preserved,
cognac,60,cleaned-dictionary,preserved,
cognacs,60,esdb-inflection,inherited-from-lemma,cognac
cognate,60,cleaned-dictionary,preserved,
cogs,60,esdb-inflection,inherited-from-lemma,cog
cohabit,60,cleaned-dictionary,preserved,
coho,60,cleaned-dictionary,preserved,
cohort,60,cleaned-dictionary,preserved,
cohorts,60,esdb-inflection,inherited-from-lemma,cohort
cohos,60,esdb-inflection,inherited-from-lemma,coho
coif,60,cleaned-dictionary,preserved,
coiffed,60,esdb-inflection,inherited-from-lemma,coif
coifs,60,esdb-inflection,inherited-from-lemma,coif
coil,60,cleaned-dictionary,preserved,
coiled,60,cleaned-dictionary,preserved,
coiling,60,esdb-inflection,inherited-from-lemma,coil
coils,60,esdb-inflection,inherited-from-lemma,coil
coin,60,cleaned-dictionary,preserved,
coinage,60,cleaned-dictionary,preserved,
coined,60,cleaned-dictionary,preserved,
coining,60,esdb-inflection,inherited-from-lemma,coin
coins,60,cleaned-dictionary,preserved,
coir,60,cleaned-dictionary,preserved,
coke,60,cleaned-dictionary,preserved,
coked,60,cleaned-dictionary,preserved,
cokes,60,esdb-inflection,inherited-from-lemma,coke
coking,60,esdb-inflection,inherited-from-lemma,coke
col,60,cleaned-dictionary,preserved,
cola,60,cleaned-dictionary,preserved,
colas,60,esdb-inflection,inherited-from-lemma,cola
cold,60,cleaned-dictionary,preserved,
colder,60,esdb-inflection,inherited-from-lemma,cold
coldest,60,esdb-inflection,inherited-from-lemma,cold
coldly,60,cleaned-dictionary,preserved,
colds,60,esdb-inflection,inherited-from-lemma,cold
coleus,60,cleaned-dictionary,preserved,
colic,60,cleaned-dictionary,preserved,
colitis,60,cleaned-dictionary,preserved,
collage,60,cleaned-dictionary,preserved,
collar,60,cleaned-dictionary,preserved,
collars,60,esdb-inflection,inherited-from-lemma,collar
collate,60,cleaned-dictionary,preserved,
collect,60,cleaned-dictionary,preserved,
college,60,cleaned-dictionary,preserved,
collide,60,cleaned-dictionary,preserved,
collie,60,cleaned-dictionary,preserved,
collier,60,cleaned-dictionary,preserved,
collies,60,esdb-inflection,inherited-from-lemma,collie
colloid,60,cleaned-dictionary,preserved,
collude,60,cleaned-dictionary,preserved,
cologne,60,cleaned-dictionary,preserved,
colon,60,cleaned-dictionary,preserved,
colonel,60,cleaned-dictionary,preserved,
colones,60,esdb-inflection,inherited-from-lemma,colon
colons,60,esdb-inflection,inherited-from-lemma,colon
colony,60,cleaned-dictionary,preserved,
color,60,cleaned-dictionary,preserved,
colored,60,cleaned-dictionary,preserved,
colors,60,cleaned-dictionary,preserved,
cols,60,esdb-inflection,inherited-from-lemma,col
colt,60,cleaned-dictionary,preserved,
colts,60,esdb-inflection,inherited-from-lemma,colt
column,60,cleaned-dictionary,preserved,
columns,60,cleaned-dictionary,preserved,
coma,60,cleaned-dictionary,preserved,
comas,60,esdb-inflection,inherited-from-lemma,coma
comb,60,cleaned-dictionary,preserved,
combat,60,cleaned-dictionary,preserved,
combats,60,esdb-inflection,inherited-from-lemma,combat
combed,60,esdb-inflection,inherited-from-lemma,comb
combine,60,cleaned-dictionary,preserved,
combing,60,esdb-inflection,inherited-from-lemma,comb
combs,60,esdb-inflection,inherited-from-lemma,comb
come,60,cleaned-dictionary,preserved,
comedic,60,cleaned-dictionary,preserved,
comedy,60,cleaned-dictionary,preserved,
comely,60,cleaned-dictionary,preserved,
comer,60,cleaned-dictionary,preserved,
comers,60,esdb-inflection,inherited-from-lemma,comer
comes,60,esdb-inflection,inherited-from-lemma,come
comet,60,cleaned-dictionary,preserved,
comets,60,esdb-inflection,inherited-from-lemma,comet
comfort,60,cleaned-dictionary,preserved,
comic,60,cleaned-dictionary,preserved,
comical,60,cleaned-dictionary,preserved,
comics,60,cleaned-dictionary,preserved,
coming,60,cleaned-dictionary,preserved,
comings,60,esdb-inflection,inherited-from-lemma,coming
comity,60,cleaned-dictionary,preserved,
comma,60,cleaned-dictionary,preserved,
command,60,cleaned-dictionary,preserved,
commas,60,esdb-inflection,inherited-from-lemma,comma
commend,60,cleaned-dictionary,preserved,
comment,60,cleaned-dictionary,preserved,
commie,60,cleaned-dictionary,preserved,
commies,60,esdb-inflection,inherited-from-lemma,commie
commit,60,cleaned-dictionary,preserved,
commits,60,esdb-inflection,inherited-from-lemma,commit
common,60,cleaned-dictionary,preserved,
commons,60,cleaned-dictionary,preserved,
commune,60,cleaned-dictionary,preserved,
commute,60,cleaned-dictionary,preserved,
compact,60,cleaned-dictionary,preserved,
company,60,cleaned-dictionary,preserved,
compare,60,cleaned-dictionary,preserved,
compass,60,cleaned-dictionary,preserved,
compel,60,cleaned-dictionary,preserved,
compels,60,esdb-inflection,inherited-from-lemma,compel
compere,60,cleaned-dictionary,preserved,
compete,60,cleaned-dictionary,preserved,
compile,60,cleaned-dictionary,preserved,
complex,60,cleaned-dictionary,preserved,
comply,60,cleaned-dictionary,preserved,
comport,60,cleaned-dictionary,preserved,
compose,60,cleaned-dictionary,preserved,
compost,60,cleaned-dictionary,preserved,
compute,60,cleaned-dictionary,preserved,
comrade,60,cleaned-dictionary,preserved,
con,60,cleaned-dictionary,preserved,
concave,60,cleaned-dictionary,preserved,
conceal,60,cleaned-dictionary,preserved,
concede,60,cleaned-dictionary,preserved,
conceit,60,cleaned-dictionary,preserved,
concern,60,cleaned-dictionary,preserved,
concert,60,cleaned-dictionary,preserved,
conch,60,cleaned-dictionary,preserved,
conchs,60,esdb-inflection,inherited-from-lemma,conch
concise,60,cleaned-dictionary,preserved,
concord,60,cleaned-dictionary,preserved,
concur,60,cleaned-dictionary,preserved,
concurs,60,esdb-inflection,inherited-from-lemma,concur
condemn,60,cleaned-dictionary,preserved,
condign,60,cleaned-dictionary,preserved,
condo,60,cleaned-dictionary,preserved,
condom,60,cleaned-dictionary,preserved,
condoms,60,esdb-inflection,inherited-from-lemma,condom
condone,60,cleaned-dictionary,preserved,
condor,60,cleaned-dictionary,preserved,
condors,60,esdb-inflection,inherited-from-lemma,condor
condos,60,esdb-inflection,inherited-from-lemma,condo
conduce,60,cleaned-dictionary,preserved,
conduct,60,cleaned-dictionary,preserved,
conduit,60,cleaned-dictionary,preserved,
cone,60,cleaned-dictionary,preserved,
coned,60,esdb-inflection,inherited-from-lemma,cone
cones,60,esdb-inflection,inherited-from-lemma,cone
coney,60,cleaned-dictionary,preserved,
coneys,60,esdb-inflection,inherited-from-lemma,coney
confer,60,cleaned-dictionary,preserved,
confers,60,esdb-inflection,inherited-from-lemma,confer
confess,60,cleaned-dictionary,preserved,
confine,60,cleaned-dictionary,preserved,
confirm,60,cleaned-dictionary,preserved,
conform,60,cleaned-dictionary,preserved,
confuse,60,cleaned-dictionary,preserved,
congeal,60,cleaned-dictionary,preserved,
conic,60,cleaned-dictionary,preserved,
conical,60,cleaned-dictionary,preserved,
conics,60,cleaned-dictionary,preserved,
conifer,60,cleaned-dictionary,preserved,
coning,60,cleaned-dictionary,preserved,
conjure,60,cleaned-dictionary,preserved,
conk,60,cleaned-dictionary,preserved,
conked,60,esdb-inflection,inherited-from-lemma,conk
conker,60,cleaned-dictionary,preserved,
conkers,60,cleaned-dictionary,preserved,
conking,60,esdb-inflection,inherited-from-lemma,conk
conks,60,esdb-inflection,inherited-from-lemma,conk
connect,60,cleaned-dictionary,preserved,
conned,60,esdb-inflection,inherited-from-lemma,con
conning,60,esdb-inflection,inherited-from-lemma,con
connote,60,cleaned-dictionary,preserved,
conquer,60,cleaned-dictionary,preserved,
cons,60,esdb-inflection,inherited-from-lemma,con
consent,60,cleaned-dictionary,preserved,
consign,60,cleaned-dictionary,preserved,
consist,60,cleaned-dictionary,preserved,
console,60,cleaned-dictionary,preserved,
consort,60,cleaned-dictionary,preserved,
consult,60,cleaned-dictionary,preserved,
consume,60,cleaned-dictionary,preserved,
contact,60,cleaned-dictionary,preserved,
contain,60,cleaned-dictionary,preserved,
contend,60,cleaned-dictionary,preserved,
content,60,cleaned-dictionary,preserved,
contest,60,cleaned-dictionary,preserved,
context,60,cleaned-dictionary,preserved,
contort,60,cleaned-dictionary,preserved,
contra,60,cleaned-dictionary,preserved,
control,60,cleaned-dictionary,preserved,
convene,60,cleaned-dictionary,preserved,
convent,60,cleaned-dictionary,preserved,
convert,60,cleaned-dictionary,preserved,
convex,60,cleaned-dictionary,preserved,
convey,60,cleaned-dictionary,preserved,
conveys,60,esdb-inflection,inherited-from-lemma,convey
convict,60,cleaned-dictionary,preserved,
convoy,60,cleaned-dictionary,preserved,
convoys,60,esdb-inflection,inherited-from-lemma,convoy
coo,60,cleaned-dictionary,preserved,
cooed,60,esdb-inflection,inherited-from-lemma,coo
cooing,60,esdb-inflection,inherited-from-lemma,coo
cook,60,cleaned-dictionary,preserved,
cooked,60,cleaned-dictionary,preserved,
cooker,60,cleaned-dictionary,preserved,
cookers,60,esdb-inflection,inherited-from-lemma,cooker
cookie,60,cleaned-dictionary,preserved,
cookies,60,cleaned-dictionary,preserved,
cooking,60,esdb-inflection,inherited-from-lemma,cook
cooks,60,esdb-inflection,inherited-from-lemma,cook
cool,60,cleaned-dictionary,preserved,
cooled,60,esdb-inflection,inherited-from-lemma,cool
cooler,60,cleaned-dictionary,preserved,
coolers,60,esdb-inflection,inherited-from-lemma,cooler
coolest,60,esdb-inflection,inherited-from-lemma,cool
coolie,60,cleaned-dictionary,preserved,
coolies,60,esdb-inflection,inherited-from-lemma,coolie
cooling,60,esdb-inflection,inherited-from-lemma,cool
coolly,60,cleaned-dictionary,preserved,
cools,60,esdb-inflection,inherited-from-lemma,cool
coop,60,cleaned-dictionary,preserved,
cooped,60,esdb-inflection,inherited-from-lemma,coop
cooper,60,cleaned-dictionary,preserved,
coopers,60,esdb-inflection,inherited-from-lemma,cooper
cooping,60,esdb-inflection,inherited-from-lemma,coop
coops,60,esdb-inflection,inherited-from-lemma,coop
coos,60,esdb-inflection,inherited-from-lemma,coo
coot,60,cleaned-dictionary,preserved,
cootie,60,cleaned-dictionary,preserved,
cooties,60,esdb-inflection,inherited-from-lemma,cootie
coots,60,esdb-inflection,inherited-from-lemma,coot
cop,60,cleaned-dictionary,preserved,
cope,60,cleaned-dictionary,preserved,
coped,60,esdb-inflection,inherited-from-lemma,cope
copes,60,esdb-inflection,inherited-from-lemma,cope
copied,60,esdb-inflection,inherited-from-lemma,copy
copier,60,cleaned-dictionary,preserved,
copiers,60,esdb-inflection,inherited-from-lemma,copier
copies,60,cleaned-dictionary,preserved,
copilot,60,cleaned-dictionary,preserved,
coping,60,cleaned-dictionary,preserved,
copings,60,esdb-inflection,inherited-from-lemma,coping
copious,60,cleaned-dictionary,preserved,
copped,60,esdb-inflection,inherited-from-lemma,cop
copper,60,cleaned-dictionary,preserved,
coppers,60,esdb-inflection,inherited-from-lemma,copper
copping,60,esdb-inflection,inherited-from-lemma,cop
copra,60,cleaned-dictionary,preserved,
cops,60,esdb-inflection,inherited-from-lemma,cop
copse,60,cleaned-dictionary,preserved,
copses,60,esdb-inflection,inherited-from-lemma,copse
copter,60,cleaned-dictionary,preserved,
copters,60,esdb-inflection,inherited-from-lemma,copter
copula,60,cleaned-dictionary,preserved,
copulas,60,esdb-inflection,inherited-from-lemma,copula
copy,60,cleaned-dictionary,preserved,
copying,60,cleaned-dictionary,preserved,
cor,60,cleaned-dictionary,preserved,
coral,60,cleaned-dictionary,preserved,
corals,60,esdb-inflection,inherited-from-lemma,coral
cord,60,cleaned-dictionary,preserved,
corded,60,esdb-inflection,inherited-from-lemma,cord
cordial,60,cleaned-dictionary,preserved,
cording,60,esdb-inflection,inherited-from-lemma,cord
cordite,60,cleaned-dictionary,preserved,
cordon,60,cleaned-dictionary,preserved,
cordons,60,esdb-inflection,inherited-from-lemma,cordon
cords,60,cleaned-dictionary,preserved,
core,60,cleaned-dictionary,preserved,
cored,60,esdb-inflection,inherited-from-lemma,core
cores,60,esdb-inflection,inherited-from-lemma,core
corgi,60,cleaned-dictionary,preserved,
corgis,60,esdb-inflection,inherited-from-lemma,corgi
coring,60,esdb-inflection,inherited-from-lemma,core
cork,60,cleaned-dictionary,preserved,
corked,60,cleaned-dictionary,preserved,
corking,60,cleaned-dictionary,preserved,
corks,60,cleaned-dictionary,preserved,
corn,60,cleaned-dictionary,preserved,
cornea,60,cleaned-dictionary,preserved,
corneas,60,esdb-inflection,inherited-from-lemma,cornea
corned,60,esdb-inflection,inherited-from-lemma,corn
corner,60,cleaned-dictionary,preserved,
corners,60,cleaned-dictionary,preserved,
cornet,60,cleaned-dictionary,preserved,
cornets,60,esdb-inflection,inherited-from-lemma,cornet
corning,60,esdb-inflection,inherited-from-lemma,corn
corns,60,esdb-inflection,inherited-from-lemma,corn
corona,60,cleaned-dictionary,preserved,
coronas,60,esdb-inflection,inherited-from-lemma,corona
coroner,60,cleaned-dictionary,preserved,
corpora,60,esdb-inflection,inherited-from-lemma,corpus
corps,60,cleaned-dictionary,preserved,
corpse,60,cleaned-dictionary,preserved,
corpses,60,esdb-inflection,inherited-from-lemma,corpse
corpus,60,cleaned-dictionary,preserved,
correct,60,cleaned-dictionary,preserved,
corrie,60,cleaned-dictionary,preserved,
corries,60,esdb-inflection,inherited-from-lemma,corrie
corrode,60,cleaned-dictionary,preserved,
corrupt,60,cleaned-dictionary,preserved,
corset,60,cleaned-dictionary,preserved,
corsets,60,esdb-inflection,inherited-from-lemma,corset
cortex,60,cleaned-dictionary,preserved,
cos,60,cleaned-dictionary,preserved,
cosh,60,cleaned-dictionary,preserved,
coshed,60,esdb-inflection,inherited-from-lemma,cosh
coshes,60,esdb-inflection,inherited-from-lemma,cosh
coshing,60,esdb-inflection,inherited-from-lemma,cosh
cosine,60,cleaned-dictionary,preserved,
cosines,60,esdb-inflection,inherited-from-lemma,cosine
cosmic,60,cleaned-dictionary,preserved,
cosmos,60,cleaned-dictionary,preserved,
cosset,60,cleaned-dictionary,preserved,
cossets,60,esdb-inflection,inherited-from-lemma,cosset
cost,60,cleaned-dictionary,preserved,
costed,60,cleaned-dictionary,preserved,
costing,60,esdb-inflection,inherited-from-lemma,cost
costly,60,cleaned-dictionary,preserved,
costs,60,esdb-inflection,inherited-from-lemma,cost
costume,60,cleaned-dictionary,preserved,
cot,60,cleaned-dictionary,preserved,
coterie,60,cleaned-dictionary,preserved,
cots,60,esdb-inflection,inherited-from-lemma,cot
cottage,60,cleaned-dictionary,preserved,
cotton,60,cleaned-dictionary,preserved,
cottons,60,esdb-inflection,inherited-from-lemma,cotton
couch,60,cleaned-dictionary,preserved,
couched,60,esdb-inflection,inherited-from-lemma,couch
couches,60,esdb-inflection,inherited-from-lemma,couch
cough,60,cleaned-dictionary,preserved,
coughed,60,esdb-inflection,inherited-from-lemma,cough
coughs,60,esdb-inflection,inherited-from-lemma,cough
could,60,cleaned-dictionary,preserved,
coulee,60,cleaned-dictionary,preserved,
coulees,60,esdb-inflection,inherited-from-lemma,coulee
coulis,60,cleaned-dictionary,preserved,
coulomb,60,cleaned-dictionary,preserved,
council,60,cleaned-dictionary,preserved,
counsel,60,cleaned-dictionary,preserved,
count,60,cleaned-dictionary,preserved,
counted,60,cleaned-dictionary,preserved,
counter,60,cleaned-dictionary,preserved,
country,60,cleaned-dictionary,preserved,
counts,60,esdb-inflection,inherited-from-lemma,count
county,60,cleaned-dictionary,preserved,
coup,60,cleaned-dictionary,preserved,
coupe,60,cleaned-dictionary,preserved,
coupes,60,esdb-inflection,inherited-from-lemma,coupe
couple,60,cleaned-dictionary,preserved,
coupled,60,esdb-inflection,inherited-from-lemma,couple
couples,60,cleaned-dictionary,preserved,
coupon,60,cleaned-dictionary,preserved,
coupons,60,esdb-inflection,inherited-from-lemma,coupon
coups,60,esdb-inflection,inherited-from-lemma,coup
courage,60,cleaned-dictionary,preserved,
course,60,cleaned-dictionary,preserved,
coursed,60,esdb-inflection,inherited-from-lemma,course
courses,60,cleaned-dictionary,preserved,
court,60,cleaned-dictionary,preserved,
courted,60,esdb-inflection,inherited-from-lemma,court
courts,60,cleaned-dictionary,preserved,
cousin,60,cleaned-dictionary,preserved,
cousins,60,cleaned-dictionary,preserved,
cove,60,cleaned-dictionary,preserved,
coven,60,cleaned-dictionary,preserved,
covens,60,esdb-inflection,inherited-from-lemma,coven
cover,60,cleaned-dictionary,preserved,
covered,60,esdb-inflection,inherited-from-lemma,cover
covers,60,cleaned-dictionary,preserved,
covert,60,cleaned-dictionary,preserved,
coverts,60,esdb-inflection,inherited-from-lemma,covert
coves,60,esdb-inflection,inherited-from-lemma,cove
covet,60,cleaned-dictionary,preserved,
coveted,60,esdb-inflection,inherited-from-lemma,covet
covets,60,esdb-inflection,inherited-from-lemma,covet
covey,60,cleaned-dictionary,preserved,
coveys,60,esdb-inflection,inherited-from-lemma,covey
cow,60,cleaned-dictionary,preserved,
coward,60,cleaned-dictionary,preserved,
cowards,60,esdb-inflection,inherited-from-lemma,coward
cowbell,60,cleaned-dictionary,preserved,
cowbird,60,cleaned-dictionary,preserved,
cowboy,60,cleaned-dictionary,preserved,
cowboys,60,esdb-inflection,inherited-from-lemma,cowboy
cowed,60,cleaned-dictionary,preserved,
cowgirl,60,cleaned-dictionary,preserved,
cowing,60,esdb-inflection,inherited-from-lemma,cow
cowl,60,cleaned-dictionary,preserved,
cowls,60,esdb-inflection,inherited-from-lemma,cowl
cowman,60,cleaned-dictionary,preserved,
cowmen,60,esdb-inflection,inherited-from-lemma,cowman
cowpat,60,cleaned-dictionary,preserved,
cowpats,60,esdb-inflection,inherited-from-lemma,cowpat
cowpox,60,cleaned-dictionary,preserved,
cows,60,cleaned-dictionary,preserved,
cowslip,60,cleaned-dictionary,preserved,
cox,60,cleaned-dictionary,preserved,
coxcomb,60,cleaned-dictionary,preserved,
coxed,60,cleaned-dictionary,preserved,
coxes,60,esdb-inflection,inherited-from-lemma,cox
coxing,60,cleaned-dictionary,preserved,
coy,60,cleaned-dictionary,preserved,
coyer,60,esdb-inflection,inherited-from-lemma,coy
coyest,60,esdb-inflection,inherited-from-lemma,coy
coyote,60,cleaned-dictionary,preserved,
coyotes,60,esdb-inflection,inherited-from-lemma,coyote
coypu,60,cleaned-dictionary,preserved,
coypus,60,esdb-inflection,inherited-from-lemma,coypu
cozen,60,cleaned-dictionary,preserved,
cozened,60,esdb-inflection,inherited-from-lemma,cozen
cozens,60,cleaned-dictionary,preserved,
cozied,60,esdb-inflection,inherited-from-lemma,cozy
cozier,60,esdb-inflection,inherited-from-lemma,cozy
cozies,60,esdb-inflection,inherited-from-lemma,cozy
coziest,60,esdb-inflection,inherited-from-lemma,cozy
cozy,60,cleaned-dictionary,preserved,
cozying,60,esdb-inflection,inherited-from-lemma,cozy
crab,60,cleaned-dictionary,preserved,
crabbed,60,esdb-inflection,inherited-from-lemma,crab
crabby,60,cleaned-dictionary,preserved,
crabs,60,esdb-inflection,inherited-from-lemma,crab
crack,60,cleaned-dictionary,preserved,
cracked,60,cleaned-dictionary,preserved,
cracker,60,cleaned-dictionary,preserved,
crackle,60,cleaned-dictionary,preserved,
cracks,60,esdb-inflection,inherited-from-lemma,crack
cradle,60,cleaned-dictionary,preserved,
cradled,60,esdb-inflection,inherited-from-lemma,cradle
cradles,60,esdb-inflection,inherited-from-lemma,cradle
craft,60,cleaned-dictionary,preserved,
crafted,60,esdb-inflection,inherited-from-lemma,craft
crafts,60,esdb-inflection,inherited-from-lemma,craft
crafty,60,cleaned-dictionary,preserved,
crag,60,cleaned-dictionary,preserved,
craggy,60,cleaned-dictionary,preserved,
crags,60,esdb-inflection,inherited-from-lemma,crag
cram,60,cleaned-dictionary,preserved,
crammed,60,esdb-inflection,inherited-from-lemma,cram
cramp,60,cleaned-dictionary,preserved,
cramped,60,esdb-inflection,inherited-from-lemma,cramp
cramps,60,esdb-inflection,inherited-from-lemma,cramp
crams,60,esdb-inflection,inherited-from-lemma,cram
crane,60,cleaned-dictionary,preserved,
craned,60,esdb-inflection,inherited-from-lemma,crane
cranes,60,esdb-inflection,inherited-from-lemma,crane
craning,60,esdb-inflection,inherited-from-lemma,crane
cranium,60,cleaned-dictionary,preserved,
crank,60,cleaned-dictionary,preserved,
cranked,60,esdb-inflection,inherited-from-lemma,crank
cranks,60,cleaned-dictionary,preserved,
cranky,60,cleaned-dictionary,preserved,
cranny,60,cleaned-dictionary,preserved,
crape,60,cleaned-dictionary,preserved,
crapes,60,esdb-inflection,inherited-from-lemma,crape
crash,60,cleaned-dictionary,preserved,
crashed,60,esdb-inflection,inherited-from-lemma,crash
crashes,60,esdb-inflection,inherited-from-lemma,crash
crass,60,cleaned-dictionary,preserved,
crasser,60,esdb-inflection,inherited-from-lemma,crass
crate,60,cleaned-dictionary,preserved,
crated,60,esdb-inflection,inherited-from-lemma,crate
crater,60,cleaned-dictionary,preserved,
craters,60,cleaned-dictionary,preserved,
crates,60,esdb-inflection,inherited-from-lemma,crate
crating,60,esdb-inflection,inherited-from-lemma,crate
cravat,60,cleaned-dictionary,preserved,
cravats,60,esdb-inflection,inherited-from-lemma,cravat
crave,60,cleaned-dictionary,preserved,
craved,60,esdb-inflection,inherited-from-lemma,crave
craven,60,cleaned-dictionary,preserved,
cravens,60,esdb-inflection,inherited-from-lemma,craven
craves,60,esdb-inflection,inherited-from-lemma,crave
craving,60,esdb-inflection,inherited-from-lemma,crave
craw,60,cleaned-dictionary,preserved,
crawdad,60,cleaned-dictionary,preserved,
crawl,60,cleaned-dictionary,preserved,
crawled,60,cleaned-dictionary,preserved,
crawls,60,esdb-inflection,inherited-from-lemma,crawl
craws,60,esdb-inflection,inherited-from-lemma,craw
crayon,60,cleaned-dictionary,preserved,
crayons,60,esdb-inflection,inherited-from-lemma,crayon
craze,60,cleaned-dictionary,preserved,
crazed,60,esdb-inflection,inherited-from-lemma,craze
crazes,60,esdb-inflection,inherited-from-lemma,craze
crazier,60,esdb-inflection,inherited-from-lemma,crazy
crazies,60,esdb-inflection,inherited-from-lemma,crazy
crazing,60,esdb-inflection,inherited-from-lemma,craze
crazy,60,cleaned-dictionary,preserved,
creak,60,cleaned-dictionary,preserved,
creaked,60,esdb-inflection,inherited-from-lemma,creak
creaks,60,esdb-inflection,inherited-from-lemma,creak
cream,60,cleaned-dictionary,preserved,
creamed,60,esdb-inflection,inherited-from-lemma,cream
creams,60,esdb-inflection,inherited-from-lemma,cream
crease,60,cleaned-dictionary,preserved,
creased,60,cleaned-dictionary,preserved,
creases,60,esdb-inflection,inherited-from-lemma,crease
create,60,cleaned-dictionary,preserved,
created,60,cleaned-dictionary,preserved,
creates,60,esdb-inflection,inherited-from-lemma,create
creator,60,cleaned-dictionary,preserved,
creche,60,cleaned-dictionary,preserved,
creches,60,esdb-inflection,inherited-from-lemma,creche
cred,60,cleaned-dictionary,preserved,
credit,60,cleaned-dictionary,preserved,
credits,60,esdb-inflection,inherited-from-lemma,credit
creed,60,cleaned-dictionary,preserved,
creeds,60,esdb-inflection,inherited-from-lemma,creed
creek,60,cleaned-dictionary,preserved,
creeks,60,esdb-inflection,inherited-from-lemma,creek
creel,60,cleaned-dictionary,preserved,
creels,60,esdb-inflection,inherited-from-lemma,creel
creep,60,cleaned-dictionary,preserved,
creeper,60,cleaned-dictionary,preserved,
creeps,60,esdb-inflection,inherited-from-lemma,creep
creme,60,cleaned-dictionary,preserved,
cremes,60,esdb-inflection,inherited-from-lemma,creme
creole,60,cleaned-dictionary,preserved,
creoles,60,esdb-inflection,inherited-from-lemma,creole
crepe,60,cleaned-dictionary,preserved,
crepes,60,esdb-inflection,inherited-from-lemma,crepe
crept,60,cleaned-dictionary,preserved,
cress,60,cleaned-dictionary,preserved,
crest,60,cleaned-dictionary,preserved,
crested,60,cleaned-dictionary,preserved,
crests,60,esdb-inflection,inherited-from-lemma,crest
cretin,60,cleaned-dictionary,preserved,
cretins,60,esdb-inflection,inherited-from-lemma,cretin
crevice,60,cleaned-dictionary,preserved,
crew,60,cleaned-dictionary,preserved,
crewed,60,cleaned-dictionary,preserved,
crewel,60,cleaned-dictionary,preserved,
crewing,60,esdb-inflection,inherited-from-lemma,crew
crews,60,esdb-inflection,inherited-from-lemma,crew
crib,60,cleaned-dictionary,preserved,
cribbed,60,esdb-inflection,inherited-from-lemma,crib
cribs,60,esdb-inflection,inherited-from-lemma,crib
cricket,60,cleaned-dictionary,preserved,
cried,60,cleaned-dictionary,preserved,
crier,60,cleaned-dictionary,preserved,
criers,60,esdb-inflection,inherited-from-lemma,crier
cries,60,cleaned-dictionary,preserved,
crime,60,cleaned-dictionary,preserved,
crimes,60,cleaned-dictionary,preserved,
crimp,60,cleaned-dictionary,preserved,
crimped,60,esdb-inflection,inherited-from-lemma,crimp
crimps,60,esdb-inflection,inherited-from-lemma,crimp
crimson,60,cleaned-dictionary,preserved,
cringe,60,cleaned-dictionary,preserved,
cringed,60,esdb-inflection,inherited-from-lemma,cringe
cringes,60,esdb-inflection,inherited-from-lemma,cringe
cripple,60,cleaned-dictionary,preserved,
crises,60,cleaned-dictionary,preserved,
crisis,60,cleaned-dictionary,preserved,
crisp,60,cleaned-dictionary,preserved,
crisped,60,esdb-inflection,inherited-from-lemma,crisp
crisper,60,esdb-inflection,inherited-from-lemma,crisp
crisps,60,cleaned-dictionary,preserved,
crispy,60,cleaned-dictionary,preserved,
critic,60,cleaned-dictionary,preserved,
critics,60,cleaned-dictionary,preserved,
critter,60,cleaned-dictionary,preserved,
croak,60,cleaned-dictionary,preserved,
croaked,60,esdb-inflection,inherited-from-lemma,croak
croaks,60,esdb-inflection,inherited-from-lemma,croak
crochet,60,cleaned-dictionary,preserved,
crocked,60,cleaned-dictionary,preserved,
crocus,60,cleaned-dictionary,preserved,
croft,60,cleaned-dictionary,preserved,
crofter,60,cleaned-dictionary,preserved,
crofts,60,esdb-inflection,inherited-from-lemma,croft
cronies,60,cleaned-dictionary,preserved,
crony,60,cleaned-dictionary,preserved,
crook,60,cleaned-dictionary,preserved,
crooked,60,cleaned-dictionary,preserved,
crooks,60,esdb-inflection,inherited-from-lemma,crook
croon,60,cleaned-dictionary,preserved,
crooned,60,esdb-inflection,inherited-from-lemma,croon
crooner,60,cleaned-dictionary,preserved,
croons,60,esdb-inflection,inherited-from-lemma,croon
crop,60,cleaned-dictionary,preserved,
cropped,60,cleaned-dictionary,preserved,
crops,60,cleaned-dictionary,preserved,
croquet,60,cleaned-dictionary,preserved,
cross,60,cleaned-dictionary,preserved,
crossed,60,cleaned-dictionary,preserved,
crosser,60,cleaned-dictionary,preserved,
crosses,60,cleaned-dictionary,preserved,
crossly,60,cleaned-dictionary,preserved,
crotch,60,cleaned-dictionary,preserved,
crouch,60,cleaned-dictionary,preserved,
croup,60,cleaned-dictionary,preserved,
crow,60,cleaned-dictionary,preserved,
crowbar,60,cleaned-dictionary,preserved,
crowd,60,cleaned-dictionary,preserved,
crowded,60,cleaned-dictionary,preserved,
crowds,60,cleaned-dictionary,preserved,
crowed,60,esdb-inflection,inherited-from-lemma,crow
crowing,60,esdb-inflection,inherited-from-lemma,crow
crown,60,cleaned-dictionary,preserved,
crowned,60,cleaned-dictionary,preserved,
crowns,60,cleaned-dictionary,preserved,
crows,60,esdb-inflection,inherited-from-lemma,crow
crucial,60,cleaned-dictionary,preserved,
crucify,60,cleaned-dictionary,preserved,
crude,60,cleaned-dictionary,preserved,
cruder,60,esdb-inflection,inherited-from-lemma,crude
crudest,60,esdb-inflection,inherited-from-lemma,crude
cruel,60,cleaned-dictionary,preserved,
crueler,60,esdb-inflection,inherited-from-lemma,cruel
cruelly,60,cleaned-dictionary,preserved,
cruelty,60,cleaned-dictionary,preserved,
cruise,60,cleaned-dictionary,preserved,
cruised,60,esdb-inflection,inherited-from-lemma,cruise
cruiser,60,cleaned-dictionary,preserved,
cruises,60,esdb-inflection,inherited-from-lemma,cruise
crumb,60,cleaned-dictionary,preserved,
crumbed,60,esdb-inflection,inherited-from-lemma,crumb
crumbs,60,esdb-inflection,inherited-from-lemma,crumb
crummy,60,cleaned-dictionary,preserved,
crumpet,60,cleaned-dictionary,preserved,
crumple,60,cleaned-dictionary,preserved,
crunch,60,cleaned-dictionary,preserved,
crunchy,60,cleaned-dictionary,preserved,
crusade,60,cleaned-dictionary,preserved,
crush,60,cleaned-dictionary,preserved,
crushed,60,cleaned-dictionary,preserved,
crushes,60,esdb-inflection,inherited-from-lemma,crush
crust,60,cleaned-dictionary,preserved,
crusted,60,esdb-inflection,inherited-from-lemma,crust
crusts,60,esdb-inflection,inherited-from-lemma,crust
crusty,60,cleaned-dictionary,preserved,
crux,60,cleaned-dictionary,preserved,
cruxes,60,esdb-inflection,inherited-from-lemma,crux
cry,60,cleaned-dictionary,preserved,
crybaby,60,cleaned-dictionary,preserved,
crying,60,cleaned-dictionary,preserved,
cryings,60,esdb-inflection,inherited-from-lemma,crying
crypt,60,cleaned-dictionary,preserved,
cryptic,60,cleaned-dictionary,preserved,
crypts,60,esdb-inflection,inherited-from-lemma,crypt
crystal,60,cleaned-dictionary,preserved,
cubbies,60,esdb-inflection,inherited-from-lemma,cubby
cubby,60,cleaned-dictionary,preserved,
cube,60,cleaned-dictionary,preserved,
cubed,60,esdb-inflection,inherited-from-lemma,cube
cubes,60,esdb-inflection,inherited-from-lemma,cube
cubic,60,cleaned-dictionary,preserved,
cubicle,60,cleaned-dictionary,preserved,
cubing,60,esdb-inflection,inherited-from-lemma,cube
cubism,60,cleaned-dictionary,preserved,
cubit,60,cleaned-dictionary,preserved,
cubits,60,esdb-inflection,inherited-from-lemma,cubit
cuboid,60,cleaned-dictionary,preserved,
cuboids,60,esdb-inflection,inherited-from-lemma,cuboid
cuckold,60,cleaned-dictionary,preserved,
cuckoo,60,cleaned-dictionary,preserved,
cuckoos,60,esdb-inflection,inherited-from-lemma,cuckoo
cud,60,cleaned-dictionary,preserved,
cuddle,60,cleaned-dictionary,preserved,
cuddled,60,esdb-inflection,inherited-from-lemma,cuddle
cuddles,60,esdb-inflection,inherited-from-lemma,cuddle
cuddly,60,cleaned-dictionary,preserved,
cuds,60,esdb-inflection,inherited-from-lemma,cud
cue,60,cleaned-dictionary,preserved,
cued,60,esdb-inflection,inherited-from-lemma,cue
cues,60,cleaned-dictionary,preserved,
cuff,60,cleaned-dictionary,preserved,
cuffed,60,esdb-inflection,inherited-from-lemma,cuff
cuffing,60,esdb-inflection,inherited-from-lemma,cuff
cuffs,60,esdb-inflection,inherited-from-lemma,cuff
cuing,60,esdb-inflection,inherited-from-lemma,cue
cuisine,60,cleaned-dictionary,preserved,
cull,60,cleaned-dictionary,preserved,
culled,60,esdb-inflection,inherited-from-lemma,cull
culling,60,esdb-inflection,inherited-from-lemma,cull
culls,60,cleaned-dictionary,preserved,
culprit,60,cleaned-dictionary,preserved,
cult,60,cleaned-dictionary,preserved,
cults,60,esdb-inflection,inherited-from-lemma,cult
culture,60,cleaned-dictionary,preserved,
culvert,60,cleaned-dictionary,preserved,
cum,60,cleaned-dictionary,preserved,
cumber,60,cleaned-dictionary,preserved,
cumbers,60,esdb-inflection,inherited-from-lemma,cumber
cumin,60,cleaned-dictionary,preserved,
cumming,60,esdb-inflection,inherited-from-lemma,cum
cums,60,esdb-inflection,inherited-from-lemma,cum
cumuli,60,esdb-inflection,inherited-from-lemma,cumulus
cumulus,60,cleaned-dictionary,preserved,
cunning,60,cleaned-dictionary,preserved,
cup,60,cleaned-dictionary,preserved,
cupcake,60,cleaned-dictionary,preserved,
cupid,60,cleaned-dictionary,preserved,
cupids,60,esdb-inflection,inherited-from-lemma,cupid
cupola,60,cleaned-dictionary,preserved,
cupolas,60,esdb-inflection,inherited-from-lemma,cupola
cuppa,60,cleaned-dictionary,preserved,
cuppas,60,esdb-inflection,inherited-from-lemma,cuppa
cupped,60,esdb-inflection,inherited-from-lemma,cup
cupping,60,esdb-inflection,inherited-from-lemma,cup
cupric,60,cleaned-dictionary,preserved,
cups,60,cleaned-dictionary,preserved,
cur,60,cleaned-dictionary,preserved,
curate,60,cleaned-dictionary,preserved,
curated,60,esdb-inflection,inherited-from-lemma,curate
curates,60,esdb-inflection,inherited-from-lemma,curate
curator,60,cleaned-dictionary,preserved,
curb,60,cleaned-dictionary,preserved,
curbed,60,esdb-inflection,inherited-from-lemma,curb
curbing,60,esdb-inflection,inherited-from-lemma,curb
curbs,60,esdb-inflection,inherited-from-lemma,curb
curd,60,cleaned-dictionary,preserved,
curds,60,esdb-inflection,inherited-from-lemma,curd
cure,60,cleaned-dictionary,preserved,
cured,60,esdb-inflection,inherited-from-lemma,cure
cures,60,esdb-inflection,inherited-from-lemma,cure
curfew,60,cleaned-dictionary,preserved,
curfews,60,esdb-inflection,inherited-from-lemma,curfew
curia,60,cleaned-dictionary,preserved,
curiae,60,esdb-inflection,inherited-from-lemma,curia
curie,60,cleaned-dictionary,preserved,
curies,60,esdb-inflection,inherited-from-lemma,curie
curing,60,esdb-inflection,inherited-from-lemma,cure
curio,60,cleaned-dictionary,preserved,
curios,60,esdb-inflection,inherited-from-lemma,curio
curious,60,cleaned-dictionary,preserved,
curium,60,cleaned-dictionary,preserved,
curl,60,cleaned-dictionary,preserved,
curled,60,esdb-inflection,inherited-from-lemma,curl
curlew,60,cleaned-dictionary,preserved,
curlews,60,esdb-inflection,inherited-from-lemma,curlew
curling,60,esdb-inflection,inherited-from-lemma,curl
curls,60,cleaned-dictionary,preserved,
currant,60,cleaned-dictionary,preserved,
current,60,cleaned-dictionary,preserved,
curried,60,esdb-inflection,inherited-from-lemma,curry
curries,60,esdb-inflection,inherited-from-lemma,curry
curry,60,cleaned-dictionary,preserved,
curs,60,esdb-inflection,inherited-from-lemma,cur
curse,60,cleaned-dictionary,preserved,
cursed,60,cleaned-dictionary,preserved,
curses,60,cleaned-dictionary,preserved,
cursing,60,esdb-inflection,inherited-from-lemma,curse
cursive,60,cleaned-dictionary,preserved,
cursor,60,cleaned-dictionary,preserved,
cursors,60,esdb-inflection,inherited-from-lemma,cursor
cursory,60,cleaned-dictionary,preserved,
curt,60,cleaned-dictionary,preserved,
curtail,60,cleaned-dictionary,preserved,
curtain,60,cleaned-dictionary,preserved,
curter,60,cleaned-dictionary,preserved,
curtest,60,esdb-inflection,inherited-from-lemma,curt
curve,60,cleaned-dictionary,preserved,
curved,60,cleaned-dictionary,preserved,
curves,60,esdb-inflection,inherited-from-lemma,curve
curving,60,cleaned-dictionary,preserved,
cushier,60,esdb-inflection,inherited-from-lemma,cushy
cushion,60,cleaned-dictionary,preserved,
cushy,60,cleaned-dictionary,preserved,
cusp,60,cleaned-dictionary,preserved,
cusps,60,esdb-inflection,inherited-from-lemma,cusp
custody,60,cleaned-dictionary,preserved,
custom,60,cleaned-dictionary,preserved,
customs,60,cleaned-dictionary,preserved,
cut,60,cleaned-dictionary,preserved,
cutaway,60,cleaned-dictionary,preserved,
cute,60,cleaned-dictionary,preserved,
cuter,60,cleaned-dictionary,preserved,
cutest,60,cleaned-dictionary,preserved,
cuticle,60,cleaned-dictionary,preserved,
cutlery,60,cleaned-dictionary,preserved,
cuts,60,esdb-inflection,inherited-from-lemma,cut
cutter,60,cleaned-dictionary,preserved,
cutters,60,esdb-inflection,inherited-from-lemma,cutter
cutting,60,cleaned-dictionary,preserved,
cyan,60,cleaned-dictionary,preserved,
cyanide,60,cleaned-dictionary,preserved,
cyber,60,cleaned-dictionary,preserved,
cyborg,60,cleaned-dictionary,preserved,
cyborgs,60,esdb-inflection,inherited-from-lemma,cyborg
cycle,60,cleaned-dictionary,preserved,
cycled,60,esdb-inflection,inherited-from-lemma,cycle
cycles,60,cleaned-dictionary,preserved,
cyclic,60,cleaned-dictionary,preserved,
cycling,60,cleaned-dictionary,preserved,
cyclist,60,cleaned-dictionary,preserved,
cyclone,60,cleaned-dictionary,preserved,
cyclops,60,cleaned-dictionary,preserved,
cygnet,60,cleaned-dictionary,preserved,
cygnets,60,esdb-inflection,inherited-from-lemma,cygnet
cymbal,60,cleaned-dictionary,preserved,
cymbals,60,esdb-inflection,inherited-from-lemma,cymbal
cynic,60,cleaned-dictionary,preserved,
cynical,60,cleaned-dictionary,preserved,
cynics,60,esdb-inflection,inherited-from-lemma,cynic
cypress,60,cleaned-dictionary,preserved,
cyst,60,cleaned-dictionary,preserved,
cysts,60,esdb-inflection,inherited-from-lemma,cyst
czar,60,cleaned-dictionary,preserved,
czarina,60,cleaned-dictionary,preserved,
czarist,60,cleaned-dictionary,preserved,
czars,60,esdb-inflection,inherited-from-lemma,czar
dab,60,cleaned-dictionary,preserved,
dabbed,60,esdb-inflection,inherited-from-lemma,dab
dabbing,60,esdb-inflection,inherited-from-lemma,dab
dabs,60,esdb-inflection,inherited-from-lemma,dab
dace,60,cleaned-dictionary,preserved,
daces,60,esdb-inflection,inherited-from-lemma,dace
dacha,60,cleaned-dictionary,preserved,
dachas,60,esdb-inflection,inherited-from-lemma,dacha
dactyl,60,cleaned-dictionary,preserved,
dactyls,60,esdb-inflection,inherited-from-lemma,dactyl
dad,60,cleaned-dictionary,preserved,
daddies,60,esdb-inflection,inherited-from-lemma,daddy
daddy,60,cleaned-dictionary,preserved,
dado,60,cleaned-dictionary,preserved,
dadoes,60,esdb-inflection,inherited-from-lemma,dado
dads,60,esdb-inflection,inherited-from-lemma,dad
daemon,60,cleaned-dictionary,preserved,
daemons,60,esdb-inflection,inherited-from-lemma,daemon
daffier,60,esdb-inflection,inherited-from-lemma,daffy
daffy,60,cleaned-dictionary,preserved,
daft,60,cleaned-dictionary,preserved,
dafter,60,esdb-inflection,inherited-from-lemma,daft
daftest,60,esdb-inflection,inherited-from-lemma,daft
dag,60,cleaned-dictionary,preserved,
dagger,60,cleaned-dictionary,preserved,
daggers,60,esdb-inflection,inherited-from-lemma,dagger
dags,60,esdb-inflection,inherited-from-lemma,dag
dahlia,60,cleaned-dictionary,preserved,
dahlias,60,esdb-inflection,inherited-from-lemma,dahlia
dailies,60,esdb-inflection,inherited-from-lemma,daily
daily,60,cleaned-dictionary,preserved,
dainty,60,cleaned-dictionary,preserved,
dairies,60,esdb-inflection,inherited-from-lemma,dairy
dairy,60,cleaned-dictionary,preserved,
dais,60,cleaned-dictionary,preserved,
daises,60,esdb-inflection,inherited-from-lemma,dais
daisies,60,esdb-inflection,inherited-from-lemma,daisy
daisy,60,cleaned-dictionary,preserved,
dale,60,cleaned-dictionary,preserved,
dales,60,esdb-inflection,inherited-from-lemma,dale
dallied,60,esdb-inflection,inherited-from-lemma,dally
dallies,60,esdb-inflection,inherited-from-lemma,dally
dally,60,cleaned-dictionary,preserved,
dam,60,cleaned-dictionary,preserved,
damage,60,cleaned-dictionary,preserved,
damaged,60,cleaned-dictionary,preserved,
damages,60,cleaned-dictionary,preserved,
damask,60,cleaned-dictionary,preserved,
damasks,60,esdb-inflection,inherited-from-lemma,damask
dame,60,cleaned-dictionary,preserved,
dames,60,esdb-inflection,inherited-from-lemma,dame
dammed,60,esdb-inflection,inherited-from-lemma,dam
damming,60,esdb-inflection,inherited-from-lemma,dam
dammit,60,cleaned-dictionary,preserved,
damn,60,cleaned-dictionary,preserved,
damned,60,cleaned-dictionary,preserved,
damning,60,esdb-inflection,inherited-from-lemma,damn
damns,60,esdb-inflection,inherited-from-lemma,damn
damp,60,cleaned-dictionary,preserved,
damped,60,esdb-inflection,inherited-from-lemma,damp
dampen,60,cleaned-dictionary,preserved,
dampens,60,esdb-inflection,inherited-from-lemma,dampen
damper,60,cleaned-dictionary,preserved,
dampers,60,esdb-inflection,inherited-from-lemma,damper
dampest,60,esdb-inflection,inherited-from-lemma,damp
damping,60,esdb-inflection,inherited-from-lemma,damp
damps,60,esdb-inflection,inherited-from-lemma,damp
dams,60,esdb-inflection,inherited-from-lemma,dam
damsel,60,cleaned-dictionary,preserved,
damsels,60,esdb-inflection,inherited-from-lemma,damsel
dance,60,cleaned-dictionary,preserved,
danced,60,cleaned-dictionary,preserved,
dancer,60,cleaned-dictionary,preserved,
dancers,60,cleaned-dictionary,preserved,
dances,60,esdb-inflection,inherited-from-lemma,dance
dancing,60,cleaned-dictionary,preserved,
dander,60,cleaned-dictionary,preserved,
dandier,60,esdb-inflection,inherited-from-lemma,dandy
dandies,60,esdb-inflection,inherited-from-lemma,dandy
dandy,60,cleaned-dictionary,preserved,
dang,60,cleaned-dictionary,preserved,
danged,60,esdb-inflection,inherited-from-lemma,dang
danger,60,cleaned-dictionary,preserved,
dangers,60,cleaned-dictionary,preserved,
danging,60,esdb-inflection,inherited-from-lemma,dang
dangle,60,cleaned-dictionary,preserved,
dangled,60,esdb-inflection,inherited-from-lemma,dangle
dangles,60,esdb-inflection,inherited-from-lemma,dangle
dangs,60,esdb-inflection,inherited-from-lemma,dang
danish,60,cleaned-dictionary,preserved,
dank,60,cleaned-dictionary,preserved,
danker,60,esdb-inflection,inherited-from-lemma,dank
dankest,60,esdb-inflection,inherited-from-lemma,dank
dapper,60,cleaned-dictionary,preserved,
dapple,60,cleaned-dictionary,preserved,
dappled,60,esdb-inflection,inherited-from-lemma,dapple
dapples,60,esdb-inflection,inherited-from-lemma,dapple
dare,60,cleaned-dictionary,preserved,
dared,60,cleaned-dictionary,preserved,
dares,60,esdb-inflection,inherited-from-lemma,dare
daring,60,cleaned-dictionary,preserved,
dark,60,cleaned-dictionary,preserved,
darken,60,cleaned-dictionary,preserved,
darkens,60,esdb-inflection,inherited-from-lemma,darken
darker,60,cleaned-dictionary,preserved,
darkest,60,esdb-inflection,inherited-from-lemma,dark
darkly,60,cleaned-dictionary,preserved,
darling,60,cleaned-dictionary,preserved,
darn,60,cleaned-dictionary,preserved,
darned,60,esdb-inflection,inherited-from-lemma,darn
darning,60,esdb-inflection,inherited-from-lemma,darn
dart,60,cleaned-dictionary,preserved,
darted,60,esdb-inflection,inherited-from-lemma,dart
darting,60,esdb-inflection,inherited-from-lemma,dart
darts,60,esdb-inflection,inherited-from-lemma,dart
dash,60,cleaned-dictionary,preserved,
dashed,60,cleaned-dictionary,preserved,
dasher,60,cleaned-dictionary,preserved,
dashers,60,esdb-inflection,inherited-from-lemma,dasher
dashes,60,esdb-inflection,inherited-from-lemma,dash
dashiki,60,cleaned-dictionary,preserved,
dashing,60,cleaned-dictionary,preserved,
data,60,cleaned-dictionary,preserved,
date,60,cleaned-dictionary,preserved,
dated,60,cleaned-dictionary,preserved,
dater,60,cleaned-dictionary,preserved,
daters,60,esdb-inflection,inherited-from-lemma,dater
dates,60,cleaned-dictionary,preserved,
dating,60,cleaned-dictionary,preserved,
dative,60,cleaned-dictionary,preserved,
datives,60,esdb-inflection,inherited-from-lemma,dative
datum,60,cleaned-dictionary,preserved,
dauber,60,cleaned-dictionary,preserved,
daubers,60,esdb-inflection,inherited-from-lemma,dauber
daunt,60,cleaned-dictionary,preserved,
daunted,60,esdb-inflection,inherited-from-lemma,daunt
daunts,60,esdb-inflection,inherited-from-lemma,daunt
dauphin,60,cleaned-dictionary,preserved,
davit,60,cleaned-dictionary,preserved,
davits,60,esdb-inflection,inherited-from-lemma,davit
dawdle,60,cleaned-dictionary,preserved,
dawdled,60,esdb-inflection,inherited-from-lemma,dawdle
dawdles,60,esdb-inflection,inherited-from-lemma,dawdle
dawn,60,cleaned-dictionary,preserved,
dawned,60,esdb-inflection,inherited-from-lemma,dawn
dawning,60,cleaned-dictionary,preserved,
dawns,60,esdb-inflection,inherited-from-lemma,dawn
day,60,cleaned-dictionary,preserved,
days,60,cleaned-dictionary,preserved,
daze,60,cleaned-dictionary,preserved,
dazed,60,esdb-inflection,inherited-from-lemma,daze
dazes,60,esdb-inflection,inherited-from-lemma,daze
dazing,60,esdb-inflection,inherited-from-lemma,daze
dazzle,60,cleaned-dictionary,preserved,
dazzled,60,esdb-inflection,inherited-from-lemma,dazzle
dazzles,60,esdb-inflection,inherited-from-lemma,dazzle
dead,60,cleaned-dictionary,preserved,
deader,60,esdb-inflection,inherited-from-lemma,dead
deadest,60,esdb-inflection,inherited-from-lemma,dead
deadly,60,cleaned-dictionary,preserved,
deadpan,60,cleaned-dictionary,preserved,
deaf,60,cleaned-dictionary,preserved,
deafen,60,cleaned-dictionary,preserved,
deafens,60,esdb-inflection,inherited-from-lemma,deafen
deafer,60,esdb-inflection,inherited-from-lemma,deaf
deafest,60,esdb-inflection,inherited-from-lemma,deaf
deal,60,cleaned-dictionary,preserved,
dealer,60,cleaned-dictionary,preserved,
dealers,60,cleaned-dictionary,preserved,
dealing,60,esdb-inflection,inherited-from-lemma,deal
deals,60,cleaned-dictionary,preserved,
dealt,60,cleaned-dictionary,preserved,
dean,60,cleaned-dictionary,preserved,
deans,60,esdb-inflection,inherited-from-lemma,dean
dear,60,cleaned-dictionary,preserved,
dearer,60,cleaned-dictionary,preserved,
dearest,60,cleaned-dictionary,preserved,
dearly,60,cleaned-dictionary,preserved,
dears,60,esdb-inflection,inherited-from-lemma,dear
dearth,60,cleaned-dictionary,preserved,
dearths,60,esdb-inflection,inherited-from-lemma,dearth
death,60,cleaned-dictionary,preserved,
deaths,60,cleaned-dictionary,preserved,
deb,60,cleaned-dictionary,preserved,
debacle,60,cleaned-dictionary,preserved,
debate,60,cleaned-dictionary,preserved,
debated,60,cleaned-dictionary,preserved,
debater,60,cleaned-dictionary,preserved,
debates,60,cleaned-dictionary,preserved,
debris,60,cleaned-dictionary,preserved,
debs,60,esdb-inflection,inherited-from-lemma,deb
debt,60,cleaned-dictionary,preserved,
debtor,60,cleaned-dictionary,preserved,
debtors,60,esdb-inflection,inherited-from-lemma,debtor
debts,60,cleaned-dictionary,preserved,
debug,60,cleaned-dictionary,preserved,
debugs,60,esdb-inflection,inherited-from-lemma,debug
debunk,60,cleaned-dictionary,preserved,
debunks,60,esdb-inflection,inherited-from-lemma,debunk
debut,60,cleaned-dictionary,preserved,
debuted,60,esdb-inflection,inherited-from-lemma,debut
debuts,60,esdb-inflection,inherited-from-lemma,debut
decade,60,cleaned-dictionary,preserved,
decades,60,cleaned-dictionary,preserved,
decaf,60,cleaned-dictionary,preserved,
decafs,60,esdb-inflection,inherited-from-lemma,decaf
decagon,60,cleaned-dictionary,preserved,
decal,60,cleaned-dictionary,preserved,
decals,60,esdb-inflection,inherited-from-lemma,decal
decamp,60,cleaned-dictionary,preserved,
decamps,60,esdb-inflection,inherited-from-lemma,decamp
decant,60,cleaned-dictionary,preserved,
decants,60,esdb-inflection,inherited-from-lemma,decant
decay,60,cleaned-dictionary,preserved,
decayed,60,esdb-inflection,inherited-from-lemma,decay
decays,60,esdb-inflection,inherited-from-lemma,decay
decease,60,cleaned-dictionary,preserved,
deceit,60,cleaned-dictionary,preserved,
deceits,60,esdb-inflection,inherited-from-lemma,deceit
deceive,60,cleaned-dictionary,preserved,
decency,60,cleaned-dictionary,preserved,
decent,60,cleaned-dictionary,preserved,
decibel,60,cleaned-dictionary,preserved,
decide,60,cleaned-dictionary,preserved,
decided,60,cleaned-dictionary,preserved,
decides,60,esdb-inflection,inherited-from-lemma,decide
decimal,60,cleaned-dictionary,preserved,
deck,60,cleaned-dictionary,preserved,
decked,60,esdb-inflection,inherited-from-lemma,deck
decking,60,esdb-inflection,inherited-from-lemma,deck
decks,60,esdb-inflection,inherited-from-lemma,deck
declare,60,cleaned-dictionary,preserved,
decline,60,cleaned-dictionary,preserved,
decorum,60,cleaned-dictionary,preserved,
decree,60,cleaned-dictionary,preserved,
decreed,60,esdb-inflection,inherited-from-lemma,decree
decrees,60,esdb-inflection,inherited-from-lemma,decree
decried,60,esdb-inflection,inherited-from-lemma,decry
decries,60,esdb-inflection,inherited-from-lemma,decry
decry,60,cleaned-dictionary,preserved,
decrypt,60,cleaned-dictionary,preserved,
deduce,60,cleaned-dictionary,preserved,
deduced,60,esdb-inflection,inherited-from-lemma,deduce
deduces,60,esdb-inflection,inherited-from-lemma,deduce
deduct,60,cleaned-dictionary,preserved,
deducts,60,esdb-inflection,inherited-from-lemma,deduct
deed,60,cleaned-dictionary,preserved,
deeded,60,esdb-inflection,inherited-from-lemma,deed
deeding,60,esdb-inflection,inherited-from-lemma,deed
deeds,60,cleaned-dictionary,preserved,
deejay,60,cleaned-dictionary,preserved,
deejays,60,esdb-inflection,inherited-from-lemma,deejay
deem,60,cleaned-dictionary,preserved,
deemed,60,cleaned-dictionary,preserved,
deeming,60,esdb-inflection,inherited-from-lemma,deem
deems,60,esdb-inflection,inherited-from-lemma,deem
deep,60,cleaned-dictionary,preserved,
deepen,60,cleaned-dictionary,preserved,
deepens,60,esdb-inflection,inherited-from-lemma,deepen
deeper,60,cleaned-dictionary,preserved,
deepest,60,cleaned-dictionary,preserved,
deeps,60,esdb-inflection,inherited-from-lemma,deep
deer,60,cleaned-dictionary,preserved,
def,60,cleaned-dictionary,preserved,
deface,60,cleaned-dictionary,preserved,
defaced,60,esdb-inflection,inherited-from-lemma,deface
defaces,60,esdb-inflection,inherited-from-lemma,deface
defame,60,cleaned-dictionary,preserved,
defamed,60,esdb-inflection,inherited-from-lemma,defame
defames,60,esdb-inflection,inherited-from-lemma,defame
default,60,cleaned-dictionary,preserved,
defeat,60,cleaned-dictionary,preserved,
defeats,60,esdb-inflection,inherited-from-lemma,defeat
defect,60,cleaned-dictionary,preserved,
defects,60,cleaned-dictionary,preserved,
defend,60,cleaned-dictionary,preserved,
defends,60,cleaned-dictionary,preserved,
defense,60,cleaned-dictionary,preserved,
defer,60,cleaned-dictionary,preserved,
defers,60,esdb-inflection,inherited-from-lemma,defer
deffer,60,esdb-inflection,inherited-from-lemma,def
deffest,60,esdb-inflection,inherited-from-lemma,def
defiant,60,cleaned-dictionary,preserved,
deficit,60,cleaned-dictionary,preserved,
defied,60,esdb-inflection,inherited-from-lemma,defy
defies,60,esdb-inflection,inherited-from-lemma,defy
defile,60,cleaned-dictionary,preserved,
defiled,60,esdb-inflection,inherited-from-lemma,defile
defiles,60,esdb-inflection,inherited-from-lemma,defile
define,60,cleaned-dictionary,preserved,
defined,60,cleaned-dictionary,preserved,
defines,60,esdb-inflection,inherited-from-lemma,define
deflate,60,cleaned-dictionary,preserved,
deflect,60,cleaned-dictionary,preserved,
deform,60,cleaned-dictionary,preserved,
deforms,60,esdb-inflection,inherited-from-lemma,deform
defraud,60,cleaned-dictionary,preserved,
defray,60,cleaned-dictionary,preserved,
defrays,60,esdb-inflection,inherited-from-lemma,defray
deft,60,cleaned-dictionary,preserved,
defter,60,cleaned-dictionary,preserved,
deftest,60,esdb-inflection,inherited-from-lemma,deft
defunct,60,cleaned-dictionary,preserved,
defuse,60,cleaned-dictionary,preserved,
defused,60,esdb-inflection,inherited-from-lemma,defuse
defuses,60,esdb-inflection,inherited-from-lemma,defuse
defy,60,cleaned-dictionary,preserved,
defying,60,esdb-inflection,inherited-from-lemma,defy
degrade,60,cleaned-dictionary,preserved,
degree,60,cleaned-dictionary,preserved,
degrees,60,cleaned-dictionary,preserved,
deified,60,esdb-inflection,inherited-from-lemma,deify
deifies,60,esdb-inflection,inherited-from-lemma,deify
deify,60,cleaned-dictionary,preserved,
deign,60,cleaned-dictionary,preserved,
deigned,60,esdb-inflection,inherited-from-lemma,deign
deigns,60,esdb-inflection,inherited-from-lemma,deign
deities,60,esdb-inflection,inherited-from-lemma,deity
deity,60,cleaned-dictionary,preserved,
deject,60,cleaned-dictionary,preserved,
dejects,60,esdb-inflection,inherited-from-lemma,deject
delay,60,cleaned-dictionary,preserved,
delayed,60,esdb-inflection,inherited-from-lemma,delay
delays,60,cleaned-dictionary,preserved,
delete,60,cleaned-dictionary,preserved,
deleted,60,esdb-inflection,inherited-from-lemma,delete
deletes,60,esdb-inflection,inherited-from-lemma,delete
delft,60,cleaned-dictionary,preserved,
delight,60,cleaned-dictionary,preserved,
delimit,60,cleaned-dictionary,preserved,
deliver,60,cleaned-dictionary,preserved,
dell,60,cleaned-dictionary,preserved,
dells,60,esdb-inflection,inherited-from-lemma,dell
delta,60,cleaned-dictionary,preserved,
deltas,60,esdb-inflection,inherited-from-lemma,delta
delude,60,cleaned-dictionary,preserved,
deluded,60,esdb-inflection,inherited-from-lemma,delude
deludes,60,esdb-inflection,inherited-from-lemma,delude
deluge,60,cleaned-dictionary,preserved,
deluged,60,esdb-inflection,inherited-from-lemma,deluge
deluges,60,esdb-inflection,inherited-from-lemma,deluge
deluxe,60,cleaned-dictionary,preserved,
delve,60,cleaned-dictionary,preserved,
delved,60,esdb-inflection,inherited-from-lemma,delve
delver,60,cleaned-dictionary,preserved,
delvers,60,esdb-inflection,inherited-from-lemma,delver
delves,60,esdb-inflection,inherited-from-lemma,delve
delving,60,esdb-inflection,inherited-from-lemma,delve
demand,60,cleaned-dictionary,preserved,
demands,60,cleaned-dictionary,preserved,
demean,60,cleaned-dictionary,preserved,
demeans,60,esdb-inflection,inherited-from-lemma,demean
demesne,60,cleaned-dictionary,preserved,
demigod,60,cleaned-dictionary,preserved,
demise,60,cleaned-dictionary,preserved,
demised,60,esdb-inflection,inherited-from-lemma,demise
demises,60,esdb-inflection,inherited-from-lemma,demise
demo,60,cleaned-dictionary,preserved,
demob,60,cleaned-dictionary,preserved,
demobs,60,esdb-inflection,inherited-from-lemma,demob
demon,60,cleaned-dictionary,preserved,
demonic,60,cleaned-dictionary,preserved,
demons,60,cleaned-dictionary,preserved,
demonym,60,cleaned-dictionary,preserved,
demos,60,cleaned-dictionary,preserved,
demote,60,cleaned-dictionary,preserved,
demoted,60,esdb-inflection,inherited-from-lemma,demote
demotes,60,esdb-inflection,inherited-from-lemma,demote
demotic,60,cleaned-dictionary,preserved,
demur,60,cleaned-dictionary,preserved,
demure,60,cleaned-dictionary,preserved,
demurer,60,esdb-inflection,inherited-from-lemma,demure
demurs,60,esdb-inflection,inherited-from-lemma,demur
den,60,cleaned-dictionary,preserved,
dengue,60,cleaned-dictionary,preserved,
denial,60,cleaned-dictionary,preserved,
denials,60,esdb-inflection,inherited-from-lemma,denial
denied,60,cleaned-dictionary,preserved,
denier,60,cleaned-dictionary,preserved,
deniers,60,esdb-inflection,inherited-from-lemma,denier
denies,60,esdb-inflection,inherited-from-lemma,deny
denim,60,cleaned-dictionary,preserved,
denims,60,esdb-inflection,inherited-from-lemma,denim
denizen,60,cleaned-dictionary,preserved,
denote,60,cleaned-dictionary,preserved,
denoted,60,cleaned-dictionary,preserved,
denotes,60,esdb-inflection,inherited-from-lemma,denote
dens,60,cleaned-dictionary,preserved,
dense,60,cleaned-dictionary,preserved,
denser,60,esdb-inflection,inherited-from-lemma,dense
densest,60,esdb-inflection,inherited-from-lemma,dense
density,60,cleaned-dictionary,preserved,
dent,60,cleaned-dictionary,preserved,
dental,60,cleaned-dictionary,preserved,
dented,60,esdb-inflection,inherited-from-lemma,dent
denting,60,esdb-inflection,inherited-from-lemma,dent
dentist,60,cleaned-dictionary,preserved,
dents,60,esdb-inflection,inherited-from-lemma,dent
denture,60,cleaned-dictionary,preserved,
denude,60,cleaned-dictionary,preserved,
denuded,60,esdb-inflection,inherited-from-lemma,denude
denudes,60,esdb-inflection,inherited-from-lemma,denude
deny,60,cleaned-dictionary,preserved,
denying,60,cleaned-dictionary,preserved,
depart,60,cleaned-dictionary,preserved,
departs,60,esdb-inflection,inherited-from-lemma,depart
depend,60,cleaned-dictionary,preserved,
depends,60,esdb-inflection,inherited-from-lemma,depend
depict,60,cleaned-dictionary,preserved,
depicts,60,esdb-inflection,inherited-from-lemma,depict
deplete,60,cleaned-dictionary,preserved,
deplore,60,cleaned-dictionary,preserved,
depose,60,cleaned-dictionary,preserved,
deposed,60,esdb-inflection,inherited-from-lemma,depose
deposes,60,esdb-inflection,inherited-from-lemma,depose
deposit,60,cleaned-dictionary,preserved,
deprave,60,cleaned-dictionary,preserved,
deprive,60,cleaned-dictionary,preserved,
depth,60,cleaned-dictionary,preserved,
depths,60,cleaned-dictionary,preserved,
deputy,60,cleaned-dictionary,preserved,
dequeue,60,cleaned-dictionary,preserved,
derbies,60,esdb-inflection,inherited-from-lemma,derby
derby,60,cleaned-dictionary,preserved,
deride,60,cleaned-dictionary,preserved,
derided,60,esdb-inflection,inherited-from-lemma,deride
derides,60,esdb-inflection,inherited-from-lemma,deride
derive,60,cleaned-dictionary,preserved,
derived,60,cleaned-dictionary,preserved,
derives,60,esdb-inflection,inherited-from-lemma,derive
dermis,60,cleaned-dictionary,preserved,
derrick,60,cleaned-dictionary,preserved,
derv,60,cleaned-dictionary,preserved,
dervish,60,cleaned-dictionary,preserved,
desalt,60,cleaned-dictionary,preserved,
desalts,60,esdb-inflection,inherited-from-lemma,desalt
descend,60,cleaned-dictionary,preserved,
descent,60,cleaned-dictionary,preserved,
descry,60,cleaned-dictionary,preserved,
desert,60,cleaned-dictionary,preserved,
deserts,60,esdb-inflection,inherited-from-lemma,desert
deserve,60,cleaned-dictionary,preserved,
design,60,cleaned-dictionary,preserved,
designs,60,cleaned-dictionary,preserved,
desire,60,cleaned-dictionary,preserved,
desired,60,cleaned-dictionary,preserved,
desires,60,cleaned-dictionary,preserved,
desist,60,cleaned-dictionary,preserved,
desists,60,esdb-inflection,inherited-from-lemma,desist
desk,60,cleaned-dictionary,preserved,
desks,60,esdb-inflection,inherited-from-lemma,desk
desktop,60,cleaned-dictionary,preserved,
despair,60,cleaned-dictionary,preserved,
despise,60,cleaned-dictionary,preserved,
despite,60,cleaned-dictionary,preserved,
despot,60,cleaned-dictionary,preserved,
despots,60,esdb-inflection,inherited-from-lemma,despot
dessert,60,cleaned-dictionary,preserved,
destiny,60,cleaned-dictionary,preserved,
destroy,60,cleaned-dictionary,preserved,
detach,60,cleaned-dictionary,preserved,
detail,60,cleaned-dictionary,preserved,
details,60,cleaned-dictionary,preserved,
detain,60,cleaned-dictionary,preserved,
detains,60,esdb-inflection,inherited-from-lemma,detain
detect,60,cleaned-dictionary,preserved,
detects,60,esdb-inflection,inherited-from-lemma,detect
detente,60,cleaned-dictionary,preserved,
deter,60,cleaned-dictionary,preserved,
deters,60,esdb-inflection,inherited-from-lemma,deter
detest,60,cleaned-dictionary,preserved,
detests,60,esdb-inflection,inherited-from-lemma,detest
detox,60,cleaned-dictionary,preserved,
detoxed,60,esdb-inflection,inherited-from-lemma,detox
detoxes,60,esdb-inflection,inherited-from-lemma,detox
detract,60,cleaned-dictionary,preserved,
deuce,60,cleaned-dictionary,preserved,
deuces,60,esdb-inflection,inherited-from-lemma,deuce
develop,60,cleaned-dictionary,preserved,
deviant,60,cleaned-dictionary,preserved,
deviate,60,cleaned-dictionary,preserved,
device,60,cleaned-dictionary,preserved,
devices,60,cleaned-dictionary,preserved,
devil,60,cleaned-dictionary,preserved,
deviled,60,esdb-inflection,inherited-from-lemma,devil
devils,60,cleaned-dictionary,preserved,
devise,60,cleaned-dictionary,preserved,
devised,60,cleaned-dictionary,preserved,
devises,60,esdb-inflection,inherited-from-lemma,devise
devoid,60,cleaned-dictionary,preserved,
devote,60,cleaned-dictionary,preserved,
devoted,60,cleaned-dictionary,preserved,
devotes,60,esdb-inflection,inherited-from-lemma,devote
devour,60,cleaned-dictionary,preserved,
devours,60,esdb-inflection,inherited-from-lemma,devour
devout,60,cleaned-dictionary,preserved,
dew,60,cleaned-dictionary,preserved,
dewlap,60,cleaned-dictionary,preserved,
dewlaps,60,esdb-inflection,inherited-from-lemma,dewlap
dharma,60,cleaned-dictionary,preserved,
dhoti,60,cleaned-dictionary,preserved,
dhotis,60,esdb-inflection,inherited-from-lemma,dhoti
dhow,60,cleaned-dictionary,preserved,
dhows,60,esdb-inflection,inherited-from-lemma,dhow
diagram,60,cleaned-dictionary,preserved,
dial,60,cleaned-dictionary,preserved,
dialect,60,cleaned-dictionary,preserved,
dialed,60,esdb-inflection,inherited-from-lemma,dial
dialing,60,esdb-inflection,inherited-from-lemma,dial
dials,60,esdb-inflection,inherited-from-lemma,dial
diamond,60,cleaned-dictionary,preserved,
diaper,60,cleaned-dictionary,preserved,
diapers,60,esdb-inflection,inherited-from-lemma,diaper
diaries,60,esdb-inflection,inherited-from-lemma,diary
diarist,60,cleaned-dictionary,preserved,
diary,60,cleaned-dictionary,preserved,
diatom,60,cleaned-dictionary,preserved,
diatoms,60,esdb-inflection,inherited-from-lemma,diatom
dibble,60,cleaned-dictionary,preserved,
dibbled,60,esdb-inflection,inherited-from-lemma,dibble
dibbles,60,esdb-inflection,inherited-from-lemma,dibble
dice,60,cleaned-dictionary,preserved,
diced,60,esdb-inflection,inherited-from-lemma,dice
dices,60,esdb-inflection,inherited-from-lemma,dice
dicey,60,cleaned-dictionary,preserved,
dicier,60,esdb-inflection,inherited-from-lemma,dicey
diciest,60,esdb-inflection,inherited-from-lemma,dicey
dicing,60,esdb-inflection,inherited-from-lemma,dice
dickey,60,cleaned-dictionary,preserved,
dickeys,60,esdb-inflection,inherited-from-lemma,dickey
dicta,60,esdb-inflection,inherited-from-lemma,dictum
dictate,60,cleaned-dictionary,preserved,
diction,60,cleaned-dictionary,preserved,
dictum,60,cleaned-dictionary,preserved,
did,60,cleaned-dictionary,preserved,
dido,60,cleaned-dictionary,preserved,
didoes,60,esdb-inflection,inherited-from-lemma,dido
die,60,cleaned-dictionary,preserved,
died,60,cleaned-dictionary,preserved,
dies,60,cleaned-dictionary,preserved,
diesel,60,cleaned-dictionary,preserved,
diesels,60,esdb-inflection,inherited-from-lemma,diesel
diet,60,cleaned-dictionary,preserved,
dietary,60,cleaned-dictionary,preserved,
dieted,60,esdb-inflection,inherited-from-lemma,diet
dieting,60,esdb-inflection,inherited-from-lemma,diet
diets,60,esdb-inflection,inherited-from-lemma,diet
differ,60,cleaned-dictionary,preserved,
differs,60,esdb-inflection,inherited-from-lemma,differ
diffuse,60,cleaned-dictionary,preserved,
dig,60,cleaned-dictionary,preserved,
digest,60,cleaned-dictionary,preserved,
digests,60,esdb-inflection,inherited-from-lemma,digest
digging,60,cleaned-dictionary,preserved,
digital,60,cleaned-dictionary,preserved,
dignify,60,cleaned-dictionary,preserved,
dignity,60,cleaned-dictionary,preserved,
digraph,60,cleaned-dictionary,preserved,
digress,60,cleaned-dictionary,preserved,
digs,60,cleaned-dictionary,preserved,
dike,60,cleaned-dictionary,preserved,
diked,60,esdb-inflection,inherited-from-lemma,dike
dikes,60,esdb-inflection,inherited-from-lemma,dike
diking,60,esdb-inflection,inherited-from-lemma,dike
dildo,60,cleaned-dictionary,preserved,
dildos,60,esdb-inflection,inherited-from-lemma,dildo
dilemma,60,cleaned-dictionary,preserved,
dill,60,cleaned-dictionary,preserved,
dills,60,esdb-inflection,inherited-from-lemma,dill
diluent,60,cleaned-dictionary,preserved,
dilute,60,cleaned-dictionary,preserved,
diluted,60,esdb-inflection,inherited-from-lemma,dilute
dilutes,60,esdb-inflection,inherited-from-lemma,dilute
dim,60,cleaned-dictionary,preserved,
dime,60,cleaned-dictionary,preserved,
dimes,60,esdb-inflection,inherited-from-lemma,dime
dimmed,60,esdb-inflection,inherited-from-lemma,dim
dimmer,60,esdb-inflection,inherited-from-lemma,dim
dimmest,60,esdb-inflection,inherited-from-lemma,dim
dimming,60,esdb-inflection,inherited-from-lemma,dim
dimple,60,cleaned-dictionary,preserved,
dimpled,60,esdb-inflection,inherited-from-lemma,dimple
dimples,60,esdb-inflection,inherited-from-lemma,dimple
dims,60,esdb-inflection,inherited-from-lemma,dim
dimwit,60,cleaned-dictionary,preserved,
dimwits,60,esdb-inflection,inherited-from-lemma,dimwit
din,60,cleaned-dictionary,preserved,
dinar,60,cleaned-dictionary,preserved,
dinars,60,esdb-inflection,inherited-from-lemma,dinar
dine,60,cleaned-dictionary,preserved,
dined,60,cleaned-dictionary,preserved,
diner,60,cleaned-dictionary,preserved,
diners,60,esdb-inflection,inherited-from-lemma,diner
dines,60,esdb-inflection,inherited-from-lemma,dine
dinette,60,cleaned-dictionary,preserved,
dinghy,60,cleaned-dictionary,preserved,
dingle,60,cleaned-dictionary,preserved,
dingles,60,esdb-inflection,inherited-from-lemma,dingle
dingo,60,cleaned-dictionary,preserved,
dingoes,60,esdb-inflection,inherited-from-lemma,dingo
dingus,60,cleaned-dictionary,preserved,
dining,60,cleaned-dictionary,preserved,
dinned,60,esdb-inflection,inherited-from-lemma,din
dinner,60,cleaned-dictionary,preserved,
dinners,60,esdb-inflection,inherited-from-lemma,dinner
dinning,60,esdb-inflection,inherited-from-lemma,din
dins,60,esdb-inflection,inherited-from-lemma,din
dint,60,cleaned-dictionary,preserved,
diocese,60,cleaned-dictionary,preserved,
diode,60,cleaned-dictionary,preserved,
diodes,60,esdb-inflection,inherited-from-lemma,diode
diorama,60,cleaned-dictionary,preserved,
dioxide,60,cleaned-dictionary,preserved,
dip,60,cleaned-dictionary,preserved,
diploid,60,cleaned-dictionary,preserved,
diploma,60,cleaned-dictionary,preserved,
dipole,60,cleaned-dictionary,preserved,
dipoles,60,esdb-inflection,inherited-from-lemma,dipole
dipped,60,cleaned-dictionary,preserved,
dipper,60,cleaned-dictionary,preserved,
dippers,60,esdb-inflection,inherited-from-lemma,dipper
dipping,60,esdb-inflection,inherited-from-lemma,dip
dips,60,esdb-inflection,inherited-from-lemma,dip
dipso,60,cleaned-dictionary,preserved,
dipsos,60,esdb-inflection,inherited-from-lemma,dipso
diptych,60,cleaned-dictionary,preserved,
dire,60,cleaned-dictionary,preserved,
direct,60,cleaned-dictionary,preserved,
directs,60,esdb-inflection,inherited-from-lemma,direct
direr,60,esdb-inflection,inherited-from-lemma,dire
direst,60,esdb-inflection,inherited-from-lemma,dire
dirge,60,cleaned-dictionary,preserved,
dirges,60,esdb-inflection,inherited-from-lemma,dirge
dirk,60,cleaned-dictionary,preserved,
dirks,60,esdb-inflection,inherited-from-lemma,dirk
dirt,60,cleaned-dictionary,preserved,
dirtied,60,esdb-inflection,inherited-from-lemma,dirty
dirtier,60,esdb-inflection,inherited-from-lemma,dirty
dirties,60,esdb-inflection,inherited-from-lemma,dirty
dirty,60,cleaned-dictionary,preserved,
dis,60,cleaned-dictionary,preserved,
disable,60,cleaned-dictionary,preserved,
disarm,60,cleaned-dictionary,preserved,
disarms,60,esdb-inflection,inherited-from-lemma,disarm
disavow,60,cleaned-dictionary,preserved,
disbar,60,cleaned-dictionary,preserved,
disbars,60,esdb-inflection,inherited-from-lemma,disbar
disc,60,cleaned-dictionary,preserved,
discard,60,cleaned-dictionary,preserved,
discern,60,cleaned-dictionary,preserved,
disco,60,cleaned-dictionary,preserved,
discoed,60,esdb-inflection,inherited-from-lemma,disco
discord,60,cleaned-dictionary,preserved,
discos,60,esdb-inflection,inherited-from-lemma,disco
discs,60,esdb-inflection,inherited-from-lemma,disc
discuss,60,cleaned-dictionary,preserved,
disdain,60,cleaned-dictionary,preserved,
disease,60,cleaned-dictionary,preserved,
disgust,60,cleaned-dictionary,preserved,
dish,60,cleaned-dictionary,preserved,
dished,60,esdb-inflection,inherited-from-lemma,dish
dishes,60,cleaned-dictionary,preserved,
dishing,60,esdb-inflection,inherited-from-lemma,dish
disk,60,cleaned-dictionary,preserved,
disks,60,esdb-inflection,inherited-from-lemma,disk
dislike,60,cleaned-dictionary,preserved,
dismal,60,cleaned-dictionary,preserved,
dismay,60,cleaned-dictionary,preserved,
dismays,60,esdb-inflection,inherited-from-lemma,dismay
dismiss,60,cleaned-dictionary,preserved,
disown,60,cleaned-dictionary,preserved,
disowns,60,esdb-inflection,inherited-from-lemma,disown
dispel,60,cleaned-dictionary,preserved,
dispels,60,esdb-inflection,inherited-from-lemma,dispel
display,60,cleaned-dictionary,preserved,
dispose,60,cleaned-dictionary,preserved,
dispute,60,cleaned-dictionary,preserved,
disrobe,60,cleaned-dictionary,preserved,
disrupt,60,cleaned-dictionary,preserved,
dissect,60,cleaned-dictionary,preserved,
dissed,60,esdb-inflection,inherited-from-lemma,dis
dissent,60,cleaned-dictionary,preserved,
disses,60,esdb-inflection,inherited-from-lemma,dis
dissing,60,esdb-inflection,inherited-from-lemma,dis
distaff,60,cleaned-dictionary,preserved,
distal,60,cleaned-dictionary,preserved,
distant,60,cleaned-dictionary,preserved,
distend,60,cleaned-dictionary,preserved,
distort,60,cleaned-dictionary,preserved,
disturb,60,cleaned-dictionary,preserved,
ditch,60,cleaned-dictionary,preserved,
ditched,60,esdb-inflection,inherited-from-lemma,ditch
ditches,60,esdb-inflection,inherited-from-lemma,ditch
ditsy,60,cleaned-dictionary,preserved,
ditties,60,esdb-inflection,inherited-from-lemma,ditty
ditto,60,cleaned-dictionary,preserved,
dittoed,60,esdb-inflection,inherited-from-lemma,ditto
dittos,60,esdb-inflection,inherited-from-lemma,ditto
ditty,60,cleaned-dictionary,preserved,
ditz,60,cleaned-dictionary,preserved,
ditzes,60,esdb-inflection,inherited-from-lemma,ditz
diurnal,60,cleaned-dictionary,preserved,
diva,60,cleaned-dictionary,preserved,
divan,60,cleaned-dictionary,preserved,
divans,60,esdb-inflection,inherited-from-lemma,divan
divas,60,esdb-inflection,inherited-from-lemma,diva
dive,60,cleaned-dictionary,preserved,
dived,60,cleaned-dictionary,preserved,
diver,60,cleaned-dictionary,preserved,
diverge,60,cleaned-dictionary,preserved,
divers,60,cleaned-dictionary,preserved,
diverse,60,cleaned-dictionary,preserved,
divert,60,cleaned-dictionary,preserved,
diverts,60,esdb-inflection,inherited-from-lemma,divert
dives,60,esdb-inflection,inherited-from-lemma,dive
divest,60,cleaned-dictionary,preserved,
divests,60,esdb-inflection,inherited-from-lemma,divest
divide,60,cleaned-dictionary,preserved,
divided,60,cleaned-dictionary,preserved,
divides,60,esdb-inflection,inherited-from-lemma,divide
divine,60,cleaned-dictionary,preserved,
divined,60,esdb-inflection,inherited-from-lemma,divine
diviner,60,esdb-inflection,inherited-from-lemma,divine
diving,60,esdb-inflection,inherited-from-lemma,dive
divisor,60,cleaned-dictionary,preserved,
divorce,60,cleaned-dictionary,preserved,
divulge,60,cleaned-dictionary,preserved,
dobbin,60,cleaned-dictionary,preserved,
dobbins,60,esdb-inflection,inherited-from-lemma,dobbin
doc,60,cleaned-dictionary,preserved,
docent,60,cleaned-dictionary,preserved,
docents,60,esdb-inflection,inherited-from-lemma,docent
docile,60,cleaned-dictionary,preserved,
dock,60,cleaned-dictionary,preserved,
docked,60,esdb-inflection,inherited-from-lemma,dock
docket,60,cleaned-dictionary,preserved,
dockets,60,esdb-inflection,inherited-from-lemma,docket
docking,60,esdb-inflection,inherited-from-lemma,dock
docks,60,esdb-inflection,inherited-from-lemma,dock
docs,60,esdb-inflection,inherited-from-lemma,doc
doctor,60,cleaned-dictionary,preserved,
doctors,60,cleaned-dictionary,preserved,
dodder,60,cleaned-dictionary,preserved,
dodders,60,esdb-inflection,inherited-from-lemma,dodder
doddle,60,cleaned-dictionary,preserved,
dodge,60,cleaned-dictionary,preserved,
dodged,60,esdb-inflection,inherited-from-lemma,dodge
dodges,60,esdb-inflection,inherited-from-lemma,dodge
dodgier,60,esdb-inflection,inherited-from-lemma,dodgy
dodging,60,esdb-inflection,inherited-from-lemma,dodge
dodgy,60,cleaned-dictionary,preserved,
dodo,60,cleaned-dictionary,preserved,
dodos,60,esdb-inflection,inherited-from-lemma,dodo
doe,60,cleaned-dictionary,preserved,
doer,60,cleaned-dictionary,preserved,
doers,60,esdb-inflection,inherited-from-lemma,doer
does,60,cleaned-dictionary,preserved,
doff,60,cleaned-dictionary,preserved,
doffed,60,esdb-inflection,inherited-from-lemma,doff
doffing,60,esdb-inflection,inherited-from-lemma,doff
doffs,60,esdb-inflection,inherited-from-lemma,doff
dog,60,cleaned-dictionary,preserved,
doge,60,cleaned-dictionary,preserved,
doges,60,esdb-inflection,inherited-from-lemma,doge
dogfish,60,cleaned-dictionary,preserved,
dogged,60,cleaned-dictionary,preserved,
doggier,60,esdb-inflection,inherited-from-lemma,doggy
doggies,60,esdb-inflection,inherited-from-lemma,doggy
dogging,60,cleaned-dictionary,preserved,
doggone,60,cleaned-dictionary,preserved,
doggy,60,cleaned-dictionary,preserved,
dogleg,60,cleaned-dictionary,preserved,
doglegs,60,esdb-inflection,inherited-from-lemma,dogleg
dogma,60,cleaned-dictionary,preserved,
dogmas,60,esdb-inflection,inherited-from-lemma,dogma
dogs,60,cleaned-dictionary,preserved,
doing,60,cleaned-dictionary,preserved,
doings,60,esdb-inflection,inherited-from-lemma,doing
dojo,60,cleaned-dictionary,preserved,
dole,60,cleaned-dictionary,preserved,
doled,60,esdb-inflection,inherited-from-lemma,dole
doles,60,esdb-inflection,inherited-from-lemma,dole
doling,60,esdb-inflection,inherited-from-lemma,dole
doll,60,cleaned-dictionary,preserved,
dollar,60,cleaned-dictionary,preserved,
dollars,60,cleaned-dictionary,preserved,
dolled,60,esdb-inflection,inherited-from-lemma,doll
dollies,60,esdb-inflection,inherited-from-lemma,dolly
dolling,60,esdb-inflection,inherited-from-lemma,doll
dollop,60,cleaned-dictionary,preserved,
dollops,60,esdb-inflection,inherited-from-lemma,dollop
dolls,60,esdb-inflection,inherited-from-lemma,doll
dolly,60,cleaned-dictionary,preserved,
dolor,60,cleaned-dictionary,preserved,
dolors,60,esdb-inflection,inherited-from-lemma,dolor
dolphin,60,cleaned-dictionary,preserved,
dolt,60,cleaned-dictionary,preserved,
doltish,60,cleaned-dictionary,preserved,
dolts,60,esdb-inflection,inherited-from-lemma,dolt
domain,60,cleaned-dictionary,preserved,
domains,60,cleaned-dictionary,preserved,
dome,60,cleaned-dictionary,preserved,
domed,60,esdb-inflection,inherited-from-lemma,dome
domes,60,esdb-inflection,inherited-from-lemma,dome
doming,60,esdb-inflection,inherited-from-lemma,dome
domino,60,cleaned-dictionary,preserved,
don,60,cleaned-dictionary,preserved,
donate,60,cleaned-dictionary,preserved,
donated,60,esdb-inflection,inherited-from-lemma,donate
donates,60,esdb-inflection,inherited-from-lemma,donate
done,60,cleaned-dictionary,preserved,
dong,60,cleaned-dictionary,preserved,
dongs,60,esdb-inflection,inherited-from-lemma,dong
donkey,60,cleaned-dictionary,preserved,
donkeys,60,esdb-inflection,inherited-from-lemma,donkey
donned,60,esdb-inflection,inherited-from-lemma,don
donning,60,esdb-inflection,inherited-from-lemma,don
donor,60,cleaned-dictionary,preserved,
donors,60,cleaned-dictionary,preserved,
dons,60,cleaned-dictionary,preserved,
donut,60,cleaned-dictionary,preserved,
donuts,60,esdb-inflection,inherited-from-lemma,donut
doodad,60,cleaned-dictionary,preserved,
doodads,60,esdb-inflection,inherited-from-lemma,doodad
doodle,60,cleaned-dictionary,preserved,
doodled,60,esdb-inflection,inherited-from-lemma,doodle
doodles,60,esdb-inflection,inherited-from-lemma,doodle
doofus,60,cleaned-dictionary,preserved,
doom,60,cleaned-dictionary,preserved,
doomed,60,cleaned-dictionary,preserved,
dooming,60,esdb-inflection,inherited-from-lemma,doom
dooms,60,esdb-inflection,inherited-from-lemma,doom
door,60,cleaned-dictionary,preserved,
doors,60,cleaned-dictionary,preserved,
doorway,60,cleaned-dictionary,preserved,
doozies,60,esdb-inflection,inherited-from-lemma,doozy
doozy,60,cleaned-dictionary,preserved,
dope,60,cleaned-dictionary,preserved,
doped,60,esdb-inflection,inherited-from-lemma,dope
dopes,60,esdb-inflection,inherited-from-lemma,dope
doping,60,esdb-inflection,inherited-from-lemma,dope
dork,60,cleaned-dictionary,preserved,
dorks,60,esdb-inflection,inherited-from-lemma,dork
dorm,60,cleaned-dictionary,preserved,
dormer,60,cleaned-dictionary,preserved,
dormers,60,esdb-inflection,inherited-from-lemma,dormer
dormice,60,cleaned-dictionary,preserved,
dorms,60,esdb-inflection,inherited-from-lemma,dorm
dorsal,60,cleaned-dictionary,preserved,
dos,60,cleaned-dictionary,preserved,
dose,60,cleaned-dictionary,preserved,
dosed,60,esdb-inflection,inherited-from-lemma,dose
doses,60,cleaned-dictionary,preserved,
dosh,60,cleaned-dictionary,preserved,
dosing,60,esdb-inflection,inherited-from-lemma,dose
doss,60,cleaned-dictionary,preserved,
dossed,60,esdb-inflection,inherited-from-lemma,doss
dosses,60,esdb-inflection,inherited-from-lemma,doss
dossier,60,cleaned-dictionary,preserved,
dossing,60,esdb-inflection,inherited-from-lemma,doss
dost,60,cleaned-dictionary,preserved,
dot,60,cleaned-dictionary,preserved,
dotcom,60,cleaned-dictionary,preserved,
dotcoms,60,esdb-inflection,inherited-from-lemma,dotcom
dote,60,cleaned-dictionary,preserved,
doted,60,esdb-inflection,inherited-from-lemma,dote
doter,60,cleaned-dictionary,preserved,
doters,60,esdb-inflection,inherited-from-lemma,doter
dotes,60,esdb-inflection,inherited-from-lemma,dote
doth,60,cleaned-dictionary,preserved,
doting,60,esdb-inflection,inherited-from-lemma,dote
dots,60,cleaned-dictionary,preserved,
dotted,60,cleaned-dictionary,preserved,
dotting,60,esdb-inflection,inherited-from-lemma,dot
double,60,cleaned-dictionary,preserved,
doubled,60,cleaned-dictionary,preserved,
doubly,60,cleaned-dictionary,preserved,
doubt,60,cleaned-dictionary,preserved,
doubted,60,cleaned-dictionary,preserved,
doubts,60,cleaned-dictionary,preserved,
douche,60,cleaned-dictionary,preserved,
douched,60,esdb-inflection,inherited-from-lemma,douche
douches,60,esdb-inflection,inherited-from-lemma,douche
dough,60,cleaned-dictionary,preserved,
doughty,60,cleaned-dictionary,preserved,
dour,60,cleaned-dictionary,preserved,
dourer,60,cleaned-dictionary,preserved,
dourest,60,esdb-inflection,inherited-from-lemma,dour
douse,60,cleaned-dictionary,preserved,
doused,60,esdb-inflection,inherited-from-lemma,douse
douses,60,esdb-inflection,inherited-from-lemma,douse
dousing,60,esdb-inflection,inherited-from-lemma,douse
dove,60,cleaned-dictionary,preserved,
dovecot,60,cleaned-dictionary,preserved,
doves,60,esdb-inflection,inherited-from-lemma,dove
dowager,60,cleaned-dictionary,preserved,
dowdier,60,esdb-inflection,inherited-from-lemma,dowdy
dowdy,60,cleaned-dictionary,preserved,
dowel,60,cleaned-dictionary,preserved,
doweled,60,esdb-inflection,inherited-from-lemma,dowel
dowels,60,esdb-inflection,inherited-from-lemma,dowel
down,60,cleaned-dictionary,preserved,
downed,60,esdb-inflection,inherited-from-lemma,down
downing,60,esdb-inflection,inherited-from-lemma,down
dowries,60,esdb-inflection,inherited-from-lemma,dowry
dowry,60,cleaned-dictionary,preserved,
dowse,60,cleaned-dictionary,preserved,
dowsed,60,esdb-inflection,inherited-from-lemma,dowse
dowses,60,esdb-inflection,inherited-from-lemma,dowse
dowsing,60,cleaned-dictionary,preserved,
doyen,60,cleaned-dictionary,preserved,
doyens,60,esdb-inflection,inherited-from-lemma,doyen
doze,60,cleaned-dictionary,preserved,
dozed,60,esdb-inflection,inherited-from-lemma,doze
dozen,60,cleaned-dictionary,preserved,
dozens,60,cleaned-dictionary,preserved,
dozes,60,esdb-inflection,inherited-from-lemma,doze
dozing,60,esdb-inflection,inherited-from-lemma,doze
drab,60,cleaned-dictionary,preserved,
drabber,60,esdb-inflection,inherited-from-lemma,drab
drabs,60,esdb-inflection,inherited-from-lemma,drab
drachma,60,cleaned-dictionary,preserved,
draft,60,cleaned-dictionary,preserved,
drafted,60,esdb-inflection,inherited-from-lemma,draft
draftee,60,cleaned-dictionary,preserved,
drafts,60,esdb-inflection,inherited-from-lemma,draft
drag,60,cleaned-dictionary,preserved,
dragged,60,cleaned-dictionary,preserved,
dragon,60,cleaned-dictionary,preserved,
dragons,60,esdb-inflection,inherited-from-lemma,dragon
dragoon,60,cleaned-dictionary,preserved,
drags,60,esdb-inflection,inherited-from-lemma,drag
drain,60,cleaned-dictionary,preserved,
drained,60,esdb-inflection,inherited-from-lemma,drain
drainer,60,cleaned-dictionary,preserved,
drains,60,esdb-inflection,inherited-from-lemma,drain
drake,60,cleaned-dictionary,preserved,
drakes,60,esdb-inflection,inherited-from-lemma,drake
dram,60,cleaned-dictionary,preserved,
drama,60,cleaned-dictionary,preserved,
dramas,60,esdb-inflection,inherited-from-lemma,drama
drams,60,esdb-inflection,inherited-from-lemma,dram
drank,60,cleaned-dictionary,preserved,
drape,60,cleaned-dictionary,preserved,
draped,60,esdb-inflection,inherited-from-lemma,drape
draper,60,cleaned-dictionary,preserved,
drapers,60,esdb-inflection,inherited-from-lemma,draper
drapes,60,esdb-inflection,inherited-from-lemma,drape
draping,60,esdb-inflection,inherited-from-lemma,drape
drastic,60,cleaned-dictionary,preserved,
draw,60,cleaned-dictionary,preserved,
drawer,60,cleaned-dictionary,preserved,
drawers,60,cleaned-dictionary,preserved,
drawing,60,cleaned-dictionary,preserved,
drawl,60,cleaned-dictionary,preserved,
drawled,60,esdb-inflection,inherited-from-lemma,drawl
drawls,60,esdb-inflection,inherited-from-lemma,drawl
drawn,60,cleaned-dictionary,preserved,
draws,60,cleaned-dictionary,preserved,
dray,60,cleaned-dictionary,preserved,
drays,60,esdb-inflection,inherited-from-lemma,dray
dread,60,cleaned-dictionary,preserved,
dreaded,60,cleaned-dictionary,preserved,
dreads,60,cleaned-dictionary,preserved,
dream,60,cleaned-dictionary,preserved,
dreamed,60,cleaned-dictionary,preserved,
dreams,60,cleaned-dictionary,preserved,
dreary,60,cleaned-dictionary,preserved,
dredge,60,cleaned-dictionary,preserved,
dredged,60,esdb-inflection,inherited-from-lemma,dredge
dredges,60,esdb-inflection,inherited-from-lemma,dredge
dregs,60,cleaned-dictionary,preserved,
dress,60,cleaned-dictionary,preserved,
dressed,60,cleaned-dictionary,preserved,
dresser,60,cleaned-dictionary,preserved,
dresses,60,cleaned-dictionary,preserved,
drew,60,cleaned-dictionary,preserved,
dribble,60,cleaned-dictionary,preserved,
dried,60,cleaned-dictionary,preserved,
drier,60,cleaned-dictionary,preserved,
dries,60,esdb-inflection,inherited-from-lemma,dry
driest,60,esdb-inflection,inherited-from-lemma,dry
drift,60,cleaned-dictionary,preserved,
drifted,60,esdb-inflection,inherited-from-lemma,drift
drifter,60,cleaned-dictionary,preserved,
drifts,60,esdb-inflection,inherited-from-lemma,drift
drill,60,cleaned-dictionary,preserved,
drilled,60,esdb-inflection,inherited-from-lemma,drill
drills,60,esdb-inflection,inherited-from-lemma,drill
drink,60,cleaned-dictionary,preserved,
drinks,60,cleaned-dictionary,preserved,
drive,60,cleaned-dictionary,preserved,
drivel,60,cleaned-dictionary,preserved,
drivels,60,esdb-inflection,inherited-from-lemma,drivel
driven,60,cleaned-dictionary,preserved,
driver,60,cleaned-dictionary,preserved,
drivers,60,cleaned-dictionary,preserved,
drives,60,cleaned-dictionary,preserved,
driving,60,cleaned-dictionary,preserved,
drizzle,60,cleaned-dictionary,preserved,
droll,60,cleaned-dictionary,preserved,
droller,60,esdb-inflection,inherited-from-lemma,droll
drone,60,cleaned-dictionary,preserved,
droned,60,esdb-inflection,inherited-from-lemma,drone
drones,60,esdb-inflection,inherited-from-lemma,drone
droning,60,esdb-inflection,inherited-from-lemma,drone
drool,60,cleaned-dictionary,preserved,
drooled,60,esdb-inflection,inherited-from-lemma,drool
drools,60,esdb-inflection,inherited-from-lemma,drool
droop,60,cleaned-dictionary,preserved,
drooped,60,cleaned-dictionary,preserved,
droops,60,esdb-inflection,inherited-from-lemma,droop
drop,60,cleaned-dictionary,preserved,
droplet,60,cleaned-dictionary,preserved,
dropped,60,esdb-inflection,inherited-from-lemma,drop
drops,60,cleaned-dictionary,preserved,
dropsy,60,cleaned-dictionary,preserved,
dross,60,cleaned-dictionary,preserved,
drought,60,cleaned-dictionary,preserved,
drove,60,cleaned-dictionary,preserved,
drover,60,cleaned-dictionary,preserved,
drovers,60,esdb-inflection,inherited-from-lemma,drover
droves,60,esdb-inflection,inherited-from-lemma,drove
drown,60,cleaned-dictionary,preserved,
drowned,60,cleaned-dictionary,preserved,
drowns,60,esdb-inflection,inherited-from-lemma,drown
drowsy,60,cleaned-dictionary,preserved,
drudge,60,cleaned-dictionary,preserved,
drudged,60,esdb-inflection,inherited-from-lemma,drudge
drudges,60,esdb-inflection,inherited-from-lemma,drudge
drug,60,cleaned-dictionary,preserved,
drugged,60,esdb-inflection,inherited-from-lemma,drug
drugs,60,cleaned-dictionary,preserved,
druid,60,cleaned-dictionary,preserved,
druids,60,esdb-inflection,inherited-from-lemma,druid
drum,60,cleaned-dictionary,preserved,
drumlin,60,cleaned-dictionary,preserved,
drummed,60,esdb-inflection,inherited-from-lemma,drum
drums,60,esdb-inflection,inherited-from-lemma,drum
drunk,60,cleaned-dictionary,preserved,
drunken,60,cleaned-dictionary,preserved,
drunker,60,esdb-inflection,inherited-from-lemma,drunk
drunks,60,esdb-inflection,inherited-from-lemma,drunk
drupe,60,cleaned-dictionary,preserved,
drupes,60,esdb-inflection,inherited-from-lemma,drupe
dry,60,cleaned-dictionary,preserved,
dryer,60,cleaned-dictionary,preserved,
dryers,60,esdb-inflection,inherited-from-lemma,dryer
drying,60,esdb-inflection,inherited-from-lemma,dry
drys,60,esdb-inflection,inherited-from-lemma,dry
dual,60,cleaned-dictionary,preserved,
dualism,60,cleaned-dictionary,preserved,
duality,60,cleaned-dictionary,preserved,
dub,60,cleaned-dictionary,preserved,
dubbed,60,esdb-inflection,inherited-from-lemma,dub
dubber,60,cleaned-dictionary,preserved,
dubbers,60,esdb-inflection,inherited-from-lemma,dubber
dubbing,60,esdb-inflection,inherited-from-lemma,dub
dubious,60,cleaned-dictionary,preserved,
dubs,60,esdb-inflection,inherited-from-lemma,dub
ducal,60,cleaned-dictionary,preserved,
ducat,60,cleaned-dictionary,preserved,
ducats,60,esdb-inflection,inherited-from-lemma,ducat
duchess,60,cleaned-dictionary,preserved,
duchies,60,esdb-inflection,inherited-from-lemma,duchy
duchy,60,cleaned-dictionary,preserved,
duck,60,cleaned-dictionary,preserved,
ducked,60,esdb-inflection,inherited-from-lemma,duck
ducking,60,cleaned-dictionary,preserved,
ducks,60,cleaned-dictionary,preserved,
duct,60,cleaned-dictionary,preserved,
ductile,60,cleaned-dictionary,preserved,
ducts,60,esdb-inflection,inherited-from-lemma,duct
dud,60,cleaned-dictionary,preserved,
dude,60,cleaned-dictionary,preserved,
duded,60,esdb-inflection,inherited-from-lemma,dude
dudes,60,esdb-inflection,inherited-from-lemma,dude
dudgeon,60,cleaned-dictionary,preserved,
duding,60,esdb-inflection,inherited-from-lemma,dude
duds,60,cleaned-dictionary,preserved,
due,60,cleaned-dictionary,preserved,
duel,60,cleaned-dictionary,preserved,
dueled,60,esdb-inflection,inherited-from-lemma,duel
dueling,60,esdb-inflection,inherited-from-lemma,duel
duels,60,esdb-inflection,inherited-from-lemma,duel
duenna,60,cleaned-dictionary,preserved,
duennas,60,esdb-inflection,inherited-from-lemma,duenna
dues,60,esdb-inflection,inherited-from-lemma,due
duet,60,cleaned-dictionary,preserved,
duets,60,esdb-inflection,inherited-from-lemma,duet
duff,60,cleaned-dictionary,preserved,
duffed,60,esdb-inflection,inherited-from-lemma,duff
duffel,60,cleaned-dictionary,preserved,
duffels,60,esdb-inflection,inherited-from-lemma,duffel
duffer,60,cleaned-dictionary,preserved,
duffers,60,esdb-inflection,inherited-from-lemma,duffer
duffing,60,esdb-inflection,inherited-from-lemma,duff
duffs,60,esdb-inflection,inherited-from-lemma,duff
dug,60,cleaned-dictionary,preserved,
duke,60,cleaned-dictionary,preserved,
dukes,60,esdb-inflection,inherited-from-lemma,duke
dulcet,60,cleaned-dictionary,preserved,
dull,60,cleaned-dictionary,preserved,
dulled,60,esdb-inflection,inherited-from-lemma,dull
duller,60,esdb-inflection,inherited-from-lemma,dull
dullest,60,esdb-inflection,inherited-from-lemma,dull
dulling,60,esdb-inflection,inherited-from-lemma,dull
dulls,60,esdb-inflection,inherited-from-lemma,dull
duly,60,cleaned-dictionary,preserved,
dumb,60,cleaned-dictionary,preserved,
dumbass,60,cleaned-dictionary,preserved,
dumbed,60,esdb-inflection,inherited-from-lemma,dumb
dumber,60,esdb-inflection,inherited-from-lemma,dumb
dumbest,60,esdb-inflection,inherited-from-lemma,dumb
dumbing,60,esdb-inflection,inherited-from-lemma,dumb
dumbo,60,cleaned-dictionary,preserved,
dumbos,60,esdb-inflection,inherited-from-lemma,dumbo
dumbs,60,esdb-inflection,inherited-from-lemma,dumb
dummies,60,esdb-inflection,inherited-from-lemma,dummy
dummy,60,cleaned-dictionary,preserved,
dump,60,cleaned-dictionary,preserved,
dumped,60,esdb-inflection,inherited-from-lemma,dump
dumping,60,esdb-inflection,inherited-from-lemma,dump
dumps,60,esdb-inflection,inherited-from-lemma,dump
dun,60,cleaned-dictionary,preserved,
dunce,60,cleaned-dictionary,preserved,
dunces,60,esdb-inflection,inherited-from-lemma,dunce
dune,60,cleaned-dictionary,preserved,
dunes,60,esdb-inflection,inherited-from-lemma,dune
dung,60,cleaned-dictionary,preserved,
dunged,60,esdb-inflection,inherited-from-lemma,dung
dungeon,60,cleaned-dictionary,preserved,
dunging,60,esdb-inflection,inherited-from-lemma,dung
dungs,60,esdb-inflection,inherited-from-lemma,dung
dunk,60,cleaned-dictionary,preserved,
dunked,60,esdb-inflection,inherited-from-lemma,dunk
dunking,60,cleaned-dictionary,preserved,
dunks,60,esdb-inflection,inherited-from-lemma,dunk
dunned,60,esdb-inflection,inherited-from-lemma,dun
dunner,60,cleaned-dictionary,preserved,
dunnest,60,esdb-inflection,inherited-from-lemma,dun
dunning,60,esdb-inflection,inherited-from-lemma,dun
dunno,60,cleaned-dictionary,preserved,
duns,60,esdb-inflection,inherited-from-lemma,dun
duo,60,cleaned-dictionary,preserved,
duos,60,esdb-inflection,inherited-from-lemma,duo
dupe,60,cleaned-dictionary,preserved,
duped,60,esdb-inflection,inherited-from-lemma,dupe
dupes,60,esdb-inflection,inherited-from-lemma,dupe
duping,60,esdb-inflection,inherited-from-lemma,dupe
duplex,60,cleaned-dictionary,preserved,
durable,60,cleaned-dictionary,preserved,
duress,60,cleaned-dictionary,preserved,
durian,60,cleaned-dictionary,preserved,
durians,60,esdb-inflection,inherited-from-lemma,durian
during,60,cleaned-dictionary,preserved,
dusk,60,cleaned-dictionary,preserved,
dust,60,cleaned-dictionary,preserved,
dustbin,60,cleaned-dictionary,preserved,
dusted,60,esdb-inflection,inherited-from-lemma,dust
dusting,60,cleaned-dictionary,preserved,
dusts,60,esdb-inflection,inherited-from-lemma,dust
dustup,60,cleaned-dictionary,preserved,
dustups,60,esdb-inflection,inherited-from-lemma,dustup
dutch,60,cleaned-dictionary,preserved,
duties,60,cleaned-dictionary,preserved,
duty,60,cleaned-dictionary,preserved,
duvet,60,cleaned-dictionary,preserved,
duvets,60,esdb-inflection,inherited-from-lemma,duvet
dwarf,60,cleaned-dictionary,preserved,
dwarfed,60,esdb-inflection,inherited-from-lemma,dwarf
dwarfs,60,esdb-inflection,inherited-from-lemma,dwarf
dweeb,60,cleaned-dictionary,preserved,
dweebs,60,esdb-inflection,inherited-from-lemma,dweeb
dwell,60,cleaned-dictionary,preserved,
dwells,60,esdb-inflection,inherited-from-lemma,dwell
dwelt,60,cleaned-dictionary,preserved,
dwindle,60,cleaned-dictionary,preserved,
dyad,60,cleaned-dictionary,preserved,
dyadic,60,cleaned-dictionary,preserved,
dyads,60,esdb-inflection,inherited-from-lemma,dyad
dybbuk,60,cleaned-dictionary,preserved,
dye,60,cleaned-dictionary,preserved,
dyed,60,esdb-inflection,inherited-from-lemma,dye
dyeing,60,esdb-inflection,inherited-from-lemma,dye
dyer,60,cleaned-dictionary,preserved,
dyers,60,esdb-inflection,inherited-from-lemma,dyer
dyes,60,esdb-inflection,inherited-from-lemma,dye
dying,60,cleaned-dictionary,preserved,
dynamic,60,cleaned-dictionary,preserved,
dynamo,60,cleaned-dictionary,preserved,
dynamos,60,esdb-inflection,inherited-from-lemma,dynamo
dynasty,60,cleaned-dictionary,preserved,
each,60,cleaned-dictionary,preserved,
eager,60,cleaned-dictionary,preserved,
eagerer,60,esdb-inflection,inherited-from-lemma,eager
eagerly,60,cleaned-dictionary,preserved,
eagle,60,cleaned-dictionary,preserved,
eagles,60,esdb-inflection,inherited-from-lemma,eagle
eaglet,60,cleaned-dictionary,preserved,
eaglets,60,esdb-inflection,inherited-from-lemma,eaglet
ear,60,cleaned-dictionary,preserved,
earl,60,cleaned-dictionary,preserved,
earlier,60,esdb-inflection,inherited-from-lemma,early
earlobe,60,cleaned-dictionary,preserved,
earls,60,esdb-inflection,inherited-from-lemma,earl
early,60,cleaned-dictionary,preserved,
earn,60,cleaned-dictionary,preserved,
earned,60,cleaned-dictionary,preserved,
earner,60,cleaned-dictionary,preserved,
earners,60,esdb-inflection,inherited-from-lemma,earner
earnest,60,cleaned-dictionary,preserved,
earning,60,cleaned-dictionary,preserved,
earns,60,esdb-inflection,inherited-from-lemma,earn
earplug,60,cleaned-dictionary,preserved,
earring,60,cleaned-dictionary,preserved,
ears,60,cleaned-dictionary,preserved,
earshot,60,cleaned-dictionary,preserved,
earth,60,cleaned-dictionary,preserved,
earthed,60,cleaned-dictionary,preserved,
earthly,60,cleaned-dictionary,preserved,
earths,60,esdb-inflection,inherited-from-lemma,earth
earwax,60,cleaned-dictionary,preserved,
earwig,60,cleaned-dictionary,preserved,
earwigs,60,esdb-inflection,inherited-from-lemma,earwig
ease,60,cleaned-dictionary,preserved,
eased,60,esdb-inflection,inherited-from-lemma,ease
easel,60,cleaned-dictionary,preserved,
easels,60,esdb-inflection,inherited-from-lemma,easel
eases,60,esdb-inflection,inherited-from-lemma,ease
easier,60,cleaned-dictionary,preserved,
easiest,60,esdb-inflection,inherited-from-lemma,easy
easily,60,cleaned-dictionary,preserved,
easing,60,esdb-inflection,inherited-from-lemma,ease
east,60,cleaned-dictionary,preserved,
eastern,60,cleaned-dictionary,preserved,
easy,60,cleaned-dictionary,preserved,
eat,60,cleaned-dictionary,preserved,
eaten,60,cleaned-dictionary,preserved,
eater,60,cleaned-dictionary,preserved,
eaters,60,esdb-inflection,inherited-from-lemma,eater
eating,60,cleaned-dictionary,preserved,
eats,60,cleaned-dictionary,preserved,
eaves,60,cleaned-dictionary,preserved,
ebb,60,cleaned-dictionary,preserved,
ebbed,60,esdb-inflection,inherited-from-lemma,ebb
ebbing,60,esdb-inflection,inherited-from-lemma,ebb
ebbs,60,esdb-inflection,inherited-from-lemma,ebb
ebonies,60,esdb-inflection,inherited-from-lemma,ebony
ebony,60,cleaned-dictionary,preserved,
echelon,60,cleaned-dictionary,preserved,
echidna,60,cleaned-dictionary,preserved,
echo,60,cleaned-dictionary,preserved,
echoed,60,cleaned-dictionary,preserved,
echoes,60,cleaned-dictionary,preserved,
echoing,60,esdb-inflection,inherited-from-lemma,echo
eclair,60,cleaned-dictionary,preserved,
eclairs,60,esdb-inflection,inherited-from-lemma,eclair
eclat,60,cleaned-dictionary,preserved,
eclipse,60,cleaned-dictionary,preserved,
ecology,60,cleaned-dictionary,preserved,
economy,60,cleaned-dictionary,preserved,
ecru,60,cleaned-dictionary,preserved,
ecstasy,60,cleaned-dictionary,preserved,
eczema,60,cleaned-dictionary,preserved,
eddied,60,esdb-inflection,inherited-from-lemma,eddy
eddies,60,esdb-inflection,inherited-from-lemma,eddy
eddy,60,cleaned-dictionary,preserved,
eddying,60,esdb-inflection,inherited-from-lemma,eddy
edema,60,cleaned-dictionary,preserved,
edge,60,cleaned-dictionary,preserved,
edged,60,esdb-inflection,inherited-from-lemma,edge
edges,60,cleaned-dictionary,preserved,
edgier,60,esdb-inflection,inherited-from-lemma,edgy
edgiest,60,esdb-inflection,inherited-from-lemma,edgy
edging,60,esdb-inflection,inherited-from-lemma,edge
edgy,60,cleaned-dictionary,preserved,
edible,60,cleaned-dictionary,preserved,
edibles,60,esdb-inflection,inherited-from-lemma,edible
edict,60,cleaned-dictionary,preserved,
edicts,60,esdb-inflection,inherited-from-lemma,edict
edifice,60,cleaned-dictionary,preserved,
edified,60,esdb-inflection,inherited-from-lemma,edify
edifies,60,esdb-inflection,inherited-from-lemma,edify
edify,60,cleaned-dictionary,preserved,
edit,60,cleaned-dictionary,preserved,
edited,60,esdb-inflection,inherited-from-lemma,edit
editing,60,esdb-inflection,inherited-from-lemma,edit
edition,60,cleaned-dictionary,preserved,
editor,60,cleaned-dictionary,preserved,
editors,60,cleaned-dictionary,preserved,
edits,60,esdb-inflection,inherited-from-lemma,edit
educate,60,cleaned-dictionary,preserved,
eek,60,cleaned-dictionary,preserved,
eel,60,cleaned-dictionary,preserved,
eels,60,esdb-inflection,inherited-from-lemma,eel
eerie,60,cleaned-dictionary,preserved,
eerier,60,esdb-inflection,inherited-from-lemma,eerie
eeriest,60,esdb-inflection,inherited-from-lemma,eerie
eff,60,cleaned-dictionary,preserved,
efface,60,cleaned-dictionary,preserved,
effaced,60,esdb-inflection,inherited-from-lemma,efface
effaces,60,esdb-inflection,inherited-from-lemma,efface
effect,60,cleaned-dictionary,preserved,
effects,60,cleaned-dictionary,preserved,
effed,60,esdb-inflection,inherited-from-lemma,eff
effigy,60,cleaned-dictionary,preserved,
effing,60,cleaned-dictionary,preserved,
efflux,60,cleaned-dictionary,preserved,
effort,60,cleaned-dictionary,preserved,
efforts,60,cleaned-dictionary,preserved,
effs,60,esdb-inflection,inherited-from-lemma,eff
egg,60,cleaned-dictionary,preserved,
eggcup,60,cleaned-dictionary,preserved,
eggcups,60,esdb-inflection,inherited-from-lemma,eggcup
egged,60,cleaned-dictionary,preserved,
egghead,60,cleaned-dictionary,preserved,
egging,60,cleaned-dictionary,preserved,
eggnog,60,cleaned-dictionary,preserved,
eggs,60,cleaned-dictionary,preserved,
ego,60,cleaned-dictionary,preserved,
egoism,60,cleaned-dictionary,preserved,
egos,60,cleaned-dictionary,preserved,
egotism,60,cleaned-dictionary,preserved,
egress,60,cleaned-dictionary,preserved,
egret,60,cleaned-dictionary,preserved,
egrets,60,esdb-inflection,inherited-from-lemma,egret
eider,60,cleaned-dictionary,preserved,
eiders,60,esdb-inflection,inherited-from-lemma,eider
eight,60,cleaned-dictionary,preserved,
eighth,60,cleaned-dictionary,preserved,
eighths,60,esdb-inflection,inherited-from-lemma,eighth
eights,60,esdb-inflection,inherited-from-lemma,eight
eighty,60,cleaned-dictionary,preserved,
either,60,cleaned-dictionary,preserved,
eject,60,cleaned-dictionary,preserved,
ejected,60,esdb-inflection,inherited-from-lemma,eject
ejector,60,cleaned-dictionary,preserved,
ejects,60,esdb-inflection,inherited-from-lemma,eject
eke,60,cleaned-dictionary,preserved,
eked,60,esdb-inflection,inherited-from-lemma,eke
ekes,60,esdb-inflection,inherited-from-lemma,eke
eking,60,esdb-inflection,inherited-from-lemma,eke
elan,60,cleaned-dictionary,preserved,
eland,60,cleaned-dictionary,preserved,
elands,60,esdb-inflection,inherited-from-lemma,eland
elapse,60,cleaned-dictionary,preserved,
elapsed,60,cleaned-dictionary,preserved,
elapses,60,esdb-inflection,inherited-from-lemma,elapse
elastic,60,cleaned-dictionary,preserved,
elate,60,cleaned-dictionary,preserved,
elated,60,cleaned-dictionary,preserved,
elates,60,esdb-inflection,inherited-from-lemma,elate
elating,60,esdb-inflection,inherited-from-lemma,elate
elation,60,cleaned-dictionary,preserved,
elbow,60,cleaned-dictionary,preserved,
elbowed,60,esdb-inflection,inherited-from-lemma,elbow
elbows,60,cleaned-dictionary,preserved,
elder,60,cleaned-dictionary,preserved,
elderly,60,cleaned-dictionary,preserved,
elders,60,esdb-inflection,inherited-from-lemma,elder
eldest,60,cleaned-dictionary,preserved,
elect,60,cleaned-dictionary,preserved,
elected,60,esdb-inflection,inherited-from-lemma,elect
elector,60,cleaned-dictionary,preserved,
elects,60,esdb-inflection,inherited-from-lemma,elect
elegant,60,cleaned-dictionary,preserved,
elegiac,60,cleaned-dictionary,preserved,
elegies,60,esdb-inflection,inherited-from-lemma,elegy
elegy,60,cleaned-dictionary,preserved,
element,60,cleaned-dictionary,preserved,
elevate,60,cleaned-dictionary,preserved,
eleven,60,cleaned-dictionary,preserved,
elevens,60,esdb-inflection,inherited-from-lemma,eleven
elf,60,cleaned-dictionary,preserved,
elfin,60,cleaned-dictionary,preserved,
elicit,60,cleaned-dictionary,preserved,
elicits,60,esdb-inflection,inherited-from-lemma,elicit
elide,60,cleaned-dictionary,preserved,
elided,60,esdb-inflection,inherited-from-lemma,elide
elides,60,esdb-inflection,inherited-from-lemma,elide
eliding,60,esdb-inflection,inherited-from-lemma,elide
elite,60,cleaned-dictionary,preserved,
elites,60,esdb-inflection,inherited-from-lemma,elite
elitism,60,cleaned-dictionary,preserved,
elitist,60,cleaned-dictionary,preserved,
elixir,60,cleaned-dictionary,preserved,
elixirs,60,esdb-inflection,inherited-from-lemma,elixir
elk,60,cleaned-dictionary,preserved,
elks,60,esdb-inflection,inherited-from-lemma,elk
ell,60,cleaned-dictionary,preserved,
ellipse,60,cleaned-dictionary,preserved,
ells,60,esdb-inflection,inherited-from-lemma,ell
elm,60,cleaned-dictionary,preserved,
elms,60,esdb-inflection,inherited-from-lemma,elm
else,60,cleaned-dictionary,preserved,
elusive,60,cleaned-dictionary,preserved,
elver,60,cleaned-dictionary,preserved,
elvers,60,esdb-inflection,inherited-from-lemma,elver
elves,60,esdb-inflection,inherited-from-lemma,elf
elvish,60,cleaned-dictionary,preserved,
email,60,cleaned-dictionary,preserved,
emailed,60,esdb-inflection,inherited-from-lemma,email
emails,60,esdb-inflection,inherited-from-lemma,email
emanate,60,cleaned-dictionary,preserved,
embalm,60,cleaned-dictionary,preserved,
embalms,60,esdb-inflection,inherited-from-lemma,embalm
embank,60,cleaned-dictionary,preserved,
embanks,60,esdb-inflection,inherited-from-lemma,embank
embargo,60,cleaned-dictionary,preserved,
embark,60,cleaned-dictionary,preserved,
embarks,60,esdb-inflection,inherited-from-lemma,embark
embassy,60,cleaned-dictionary,preserved,
embed,60,cleaned-dictionary,preserved,
embeds,60,esdb-inflection,inherited-from-lemma,embed
ember,60,cleaned-dictionary,preserved,
embers,60,esdb-inflection,inherited-from-lemma,ember
embody,60,cleaned-dictionary,preserved,
embrace,60,cleaned-dictionary,preserved,
embryo,60,cleaned-dictionary,preserved,
embryos,60,esdb-inflection,inherited-from-lemma,embryo
emcee,60,cleaned-dictionary,preserved,
emceed,60,esdb-inflection,inherited-from-lemma,emcee
emcees,60,esdb-inflection,inherited-from-lemma,emcee
emerald,60,cleaned-dictionary,preserved,
emerge,60,cleaned-dictionary,preserved,
emerged,60,cleaned-dictionary,preserved,
emerges,60,esdb-inflection,inherited-from-lemma,emerge
emetic,60,cleaned-dictionary,preserved,
emetics,60,esdb-inflection,inherited-from-lemma,emetic
eminent,60,cleaned-dictionary,preserved,
emir,60,cleaned-dictionary,preserved,
emirate,60,cleaned-dictionary,preserved,
emirs,60,esdb-inflection,inherited-from-lemma,emir
emit,60,cleaned-dictionary,preserved,
emits,60,esdb-inflection,inherited-from-lemma,emit
emitted,60,cleaned-dictionary,preserved,
emo,60,cleaned-dictionary,preserved,
emos,60,esdb-inflection,inherited-from-lemma,emo
emotion,60,cleaned-dictionary,preserved,
empathy,60,cleaned-dictionary,preserved,
emperor,60,cleaned-dictionary,preserved,
empire,60,cleaned-dictionary,preserved,
empires,60,esdb-inflection,inherited-from-lemma,empire
employ,60,cleaned-dictionary,preserved,
employs,60,esdb-inflection,inherited-from-lemma,employ
empower,60,cleaned-dictionary,preserved,
empress,60,cleaned-dictionary,preserved,
emptied,60,esdb-inflection,inherited-from-lemma,empty
emptier,60,esdb-inflection,inherited-from-lemma,empty
empty,60,cleaned-dictionary,preserved,
emu,60,cleaned-dictionary,preserved,
emulate,60,cleaned-dictionary,preserved,
emus,60,esdb-inflection,inherited-from-lemma,emu
enable,60,cleaned-dictionary,preserved,
enabled,60,cleaned-dictionary,preserved,
enables,60,esdb-inflection,inherited-from-lemma,enable
enact,60,cleaned-dictionary,preserved,
enacted,60,cleaned-dictionary,preserved,
enacts,60,esdb-inflection,inherited-from-lemma,enact
encase,60,cleaned-dictionary,preserved,
encased,60,esdb-inflection,inherited-from-lemma,encase
encases,60,esdb-inflection,inherited-from-lemma,encase
enchant,60,cleaned-dictionary,preserved,
enclave,60,cleaned-dictionary,preserved,
enclose,60,cleaned-dictionary,preserved,
encode,60,cleaned-dictionary,preserved,
encoded,60,cleaned-dictionary,preserved,
encodes,60,cleaned-dictionary,preserved,
encore,60,cleaned-dictionary,preserved,
encored,60,esdb-inflection,inherited-from-lemma,encore
encores,60,esdb-inflection,inherited-from-lemma,encore
encrust,60,cleaned-dictionary,preserved,
encrypt,60,cleaned-dictionary,preserved,
end,60,cleaned-dictionary,preserved,
endear,60,cleaned-dictionary,preserved,
endears,60,esdb-inflection,inherited-from-lemma,endear
ended,60,esdb-inflection,inherited-from-lemma,end
endemic,60,cleaned-dictionary,preserved,
ending,60,cleaned-dictionary,preserved,
endings,60,esdb-inflection,inherited-from-lemma,ending
endive,60,cleaned-dictionary,preserved,
endives,60,esdb-inflection,inherited-from-lemma,endive
endless,60,cleaned-dictionary,preserved,
endorse,60,cleaned-dictionary,preserved,
endow,60,cleaned-dictionary,preserved,
endowed,60,esdb-inflection,inherited-from-lemma,endow
endows,60,esdb-inflection,inherited-from-lemma,endow
ends,60,cleaned-dictionary,preserved,
endure,60,cleaned-dictionary,preserved,
endured,60,cleaned-dictionary,preserved,
endures,60,esdb-inflection,inherited-from-lemma,endure
enema,60,cleaned-dictionary,preserved,
enemas,60,esdb-inflection,inherited-from-lemma,enema
enemies,60,cleaned-dictionary,preserved,
enemy,60,cleaned-dictionary,preserved,
energy,60,cleaned-dictionary,preserved,
enforce,60,cleaned-dictionary,preserved,
engage,60,cleaned-dictionary,preserved,
engaged,60,cleaned-dictionary,preserved,
engages,60,esdb-inflection,inherited-from-lemma,engage
engine,60,cleaned-dictionary,preserved,
engines,60,cleaned-dictionary,preserved,
engorge,60,cleaned-dictionary,preserved,
engrave,60,cleaned-dictionary,preserved,
engross,60,cleaned-dictionary,preserved,
engulf,60,cleaned-dictionary,preserved,
engulfs,60,esdb-inflection,inherited-from-lemma,engulf
enhance,60,cleaned-dictionary,preserved,
enigma,60,cleaned-dictionary,preserved,
enigmas,60,esdb-inflection,inherited-from-lemma,enigma
enjoy,60,cleaned-dictionary,preserved,
enjoyed,60,cleaned-dictionary,preserved,
enjoys,60,esdb-inflection,inherited-from-lemma,enjoy
enlarge,60,cleaned-dictionary,preserved,
enliven,60,cleaned-dictionary,preserved,
enmity,60,cleaned-dictionary,preserved,
ennui,60,cleaned-dictionary,preserved,
enough,60,cleaned-dictionary,preserved,
enqueue,60,cleaned-dictionary,preserved,
enrage,60,cleaned-dictionary,preserved,
enraged,60,esdb-inflection,inherited-from-lemma,enrage
enrages,60,esdb-inflection,inherited-from-lemma,enrage
enroll,60,cleaned-dictionary,preserved,
enrolls,60,esdb-inflection,inherited-from-lemma,enroll
ensign,60,cleaned-dictionary,preserved,
ensigns,60,esdb-inflection,inherited-from-lemma,ensign
ensnare,60,cleaned-dictionary,preserved,
ensure,60,cleaned-dictionary,preserved,
ensured,60,cleaned-dictionary,preserved,
ensures,60,esdb-inflection,inherited-from-lemma,ensure
entail,60,cleaned-dictionary,preserved,
entails,60,esdb-inflection,inherited-from-lemma,entail
enter,60,cleaned-dictionary,preserved,
entered,60,cleaned-dictionary,preserved,
enteric,60,cleaned-dictionary,preserved,
enters,60,cleaned-dictionary,preserved,
enthuse,60,cleaned-dictionary,preserved,
entice,60,cleaned-dictionary,preserved,
enticed,60,cleaned-dictionary,preserved,
entices,60,esdb-inflection,inherited-from-lemma,entice
entire,60,cleaned-dictionary,preserved,
entitle,60,cleaned-dictionary,preserved,
entity,60,cleaned-dictionary,preserved,
entomb,60,cleaned-dictionary,preserved,
entombs,60,esdb-inflection,inherited-from-lemma,entomb
entrap,60,cleaned-dictionary,preserved,
entraps,60,esdb-inflection,inherited-from-lemma,entrap
entreat,60,cleaned-dictionary,preserved,
entree,60,cleaned-dictionary,preserved,
entrees,60,esdb-inflection,inherited-from-lemma,entree
entries,60,cleaned-dictionary,preserved,
entropy,60,cleaned-dictionary,preserved,
entrust,60,cleaned-dictionary,preserved,
entry,60,cleaned-dictionary,preserved,
envelop,60,cleaned-dictionary,preserved,
envied,60,esdb-inflection,inherited-from-lemma,envy
envies,60,esdb-inflection,inherited-from-lemma,envy
envious,60,cleaned-dictionary,preserved,
envy,60,cleaned-dictionary,preserved,
envying,60,esdb-inflection,inherited-from-lemma,envy
enzyme,60,cleaned-dictionary,preserved,
enzymes,60,cleaned-dictionary,preserved,
eon,60,cleaned-dictionary,preserved,
eons,60,esdb-inflection,inherited-from-lemma,eon
epee,60,cleaned-dictionary,preserved,
epees,60,esdb-inflection,inherited-from-lemma,epee
epigram,60,cleaned-dictionary,preserved,
episode,60,cleaned-dictionary,preserved,
epistle,60,cleaned-dictionary,preserved,
epitaph,60,cleaned-dictionary,preserved,
epithet,60,cleaned-dictionary,preserved,
epitome,60,cleaned-dictionary,preserved,
epoch,60,cleaned-dictionary,preserved,
epochs,60,esdb-inflection,inherited-from-lemma,epoch
epoxied,60,esdb-inflection,inherited-from-lemma,epoxy
epoxies,60,esdb-inflection,inherited-from-lemma,epoxy
epoxy,60,cleaned-dictionary,preserved,
epsilon,60,cleaned-dictionary,preserved,
equal,60,cleaned-dictionary,preserved,
equaled,60,esdb-inflection,inherited-from-lemma,equal
equally,60,cleaned-dictionary,preserved,
equator,60,cleaned-dictionary,preserved,
equine,60,cleaned-dictionary,preserved,
equines,60,esdb-inflection,inherited-from-lemma,equine
equinox,60,cleaned-dictionary,preserved,
equip,60,cleaned-dictionary,preserved,
equips,60,esdb-inflection,inherited-from-lemma,equip
equity,60,cleaned-dictionary,preserved,
era,60,cleaned-dictionary,preserved,
eras,60,esdb-inflection,inherited-from-lemma,era
erase,60,cleaned-dictionary,preserved,
erased,60,esdb-inflection,inherited-from-lemma,erase
eraser,60,cleaned-dictionary,preserved,
erasers,60,esdb-inflection,inherited-from-lemma,eraser
erases,60,esdb-inflection,inherited-from-lemma,erase
erasing,60,esdb-inflection,inherited-from-lemma,erase
erasure,60,cleaned-dictionary,preserved,
erbium,60,cleaned-dictionary,preserved,
ere,60,cleaned-dictionary,preserved,
erect,60,cleaned-dictionary,preserved,
erected,60,cleaned-dictionary,preserved,
erects,60,esdb-inflection,inherited-from-lemma,erect
eremite,60,cleaned-dictionary,preserved,
erg,60,cleaned-dictionary,preserved,
ergo,60,cleaned-dictionary,preserved,
ergs,60,esdb-inflection,inherited-from-lemma,erg
ermine,60,cleaned-dictionary,preserved,
ermines,60,esdb-inflection,inherited-from-lemma,ermine
erode,60,cleaned-dictionary,preserved,
eroded,60,cleaned-dictionary,preserved,
erodes,60,esdb-inflection,inherited-from-lemma,erode
eroding,60,esdb-inflection,inherited-from-lemma,erode
erosion,60,cleaned-dictionary,preserved,
erotic,60,cleaned-dictionary,preserved,
erotica,60,cleaned-dictionary,preserved,
err,60,cleaned-dictionary,preserved,
errand,60,cleaned-dictionary,preserved,
errands,60,esdb-inflection,inherited-from-lemma,errand
errant,60,cleaned-dictionary,preserved,
errata,60,cleaned-dictionary,preserved,
erratas,60,esdb-inflection,inherited-from-lemma,errata
erratic,60,cleaned-dictionary,preserved,
erratum,60,cleaned-dictionary,preserved,
erred,60,esdb-inflection,inherited-from-lemma,err
erring,60,esdb-inflection,inherited-from-lemma,err
error,60,cleaned-dictionary,preserved,
errors,60,cleaned-dictionary,preserved,
errs,60,esdb-inflection,inherited-from-lemma,err
ersatz,60,cleaned-dictionary,preserved,
erudite,60,cleaned-dictionary,preserved,
erupt,60,cleaned-dictionary,preserved,
erupted,60,esdb-inflection,inherited-from-lemma,erupt
erupts,60,esdb-inflection,inherited-from-lemma,erupt
escape,60,cleaned-dictionary,preserved,
escaped,60,cleaned-dictionary,preserved,
escapee,60,cleaned-dictionary,preserved,
escapes,60,esdb-inflection,inherited-from-lemma,escape
eschew,60,cleaned-dictionary,preserved,
eschews,60,esdb-inflection,inherited-from-lemma,eschew
escort,60,cleaned-dictionary,preserved,
escorts,60,esdb-inflection,inherited-from-lemma,escort
escrow,60,cleaned-dictionary,preserved,
escrows,60,esdb-inflection,inherited-from-lemma,escrow
escudo,60,cleaned-dictionary,preserved,
escudos,60,esdb-inflection,inherited-from-lemma,escudo
espied,60,cleaned-dictionary,preserved,
espies,60,esdb-inflection,inherited-from-lemma,espy
espouse,60,cleaned-dictionary,preserved,
esprit,60,cleaned-dictionary,preserved,
espy,60,cleaned-dictionary,preserved,
espying,60,esdb-inflection,inherited-from-lemma,espy
essay,60,cleaned-dictionary,preserved,
essayed,60,esdb-inflection,inherited-from-lemma,essay
essayer,60,cleaned-dictionary,preserved,
essays,60,cleaned-dictionary,preserved,
essence,60,cleaned-dictionary,preserved,
estate,60,cleaned-dictionary,preserved,
estates,60,cleaned-dictionary,preserved,
esteem,60,cleaned-dictionary,preserved,
esteems,60,esdb-inflection,inherited-from-lemma,esteem
ester,60,cleaned-dictionary,preserved,
esters,60,esdb-inflection,inherited-from-lemma,ester
estuary,60,cleaned-dictionary,preserved,
eta,60,cleaned-dictionary,preserved,
etas,60,esdb-inflection,inherited-from-lemma,eta
etch,60,cleaned-dictionary,preserved,
etched,60,esdb-inflection,inherited-from-lemma,etch
etches,60,esdb-inflection,inherited-from-lemma,etch
etching,60,cleaned-dictionary,preserved,
eternal,60,cleaned-dictionary,preserved,
ethane,60,cleaned-dictionary,preserved,
ethanol,60,cleaned-dictionary,preserved,
ether,60,cleaned-dictionary,preserved,
ethical,60,cleaned-dictionary,preserved,
ethmoid,60,cleaned-dictionary,preserved,
ethnic,60,cleaned-dictionary,preserved,
ethnics,60,esdb-inflection,inherited-from-lemma,ethnic
ethos,60,cleaned-dictionary,preserved,
ethyl,60,cleaned-dictionary,preserved,
etude,60,cleaned-dictionary,preserved,
etudes,60,esdb-inflection,inherited-from-lemma,etude
euchre,60,cleaned-dictionary,preserved,
euchred,60,esdb-inflection,inherited-from-lemma,euchre
euchres,60,esdb-inflection,inherited-from-lemma,euchre
eugenic,60,cleaned-dictionary,preserved,
eulogy,60,cleaned-dictionary,preserved,
eunuch,60,cleaned-dictionary,preserved,
eunuchs,60,esdb-inflection,inherited-from-lemma,eunuch
euphony,60,cleaned-dictionary,preserved,
eureka,60,cleaned-dictionary,preserved,
euro,60,cleaned-dictionary,preserved,
euros,60,esdb-inflection,inherited-from-lemma,euro
evade,60,cleaned-dictionary,preserved,
evaded,60,esdb-inflection,inherited-from-lemma,evade
evades,60,esdb-inflection,inherited-from-lemma,evade
evading,60,esdb-inflection,inherited-from-lemma,evade
evasion,60,cleaned-dictionary,preserved,
evasive,60,cleaned-dictionary,preserved,
eve,60,cleaned-dictionary,preserved,
even,60,cleaned-dictionary,preserved,
evened,60,esdb-inflection,inherited-from-lemma,even
evener,60,esdb-inflection,inherited-from-lemma,even
evenest,60,esdb-inflection,inherited-from-lemma,even
evening,60,cleaned-dictionary,preserved,
evenly,60,cleaned-dictionary,preserved,
event,60,cleaned-dictionary,preserved,
events,60,cleaned-dictionary,preserved,
ever,60,cleaned-dictionary,preserved,
every,60,editorial,provisional-editorial,
eves,60,esdb-inflection,inherited-from-lemma,eve
evict,60,cleaned-dictionary,preserved,
evicted,60,esdb-inflection,inherited-from-lemma,evict
evicts,60,esdb-inflection,inherited-from-lemma,evict
evident,60,cleaned-dictionary,preserved,
evil,60,cleaned-dictionary,preserved,
eviler,60,esdb-inflection,inherited-from-lemma,evil
evilest,60,esdb-inflection,inherited-from-lemma,evil
evilly,60,cleaned-dictionary,preserved,
evils,60,cleaned-dictionary,preserved,
evince,60,cleaned-dictionary,preserved,
evinced,60,esdb-inflection,inherited-from-lemma,evince
evinces,60,esdb-inflection,inherited-from-lemma,evince
evoke,60,cleaned-dictionary,preserved,
evoked,60,esdb-inflection,inherited-from-lemma,evoke
evokes,60,esdb-inflection,inherited-from-lemma,evoke
evoking,60,esdb-inflection,inherited-from-lemma,evoke
evolve,60,cleaned-dictionary,preserved,
evolved,60,cleaned-dictionary,preserved,
evolves,60,esdb-inflection,inherited-from-lemma,evolve
ewe,60,cleaned-dictionary,preserved,
ewer,60,cleaned-dictionary,preserved,
ewers,60,cleaned-dictionary,preserved,
ewes,60,esdb-inflection,inherited-from-lemma,ewe
exact,60,cleaned-dictionary,preserved,
exacted,60,esdb-inflection,inherited-from-lemma,exact
exacter,60,esdb-inflection,inherited-from-lemma,exact
exactly,60,cleaned-dictionary,preserved,
exacts,60,esdb-inflection,inherited-from-lemma,exact
exalt,60,cleaned-dictionary,preserved,
exalted,60,cleaned-dictionary,preserved,
exalts,60,cleaned-dictionary,preserved,
exam,60,cleaned-dictionary,preserved,
examine,60,cleaned-dictionary,preserved,
example,60,cleaned-dictionary,preserved,
exams,60,esdb-inflection,inherited-from-lemma,exam
exceed,60,cleaned-dictionary,preserved,
exceeds,60,esdb-inflection,inherited-from-lemma,exceed
excel,60,cleaned-dictionary,preserved,
excels,60,esdb-inflection,inherited-from-lemma,excel
except,60,cleaned-dictionary,preserved,
excepts,60,esdb-inflection,inherited-from-lemma,except
excerpt,60,cleaned-dictionary,preserved,
excess,60,cleaned-dictionary,preserved,
excite,60,cleaned-dictionary,preserved,
excited,60,cleaned-dictionary,preserved,
excites,60,esdb-inflection,inherited-from-lemma,excite
exclaim,60,cleaned-dictionary,preserved,
exclude,60,cleaned-dictionary,preserved,
excrete,60,cleaned-dictionary,preserved,
excuse,60,cleaned-dictionary,preserved,
excused,60,cleaned-dictionary,preserved,
excuses,60,esdb-inflection,inherited-from-lemma,excuse
exec,60,cleaned-dictionary,preserved,
execs,60,cleaned-dictionary,preserved,
execute,60,cleaned-dictionary,preserved,
exempt,60,cleaned-dictionary,preserved,
exempts,60,esdb-inflection,inherited-from-lemma,exempt
exert,60,cleaned-dictionary,preserved,
exerted,60,esdb-inflection,inherited-from-lemma,exert
exerts,60,esdb-inflection,inherited-from-lemma,exert
exhale,60,cleaned-dictionary,preserved,
exhaled,60,esdb-inflection,inherited-from-lemma,exhale
exhales,60,esdb-inflection,inherited-from-lemma,exhale
exhaust,60,cleaned-dictionary,preserved,
exhort,60,cleaned-dictionary,preserved,
exhorts,60,esdb-inflection,inherited-from-lemma,exhort
exhume,60,cleaned-dictionary,preserved,
exhumed,60,esdb-inflection,inherited-from-lemma,exhume
exhumes,60,esdb-inflection,inherited-from-lemma,exhume
exigent,60,cleaned-dictionary,preserved,
exile,60,cleaned-dictionary,preserved,
exiled,60,esdb-inflection,inherited-from-lemma,exile
exiles,60,esdb-inflection,inherited-from-lemma,exile
exiling,60,esdb-inflection,inherited-from-lemma,exile
exist,60,cleaned-dictionary,preserved,
existed,60,cleaned-dictionary,preserved,
exists,60,esdb-inflection,inherited-from-lemma,exist
exit,60,cleaned-dictionary,preserved,
exited,60,esdb-inflection,inherited-from-lemma,exit
exiting,60,cleaned-dictionary,preserved,
exits,60,esdb-inflection,inherited-from-lemma,exit
exotic,60,cleaned-dictionary,preserved,
exotica,60,cleaned-dictionary,preserved,
exotics,60,esdb-inflection,inherited-from-lemma,exotic
expand,60,cleaned-dictionary,preserved,
expands,60,esdb-inflection,inherited-from-lemma,expand
expanse,60,cleaned-dictionary,preserved,
expat,60,cleaned-dictionary,preserved,
expats,60,esdb-inflection,inherited-from-lemma,expat
expect,60,cleaned-dictionary,preserved,
expects,60,esdb-inflection,inherited-from-lemma,expect
expel,60,cleaned-dictionary,preserved,
expels,60,esdb-inflection,inherited-from-lemma,expel
expends,60,cleaned-dictionary,preserved,
expense,60,cleaned-dictionary,preserved,
expert,60,cleaned-dictionary,preserved,
experts,60,cleaned-dictionary,preserved,
expiate,60,cleaned-dictionary,preserved,
expire,60,cleaned-dictionary,preserved,
expired,60,esdb-inflection,inherited-from-lemma,expire
expires,60,esdb-inflection,inherited-from-lemma,expire
explain,60,cleaned-dictionary,preserved,
explode,60,cleaned-dictionary,preserved,
exploit,60,cleaned-dictionary,preserved,
explore,60,cleaned-dictionary,preserved,
expo,60,cleaned-dictionary,preserved,
export,60,cleaned-dictionary,preserved,
expos,60,esdb-inflection,inherited-from-lemma,expo
expose,60,cleaned-dictionary,preserved,
exposed,60,cleaned-dictionary,preserved,
exposes,60,esdb-inflection,inherited-from-lemma,expose
expound,60,cleaned-dictionary,preserved,
express,60,cleaned-dictionary,preserved,
expunge,60,cleaned-dictionary,preserved,
extant,60,cleaned-dictionary,preserved,
extend,60,cleaned-dictionary,preserved,
extends,60,esdb-inflection,inherited-from-lemma,extend
extent,60,cleaned-dictionary,preserved,
extents,60,esdb-inflection,inherited-from-lemma,extent
extinct,60,cleaned-dictionary,preserved,
extol,60,cleaned-dictionary,preserved,
extols,60,esdb-inflection,inherited-from-lemma,extol
extort,60,cleaned-dictionary,preserved,
extorts,60,esdb-inflection,inherited-from-lemma,extort
extra,60,cleaned-dictionary,preserved,
extract,60,cleaned-dictionary,preserved,
extras,60,esdb-inflection,inherited-from-lemma,extra
extreme,60,cleaned-dictionary,preserved,
extrude,60,cleaned-dictionary,preserved,
exude,60,cleaned-dictionary,preserved,
exuded,60,esdb-inflection,inherited-from-lemma,exude
exudes,60,esdb-inflection,inherited-from-lemma,exude
exuding,60,esdb-inflection,inherited-from-lemma,exude
eye,60,cleaned-dictionary,preserved,
eyeball,60,cleaned-dictionary,preserved,
eyebrow,60,cleaned-dictionary,preserved,
eyed,60,cleaned-dictionary,preserved,
eyeing,60,esdb-inflection,inherited-from-lemma,eye
eyelash,60,cleaned-dictionary,preserved,
eyelet,60,cleaned-dictionary,preserved,
eyelets,60,esdb-inflection,inherited-from-lemma,eyelet
eyelid,60,cleaned-dictionary,preserved,
eyelids,60,esdb-inflection,inherited-from-lemma,eyelid
eyes,60,cleaned-dictionary,preserved,
eyesore,60,cleaned-dictionary,preserved,
fab,60,cleaned-dictionary,preserved,
fable,60,cleaned-dictionary,preserved,
fabled,60,cleaned-dictionary,preserved,
fables,60,esdb-inflection,inherited-from-lemma,fable
fabric,60,cleaned-dictionary,preserved,
fabrics,60,esdb-inflection,inherited-from-lemma,fabric
facade,60,cleaned-dictionary,preserved,
facades,60,esdb-inflection,inherited-from-lemma,facade
face,60,cleaned-dictionary,preserved,
faced,60,cleaned-dictionary,preserved,
faces,60,cleaned-dictionary,preserved,
facet,60,cleaned-dictionary,preserved,
faceted,60,esdb-inflection,inherited-from-lemma,facet
facets,60,esdb-inflection,inherited-from-lemma,facet
facial,60,cleaned-dictionary,preserved,
facials,60,esdb-inflection,inherited-from-lemma,facial
facile,60,cleaned-dictionary,preserved,
facing,60,cleaned-dictionary,preserved,
facings,60,esdb-inflection,inherited-from-lemma,facing
fact,60,cleaned-dictionary,preserved,
faction,60,cleaned-dictionary,preserved,
factoid,60,cleaned-dictionary,preserved,
factor,60,cleaned-dictionary,preserved,
factors,60,cleaned-dictionary,preserved,
factory,60,cleaned-dictionary,preserved,
facts,60,cleaned-dictionary,preserved,
factual,60,cleaned-dictionary,preserved,
faculty,60,cleaned-dictionary,preserved,
fad,60,cleaned-dictionary,preserved,
fade,60,cleaned-dictionary,preserved,
faded,60,cleaned-dictionary,preserved,
fades,60,esdb-inflection,inherited-from-lemma,fade
fading,60,esdb-inflection,inherited-from-lemma,fade
fads,60,esdb-inflection,inherited-from-lemma,fad
faerie,60,cleaned-dictionary,preserved,
faeries,60,esdb-inflection,inherited-from-lemma,faerie
faff,60,cleaned-dictionary,preserved,
faffed,60,esdb-inflection,inherited-from-lemma,faff
faffing,60,esdb-inflection,inherited-from-lemma,faff
faffs,60,esdb-inflection,inherited-from-lemma,faff
fag,60,cleaned-dictionary,preserved,
fagged,60,esdb-inflection,inherited-from-lemma,fag
fagging,60,esdb-inflection,inherited-from-lemma,fag
faggot,60,cleaned-dictionary,preserved,
faggots,60,esdb-inflection,inherited-from-lemma,faggot
fagot,60,cleaned-dictionary,preserved,
fagots,60,esdb-inflection,inherited-from-lemma,fagot
fags,60,esdb-inflection,inherited-from-lemma,fag
fail,60,cleaned-dictionary,preserved,
failed,60,cleaned-dictionary,preserved,
failing,60,cleaned-dictionary,preserved,
fails,60,esdb-inflection,inherited-from-lemma,fail
failure,60,cleaned-dictionary,preserved,
fain,60,cleaned-dictionary,preserved,
fainer,60,esdb-inflection,inherited-from-lemma,fain
fainest,60,esdb-inflection,inherited-from-lemma,fain
faint,60,cleaned-dictionary,preserved,
fainted,60,esdb-inflection,inherited-from-lemma,faint
fainter,60,esdb-inflection,inherited-from-lemma,faint
faintly,60,cleaned-dictionary,preserved,
fair,60,cleaned-dictionary,preserved,
fairer,60,esdb-inflection,inherited-from-lemma,fair
fairest,60,cleaned-dictionary,preserved,
fairies,60,esdb-inflection,inherited-from-lemma,fairy
fairly,60,cleaned-dictionary,preserved,
fairs,60,esdb-inflection,inherited-from-lemma,fair
fairway,60,cleaned-dictionary,preserved,
fairy,60,cleaned-dictionary,preserved,
faith,60,cleaned-dictionary,preserved,
faiths,60,esdb-inflection,inherited-from-lemma,faith
fajita,60,cleaned-dictionary,preserved,
fajitas,60,esdb-inflection,inherited-from-lemma,fajita
fake,60,cleaned-dictionary,preserved,
faked,60,esdb-inflection,inherited-from-lemma,fake
faking,60,esdb-inflection,inherited-from-lemma,fake
fakir,60,cleaned-dictionary,preserved,
fakirs,60,esdb-inflection,inherited-from-lemma,fakir
falafel,60,cleaned-dictionary,preserved,
falcon,60,cleaned-dictionary,preserved,
falcons,60,esdb-inflection,inherited-from-lemma,falcon
fall,60,cleaned-dictionary,preserved,
fallacy,60,cleaned-dictionary,preserved,
fallen,60,cleaned-dictionary,preserved,
falling,60,cleaned-dictionary,preserved,
falls,60,cleaned-dictionary,preserved,
falsify,60,cleaned-dictionary,preserved,
falter,60,cleaned-dictionary,preserved,
falters,60,esdb-inflection,inherited-from-lemma,falter
fame,60,cleaned-dictionary,preserved,
famed,60,cleaned-dictionary,preserved,
family,60,cleaned-dictionary,preserved,
famine,60,cleaned-dictionary,preserved,
famines,60,esdb-inflection,inherited-from-lemma,famine
famous,60,cleaned-dictionary,preserved,
fan,60,cleaned-dictionary,preserved,
fanatic,60,cleaned-dictionary,preserved,
fancied,60,cleaned-dictionary,preserved,
fancier,60,esdb-inflection,inherited-from-lemma,fancy
fancies,60,cleaned-dictionary,preserved,
fancy,60,cleaned-dictionary,preserved,
fandom,60,cleaned-dictionary,preserved,
fandoms,60,esdb-inflection,inherited-from-lemma,fandom
fanfare,60,cleaned-dictionary,preserved,
fanfic,60,cleaned-dictionary,preserved,
fanfics,60,esdb-inflection,inherited-from-lemma,fanfic
fang,60,cleaned-dictionary,preserved,
fangs,60,esdb-inflection,inherited-from-lemma,fang
fanned,60,cleaned-dictionary,preserved,
fannies,60,esdb-inflection,inherited-from-lemma,fanny
fanning,60,cleaned-dictionary,preserved,
fanny,60,cleaned-dictionary,preserved,
fans,60,cleaned-dictionary,preserved,
fantasy,60,cleaned-dictionary,preserved,
far,60,cleaned-dictionary,preserved,
farad,60,cleaned-dictionary,preserved,
farads,60,esdb-inflection,inherited-from-lemma,farad
farce,60,cleaned-dictionary,preserved,
farces,60,esdb-inflection,inherited-from-lemma,farce
fare,60,cleaned-dictionary,preserved,
fared,60,esdb-inflection,inherited-from-lemma,fare
fares,60,esdb-inflection,inherited-from-lemma,fare
farina,60,cleaned-dictionary,preserved,
faring,60,esdb-inflection,inherited-from-lemma,fare
farm,60,cleaned-dictionary,preserved,
farmed,60,esdb-inflection,inherited-from-lemma,farm
farmer,60,cleaned-dictionary,preserved,
farmers,60,cleaned-dictionary,preserved,
farming,60,esdb-inflection,inherited-from-lemma,farm
farms,60,cleaned-dictionary,preserved,
faro,60,cleaned-dictionary,preserved,
farrago,60,cleaned-dictionary,preserved,
farrier,60,cleaned-dictionary,preserved,
farther,60,cleaned-dictionary,preserved,
fascia,60,cleaned-dictionary,preserved,
fascias,60,esdb-inflection,inherited-from-lemma,fascia
fascism,60,cleaned-dictionary,preserved,
fascist,60,cleaned-dictionary,preserved,
fashion,60,cleaned-dictionary,preserved,
fast,60,cleaned-dictionary,preserved,
fasted,60,esdb-inflection,inherited-from-lemma,fast
fasten,60,cleaned-dictionary,preserved,
fastens,60,esdb-inflection,inherited-from-lemma,fasten
faster,60,cleaned-dictionary,preserved,
fastest,60,esdb-inflection,inherited-from-lemma,fast
fasting,60,esdb-inflection,inherited-from-lemma,fast
fatal,60,cleaned-dictionary,preserved,
fate,60,cleaned-dictionary,preserved,
fated,60,esdb-inflection,inherited-from-lemma,fate
fates,60,esdb-inflection,inherited-from-lemma,fate
father,60,cleaned-dictionary,preserved,
fathers,60,cleaned-dictionary,preserved,
fathom,60,cleaned-dictionary,preserved,
fathoms,60,esdb-inflection,inherited-from-lemma,fathom
fatigue,60,cleaned-dictionary,preserved,
fating,60,esdb-inflection,inherited-from-lemma,fate
fattier,60,esdb-inflection,inherited-from-lemma,fatty
fatties,60,esdb-inflection,inherited-from-lemma,fatty
fatty,60,cleaned-dictionary,preserved,
fatuous,60,cleaned-dictionary,preserved,
fatwa,60,cleaned-dictionary,preserved,
fatwas,60,esdb-inflection,inherited-from-lemma,fatwa
faucet,60,cleaned-dictionary,preserved,
faucets,60,esdb-inflection,inherited-from-lemma,faucet
fault,60,cleaned-dictionary,preserved,
faulted,60,esdb-inflection,inherited-from-lemma,fault
faults,60,cleaned-dictionary,preserved,
faulty,60,cleaned-dictionary,preserved,
faun,60,cleaned-dictionary,preserved,
fauna,60,cleaned-dictionary,preserved,
faunas,60,esdb-inflection,inherited-from-lemma,fauna
fauns,60,esdb-inflection,inherited-from-lemma,faun
faux,60,cleaned-dictionary,preserved,
fave,60,cleaned-dictionary,preserved,
faves,60,esdb-inflection,inherited-from-lemma,fave
favor,60,cleaned-dictionary,preserved,
favored,60,esdb-inflection,inherited-from-lemma,favor
favors,60,cleaned-dictionary,preserved,
fawn,60,cleaned-dictionary,preserved,
fawned,60,esdb-inflection,inherited-from-lemma,fawn
fawner,60,cleaned-dictionary,preserved,
fawners,60,esdb-inflection,inherited-from-lemma,fawner
fawning,60,esdb-inflection,inherited-from-lemma,fawn
fawns,60,esdb-inflection,inherited-from-lemma,fawn
fax,60,cleaned-dictionary,preserved,
faxed,60,esdb-inflection,inherited-from-lemma,fax
faxes,60,esdb-inflection,inherited-from-lemma,fax
faxing,60,esdb-inflection,inherited-from-lemma,fax
fay,60,cleaned-dictionary,preserved,
fays,60,esdb-inflection,inherited-from-lemma,fay
faze,60,cleaned-dictionary,preserved,
fazed,60,cleaned-dictionary,preserved,
fazes,60,esdb-inflection,inherited-from-lemma,faze
fazing,60,esdb-inflection,inherited-from-lemma,faze
fealty,60,cleaned-dictionary,preserved,
fear,60,cleaned-dictionary,preserved,
feared,60,esdb-inflection,inherited-from-lemma,fear
fearful,60,cleaned-dictionary,preserved,
fearing,60,esdb-inflection,inherited-from-lemma,fear
fears,60,cleaned-dictionary,preserved,
feast,60,cleaned-dictionary,preserved,
feasted,60,esdb-inflection,inherited-from-lemma,feast
feasts,60,esdb-inflection,inherited-from-lemma,feast
feat,60,cleaned-dictionary,preserved,
feather,60,cleaned-dictionary,preserved,
feats,60,esdb-inflection,inherited-from-lemma,feat
feature,60,cleaned-dictionary,preserved,
febrile,60,cleaned-dictionary,preserved,
fecal,60,cleaned-dictionary,preserved,
feces,60,cleaned-dictionary,preserved,
fecund,60,cleaned-dictionary,preserved,
fed,60,cleaned-dictionary,preserved,
federal,60,cleaned-dictionary,preserved,
fedora,60,cleaned-dictionary,preserved,
fedoras,60,esdb-inflection,inherited-from-lemma,fedora
feds,60,esdb-inflection,inherited-from-lemma,fed
fee,60,cleaned-dictionary,preserved,
feeble,60,cleaned-dictionary,preserved,
feebler,60,esdb-inflection,inherited-from-lemma,feeble
feed,60,cleaned-dictionary,preserved,
feeder,60,cleaned-dictionary,preserved,
feeders,60,esdb-inflection,inherited-from-lemma,feeder
feeding,60,cleaned-dictionary,preserved,
feeds,60,esdb-inflection,inherited-from-lemma,feed
feel,60,cleaned-dictionary,preserved,
feeler,60,cleaned-dictionary,preserved,
feelers,60,esdb-inflection,inherited-from-lemma,feeler
feeling,60,cleaned-dictionary,preserved,
feels,60,cleaned-dictionary,preserved,
fees,60,cleaned-dictionary,preserved,
feet,60,cleaned-dictionary,preserved,
feign,60,cleaned-dictionary,preserved,
feigned,60,esdb-inflection,inherited-from-lemma,feign
feigns,60,esdb-inflection,inherited-from-lemma,feign
feint,60,cleaned-dictionary,preserved,
feinted,60,esdb-inflection,inherited-from-lemma,feint
feints,60,esdb-inflection,inherited-from-lemma,feint
feisty,60,cleaned-dictionary,preserved,
feline,60,cleaned-dictionary,preserved,
felines,60,esdb-inflection,inherited-from-lemma,feline
fell,60,cleaned-dictionary,preserved,
fella,60,cleaned-dictionary,preserved,
fellas,60,esdb-inflection,inherited-from-lemma,fella
felled,60,esdb-inflection,inherited-from-lemma,fell
feller,60,esdb-inflection,inherited-from-lemma,fell
fellest,60,esdb-inflection,inherited-from-lemma,fell
felling,60,esdb-inflection,inherited-from-lemma,fell
fellow,60,cleaned-dictionary,preserved,
fellows,60,cleaned-dictionary,preserved,
fells,60,esdb-inflection,inherited-from-lemma,fell
felon,60,cleaned-dictionary,preserved,
felons,60,esdb-inflection,inherited-from-lemma,felon
felony,60,cleaned-dictionary,preserved,
felt,60,cleaned-dictionary,preserved,
felted,60,esdb-inflection,inherited-from-lemma,felt
felting,60,esdb-inflection,inherited-from-lemma,felt
felts,60,esdb-inflection,inherited-from-lemma,felt
female,60,cleaned-dictionary,preserved,
females,60,esdb-inflection,inherited-from-lemma,female
femme,60,cleaned-dictionary,preserved,
femmes,60,cleaned-dictionary,preserved,
femur,60,cleaned-dictionary,preserved,
femurs,60,esdb-inflection,inherited-from-lemma,femur
fen,60,cleaned-dictionary,preserved,
fence,60,cleaned-dictionary,preserved,
fenced,60,esdb-inflection,inherited-from-lemma,fence
fences,60,esdb-inflection,inherited-from-lemma,fence
fencing,60,cleaned-dictionary,preserved,
fend,60,cleaned-dictionary,preserved,
fended,60,esdb-inflection,inherited-from-lemma,fend
fender,60,cleaned-dictionary,preserved,
fenders,60,esdb-inflection,inherited-from-lemma,fender
fending,60,esdb-inflection,inherited-from-lemma,fend
fends,60,esdb-inflection,inherited-from-lemma,fend
fennel,60,cleaned-dictionary,preserved,
fens,60,esdb-inflection,inherited-from-lemma,fen
feral,60,cleaned-dictionary,preserved,
ferment,60,cleaned-dictionary,preserved,
fermium,60,cleaned-dictionary,preserved,
fern,60,cleaned-dictionary,preserved,
ferns,60,esdb-inflection,inherited-from-lemma,fern
ferret,60,cleaned-dictionary,preserved,
ferrets,60,esdb-inflection,inherited-from-lemma,ferret
ferric,60,cleaned-dictionary,preserved,
ferried,60,esdb-inflection,inherited-from-lemma,ferry
ferries,60,esdb-inflection,inherited-from-lemma,ferry
ferrous,60,cleaned-dictionary,preserved,
ferrule,60,cleaned-dictionary,preserved,
ferry,60,cleaned-dictionary,preserved,
fertile,60,cleaned-dictionary,preserved,
ferule,60,cleaned-dictionary,preserved,
ferules,60,esdb-inflection,inherited-from-lemma,ferule
fervent,60,cleaned-dictionary,preserved,
fervor,60,cleaned-dictionary,preserved,
fess,60,cleaned-dictionary,preserved,
fessed,60,esdb-inflection,inherited-from-lemma,fess
fesses,60,esdb-inflection,inherited-from-lemma,fess
fessing,60,esdb-inflection,inherited-from-lemma,fess
fest,60,cleaned-dictionary,preserved,
fester,60,cleaned-dictionary,preserved,
festers,60,esdb-inflection,inherited-from-lemma,fester
festive,60,cleaned-dictionary,preserved,
festoon,60,cleaned-dictionary,preserved,
fests,60,esdb-inflection,inherited-from-lemma,fest
feta,60,cleaned-dictionary,preserved,
fetal,60,cleaned-dictionary,preserved,
fetch,60,cleaned-dictionary,preserved,
fetched,60,esdb-inflection,inherited-from-lemma,fetch
fetches,60,esdb-inflection,inherited-from-lemma,fetch
fete,60,cleaned-dictionary,preserved,
feted,60,esdb-inflection,inherited-from-lemma,fete
fetes,60,esdb-inflection,inherited-from-lemma,fete
fetid,60,cleaned-dictionary,preserved,
feting,60,esdb-inflection,inherited-from-lemma,fete
fetish,60,cleaned-dictionary,preserved,
fetlock,60,cleaned-dictionary,preserved,
fetter,60,cleaned-dictionary,preserved,
fetters,60,esdb-inflection,inherited-from-lemma,fetter
fettle,60,cleaned-dictionary,preserved,
fetus,60,cleaned-dictionary,preserved,
fetuses,60,esdb-inflection,inherited-from-lemma,fetus
feud,60,cleaned-dictionary,preserved,
feudal,60,cleaned-dictionary,preserved,
feuded,60,esdb-inflection,inherited-from-lemma,feud
feuding,60,esdb-inflection,inherited-from-lemma,feud
feuds,60,esdb-inflection,inherited-from-lemma,feud
fever,60,cleaned-dictionary,preserved,
fevers,60,esdb-inflection,inherited-from-lemma,fever
few,60,cleaned-dictionary,preserved,
fewer,60,esdb-inflection,inherited-from-lemma,few
fewest,60,esdb-inflection,inherited-from-lemma,few
fey,60,cleaned-dictionary,preserved,
fez,60,cleaned-dictionary,preserved,
fezzes,60,esdb-inflection,inherited-from-lemma,fez
fiat,60,cleaned-dictionary,preserved,
fiats,60,esdb-inflection,inherited-from-lemma,fiat
fib,60,cleaned-dictionary,preserved,
fibbed,60,esdb-inflection,inherited-from-lemma,fib
fibbing,60,esdb-inflection,inherited-from-lemma,fib
fiber,60,cleaned-dictionary,preserved,
fibers,60,cleaned-dictionary,preserved,
fibrin,60,cleaned-dictionary,preserved,
fibrous,60,cleaned-dictionary,preserved,
fibs,60,esdb-inflection,inherited-from-lemma,fib
fibula,60,cleaned-dictionary,preserved,
fibulae,60,esdb-inflection,inherited-from-lemma,fibula
fickle,60,cleaned-dictionary,preserved,
fickler,60,esdb-inflection,inherited-from-lemma,fickle
fiction,60,cleaned-dictionary,preserved,
ficus,60,cleaned-dictionary,preserved,
fiddle,60,cleaned-dictionary,preserved,
fiddled,60,esdb-inflection,inherited-from-lemma,fiddle
fiddler,60,cleaned-dictionary,preserved,
fiddles,60,esdb-inflection,inherited-from-lemma,fiddle
fidget,60,cleaned-dictionary,preserved,
fidgets,60,esdb-inflection,inherited-from-lemma,fidget
fief,60,cleaned-dictionary,preserved,
fiefs,60,esdb-inflection,inherited-from-lemma,fief
field,60,cleaned-dictionary,preserved,
fielded,60,esdb-inflection,inherited-from-lemma,field
fielder,60,cleaned-dictionary,preserved,
fields,60,cleaned-dictionary,preserved,
fiend,60,cleaned-dictionary,preserved,
fiends,60,esdb-inflection,inherited-from-lemma,fiend
fierce,60,cleaned-dictionary,preserved,
fiercer,60,esdb-inflection,inherited-from-lemma,fierce
fierier,60,esdb-inflection,inherited-from-lemma,fiery
fiery,60,cleaned-dictionary,preserved,
fiesta,60,cleaned-dictionary,preserved,
fiestas,60,esdb-inflection,inherited-from-lemma,fiesta
fife,60,cleaned-dictionary,preserved,
fifer,60,cleaned-dictionary,preserved,
fifers,60,esdb-inflection,inherited-from-lemma,fifer
fifes,60,esdb-inflection,inherited-from-lemma,fife
fifteen,60,cleaned-dictionary,preserved,
fifth,60,cleaned-dictionary,preserved,
fifths,60,esdb-inflection,inherited-from-lemma,fifth
fifties,60,esdb-inflection,inherited-from-lemma,fifty
fifty,60,cleaned-dictionary,preserved,
fig,60,cleaned-dictionary,preserved,
fight,60,cleaned-dictionary,preserved,
fighter,60,cleaned-dictionary,preserved,
fights,60,esdb-inflection,inherited-from-lemma,fight
figment,60,cleaned-dictionary,preserved,
figs,60,cleaned-dictionary,preserved,
figure,60,cleaned-dictionary,preserved,
figured,60,cleaned-dictionary,preserved,
figures,60,cleaned-dictionary,preserved,
filbert,60,cleaned-dictionary,preserved,
filch,60,cleaned-dictionary,preserved,
filched,60,esdb-inflection,inherited-from-lemma,filch
filches,60,esdb-inflection,inherited-from-lemma,filch
file,60,cleaned-dictionary,preserved,
filed,60,cleaned-dictionary,preserved,
files,60,cleaned-dictionary,preserved,
filet,60,cleaned-dictionary,preserved,
filial,60,cleaned-dictionary,preserved,
filing,60,cleaned-dictionary,preserved,
filings,60,esdb-inflection,inherited-from-lemma,filing
fill,60,cleaned-dictionary,preserved,
filled,60,cleaned-dictionary,preserved,
filler,60,cleaned-dictionary,preserved,
fillers,60,esdb-inflection,inherited-from-lemma,filler
fillet,60,cleaned-dictionary,preserved,
fillets,60,esdb-inflection,inherited-from-lemma,fillet
fillies,60,esdb-inflection,inherited-from-lemma,filly
filling,60,cleaned-dictionary,preserved,
fillip,60,cleaned-dictionary,preserved,
fillips,60,esdb-inflection,inherited-from-lemma,fillip
fills,60,esdb-inflection,inherited-from-lemma,fill
filly,60,cleaned-dictionary,preserved,
film,60,cleaned-dictionary,preserved,
filmed,60,esdb-inflection,inherited-from-lemma,film
filming,60,esdb-inflection,inherited-from-lemma,film
films,60,cleaned-dictionary,preserved,
filo,60,cleaned-dictionary,preserved,
filter,60,cleaned-dictionary,preserved,
filters,60,cleaned-dictionary,preserved,
filth,60,cleaned-dictionary,preserved,
filthy,60,cleaned-dictionary,preserved,
fin,60,cleaned-dictionary,preserved,
finagle,60,cleaned-dictionary,preserved,
final,60,cleaned-dictionary,preserved,
finale,60,cleaned-dictionary,preserved,
finales,60,esdb-inflection,inherited-from-lemma,finale
finally,60,cleaned-dictionary,preserved,
finals,60,esdb-inflection,inherited-from-lemma,final
finance,60,cleaned-dictionary,preserved,
finch,60,cleaned-dictionary,preserved,
finches,60,esdb-inflection,inherited-from-lemma,finch
find,60,cleaned-dictionary,preserved,
finding,60,cleaned-dictionary,preserved,
finds,60,esdb-inflection,inherited-from-lemma,find
fine,60,cleaned-dictionary,preserved,
fined,60,esdb-inflection,inherited-from-lemma,fine
finer,60,cleaned-dictionary,preserved,
finery,60,cleaned-dictionary,preserved,
finesse,60,cleaned-dictionary,preserved,
finest,60,cleaned-dictionary,preserved,
finger,60,cleaned-dictionary,preserved,
fingers,60,cleaned-dictionary,preserved,
finial,60,cleaned-dictionary,preserved,
finials,60,esdb-inflection,inherited-from-lemma,finial
finicky,60,cleaned-dictionary,preserved,
fining,60,esdb-inflection,inherited-from-lemma,fine
finis,60,cleaned-dictionary,preserved,
finises,60,esdb-inflection,inherited-from-lemma,finis
finish,60,cleaned-dictionary,preserved,
finite,60,cleaned-dictionary,preserved,
finned,60,cleaned-dictionary,preserved,
fins,60,esdb-inflection,inherited-from-lemma,fin
fir,60,cleaned-dictionary,preserved,
fire,60,cleaned-dictionary,preserved,
firearm,60,cleaned-dictionary,preserved,
firebug,60,cleaned-dictionary,preserved,
fired,60,cleaned-dictionary,preserved,
firefly,60,cleaned-dictionary,preserved,
fireman,60,cleaned-dictionary,preserved,
firemen,60,esdb-inflection,inherited-from-lemma,fireman
fires,60,cleaned-dictionary,preserved,
firing,60,cleaned-dictionary,preserved,
firings,60,esdb-inflection,inherited-from-lemma,firing
firm,60,cleaned-dictionary,preserved,
firmed,60,esdb-inflection,inherited-from-lemma,firm
firming,60,cleaned-dictionary,preserved,
firmly,60,cleaned-dictionary,preserved,
firms,60,cleaned-dictionary,preserved,
firs,60,esdb-inflection,inherited-from-lemma,fir
first,60,cleaned-dictionary,preserved,
firstly,60,cleaned-dictionary,preserved,
firsts,60,esdb-inflection,inherited-from-lemma,first
firth,60,cleaned-dictionary,preserved,
firths,60,esdb-inflection,inherited-from-lemma,firth
fiscal,60,cleaned-dictionary,preserved,
fiscals,60,esdb-inflection,inherited-from-lemma,fiscal
fish,60,cleaned-dictionary,preserved,
fished,60,esdb-inflection,inherited-from-lemma,fish
fishes,60,cleaned-dictionary,preserved,
fishier,60,esdb-inflection,inherited-from-lemma,fishy
fishing,60,cleaned-dictionary,preserved,
fishy,60,cleaned-dictionary,preserved,
fissile,60,cleaned-dictionary,preserved,
fissure,60,cleaned-dictionary,preserved,
fist,60,cleaned-dictionary,preserved,
fists,60,cleaned-dictionary,preserved,
fistula,60,cleaned-dictionary,preserved,
fit,60,cleaned-dictionary,preserved,
fitness,60,cleaned-dictionary,preserved,
fitted,60,cleaned-dictionary,preserved,
fitter,60,esdb-inflection,inherited-from-lemma,fit
fittest,60,cleaned-dictionary,preserved,
fitting,60,cleaned-dictionary,preserved,
five,60,cleaned-dictionary,preserved,
fiver,60,cleaned-dictionary,preserved,
fivers,60,esdb-inflection,inherited-from-lemma,fiver
fives,60,esdb-inflection,inherited-from-lemma,five
fix,60,cleaned-dictionary,preserved,
fixed,60,cleaned-dictionary,preserved,
fixes,60,esdb-inflection,inherited-from-lemma,fix
fixing,60,cleaned-dictionary,preserved,
fizz,60,cleaned-dictionary,preserved,
fizzed,60,esdb-inflection,inherited-from-lemma,fizz
fizzes,60,esdb-inflection,inherited-from-lemma,fizz
fizzier,60,esdb-inflection,inherited-from-lemma,fizzy
fizzing,60,cleaned-dictionary,preserved,
fizzle,60,cleaned-dictionary,preserved,
fizzled,60,esdb-inflection,inherited-from-lemma,fizzle
fizzles,60,esdb-inflection,inherited-from-lemma,fizzle
fizzy,60,cleaned-dictionary,preserved,
fjord,60,cleaned-dictionary,preserved,
fjords,60,esdb-inflection,inherited-from-lemma,fjord
flab,60,cleaned-dictionary,preserved,
flabby,60,cleaned-dictionary,preserved,
flaccid,60,cleaned-dictionary,preserved,
flack,60,cleaned-dictionary,preserved,
flacks,60,esdb-inflection,inherited-from-lemma,flack
flag,60,cleaned-dictionary,preserved,
flagged,60,esdb-inflection,inherited-from-lemma,flag
flags,60,cleaned-dictionary,preserved,
flail,60,cleaned-dictionary,preserved,
flailed,60,esdb-inflection,inherited-from-lemma,flail
flails,60,esdb-inflection,inherited-from-lemma,flail
flak,60,cleaned-dictionary,preserved,
flake,60,cleaned-dictionary,preserved,
flaked,60,esdb-inflection,inherited-from-lemma,flake
flakes,60,cleaned-dictionary,preserved,
flakier,60,esdb-inflection,inherited-from-lemma,flaky
flaking,60,esdb-inflection,inherited-from-lemma,flake
flaky,60,cleaned-dictionary,preserved,
flame,60,cleaned-dictionary,preserved,
flamed,60,esdb-inflection,inherited-from-lemma,flame
flames,60,cleaned-dictionary,preserved,
flaming,60,cleaned-dictionary,preserved,
flan,60,cleaned-dictionary,preserved,
flange,60,cleaned-dictionary,preserved,
flanges,60,esdb-inflection,inherited-from-lemma,flange
flank,60,cleaned-dictionary,preserved,
flanked,60,esdb-inflection,inherited-from-lemma,flank
flanks,60,esdb-inflection,inherited-from-lemma,flank
flannel,60,cleaned-dictionary,preserved,
flans,60,esdb-inflection,inherited-from-lemma,flan
flap,60,cleaned-dictionary,preserved,
flapped,60,esdb-inflection,inherited-from-lemma,flap
flapper,60,cleaned-dictionary,preserved,
flaps,60,esdb-inflection,inherited-from-lemma,flap
flare,60,cleaned-dictionary,preserved,
flared,60,esdb-inflection,inherited-from-lemma,flare
flares,60,esdb-inflection,inherited-from-lemma,flare
flaring,60,esdb-inflection,inherited-from-lemma,flare
flash,60,cleaned-dictionary,preserved,
flashed,60,cleaned-dictionary,preserved,
flasher,60,cleaned-dictionary,preserved,
flashes,60,esdb-inflection,inherited-from-lemma,flash
flask,60,cleaned-dictionary,preserved,
flasks,60,esdb-inflection,inherited-from-lemma,flask
flat,60,cleaned-dictionary,preserved,
flatbed,60,cleaned-dictionary,preserved,
flatcar,60,cleaned-dictionary,preserved,
flatted,60,esdb-inflection,inherited-from-lemma,flat
flatten,60,cleaned-dictionary,preserved,
flatter,60,cleaned-dictionary,preserved,
flatus,60,cleaned-dictionary,preserved,
flaunt,60,cleaned-dictionary,preserved,
flaunts,60,esdb-inflection,inherited-from-lemma,flaunt
flavor,60,cleaned-dictionary,preserved,
flavors,60,esdb-inflection,inherited-from-lemma,flavor
flaw,60,cleaned-dictionary,preserved,
flawed,60,cleaned-dictionary,preserved,
flawing,60,esdb-inflection,inherited-from-lemma,flaw
flaws,60,esdb-inflection,inherited-from-lemma,flaw
flax,60,cleaned-dictionary,preserved,
flaxen,60,cleaned-dictionary,preserved,
flay,60,cleaned-dictionary,preserved,
flayed,60,esdb-inflection,inherited-from-lemma,flay
flaying,60,esdb-inflection,inherited-from-lemma,flay
flays,60,esdb-inflection,inherited-from-lemma,flay
flea,60,cleaned-dictionary,preserved,
fleas,60,esdb-inflection,inherited-from-lemma,flea
fleck,60,cleaned-dictionary,preserved,
flecked,60,esdb-inflection,inherited-from-lemma,fleck
flecks,60,esdb-inflection,inherited-from-lemma,fleck
fled,60,cleaned-dictionary,preserved,
flee,60,cleaned-dictionary,preserved,
fleece,60,cleaned-dictionary,preserved,
fleeced,60,esdb-inflection,inherited-from-lemma,fleece
fleeces,60,esdb-inflection,inherited-from-lemma,fleece
fleeing,60,esdb-inflection,inherited-from-lemma,flee
flees,60,esdb-inflection,inherited-from-lemma,flee
fleet,60,cleaned-dictionary,preserved,
fleeted,60,esdb-inflection,inherited-from-lemma,fleet
fleeter,60,esdb-inflection,inherited-from-lemma,fleet
fleets,60,esdb-inflection,inherited-from-lemma,fleet
flesh,60,cleaned-dictionary,preserved,
fleshed,60,esdb-inflection,inherited-from-lemma,flesh
fleshes,60,esdb-inflection,inherited-from-lemma,flesh
fleshy,60,cleaned-dictionary,preserved,
flew,60,cleaned-dictionary,preserved,
flex,60,cleaned-dictionary,preserved,
flexed,60,esdb-inflection,inherited-from-lemma,flex
flexes,60,esdb-inflection,inherited-from-lemma,flex
flexing,60,esdb-inflection,inherited-from-lemma,flex
flexion,60,cleaned-dictionary,preserved,
flick,60,cleaned-dictionary,preserved,
flicked,60,esdb-inflection,inherited-from-lemma,flick
flicks,60,esdb-inflection,inherited-from-lemma,flick
flied,60,esdb-inflection,inherited-from-lemma,fly
flier,60,cleaned-dictionary,preserved,
fliers,60,esdb-inflection,inherited-from-lemma,flier
flies,60,cleaned-dictionary,preserved,
fliest,60,esdb-inflection,inherited-from-lemma,fly
flight,60,cleaned-dictionary,preserved,
flights,60,cleaned-dictionary,preserved,
flighty,60,cleaned-dictionary,preserved,
flimsy,60,cleaned-dictionary,preserved,
flinch,60,cleaned-dictionary,preserved,
fling,60,cleaned-dictionary,preserved,
flings,60,esdb-inflection,inherited-from-lemma,fling
flint,60,cleaned-dictionary,preserved,
flints,60,esdb-inflection,inherited-from-lemma,flint
flinty,60,cleaned-dictionary,preserved,
flip,60,cleaned-dictionary,preserved,
flipped,60,esdb-inflection,inherited-from-lemma,flip
flipper,60,cleaned-dictionary,preserved,
flips,60,esdb-inflection,inherited-from-lemma,flip
flirt,60,cleaned-dictionary,preserved,
flirted,60,esdb-inflection,inherited-from-lemma,flirt
flirts,60,esdb-inflection,inherited-from-lemma,flirt
flit,60,cleaned-dictionary,preserved,
flits,60,esdb-inflection,inherited-from-lemma,flit
flitted,60,esdb-inflection,inherited-from-lemma,flit
float,60,cleaned-dictionary,preserved,
floated,60,cleaned-dictionary,preserved,
floater,60,cleaned-dictionary,preserved,
floats,60,esdb-inflection,inherited-from-lemma,float
flock,60,cleaned-dictionary,preserved,
flocked,60,esdb-inflection,inherited-from-lemma,flock
flocks,60,esdb-inflection,inherited-from-lemma,flock
floe,60,cleaned-dictionary,preserved,
floes,60,esdb-inflection,inherited-from-lemma,floe
flog,60,cleaned-dictionary,preserved,
flogged,60,esdb-inflection,inherited-from-lemma,flog
flogs,60,esdb-inflection,inherited-from-lemma,flog
flood,60,cleaned-dictionary,preserved,
flooded,60,esdb-inflection,inherited-from-lemma,flood
floods,60,esdb-inflection,inherited-from-lemma,flood
floor,60,cleaned-dictionary,preserved,
floored,60,esdb-inflection,inherited-from-lemma,floor
floors,60,cleaned-dictionary,preserved,
flop,60,cleaned-dictionary,preserved,
flopped,60,esdb-inflection,inherited-from-lemma,flop
floppy,60,cleaned-dictionary,preserved,
flops,60,esdb-inflection,inherited-from-lemma,flop
flora,60,cleaned-dictionary,preserved,
floral,60,cleaned-dictionary,preserved,
florals,60,esdb-inflection,inherited-from-lemma,floral
floras,60,esdb-inflection,inherited-from-lemma,flora
floss,60,cleaned-dictionary,preserved,
flossed,60,esdb-inflection,inherited-from-lemma,floss
flosses,60,esdb-inflection,inherited-from-lemma,floss
flotsam,60,cleaned-dictionary,preserved,
flounce,60,cleaned-dictionary,preserved,
flour,60,cleaned-dictionary,preserved,
floured,60,esdb-inflection,inherited-from-lemma,flour
flours,60,esdb-inflection,inherited-from-lemma,flour
floury,60,cleaned-dictionary,preserved,
flout,60,cleaned-dictionary,preserved,
flouted,60,esdb-inflection,inherited-from-lemma,flout
flouts,60,esdb-inflection,inherited-from-lemma,flout
flow,60,cleaned-dictionary,preserved,
flowed,60,cleaned-dictionary,preserved,
flower,60,cleaned-dictionary,preserved,
flowers,60,cleaned-dictionary,preserved,
flowing,60,cleaned-dictionary,preserved,
flown,60,cleaned-dictionary,preserved,
flows,60,cleaned-dictionary,preserved,
flu,60,cleaned-dictionary,preserved,
flub,60,cleaned-dictionary,preserved,
flubbed,60,esdb-inflection,inherited-from-lemma,flub
flubs,60,esdb-inflection,inherited-from-lemma,flub
flue,60,cleaned-dictionary,preserved,
fluent,60,cleaned-dictionary,preserved,
flues,60,esdb-inflection,inherited-from-lemma,flue
fluff,60,cleaned-dictionary,preserved,
fluffed,60,esdb-inflection,inherited-from-lemma,fluff
fluffs,60,esdb-inflection,inherited-from-lemma,fluff
fluffy,60,cleaned-dictionary,preserved,
fluid,60,cleaned-dictionary,preserved,
fluids,60,cleaned-dictionary,preserved,
fluke,60,cleaned-dictionary,preserved,
flukes,60,esdb-inflection,inherited-from-lemma,fluke
flume,60,cleaned-dictionary,preserved,
flumes,60,esdb-inflection,inherited-from-lemma,flume
flummox,60,cleaned-dictionary,preserved,
flung,60,cleaned-dictionary,preserved,
flush,60,cleaned-dictionary,preserved,
flushed,60,cleaned-dictionary,preserved,
flushes,60,esdb-inflection,inherited-from-lemma,flush
fluster,60,cleaned-dictionary,preserved,
flute,60,cleaned-dictionary,preserved,
fluted,60,esdb-inflection,inherited-from-lemma,flute
flutes,60,esdb-inflection,inherited-from-lemma,flute
fluting,60,esdb-inflection,inherited-from-lemma,flute
flutist,60,cleaned-dictionary,preserved,
flux,60,cleaned-dictionary,preserved,
fluxed,60,esdb-inflection,inherited-from-lemma,flux
fluxes,60,esdb-inflection,inherited-from-lemma,flux
fluxing,60,esdb-inflection,inherited-from-lemma,flux
fly,60,cleaned-dictionary,preserved,
flying,60,cleaned-dictionary,preserved,
flyway,60,cleaned-dictionary,preserved,
flyways,60,esdb-inflection,inherited-from-lemma,flyway
foal,60,cleaned-dictionary,preserved,
foaled,60,esdb-inflection,inherited-from-lemma,foal
foaling,60,esdb-inflection,inherited-from-lemma,foal
foals,60,esdb-inflection,inherited-from-lemma,foal
foam,60,cleaned-dictionary,preserved,
foamed,60,esdb-inflection,inherited-from-lemma,foam
foamier,60,esdb-inflection,inherited-from-lemma,foamy
foaming,60,esdb-inflection,inherited-from-lemma,foam
foams,60,esdb-inflection,inherited-from-lemma,foam
foamy,60,cleaned-dictionary,preserved,
fob,60,cleaned-dictionary,preserved,
fobbed,60,esdb-inflection,inherited-from-lemma,fob
fobbing,60,esdb-inflection,inherited-from-lemma,fob
fobs,60,esdb-inflection,inherited-from-lemma,fob
focal,60,cleaned-dictionary,preserved,
focus,60,cleaned-dictionary,preserved,
focused,60,esdb-inflection,inherited-from-lemma,focus
focuses,60,cleaned-dictionary,preserved,
fodder,60,cleaned-dictionary,preserved,
fodders,60,esdb-inflection,inherited-from-lemma,fodder
foe,60,cleaned-dictionary,preserved,
foes,60,cleaned-dictionary,preserved,
fog,60,cleaned-dictionary,preserved,
fogged,60,esdb-inflection,inherited-from-lemma,fog
foggier,60,esdb-inflection,inherited-from-lemma,foggy
fogging,60,esdb-inflection,inherited-from-lemma,fog
foggy,60,cleaned-dictionary,preserved,
fogs,60,esdb-inflection,inherited-from-lemma,fog
foible,60,cleaned-dictionary,preserved,
foibles,60,esdb-inflection,inherited-from-lemma,foible
foil,60,cleaned-dictionary,preserved,
foiled,60,esdb-inflection,inherited-from-lemma,foil
foiling,60,esdb-inflection,inherited-from-lemma,foil
foils,60,esdb-inflection,inherited-from-lemma,foil
folate,60,cleaned-dictionary,preserved,
fold,60,cleaned-dictionary,preserved,
folded,60,cleaned-dictionary,preserved,
folder,60,cleaned-dictionary,preserved,
folders,60,esdb-inflection,inherited-from-lemma,folder
folding,60,cleaned-dictionary,preserved,
folds,60,esdb-inflection,inherited-from-lemma,fold
foliage,60,cleaned-dictionary,preserved,
folk,60,cleaned-dictionary,preserved,
folks,60,cleaned-dictionary,preserved,
folksy,60,cleaned-dictionary,preserved,
follies,60,esdb-inflection,inherited-from-lemma,folly
follow,60,cleaned-dictionary,preserved,
follows,60,cleaned-dictionary,preserved,
folly,60,cleaned-dictionary,preserved,
foment,60,cleaned-dictionary,preserved,
foments,60,esdb-inflection,inherited-from-lemma,foment
fond,60,cleaned-dictionary,preserved,
fondant,60,cleaned-dictionary,preserved,
fonder,60,esdb-inflection,inherited-from-lemma,fond
fondest,60,esdb-inflection,inherited-from-lemma,fond
fondle,60,cleaned-dictionary,preserved,
fondled,60,esdb-inflection,inherited-from-lemma,fondle
fondles,60,esdb-inflection,inherited-from-lemma,fondle
fondly,60,cleaned-dictionary,preserved,
fondue,60,cleaned-dictionary,preserved,
fondues,60,esdb-inflection,inherited-from-lemma,fondue
font,60,cleaned-dictionary,preserved,
fonts,60,esdb-inflection,inherited-from-lemma,font
food,60,cleaned-dictionary,preserved,
foods,60,cleaned-dictionary,preserved,
fool,60,cleaned-dictionary,preserved,
fooled,60,esdb-inflection,inherited-from-lemma,fool
fooling,60,esdb-inflection,inherited-from-lemma,fool
foolish,60,cleaned-dictionary,preserved,
fools,60,cleaned-dictionary,preserved,
foot,60,cleaned-dictionary,preserved,
footed,60,esdb-inflection,inherited-from-lemma,foot
footing,60,cleaned-dictionary,preserved,
foots,60,esdb-inflection,inherited-from-lemma,foot
footy,60,cleaned-dictionary,preserved,
fop,60,cleaned-dictionary,preserved,
fops,60,esdb-inflection,inherited-from-lemma,fop
for,60,cleaned-dictionary,preserved,
forage,60,cleaned-dictionary,preserved,
foraged,60,esdb-inflection,inherited-from-lemma,forage
forages,60,esdb-inflection,inherited-from-lemma,forage
foray,60,cleaned-dictionary,preserved,
forayed,60,esdb-inflection,inherited-from-lemma,foray
forays,60,esdb-inflection,inherited-from-lemma,foray
forbade,60,cleaned-dictionary,preserved,
forbear,60,cleaned-dictionary,preserved,
forbid,60,cleaned-dictionary,preserved,
forbids,60,esdb-inflection,inherited-from-lemma,forbid
forbore,60,esdb-inflection,inherited-from-lemma,forbear
force,60,cleaned-dictionary,preserved,
forced,60,esdb-inflection,inherited-from-lemma,force
forces,60,cleaned-dictionary,preserved,
forcing,60,cleaned-dictionary,preserved,
ford,60,cleaned-dictionary,preserved,
forded,60,esdb-inflection,inherited-from-lemma,ford
fording,60,esdb-inflection,inherited-from-lemma,ford
fords,60,esdb-inflection,inherited-from-lemma,ford
fore,60,cleaned-dictionary,preserved,
forego,60,cleaned-dictionary,preserved,
foreign,60,cleaned-dictionary,preserved,
foreleg,60,cleaned-dictionary,preserved,
fores,60,esdb-inflection,inherited-from-lemma,fore
foresaw,60,cleaned-dictionary,preserved,
foresee,60,cleaned-dictionary,preserved,
forest,60,cleaned-dictionary,preserved,
forests,60,cleaned-dictionary,preserved,
forever,60,cleaned-dictionary,preserved,
forfeit,60,cleaned-dictionary,preserved,
forgave,60,cleaned-dictionary,preserved,
forge,60,cleaned-dictionary,preserved,
forged,60,cleaned-dictionary,preserved,
forger,60,cleaned-dictionary,preserved,
forgers,60,esdb-inflection,inherited-from-lemma,forger
forgery,60,cleaned-dictionary,preserved,
forges,60,esdb-inflection,inherited-from-lemma,forge
forget,60,cleaned-dictionary,preserved,
forgets,60,esdb-inflection,inherited-from-lemma,forget
forging,60,esdb-inflection,inherited-from-lemma,forge
forgive,60,cleaned-dictionary,preserved,
forgo,60,cleaned-dictionary,preserved,
forgoes,60,esdb-inflection,inherited-from-lemma,forgo
forgone,60,esdb-inflection,inherited-from-lemma,forgo
forgot,60,cleaned-dictionary,preserved,
fork,60,cleaned-dictionary,preserved,
forked,60,cleaned-dictionary,preserved,
forking,60,esdb-inflection,inherited-from-lemma,fork
forks,60,esdb-inflection,inherited-from-lemma,fork
forlorn,60,cleaned-dictionary,preserved,
form,60,cleaned-dictionary,preserved,
formal,60,cleaned-dictionary,preserved,
formals,60,esdb-inflection,inherited-from-lemma,formal
format,60,cleaned-dictionary,preserved,
formats,60,cleaned-dictionary,preserved,
formed,60,cleaned-dictionary,preserved,
former,60,cleaned-dictionary,preserved,
formic,60,cleaned-dictionary,preserved,
forming,60,cleaned-dictionary,preserved,
forms,60,cleaned-dictionary,preserved,
formula,60,cleaned-dictionary,preserved,
forsake,60,cleaned-dictionary,preserved,
forsook,60,cleaned-dictionary,preserved,
fort,60,cleaned-dictionary,preserved,
forte,60,cleaned-dictionary,preserved,
fortes,60,esdb-inflection,inherited-from-lemma,forte
forth,60,cleaned-dictionary,preserved,
forties,60,esdb-inflection,inherited-from-lemma,forty
fortify,60,cleaned-dictionary,preserved,
forts,60,esdb-inflection,inherited-from-lemma,fort
fortune,60,cleaned-dictionary,preserved,
forty,60,cleaned-dictionary,preserved,
forum,60,cleaned-dictionary,preserved,
forums,60,esdb-inflection,inherited-from-lemma,forum
forward,60,cleaned-dictionary,preserved,
forwent,60,esdb-inflection,inherited-from-lemma,forgo
fossil,60,cleaned-dictionary,preserved,
fossils,60,esdb-inflection,inherited-from-lemma,fossil
foster,60,cleaned-dictionary,preserved,
fosters,60,esdb-inflection,inherited-from-lemma,foster
fought,60,cleaned-dictionary,preserved,
foul,60,cleaned-dictionary,preserved,
fouled,60,esdb-inflection,inherited-from-lemma,foul
fouler,60,esdb-inflection,inherited-from-lemma,foul
foulest,60,esdb-inflection,inherited-from-lemma,foul
fouling,60,esdb-inflection,inherited-from-lemma,foul
found,60,cleaned-dictionary,preserved,
founded,60,cleaned-dictionary,preserved,
founder,60,cleaned-dictionary,preserved,
foundry,60,cleaned-dictionary,preserved,
founds,60,esdb-inflection,inherited-from-lemma,found
fount,60,cleaned-dictionary,preserved,
founts,60,esdb-inflection,inherited-from-lemma,fount
four,60,cleaned-dictionary,preserved,
fours,60,esdb-inflection,inherited-from-lemma,four
fourth,60,cleaned-dictionary,preserved,
fourths,60,esdb-inflection,inherited-from-lemma,fourth
fowl,60,cleaned-dictionary,preserved,
fowled,60,esdb-inflection,inherited-from-lemma,fowl
fowling,60,esdb-inflection,inherited-from-lemma,fowl
fowls,60,esdb-inflection,inherited-from-lemma,fowl
fox,60,cleaned-dictionary,preserved,
foxed,60,esdb-inflection,inherited-from-lemma,fox
foxes,60,cleaned-dictionary,preserved,
foxhole,60,cleaned-dictionary,preserved,
foxier,60,esdb-inflection,inherited-from-lemma,foxy
foxiest,60,esdb-inflection,inherited-from-lemma,foxy
foxing,60,esdb-inflection,inherited-from-lemma,fox
foxtrot,60,cleaned-dictionary,preserved,
foxy,60,cleaned-dictionary,preserved,
foyer,60,cleaned-dictionary,preserved,
foyers,60,esdb-inflection,inherited-from-lemma,foyer
fracas,60,cleaned-dictionary,preserved,
fragile,60,cleaned-dictionary,preserved,
frail,60,cleaned-dictionary,preserved,
frailer,60,esdb-inflection,inherited-from-lemma,frail
frame,60,cleaned-dictionary,preserved,
framed,60,cleaned-dictionary,preserved,
frames,60,esdb-inflection,inherited-from-lemma,frame
framing,60,cleaned-dictionary,preserved,
franc,60,cleaned-dictionary,preserved,
francs,60,esdb-inflection,inherited-from-lemma,franc
frank,60,cleaned-dictionary,preserved,
franked,60,esdb-inflection,inherited-from-lemma,frank
franker,60,esdb-inflection,inherited-from-lemma,frank
frankly,60,cleaned-dictionary,preserved,
frantic,60,cleaned-dictionary,preserved,
frappe,60,cleaned-dictionary,preserved,
frat,60,cleaned-dictionary,preserved,
frats,60,esdb-inflection,inherited-from-lemma,frat
fraud,60,cleaned-dictionary,preserved,
frauds,60,esdb-inflection,inherited-from-lemma,fraud
fraught,60,cleaned-dictionary,preserved,
fray,60,cleaned-dictionary,preserved,
frayed,60,esdb-inflection,inherited-from-lemma,fray
fraying,60,esdb-inflection,inherited-from-lemma,fray
frays,60,esdb-inflection,inherited-from-lemma,fray
freak,60,cleaned-dictionary,preserved,
freaked,60,esdb-inflection,inherited-from-lemma,freak
freaks,60,esdb-inflection,inherited-from-lemma,freak
freckle,60,cleaned-dictionary,preserved,
free,60,cleaned-dictionary,preserved,
freebie,60,cleaned-dictionary,preserved,
freed,60,cleaned-dictionary,preserved,
freedom,60,cleaned-dictionary,preserved,
freeing,60,esdb-inflection,inherited-from-lemma,free
freely,60,cleaned-dictionary,preserved,
freemen,60,cleaned-dictionary,preserved,
freer,60,esdb-inflection,inherited-from-lemma,free
frees,60,esdb-inflection,inherited-from-lemma,free
freesia,60,cleaned-dictionary,preserved,
freest,60,esdb-inflection,inherited-from-lemma,free
freeway,60,cleaned-dictionary,preserved,
freeze,60,cleaned-dictionary,preserved,
freezer,60,cleaned-dictionary,preserved,
freezes,60,esdb-inflection,inherited-from-lemma,freeze
freight,60,cleaned-dictionary,preserved,
frenemy,60,cleaned-dictionary,preserved,
frenzy,60,cleaned-dictionary,preserved,
fresco,60,cleaned-dictionary,preserved,
fresh,60,cleaned-dictionary,preserved,
fresher,60,cleaned-dictionary,preserved,
fret,60,cleaned-dictionary,preserved,
frets,60,esdb-inflection,inherited-from-lemma,fret
fretted,60,esdb-inflection,inherited-from-lemma,fret
friable,60,cleaned-dictionary,preserved,
friar,60,cleaned-dictionary,preserved,
friars,60,esdb-inflection,inherited-from-lemma,friar
friary,60,cleaned-dictionary,preserved,
fridge,60,cleaned-dictionary,preserved,
fridges,60,esdb-inflection,inherited-from-lemma,fridge
fried,60,cleaned-dictionary,preserved,
friend,60,cleaned-dictionary,preserved,
friends,60,cleaned-dictionary,preserved,
fries,60,esdb-inflection,inherited-from-lemma,fry
frieze,60,cleaned-dictionary,preserved,
friezes,60,esdb-inflection,inherited-from-lemma,frieze
fright,60,cleaned-dictionary,preserved,
frights,60,esdb-inflection,inherited-from-lemma,fright
frigid,60,cleaned-dictionary,preserved,
fringe,60,cleaned-dictionary,preserved,
fringed,60,esdb-inflection,inherited-from-lemma,fringe
fringes,60,esdb-inflection,inherited-from-lemma,fringe
frisk,60,cleaned-dictionary,preserved,
frisked,60,esdb-inflection,inherited-from-lemma,frisk
frisks,60,esdb-inflection,inherited-from-lemma,frisk
frisky,60,cleaned-dictionary,preserved,
frisson,60,cleaned-dictionary,preserved,
fritter,60,cleaned-dictionary,preserved,
frizz,60,cleaned-dictionary,preserved,
frizzed,60,esdb-inflection,inherited-from-lemma,frizz
frizzes,60,esdb-inflection,inherited-from-lemma,frizz
frizzy,60,cleaned-dictionary,preserved,
fro,60,cleaned-dictionary,preserved,
frock,60,cleaned-dictionary,preserved,
frocks,60,esdb-inflection,inherited-from-lemma,frock
frog,60,cleaned-dictionary,preserved,
frogs,60,esdb-inflection,inherited-from-lemma,frog
frolic,60,cleaned-dictionary,preserved,
frolics,60,esdb-inflection,inherited-from-lemma,frolic
from,60,cleaned-dictionary,preserved,
frond,60,cleaned-dictionary,preserved,
fronds,60,esdb-inflection,inherited-from-lemma,frond
front,60,cleaned-dictionary,preserved,
frontal,60,cleaned-dictionary,preserved,
fronted,60,esdb-inflection,inherited-from-lemma,front
fronts,60,esdb-inflection,inherited-from-lemma,front
frosh,60,cleaned-dictionary,preserved,
frost,60,cleaned-dictionary,preserved,
frosted,60,cleaned-dictionary,preserved,
frosts,60,esdb-inflection,inherited-from-lemma,frost
froth,60,cleaned-dictionary,preserved,
frothed,60,esdb-inflection,inherited-from-lemma,froth
froths,60,esdb-inflection,inherited-from-lemma,froth
frothy,60,cleaned-dictionary,preserved,
frown,60,cleaned-dictionary,preserved,
frowned,60,esdb-inflection,inherited-from-lemma,frown
frowns,60,esdb-inflection,inherited-from-lemma,frown
froze,60,cleaned-dictionary,preserved,
frozen,60,cleaned-dictionary,preserved,
frugal,60,cleaned-dictionary,preserved,
fruit,60,cleaned-dictionary,preserved,
fruited,60,esdb-inflection,inherited-from-lemma,fruit
fruits,60,cleaned-dictionary,preserved,
frumpy,60,cleaned-dictionary,preserved,
frustum,60,cleaned-dictionary,preserved,
fry,60,cleaned-dictionary,preserved,
frying,60,esdb-inflection,inherited-from-lemma,fry
fuchsia,60,cleaned-dictionary,preserved,
fudge,60,cleaned-dictionary,preserved,
fudged,60,esdb-inflection,inherited-from-lemma,fudge
fudges,60,esdb-inflection,inherited-from-lemma,fudge
fudging,60,esdb-inflection,inherited-from-lemma,fudge
fuel,60,cleaned-dictionary,preserved,
fueled,60,esdb-inflection,inherited-from-lemma,fuel
fueling,60,esdb-inflection,inherited-from-lemma,fuel
fuels,60,cleaned-dictionary,preserved,
fug,60,cleaned-dictionary,preserved,
fugal,60,cleaned-dictionary,preserved,
fugue,60,cleaned-dictionary,preserved,
fugues,60,esdb-inflection,inherited-from-lemma,fugue
fulcrum,60,cleaned-dictionary,preserved,
fulfill,60,cleaned-dictionary,preserved,
full,60,cleaned-dictionary,preserved,
fulled,60,esdb-inflection,inherited-from-lemma,full
fuller,60,cleaned-dictionary,preserved,
fullers,60,esdb-inflection,inherited-from-lemma,fuller
fullest,60,esdb-inflection,inherited-from-lemma,full
fulling,60,esdb-inflection,inherited-from-lemma,full
fulls,60,esdb-inflection,inherited-from-lemma,full
fully,60,cleaned-dictionary,preserved,
fulsome,60,cleaned-dictionary,preserved,
fumble,60,cleaned-dictionary,preserved,
fumbled,60,esdb-inflection,inherited-from-lemma,fumble
fumbles,60,esdb-inflection,inherited-from-lemma,fumble
fume,60,cleaned-dictionary,preserved,
fumed,60,esdb-inflection,inherited-from-lemma,fume
fumes,60,esdb-inflection,inherited-from-lemma,fume
fuming,60,esdb-inflection,inherited-from-lemma,fume
fun,60,cleaned-dictionary,preserved,
fund,60,cleaned-dictionary,preserved,
funded,60,esdb-inflection,inherited-from-lemma,fund
funder,60,cleaned-dictionary,preserved,
funders,60,esdb-inflection,inherited-from-lemma,funder
funding,60,cleaned-dictionary,preserved,
funds,60,cleaned-dictionary,preserved,
funeral,60,cleaned-dictionary,preserved,
fungal,60,cleaned-dictionary,preserved,
fungi,60,cleaned-dictionary,preserved,
fungus,60,cleaned-dictionary,preserved,
funk,60,cleaned-dictionary,preserved,
funked,60,esdb-inflection,inherited-from-lemma,funk
funkier,60,esdb-inflection,inherited-from-lemma,funky
funking,60,esdb-inflection,inherited-from-lemma,funk
funks,60,esdb-inflection,inherited-from-lemma,funk
funky,60,cleaned-dictionary,preserved,
funnel,60,cleaned-dictionary,preserved,
funnels,60,esdb-inflection,inherited-from-lemma,funnel
funner,60,esdb-inflection,inherited-from-lemma,fun
funnest,60,esdb-inflection,inherited-from-lemma,fun
funnier,60,esdb-inflection,inherited-from-lemma,funny
funnies,60,esdb-inflection,inherited-from-lemma,funny
funnily,60,cleaned-dictionary,preserved,
funny,60,cleaned-dictionary,preserved,
fur,60,cleaned-dictionary,preserved,
furies,60,esdb-inflection,inherited-from-lemma,fury
furious,60,cleaned-dictionary,preserved,
furl,60,cleaned-dictionary,preserved,
furled,60,esdb-inflection,inherited-from-lemma,furl
furling,60,esdb-inflection,inherited-from-lemma,furl
furlong,60,cleaned-dictionary,preserved,
furls,60,esdb-inflection,inherited-from-lemma,furl
furnace,60,cleaned-dictionary,preserved,
furnish,60,cleaned-dictionary,preserved,
furor,60,cleaned-dictionary,preserved,
furors,60,esdb-inflection,inherited-from-lemma,furor
furred,60,esdb-inflection,inherited-from-lemma,fur
furrier,60,esdb-inflection,inherited-from-lemma,furry
furring,60,esdb-inflection,inherited-from-lemma,fur
furrow,60,cleaned-dictionary,preserved,
furrows,60,esdb-inflection,inherited-from-lemma,furrow
furry,60,cleaned-dictionary,preserved,
furs,60,esdb-inflection,inherited-from-lemma,fur
further,60,cleaned-dictionary,preserved,
furtive,60,cleaned-dictionary,preserved,
fury,60,cleaned-dictionary,preserved,
furze,60,cleaned-dictionary,preserved,
fuse,60,cleaned-dictionary,preserved,
fused,60,esdb-inflection,inherited-from-lemma,fuse
fuses,60,esdb-inflection,inherited-from-lemma,fuse
fusible,60,cleaned-dictionary,preserved,
fusing,60,esdb-inflection,inherited-from-lemma,fuse
fusion,60,cleaned-dictionary,preserved,
fusions,60,esdb-inflection,inherited-from-lemma,fusion
fuss,60,cleaned-dictionary,preserved,
fussed,60,esdb-inflection,inherited-from-lemma,fuss
fusses,60,esdb-inflection,inherited-from-lemma,fuss
fussier,60,esdb-inflection,inherited-from-lemma,fussy
fussing,60,esdb-inflection,inherited-from-lemma,fuss
fussy,60,cleaned-dictionary,preserved,
fustian,60,cleaned-dictionary,preserved,
fustier,60,esdb-inflection,inherited-from-lemma,fusty
fusty,60,cleaned-dictionary,preserved,
futile,60,cleaned-dictionary,preserved,
futon,60,cleaned-dictionary,preserved,
futons,60,esdb-inflection,inherited-from-lemma,futon
future,60,cleaned-dictionary,preserved,
futures,60,cleaned-dictionary,preserved,
fuzz,60,cleaned-dictionary,preserved,
fuzzed,60,esdb-inflection,inherited-from-lemma,fuzz
fuzzes,60,esdb-inflection,inherited-from-lemma,fuzz
fuzzier,60,esdb-inflection,inherited-from-lemma,fuzzy
fuzzing,60,esdb-inflection,inherited-from-lemma,fuzz
fuzzy,60,cleaned-dictionary,preserved,
gab,60,cleaned-dictionary,preserved,
gabbed,60,esdb-inflection,inherited-from-lemma,gab
gabbing,60,esdb-inflection,inherited-from-lemma,gab
gable,60,cleaned-dictionary,preserved,
gables,60,esdb-inflection,inherited-from-lemma,gable
gabs,60,esdb-inflection,inherited-from-lemma,gab
gad,60,cleaned-dictionary,preserved,
gadded,60,esdb-inflection,inherited-from-lemma,gad
gadder,60,cleaned-dictionary,preserved,
gadders,60,esdb-inflection,inherited-from-lemma,gadder
gadding,60,esdb-inflection,inherited-from-lemma,gad
gadfly,60,cleaned-dictionary,preserved,
gadget,60,cleaned-dictionary,preserved,
gadgets,60,esdb-inflection,inherited-from-lemma,gadget
gads,60,esdb-inflection,inherited-from-lemma,gad
gaff,60,cleaned-dictionary,preserved,
gaffe,60,cleaned-dictionary,preserved,
gaffed,60,esdb-inflection,inherited-from-lemma,gaff
gaffer,60,cleaned-dictionary,preserved,
gaffers,60,esdb-inflection,inherited-from-lemma,gaffer
gaffes,60,esdb-inflection,inherited-from-lemma,gaffe
gaffing,60,esdb-inflection,inherited-from-lemma,gaff
gaffs,60,esdb-inflection,inherited-from-lemma,gaff
gag,60,cleaned-dictionary,preserved,
gaga,60,cleaned-dictionary,preserved,
gagged,60,esdb-inflection,inherited-from-lemma,gag
gagging,60,esdb-inflection,inherited-from-lemma,gag
gaggle,60,cleaned-dictionary,preserved,
gaggles,60,esdb-inflection,inherited-from-lemma,gaggle
gags,60,esdb-inflection,inherited-from-lemma,gag
gaiety,60,cleaned-dictionary,preserved,
gaily,60,cleaned-dictionary,preserved,
gain,60,cleaned-dictionary,preserved,
gained,60,cleaned-dictionary,preserved,
gaining,60,cleaned-dictionary,preserved,
gains,60,esdb-inflection,inherited-from-lemma,gain
gainsay,60,cleaned-dictionary,preserved,
gait,60,cleaned-dictionary,preserved,
gaiter,60,cleaned-dictionary,preserved,
gaiters,60,esdb-inflection,inherited-from-lemma,gaiter
gaits,60,esdb-inflection,inherited-from-lemma,gait
gal,60,cleaned-dictionary,preserved,
gala,60,cleaned-dictionary,preserved,
galas,60,esdb-inflection,inherited-from-lemma,gala
galaxy,60,cleaned-dictionary,preserved,
gale,60,cleaned-dictionary,preserved,
galena,60,cleaned-dictionary,preserved,
gales,60,esdb-inflection,inherited-from-lemma,gale
gall,60,cleaned-dictionary,preserved,
gallant,60,cleaned-dictionary,preserved,
galled,60,esdb-inflection,inherited-from-lemma,gall
galleon,60,cleaned-dictionary,preserved,
gallery,60,cleaned-dictionary,preserved,
galley,60,cleaned-dictionary,preserved,
galleys,60,esdb-inflection,inherited-from-lemma,galley
galling,60,esdb-inflection,inherited-from-lemma,gall
gallium,60,cleaned-dictionary,preserved,
gallon,60,cleaned-dictionary,preserved,
gallons,60,esdb-inflection,inherited-from-lemma,gallon
gallop,60,cleaned-dictionary,preserved,
gallops,60,esdb-inflection,inherited-from-lemma,gallop
gallows,60,cleaned-dictionary,preserved,
galls,60,esdb-inflection,inherited-from-lemma,gall
galore,60,cleaned-dictionary,preserved,
gals,60,esdb-inflection,inherited-from-lemma,gal
gambit,60,cleaned-dictionary,preserved,
gambits,60,esdb-inflection,inherited-from-lemma,gambit
gamble,60,cleaned-dictionary,preserved,
gambled,60,esdb-inflection,inherited-from-lemma,gamble
gambles,60,esdb-inflection,inherited-from-lemma,gamble
game,60,cleaned-dictionary,preserved,
gamed,60,esdb-inflection,inherited-from-lemma,game
gamer,60,cleaned-dictionary,preserved,
games,60,cleaned-dictionary,preserved,
gamest,60,esdb-inflection,inherited-from-lemma,game
gamete,60,cleaned-dictionary,preserved,
gametes,60,esdb-inflection,inherited-from-lemma,gamete
gaming,60,esdb-inflection,inherited-from-lemma,game
gamma,60,cleaned-dictionary,preserved,
gammas,60,esdb-inflection,inherited-from-lemma,gamma
gamut,60,cleaned-dictionary,preserved,
gamuts,60,esdb-inflection,inherited-from-lemma,gamut
gander,60,cleaned-dictionary,preserved,
ganders,60,esdb-inflection,inherited-from-lemma,gander
gang,60,cleaned-dictionary,preserved,
ganged,60,esdb-inflection,inherited-from-lemma,gang
ganging,60,esdb-inflection,inherited-from-lemma,gang
gangly,60,cleaned-dictionary,preserved,
gangs,60,esdb-inflection,inherited-from-lemma,gang
gangsta,60,cleaned-dictionary,preserved,
gangway,60,cleaned-dictionary,preserved,
gannet,60,cleaned-dictionary,preserved,
gannets,60,esdb-inflection,inherited-from-lemma,gannet
gantry,60,cleaned-dictionary,preserved,
gap,60,cleaned-dictionary,preserved,
gape,60,cleaned-dictionary,preserved,
gaped,60,esdb-inflection,inherited-from-lemma,gape
gapes,60,esdb-inflection,inherited-from-lemma,gape
gaping,60,esdb-inflection,inherited-from-lemma,gape
gaps,60,cleaned-dictionary,preserved,
gar,60,cleaned-dictionary,preserved,
garage,60,cleaned-dictionary,preserved,
garaged,60,esdb-inflection,inherited-from-lemma,garage
garages,60,esdb-inflection,inherited-from-lemma,garage
garb,60,cleaned-dictionary,preserved,
garbage,60,cleaned-dictionary,preserved,
garbed,60,esdb-inflection,inherited-from-lemma,garb
garbing,60,esdb-inflection,inherited-from-lemma,garb
garble,60,cleaned-dictionary,preserved,
garbled,60,esdb-inflection,inherited-from-lemma,garble
garbles,60,esdb-inflection,inherited-from-lemma,garble
garbs,60,esdb-inflection,inherited-from-lemma,garb
garden,60,cleaned-dictionary,preserved,
gardens,60,cleaned-dictionary,preserved,
garish,60,cleaned-dictionary,preserved,
garland,60,cleaned-dictionary,preserved,
garlic,60,cleaned-dictionary,preserved,
garment,60,cleaned-dictionary,preserved,
garner,60,cleaned-dictionary,preserved,
garners,60,esdb-inflection,inherited-from-lemma,garner
garnet,60,cleaned-dictionary,preserved,
garnets,60,esdb-inflection,inherited-from-lemma,garnet
garnish,60,cleaned-dictionary,preserved,
gars,60,esdb-inflection,inherited-from-lemma,gar
gas,60,cleaned-dictionary,preserved,
gaseous,60,cleaned-dictionary,preserved,
gases,60,cleaned-dictionary,preserved,
gash,60,cleaned-dictionary,preserved,
gashed,60,esdb-inflection,inherited-from-lemma,gash
gashes,60,esdb-inflection,inherited-from-lemma,gash
gashing,60,esdb-inflection,inherited-from-lemma,gash
gasket,60,cleaned-dictionary,preserved,
gaskets,60,esdb-inflection,inherited-from-lemma,gasket
gasp,60,cleaned-dictionary,preserved,
gasped,60,cleaned-dictionary,preserved,
gasping,60,esdb-inflection,inherited-from-lemma,gasp
gasps,60,esdb-inflection,inherited-from-lemma,gasp
gassed,60,esdb-inflection,inherited-from-lemma,gas
gassier,60,esdb-inflection,inherited-from-lemma,gassy
gassing,60,esdb-inflection,inherited-from-lemma,gas
gassy,60,cleaned-dictionary,preserved,
gate,60,cleaned-dictionary,preserved,
gateau,60,cleaned-dictionary,preserved,
gateaux,60,cleaned-dictionary,preserved,
gated,60,esdb-inflection,inherited-from-lemma,gate
gates,60,cleaned-dictionary,preserved,
gather,60,cleaned-dictionary,preserved,
gathers,60,esdb-inflection,inherited-from-lemma,gather
gating,60,esdb-inflection,inherited-from-lemma,gate
gator,60,cleaned-dictionary,preserved,
gators,60,esdb-inflection,inherited-from-lemma,gator
gauche,60,cleaned-dictionary,preserved,
gaucher,60,esdb-inflection,inherited-from-lemma,gauche
gaucho,60,cleaned-dictionary,preserved,
gauchos,60,cleaned-dictionary,preserved,
gaudier,60,esdb-inflection,inherited-from-lemma,gaudy
gaudy,60,cleaned-dictionary,preserved,
gauge,60,cleaned-dictionary,preserved,
gauged,60,esdb-inflection,inherited-from-lemma,gauge
gauges,60,esdb-inflection,inherited-from-lemma,gauge
gauging,60,esdb-inflection,inherited-from-lemma,gauge
gaunt,60,cleaned-dictionary,preserved,
gaunter,60,esdb-inflection,inherited-from-lemma,gaunt
gauze,60,cleaned-dictionary,preserved,
gauzier,60,esdb-inflection,inherited-from-lemma,gauzy
gauzy,60,cleaned-dictionary,preserved,
gave,60,cleaned-dictionary,preserved,
gawk,60,cleaned-dictionary,preserved,
gawked,60,esdb-inflection,inherited-from-lemma,gawk
gawkier,60,esdb-inflection,inherited-from-lemma,gawky
gawking,60,esdb-inflection,inherited-from-lemma,gawk
gawks,60,esdb-inflection,inherited-from-lemma,gawk
gawky,60,cleaned-dictionary,preserved,
gawping,60,cleaned-dictionary,preserved,
gayness,60,cleaned-dictionary,preserved,
gaze,60,cleaned-dictionary,preserved,
gazebo,60,cleaned-dictionary,preserved,
gazebos,60,esdb-inflection,inherited-from-lemma,gazebo
gazed,60,cleaned-dictionary,preserved,
gazelle,60,cleaned-dictionary,preserved,
gazes,60,esdb-inflection,inherited-from-lemma,gaze
gazette,60,cleaned-dictionary,preserved,
gazing,60,cleaned-dictionary,preserved,
gear,60,cleaned-dictionary,preserved,
gearbox,60,cleaned-dictionary,preserved,
geared,60,esdb-inflection,inherited-from-lemma,gear
gearing,60,esdb-inflection,inherited-from-lemma,gear
gears,60,esdb-inflection,inherited-from-lemma,gear
gecko,60,cleaned-dictionary,preserved,
geckos,60,esdb-inflection,inherited-from-lemma,gecko
gee,60,cleaned-dictionary,preserved,
geed,60,esdb-inflection,inherited-from-lemma,gee
geeing,60,esdb-inflection,inherited-from-lemma,gee
geek,60,cleaned-dictionary,preserved,
geekier,60,esdb-inflection,inherited-from-lemma,geeky
geeks,60,esdb-inflection,inherited-from-lemma,geek
geeky,60,cleaned-dictionary,preserved,
gees,60,esdb-inflection,inherited-from-lemma,gee
geese,60,cleaned-dictionary,preserved,
geezer,60,cleaned-dictionary,preserved,
geezers,60,esdb-inflection,inherited-from-lemma,geezer
geisha,60,cleaned-dictionary,preserved,
geishas,60,esdb-inflection,inherited-from-lemma,geisha
gel,60,cleaned-dictionary,preserved,
gelatin,60,cleaned-dictionary,preserved,
gelato,60,cleaned-dictionary,preserved,
geld,60,cleaned-dictionary,preserved,
gelded,60,esdb-inflection,inherited-from-lemma,geld
gelding,60,cleaned-dictionary,preserved,
gelds,60,esdb-inflection,inherited-from-lemma,geld
gelid,60,cleaned-dictionary,preserved,
gelled,60,esdb-inflection,inherited-from-lemma,gel
gelling,60,esdb-inflection,inherited-from-lemma,gel
gels,60,esdb-inflection,inherited-from-lemma,gel
gem,60,cleaned-dictionary,preserved,
gems,60,esdb-inflection,inherited-from-lemma,gem
gen,60,cleaned-dictionary,preserved,
gender,60,cleaned-dictionary,preserved,
genders,60,cleaned-dictionary,preserved,
gene,60,cleaned-dictionary,preserved,
genera,60,cleaned-dictionary,preserved,
general,60,cleaned-dictionary,preserved,
generic,60,cleaned-dictionary,preserved,
genes,60,cleaned-dictionary,preserved,
geneses,60,esdb-inflection,inherited-from-lemma,genesis
genesis,60,cleaned-dictionary,preserved,
genetic,60,cleaned-dictionary,preserved,
genial,60,cleaned-dictionary,preserved,
genie,60,cleaned-dictionary,preserved,
genies,60,esdb-inflection,inherited-from-lemma,genie
genii,60,esdb-inflection,inherited-from-lemma,genius
genital,60,cleaned-dictionary,preserved,
genius,60,cleaned-dictionary,preserved,
genned,60,esdb-inflection,inherited-from-lemma,gen
genning,60,esdb-inflection,inherited-from-lemma,gen
genome,60,cleaned-dictionary,preserved,
genomes,60,esdb-inflection,inherited-from-lemma,genome
genre,60,cleaned-dictionary,preserved,
genres,60,cleaned-dictionary,preserved,
gens,60,cleaned-dictionary,preserved,
gent,60,cleaned-dictionary,preserved,
gentile,60,cleaned-dictionary,preserved,
gentle,60,cleaned-dictionary,preserved,
gentled,60,esdb-inflection,inherited-from-lemma,gentle
gentler,60,esdb-inflection,inherited-from-lemma,gentle
gentles,60,esdb-inflection,inherited-from-lemma,gentle
gently,60,cleaned-dictionary,preserved,
gentry,60,cleaned-dictionary,preserved,
gents,60,cleaned-dictionary,preserved,
genuine,60,cleaned-dictionary,preserved,
genus,60,cleaned-dictionary,preserved,
geodesy,60,cleaned-dictionary,preserved,
geology,60,cleaned-dictionary,preserved,
gerbil,60,cleaned-dictionary,preserved,
gerbils,60,esdb-inflection,inherited-from-lemma,gerbil
germ,60,cleaned-dictionary,preserved,
germane,60,cleaned-dictionary,preserved,
germs,60,esdb-inflection,inherited-from-lemma,germ
gerund,60,cleaned-dictionary,preserved,
gerunds,60,esdb-inflection,inherited-from-lemma,gerund
gesso,60,cleaned-dictionary,preserved,
gestalt,60,cleaned-dictionary,preserved,
gesture,60,cleaned-dictionary,preserved,
get,60,cleaned-dictionary,preserved,
getaway,60,cleaned-dictionary,preserved,
gets,60,cleaned-dictionary,preserved,
getting,60,cleaned-dictionary,preserved,
getup,60,cleaned-dictionary,preserved,
getups,60,esdb-inflection,inherited-from-lemma,getup
gewgaw,60,cleaned-dictionary,preserved,
gewgaws,60,esdb-inflection,inherited-from-lemma,gewgaw
geyser,60,cleaned-dictionary,preserved,
geysers,60,esdb-inflection,inherited-from-lemma,geyser
ghastly,60,cleaned-dictionary,preserved,
ghee,60,cleaned-dictionary,preserved,
gherkin,60,cleaned-dictionary,preserved,
ghetto,60,cleaned-dictionary,preserved,
ghettos,60,esdb-inflection,inherited-from-lemma,ghetto
ghost,60,cleaned-dictionary,preserved,
ghosted,60,esdb-inflection,inherited-from-lemma,ghost
ghostly,60,cleaned-dictionary,preserved,
ghosts,60,cleaned-dictionary,preserved,
ghoul,60,cleaned-dictionary,preserved,
ghouls,60,esdb-inflection,inherited-from-lemma,ghoul
giant,60,cleaned-dictionary,preserved,
giants,60,cleaned-dictionary,preserved,
gibber,60,cleaned-dictionary,preserved,
gibbers,60,esdb-inflection,inherited-from-lemma,gibber
gibbon,60,cleaned-dictionary,preserved,
gibbons,60,esdb-inflection,inherited-from-lemma,gibbon
gibbous,60,cleaned-dictionary,preserved,
giblet,60,cleaned-dictionary,preserved,
giblets,60,cleaned-dictionary,preserved,
giddier,60,esdb-inflection,inherited-from-lemma,giddy
giddy,60,cleaned-dictionary,preserved,
gift,60,cleaned-dictionary,preserved,
gifted,60,cleaned-dictionary,preserved,
gifting,60,esdb-inflection,inherited-from-lemma,gift
gifts,60,cleaned-dictionary,preserved,
gig,60,cleaned-dictionary,preserved,
gigged,60,cleaned-dictionary,preserved,
gigging,60,esdb-inflection,inherited-from-lemma,gig
giggle,60,cleaned-dictionary,preserved,
giggled,60,esdb-inflection,inherited-from-lemma,giggle
giggles,60,esdb-inflection,inherited-from-lemma,giggle
gigs,60,esdb-inflection,inherited-from-lemma,gig
gild,60,cleaned-dictionary,preserved,
gilded,60,cleaned-dictionary,preserved,
gilder,60,cleaned-dictionary,preserved,
gilders,60,esdb-inflection,inherited-from-lemma,gilder
gilding,60,esdb-inflection,inherited-from-lemma,gild
gilds,60,esdb-inflection,inherited-from-lemma,gild
gill,60,cleaned-dictionary,preserved,
gills,60,cleaned-dictionary,preserved,
gilt,60,cleaned-dictionary,preserved,
gilts,60,esdb-inflection,inherited-from-lemma,gilt
gimme,60,cleaned-dictionary,preserved,
gimmes,60,esdb-inflection,inherited-from-lemma,gimme
gimmick,60,cleaned-dictionary,preserved,
gimp,60,cleaned-dictionary,preserved,
gimped,60,esdb-inflection,inherited-from-lemma,gimp
gimping,60,esdb-inflection,inherited-from-lemma,gimp
gimps,60,esdb-inflection,inherited-from-lemma,gimp
gin,60,cleaned-dictionary,preserved,
ginger,60,cleaned-dictionary,preserved,
gingers,60,esdb-inflection,inherited-from-lemma,ginger
ginkgo,60,cleaned-dictionary,preserved,
ginned,60,esdb-inflection,inherited-from-lemma,gin
ginning,60,esdb-inflection,inherited-from-lemma,gin
gins,60,esdb-inflection,inherited-from-lemma,gin
ginseng,60,cleaned-dictionary,preserved,
giraffe,60,cleaned-dictionary,preserved,
gird,60,cleaned-dictionary,preserved,
girded,60,esdb-inflection,inherited-from-lemma,gird
girder,60,cleaned-dictionary,preserved,
girders,60,esdb-inflection,inherited-from-lemma,girder
girding,60,esdb-inflection,inherited-from-lemma,gird
girdle,60,cleaned-dictionary,preserved,
girdled,60,esdb-inflection,inherited-from-lemma,girdle
girdles,60,esdb-inflection,inherited-from-lemma,girdle
girds,60,esdb-inflection,inherited-from-lemma,gird
girl,60,cleaned-dictionary,preserved,
girlish,60,cleaned-dictionary,preserved,
girls,60,cleaned-dictionary,preserved,
girly,60,cleaned-dictionary,preserved,
giro,60,cleaned-dictionary,preserved,
giros,60,cleaned-dictionary,preserved,
girt,60,cleaned-dictionary,preserved,
girted,60,esdb-inflection,inherited-from-lemma,girt
girth,60,cleaned-dictionary,preserved,
girths,60,esdb-inflection,inherited-from-lemma,girth
girting,60,esdb-inflection,inherited-from-lemma,girt
girts,60,esdb-inflection,inherited-from-lemma,girt
gist,60,cleaned-dictionary,preserved,
git,60,cleaned-dictionary,preserved,
gits,60,esdb-inflection,inherited-from-lemma,git
give,60,cleaned-dictionary,preserved,
given,60,cleaned-dictionary,preserved,
givens,60,cleaned-dictionary,preserved,
giver,60,cleaned-dictionary,preserved,
givers,60,esdb-inflection,inherited-from-lemma,giver
gives,60,esdb-inflection,inherited-from-lemma,give
giving,60,cleaned-dictionary,preserved,
gizmo,60,cleaned-dictionary,preserved,
gizmos,60,esdb-inflection,inherited-from-lemma,gizmo
gizzard,60,cleaned-dictionary,preserved,
glacial,60,cleaned-dictionary,preserved,
glacier,60,cleaned-dictionary,preserved,
glad,60,cleaned-dictionary,preserved,
gladder,60,esdb-inflection,inherited-from-lemma,glad
glade,60,cleaned-dictionary,preserved,
glades,60,esdb-inflection,inherited-from-lemma,glade
gladly,60,cleaned-dictionary,preserved,
glads,60,esdb-inflection,inherited-from-lemma,glad
glamour,60,cleaned-dictionary,preserved,
glance,60,cleaned-dictionary,preserved,
glanced,60,cleaned-dictionary,preserved,
glances,60,cleaned-dictionary,preserved,
gland,60,cleaned-dictionary,preserved,
glandes,60,esdb-inflection,inherited-from-lemma,glans
glands,60,cleaned-dictionary,preserved,
glans,60,cleaned-dictionary,preserved,
glare,60,cleaned-dictionary,preserved,
glared,60,esdb-inflection,inherited-from-lemma,glare
glares,60,esdb-inflection,inherited-from-lemma,glare
glaring,60,esdb-inflection,inherited-from-lemma,glare
glass,60,cleaned-dictionary,preserved,
glassed,60,esdb-inflection,inherited-from-lemma,glass
glasses,60,cleaned-dictionary,preserved,
glaze,60,cleaned-dictionary,preserved,
glazed,60,esdb-inflection,inherited-from-lemma,glaze
glazes,60,esdb-inflection,inherited-from-lemma,glaze
glazier,60,cleaned-dictionary,preserved,
glazing,60,esdb-inflection,inherited-from-lemma,glaze
gleam,60,cleaned-dictionary,preserved,
gleamed,60,esdb-inflection,inherited-from-lemma,gleam
gleams,60,esdb-inflection,inherited-from-lemma,gleam
glean,60,cleaned-dictionary,preserved,
gleaned,60,esdb-inflection,inherited-from-lemma,glean
gleans,60,esdb-inflection,inherited-from-lemma,glean
glee,60,cleaned-dictionary,preserved,
gleeful,60,cleaned-dictionary,preserved,
glen,60,cleaned-dictionary,preserved,
glens,60,esdb-inflection,inherited-from-lemma,glen
glib,60,cleaned-dictionary,preserved,
glibber,60,esdb-inflection,inherited-from-lemma,glib
glide,60,cleaned-dictionary,preserved,
glided,60,esdb-inflection,inherited-from-lemma,glide
glider,60,cleaned-dictionary,preserved,
gliders,60,esdb-inflection,inherited-from-lemma,glider
glides,60,esdb-inflection,inherited-from-lemma,glide
gliding,60,cleaned-dictionary,preserved,
glimpse,60,cleaned-dictionary,preserved,
glitch,60,cleaned-dictionary,preserved,
glitter,60,cleaned-dictionary,preserved,
global,60,cleaned-dictionary,preserved,
globe,60,cleaned-dictionary,preserved,
globes,60,esdb-inflection,inherited-from-lemma,globe
globule,60,cleaned-dictionary,preserved,
gloom,60,cleaned-dictionary,preserved,
gloomy,60,cleaned-dictionary,preserved,
glop,60,cleaned-dictionary,preserved,
gloried,60,esdb-inflection,inherited-from-lemma,glory
glories,60,esdb-inflection,inherited-from-lemma,glory
glory,60,cleaned-dictionary,preserved,
gloss,60,cleaned-dictionary,preserved,
glossed,60,esdb-inflection,inherited-from-lemma,gloss
glosses,60,esdb-inflection,inherited-from-lemma,gloss
glottal,60,cleaned-dictionary,preserved,
glottis,60,cleaned-dictionary,preserved,
glove,60,cleaned-dictionary,preserved,
gloved,60,esdb-inflection,inherited-from-lemma,glove
gloves,60,cleaned-dictionary,preserved,
gloving,60,esdb-inflection,inherited-from-lemma,glove
glow,60,cleaned-dictionary,preserved,
glowed,60,esdb-inflection,inherited-from-lemma,glow
glower,60,cleaned-dictionary,preserved,
glowers,60,esdb-inflection,inherited-from-lemma,glower
glowing,60,cleaned-dictionary,preserved,
glows,60,esdb-inflection,inherited-from-lemma,glow
glucose,60,cleaned-dictionary,preserved,
glue,60,cleaned-dictionary,preserved,
glued,60,esdb-inflection,inherited-from-lemma,glue
glues,60,esdb-inflection,inherited-from-lemma,glue
gluing,60,esdb-inflection,inherited-from-lemma,glue
gluon,60,cleaned-dictionary,preserved,
gluons,60,esdb-inflection,inherited-from-lemma,gluon
glut,60,cleaned-dictionary,preserved,
glute,60,cleaned-dictionary,preserved,
gluten,60,cleaned-dictionary,preserved,
glutes,60,esdb-inflection,inherited-from-lemma,glute
gluts,60,esdb-inflection,inherited-from-lemma,glut
glutted,60,esdb-inflection,inherited-from-lemma,glut
glutton,60,cleaned-dictionary,preserved,
glycol,60,cleaned-dictionary,preserved,
glyph,60,cleaned-dictionary,preserved,
glyphs,60,cleaned-dictionary,preserved,
gnarl,60,cleaned-dictionary,preserved,
gnarled,60,esdb-inflection,inherited-from-lemma,gnarl
gnarls,60,esdb-inflection,inherited-from-lemma,gnarl
gnarly,60,cleaned-dictionary,preserved,
gnash,60,cleaned-dictionary,preserved,
gnashed,60,esdb-inflection,inherited-from-lemma,gnash
gnashes,60,esdb-inflection,inherited-from-lemma,gnash
gnat,60,cleaned-dictionary,preserved,
gnats,60,esdb-inflection,inherited-from-lemma,gnat
gnaw,60,cleaned-dictionary,preserved,
gnawed,60,esdb-inflection,inherited-from-lemma,gnaw
gnawing,60,esdb-inflection,inherited-from-lemma,gnaw
gnaws,60,esdb-inflection,inherited-from-lemma,gnaw
gnocchi,60,cleaned-dictionary,preserved,
gnome,60,cleaned-dictionary,preserved,
gnomes,60,esdb-inflection,inherited-from-lemma,gnome
gnomic,60,cleaned-dictionary,preserved,
gnosis,70,cleaned-dictionary,preserved,
gnu,60,cleaned-dictionary,preserved,
gnus,60,esdb-inflection,inherited-from-lemma,gnu
goad,60,cleaned-dictionary,preserved,
goaded,60,esdb-inflection,inherited-from-lemma,goad
goading,60,esdb-inflection,inherited-from-lemma,goad
goads,60,esdb-inflection,inherited-from-lemma,goad
goal,60,cleaned-dictionary,preserved,
goalie,60,cleaned-dictionary,preserved,
goalies,60,esdb-inflection,inherited-from-lemma,goalie
goals,60,cleaned-dictionary,preserved,
goat,60,cleaned-dictionary,preserved,
goatee,60,cleaned-dictionary,preserved,
goatees,60,esdb-inflection,inherited-from-lemma,goatee
goats,60,cleaned-dictionary,preserved,
gob,60,cleaned-dictionary,preserved,
gobbed,60,esdb-inflection,inherited-from-lemma,gob
gobbing,60,esdb-inflection,inherited-from-lemma,gob
gobble,60,cleaned-dictionary,preserved,
gobbled,60,esdb-inflection,inherited-from-lemma,gobble
gobbler,60,cleaned-dictionary,preserved,
gobbles,60,esdb-inflection,inherited-from-lemma,gobble
goblet,60,cleaned-dictionary,preserved,
goblets,60,esdb-inflection,inherited-from-lemma,goblet
gobs,60,esdb-inflection,inherited-from-lemma,gob
god,60,cleaned-dictionary,preserved,
goddess,60,cleaned-dictionary,preserved,
godless,60,cleaned-dictionary,preserved,
godlier,60,esdb-inflection,inherited-from-lemma,godly
godlike,60,cleaned-dictionary,preserved,
godly,60,cleaned-dictionary,preserved,
gods,60,cleaned-dictionary,preserved,
godson,60,cleaned-dictionary,preserved,
godsons,60,esdb-inflection,inherited-from-lemma,godson
goer,60,cleaned-dictionary,preserved,
goers,60,esdb-inflection,inherited-from-lemma,goer
goes,60,cleaned-dictionary,preserved,
goggle,60,cleaned-dictionary,preserved,
goggled,60,esdb-inflection,inherited-from-lemma,goggle
goggles,60,cleaned-dictionary,preserved,
going,60,cleaned-dictionary,preserved,
goings,60,esdb-inflection,inherited-from-lemma,going
goiter,60,cleaned-dictionary,preserved,
goiters,60,esdb-inflection,inherited-from-lemma,goiter
gold,60,cleaned-dictionary,preserved,
golden,60,cleaned-dictionary,preserved,
golds,60,esdb-inflection,inherited-from-lemma,gold
golem,60,cleaned-dictionary,preserved,
golems,60,esdb-inflection,inherited-from-lemma,golem
golf,60,cleaned-dictionary,preserved,
golfed,60,esdb-inflection,inherited-from-lemma,golf
golfing,60,esdb-inflection,inherited-from-lemma,golf
golfs,60,esdb-inflection,inherited-from-lemma,golf
gollies,60,esdb-inflection,inherited-from-lemma,golly
golly,60,cleaned-dictionary,preserved,
gonad,60,cleaned-dictionary,preserved,
gonads,60,esdb-inflection,inherited-from-lemma,gonad
gondola,60,cleaned-dictionary,preserved,
gone,60,cleaned-dictionary,preserved,
goner,60,cleaned-dictionary,preserved,
goners,60,cleaned-dictionary,preserved,
gong,60,cleaned-dictionary,preserved,
gonged,60,esdb-inflection,inherited-from-lemma,gong
gonging,60,esdb-inflection,inherited-from-lemma,gong
gongs,60,esdb-inflection,inherited-from-lemma,gong
gonna,60,cleaned-dictionary,preserved,
gonzo,60,cleaned-dictionary,preserved,
goo,60,cleaned-dictionary,preserved,
good,60,cleaned-dictionary,preserved,
goodbye,60,cleaned-dictionary,preserved,
goodly,60,cleaned-dictionary,preserved,
goods,60,cleaned-dictionary,preserved,
gooey,60,cleaned-dictionary,preserved,
goof,60,cleaned-dictionary,preserved,
goofed,60,esdb-inflection,inherited-from-lemma,goof
goofier,60,esdb-inflection,inherited-from-lemma,goofy
goofing,60,esdb-inflection,inherited-from-lemma,goof
goofs,60,esdb-inflection,inherited-from-lemma,goof
goofy,60,cleaned-dictionary,preserved,
google,60,cleaned-dictionary,preserved,
googled,60,esdb-inflection,inherited-from-lemma,google
googles,60,cleaned-dictionary,preserved,
googly,60,cleaned-dictionary,preserved,
gooier,60,esdb-inflection,inherited-from-lemma,gooey
gooiest,60,esdb-inflection,inherited-from-lemma,gooey
gook,60,cleaned-dictionary,preserved,
gooks,60,esdb-inflection,inherited-from-lemma,gook
goon,60,cleaned-dictionary,preserved,
goons,60,esdb-inflection,inherited-from-lemma,goon
goop,60,cleaned-dictionary,preserved,
goose,60,cleaned-dictionary,preserved,
goosed,60,esdb-inflection,inherited-from-lemma,goose
gooses,60,esdb-inflection,inherited-from-lemma,goose
goosing,60,esdb-inflection,inherited-from-lemma,goose
gopher,60,cleaned-dictionary,preserved,
gophers,60,esdb-inflection,inherited-from-lemma,gopher
gore,60,cleaned-dictionary,preserved,
gored,60,esdb-inflection,inherited-from-lemma,gore
gores,60,esdb-inflection,inherited-from-lemma,gore
gorge,60,cleaned-dictionary,preserved,
gorged,60,esdb-inflection,inherited-from-lemma,gorge
gorges,60,esdb-inflection,inherited-from-lemma,gorge
gorging,60,esdb-inflection,inherited-from-lemma,gorge
gorier,60,esdb-inflection,inherited-from-lemma,gory
goriest,60,esdb-inflection,inherited-from-lemma,gory
gorilla,60,cleaned-dictionary,preserved,
goring,60,esdb-inflection,inherited-from-lemma,gore
gory,60,cleaned-dictionary,preserved,
gosh,60,editorial,provisional-editorial,
goshawk,60,cleaned-dictionary,preserved,
gosling,60,cleaned-dictionary,preserved,
gospel,60,cleaned-dictionary,preserved,
gospels,60,cleaned-dictionary,preserved,
gossip,60,cleaned-dictionary,preserved,
gossips,60,esdb-inflection,inherited-from-lemma,gossip
got,60,cleaned-dictionary,preserved,
gotcha,60,cleaned-dictionary,preserved,
gotta,60,cleaned-dictionary,preserved,
gotten,60,cleaned-dictionary,preserved,
gouge,60,cleaned-dictionary,preserved,
gouged,60,esdb-inflection,inherited-from-lemma,gouge
gouger,60,cleaned-dictionary,preserved,
gougers,60,esdb-inflection,inherited-from-lemma,gouger
gouges,60,esdb-inflection,inherited-from-lemma,gouge
gouging,60,cleaned-dictionary,preserved,
goulash,60,cleaned-dictionary,preserved,
gourmet,60,cleaned-dictionary,preserved,
gout,60,cleaned-dictionary,preserved,
govern,60,cleaned-dictionary,preserved,
governs,60,esdb-inflection,inherited-from-lemma,govern
gown,60,cleaned-dictionary,preserved,
gowned,60,esdb-inflection,inherited-from-lemma,gown
gowning,60,esdb-inflection,inherited-from-lemma,gown
gowns,60,esdb-inflection,inherited-from-lemma,gown
grab,60,cleaned-dictionary,preserved,
grabbed,60,cleaned-dictionary,preserved,
grabber,60,cleaned-dictionary,preserved,
grabs,60,esdb-inflection,inherited-from-lemma,grab
grace,60,cleaned-dictionary,preserved,
graced,60,esdb-inflection,inherited-from-lemma,grace
graces,60,cleaned-dictionary,preserved,
gracing,60,esdb-inflection,inherited-from-lemma,grace
grackle,60,cleaned-dictionary,preserved,
grad,60,cleaned-dictionary,preserved,
grade,60,cleaned-dictionary,preserved,
graded,60,esdb-inflection,inherited-from-lemma,grade
grader,60,cleaned-dictionary,preserved,
graders,60,esdb-inflection,inherited-from-lemma,grader
grades,60,cleaned-dictionary,preserved,
grading,60,esdb-inflection,inherited-from-lemma,grade
grads,60,esdb-inflection,inherited-from-lemma,grad
gradual,60,cleaned-dictionary,preserved,
graft,60,cleaned-dictionary,preserved,
grafted,60,esdb-inflection,inherited-from-lemma,graft
grafter,60,cleaned-dictionary,preserved,
grafts,60,esdb-inflection,inherited-from-lemma,graft
graham,60,cleaned-dictionary,preserved,
grail,60,cleaned-dictionary,preserved,
grain,60,cleaned-dictionary,preserved,
grains,60,cleaned-dictionary,preserved,
grainy,60,cleaned-dictionary,preserved,
gram,60,cleaned-dictionary,preserved,
grammar,60,cleaned-dictionary,preserved,
grams,60,cleaned-dictionary,preserved,
gran,60,cleaned-dictionary,preserved,
granary,60,cleaned-dictionary,preserved,
grand,60,cleaned-dictionary,preserved,
grandam,60,cleaned-dictionary,preserved,
grandee,60,cleaned-dictionary,preserved,
grander,60,esdb-inflection,inherited-from-lemma,grand
grands,60,esdb-inflection,inherited-from-lemma,grand
grange,60,cleaned-dictionary,preserved,
granges,60,esdb-inflection,inherited-from-lemma,grange
granite,60,cleaned-dictionary,preserved,
granny,60,cleaned-dictionary,preserved,
grans,60,esdb-inflection,inherited-from-lemma,gran
grant,60,cleaned-dictionary,preserved,
granted,60,cleaned-dictionary,preserved,
grantee,60,cleaned-dictionary,preserved,
grants,60,cleaned-dictionary,preserved,
granule,60,cleaned-dictionary,preserved,
grape,60,cleaned-dictionary,preserved,
grapes,60,cleaned-dictionary,preserved,
graph,60,cleaned-dictionary,preserved,
graphed,60,esdb-inflection,inherited-from-lemma,graph
graphic,60,cleaned-dictionary,preserved,
graphs,60,cleaned-dictionary,preserved,
grasp,60,cleaned-dictionary,preserved,
grasped,60,cleaned-dictionary,preserved,
grasps,60,esdb-inflection,inherited-from-lemma,grasp
grass,60,cleaned-dictionary,preserved,
grassed,60,esdb-inflection,inherited-from-lemma,grass
grasses,60,esdb-inflection,inherited-from-lemma,grass
grate,60,cleaned-dictionary,preserved,
grated,60,esdb-inflection,inherited-from-lemma,grate
grater,60,cleaned-dictionary,preserved,
graters,60,esdb-inflection,inherited-from-lemma,grater
grates,60,esdb-inflection,inherited-from-lemma,grate
grating,60,cleaned-dictionary,preserved,
gratis,60,cleaned-dictionary,preserved,
grave,60,cleaned-dictionary,preserved,
graved,60,esdb-inflection,inherited-from-lemma,grave
gravel,60,cleaned-dictionary,preserved,
gravels,60,esdb-inflection,inherited-from-lemma,gravel
gravely,60,cleaned-dictionary,preserved,
graver,60,esdb-inflection,inherited-from-lemma,grave
graves,60,cleaned-dictionary,preserved,
gravest,60,esdb-inflection,inherited-from-lemma,grave
gravid,60,cleaned-dictionary,preserved,
gravies,60,esdb-inflection,inherited-from-lemma,gravy
graving,60,esdb-inflection,inherited-from-lemma,grave
gravity,60,cleaned-dictionary,preserved,
gravy,60,cleaned-dictionary,preserved,
gray,60,cleaned-dictionary,preserved,
grayed,60,esdb-inflection,inherited-from-lemma,gray
grayer,60,esdb-inflection,inherited-from-lemma,gray
grayest,60,esdb-inflection,inherited-from-lemma,gray
graying,60,esdb-inflection,inherited-from-lemma,gray
graze,60,cleaned-dictionary,preserved,
grazed,60,esdb-inflection,inherited-from-lemma,graze
grazes,60,esdb-inflection,inherited-from-lemma,graze
grazing,60,esdb-inflection,inherited-from-lemma,graze
grease,60,cleaned-dictionary,preserved,
greased,60,esdb-inflection,inherited-from-lemma,grease
greases,60,esdb-inflection,inherited-from-lemma,grease
greasy,60,cleaned-dictionary,preserved,
great,60,cleaned-dictionary,preserved,
greater,60,cleaned-dictionary,preserved,
greatly,60,cleaned-dictionary,preserved,
greats,60,esdb-inflection,inherited-from-lemma,great
grebe,60,cleaned-dictionary,preserved,
grebes,60,esdb-inflection,inherited-from-lemma,grebe
greed,60,cleaned-dictionary,preserved,
greedy,60,cleaned-dictionary,preserved,
green,60,cleaned-dictionary,preserved,
greened,60,esdb-inflection,inherited-from-lemma,green
greener,60,esdb-inflection,inherited-from-lemma,green
greens,60,cleaned-dictionary,preserved,
greet,60,cleaned-dictionary,preserved,
greeted,60,cleaned-dictionary,preserved,
greets,60,esdb-inflection,inherited-from-lemma,greet
grenade,60,cleaned-dictionary,preserved,
grew,60,cleaned-dictionary,preserved,
grid,60,cleaned-dictionary,preserved,
grids,60,esdb-inflection,inherited-from-lemma,grid
grief,60,cleaned-dictionary,preserved,
griefs,60,esdb-inflection,inherited-from-lemma,grief
grieve,60,cleaned-dictionary,preserved,
grieved,60,cleaned-dictionary,preserved,
grieves,60,esdb-inflection,inherited-from-lemma,grieve
griffin,60,cleaned-dictionary,preserved,
griffon,60,cleaned-dictionary,preserved,
grifter,60,cleaned-dictionary,preserved,
grill,60,cleaned-dictionary,preserved,
grille,60,cleaned-dictionary,preserved,
grilled,60,esdb-inflection,inherited-from-lemma,grill
grilles,60,esdb-inflection,inherited-from-lemma,grille
grills,60,esdb-inflection,inherited-from-lemma,grill
grim,60,cleaned-dictionary,preserved,
grimace,60,cleaned-dictionary,preserved,
grime,60,cleaned-dictionary,preserved,
grimed,60,esdb-inflection,inherited-from-lemma,grime
grimes,60,esdb-inflection,inherited-from-lemma,grime
griming,60,esdb-inflection,inherited-from-lemma,grime
grimmer,60,esdb-inflection,inherited-from-lemma,grim
grin,60,cleaned-dictionary,preserved,
grind,60,cleaned-dictionary,preserved,
grinder,60,cleaned-dictionary,preserved,
grinds,60,esdb-inflection,inherited-from-lemma,grind
gringo,60,cleaned-dictionary,preserved,
gringos,60,esdb-inflection,inherited-from-lemma,gringo
grinned,60,esdb-inflection,inherited-from-lemma,grin
grins,60,esdb-inflection,inherited-from-lemma,grin
grip,60,cleaned-dictionary,preserved,
gripe,60,cleaned-dictionary,preserved,
griped,60,esdb-inflection,inherited-from-lemma,gripe
griper,60,cleaned-dictionary,preserved,
gripers,60,esdb-inflection,inherited-from-lemma,griper
gripes,60,esdb-inflection,inherited-from-lemma,gripe
griping,60,esdb-inflection,inherited-from-lemma,gripe
grippe,60,cleaned-dictionary,preserved,
gripped,60,cleaned-dictionary,preserved,
grips,60,esdb-inflection,inherited-from-lemma,grip
grit,60,cleaned-dictionary,preserved,
grits,60,esdb-inflection,inherited-from-lemma,grit
gritted,60,esdb-inflection,inherited-from-lemma,grit
gritty,60,cleaned-dictionary,preserved,
grizzle,60,cleaned-dictionary,preserved,
groan,60,cleaned-dictionary,preserved,
groaned,60,esdb-inflection,inherited-from-lemma,groan
groans,60,esdb-inflection,inherited-from-lemma,groan
grocer,60,cleaned-dictionary,preserved,
grocers,60,esdb-inflection,inherited-from-lemma,grocer
grocery,60,cleaned-dictionary,preserved,
groggy,60,cleaned-dictionary,preserved,
groin,60,cleaned-dictionary,preserved,
groins,60,esdb-inflection,inherited-from-lemma,groin
grommet,60,cleaned-dictionary,preserved,
groom,60,cleaned-dictionary,preserved,
groomed,60,esdb-inflection,inherited-from-lemma,groom
grooms,60,esdb-inflection,inherited-from-lemma,groom
groove,60,cleaned-dictionary,preserved,
grooved,60,esdb-inflection,inherited-from-lemma,groove
grooves,60,esdb-inflection,inherited-from-lemma,groove
groovy,60,cleaned-dictionary,preserved,
grope,60,cleaned-dictionary,preserved,
groped,60,esdb-inflection,inherited-from-lemma,grope
gropes,60,esdb-inflection,inherited-from-lemma,grope
groping,60,esdb-inflection,inherited-from-lemma,grope
gross,60,cleaned-dictionary,preserved,
grossed,60,esdb-inflection,inherited-from-lemma,gross
grosser,60,esdb-inflection,inherited-from-lemma,gross
grosses,60,esdb-inflection,inherited-from-lemma,gross
grotto,60,cleaned-dictionary,preserved,
grotty,60,cleaned-dictionary,preserved,
grouch,60,cleaned-dictionary,preserved,
grouchy,60,cleaned-dictionary,preserved,
ground,60,cleaned-dictionary,preserved,
grounds,60,cleaned-dictionary,preserved,
group,60,cleaned-dictionary,preserved,
grouped,60,esdb-inflection,inherited-from-lemma,group
grouper,60,cleaned-dictionary,preserved,
groups,60,cleaned-dictionary,preserved,
grouse,60,cleaned-dictionary,preserved,
groused,60,esdb-inflection,inherited-from-lemma,grouse
grouses,60,esdb-inflection,inherited-from-lemma,grouse
grout,60,cleaned-dictionary,preserved,
grouted,60,esdb-inflection,inherited-from-lemma,grout
grouts,60,esdb-inflection,inherited-from-lemma,grout
grove,60,cleaned-dictionary,preserved,
grovel,60,cleaned-dictionary,preserved,
grovels,60,esdb-inflection,inherited-from-lemma,grovel
groves,60,cleaned-dictionary,preserved,
grow,60,cleaned-dictionary,preserved,
growing,60,cleaned-dictionary,preserved,
growl,60,cleaned-dictionary,preserved,
growled,60,cleaned-dictionary,preserved,
growler,60,cleaned-dictionary,preserved,
growls,60,esdb-inflection,inherited-from-lemma,growl
grown,60,cleaned-dictionary,preserved,
grows,60,esdb-inflection,inherited-from-lemma,grow
growth,60,cleaned-dictionary,preserved,
growths,60,esdb-inflection,inherited-from-lemma,growth
grub,60,cleaned-dictionary,preserved,
grubbed,60,esdb-inflection,inherited-from-lemma,grub
grubber,60,cleaned-dictionary,preserved,
grubs,60,esdb-inflection,inherited-from-lemma,grub
grudge,60,cleaned-dictionary,preserved,
grudged,60,esdb-inflection,inherited-from-lemma,grudge
grudges,60,esdb-inflection,inherited-from-lemma,grudge
gruel,60,cleaned-dictionary,preserved,
gruff,60,cleaned-dictionary,preserved,
gruffer,60,esdb-inflection,inherited-from-lemma,gruff
grumble,60,cleaned-dictionary,preserved,
grumpy,60,cleaned-dictionary,preserved,
grunge,60,cleaned-dictionary,preserved,
grunt,60,cleaned-dictionary,preserved,
grunted,60,esdb-inflection,inherited-from-lemma,grunt
grunts,60,esdb-inflection,inherited-from-lemma,grunt
guanine,60,cleaned-dictionary,preserved,
guano,60,cleaned-dictionary,preserved,
guard,60,cleaned-dictionary,preserved,
guarded,60,cleaned-dictionary,preserved,
guards,60,cleaned-dictionary,preserved,
guava,60,cleaned-dictionary,preserved,
guavas,60,esdb-inflection,inherited-from-lemma,guava
guess,60,cleaned-dictionary,preserved,
guessed,60,cleaned-dictionary,preserved,
guesses,60,esdb-inflection,inherited-from-lemma,guess
guest,60,cleaned-dictionary,preserved,
guested,60,esdb-inflection,inherited-from-lemma,guest
guests,60,cleaned-dictionary,preserved,
guffaw,60,cleaned-dictionary,preserved,
guffaws,60,esdb-inflection,inherited-from-lemma,guffaw
guide,60,cleaned-dictionary,preserved,
guided,60,cleaned-dictionary,preserved,
guides,60,cleaned-dictionary,preserved,
guiding,60,esdb-inflection,inherited-from-lemma,guide
guild,60,cleaned-dictionary,preserved,
guilds,60,esdb-inflection,inherited-from-lemma,guild
guile,60,cleaned-dictionary,preserved,
guilt,60,cleaned-dictionary,preserved,
guilted,60,esdb-inflection,inherited-from-lemma,guilt
guilts,60,esdb-inflection,inherited-from-lemma,guilt
guilty,60,cleaned-dictionary,preserved,
guinea,60,cleaned-dictionary,preserved,
guineas,60,esdb-inflection,inherited-from-lemma,guinea
guise,60,cleaned-dictionary,preserved,
guises,60,esdb-inflection,inherited-from-lemma,guise
guitar,60,cleaned-dictionary,preserved,
guitars,60,esdb-inflection,inherited-from-lemma,guitar
gulag,60,cleaned-dictionary,preserved,
gulags,60,esdb-inflection,inherited-from-lemma,gulag
gulf,60,cleaned-dictionary,preserved,
gulfs,60,esdb-inflection,inherited-from-lemma,gulf
gull,60,cleaned-dictionary,preserved,
gulled,60,esdb-inflection,inherited-from-lemma,gull
gullet,60,cleaned-dictionary,preserved,
gullets,60,esdb-inflection,inherited-from-lemma,gullet
gullies,60,esdb-inflection,inherited-from-lemma,gully
gulling,60,esdb-inflection,inherited-from-lemma,gull
gulls,60,esdb-inflection,inherited-from-lemma,gull
gully,60,cleaned-dictionary,preserved,
gulp,60,cleaned-dictionary,preserved,
gulped,60,esdb-inflection,inherited-from-lemma,gulp
gulping,60,esdb-inflection,inherited-from-lemma,gulp
gulps,60,esdb-inflection,inherited-from-lemma,gulp
gum,60,cleaned-dictionary,preserved,
gumbo,60,cleaned-dictionary,preserved,
gumbos,60,esdb-inflection,inherited-from-lemma,gumbo
gumdrop,60,cleaned-dictionary,preserved,
gummed,60,esdb-inflection,inherited-from-lemma,gum
gummier,60,esdb-inflection,inherited-from-lemma,gummy
gumming,60,esdb-inflection,inherited-from-lemma,gum
gummy,60,cleaned-dictionary,preserved,
gums,60,esdb-inflection,inherited-from-lemma,gum
gumshoe,60,cleaned-dictionary,preserved,
gun,60,cleaned-dictionary,preserved,
gunfire,60,cleaned-dictionary,preserved,
gunk,60,cleaned-dictionary,preserved,
gunned,60,esdb-inflection,inherited-from-lemma,gun
gunnery,60,cleaned-dictionary,preserved,
gunning,60,esdb-inflection,inherited-from-lemma,gun
gunny,60,cleaned-dictionary,preserved,
guns,60,cleaned-dictionary,preserved,
gunship,60,cleaned-dictionary,preserved,
gunshot,60,cleaned-dictionary,preserved,
guppies,60,esdb-inflection,inherited-from-lemma,guppy
guppy,60,cleaned-dictionary,preserved,
guru,60,cleaned-dictionary,preserved,
gurus,60,esdb-inflection,inherited-from-lemma,guru
gush,60,cleaned-dictionary,preserved,
gushed,60,esdb-inflection,inherited-from-lemma,gush
gushes,60,esdb-inflection,inherited-from-lemma,gush
gushing,60,esdb-inflection,inherited-from-lemma,gush
gusset,60,cleaned-dictionary,preserved,
gussets,60,esdb-inflection,inherited-from-lemma,gusset
gust,60,cleaned-dictionary,preserved,
gusted,60,esdb-inflection,inherited-from-lemma,gust
gusting,60,esdb-inflection,inherited-from-lemma,gust
gusto,60,cleaned-dictionary,preserved,
gusts,60,esdb-inflection,inherited-from-lemma,gust
gut,60,cleaned-dictionary,preserved,
guts,60,cleaned-dictionary,preserved,
gutted,60,cleaned-dictionary,preserved,
gutter,60,cleaned-dictionary,preserved,
gutters,60,esdb-inflection,inherited-from-lemma,gutter
gutting,60,esdb-inflection,inherited-from-lemma,gut
guy,60,cleaned-dictionary,preserved,
guyed,60,cleaned-dictionary,preserved,
guying,60,esdb-inflection,inherited-from-lemma,guy
guys,60,cleaned-dictionary,preserved,
guzzle,60,cleaned-dictionary,preserved,
guzzled,60,esdb-inflection,inherited-from-lemma,guzzle
guzzles,60,esdb-inflection,inherited-from-lemma,guzzle
gym,60,cleaned-dictionary,preserved,
gyms,60,esdb-inflection,inherited-from-lemma,gym
gyp,60,cleaned-dictionary,preserved,
gypped,60,esdb-inflection,inherited-from-lemma,gyp
gypping,60,esdb-inflection,inherited-from-lemma,gyp
gyps,60,esdb-inflection,inherited-from-lemma,gyp
gypsies,60,esdb-inflection,inherited-from-lemma,gypsy
gypsum,60,cleaned-dictionary,preserved,
gypsy,60,cleaned-dictionary,preserved,
gyrate,60,cleaned-dictionary,preserved,
gyrated,60,esdb-inflection,inherited-from-lemma,gyrate
gyrates,60,esdb-inflection,inherited-from-lemma,gyrate
gyro,60,cleaned-dictionary,preserved,
gyros,60,cleaned-dictionary,preserved,
gyve,60,cleaned-dictionary,preserved,
gyved,60,esdb-inflection,inherited-from-lemma,gyve
gyves,60,esdb-inflection,inherited-from-lemma,gyve
gyving,60,esdb-inflection,inherited-from-lemma,gyve
habit,60,cleaned-dictionary,preserved,
habitat,60,cleaned-dictionary,preserved,
habits,60,cleaned-dictionary,preserved,
hack,60,cleaned-dictionary,preserved,
hacked,60,esdb-inflection,inherited-from-lemma,hack
hacker,60,cleaned-dictionary,preserved,
hackers,60,cleaned-dictionary,preserved,
hacking,60,cleaned-dictionary,preserved,
hackle,60,cleaned-dictionary,preserved,
hackles,60,esdb-inflection,inherited-from-lemma,hackle
hackney,60,cleaned-dictionary,preserved,
hacks,60,esdb-inflection,inherited-from-lemma,hack
had,60,cleaned-dictionary,preserved,
haddock,60,cleaned-dictionary,preserved,
hadith,60,cleaned-dictionary,preserved,
hadiths,60,esdb-inflection,inherited-from-lemma,hadith
hafnium,60,cleaned-dictionary,preserved,
haft,60,cleaned-dictionary,preserved,
hafts,60,esdb-inflection,inherited-from-lemma,haft
hag,60,cleaned-dictionary,preserved,
haggard,60,cleaned-dictionary,preserved,
haggis,60,cleaned-dictionary,preserved,
haggle,60,cleaned-dictionary,preserved,
haggled,60,esdb-inflection,inherited-from-lemma,haggle
haggles,60,esdb-inflection,inherited-from-lemma,haggle
hags,60,esdb-inflection,inherited-from-lemma,hag
haiku,60,cleaned-dictionary,preserved,
hail,60,cleaned-dictionary,preserved,
hailed,60,esdb-inflection,inherited-from-lemma,hail
hailing,60,esdb-inflection,inherited-from-lemma,hail
hails,60,esdb-inflection,inherited-from-lemma,hail
hair,60,cleaned-dictionary,preserved,
haircut,60,cleaned-dictionary,preserved,
hairdo,60,cleaned-dictionary,preserved,
hairdos,60,esdb-inflection,inherited-from-lemma,hairdo
haired,60,cleaned-dictionary,preserved,
hairier,60,esdb-inflection,inherited-from-lemma,hairy
hairnet,60,cleaned-dictionary,preserved,
hairpin,60,cleaned-dictionary,preserved,
hairs,60,esdb-inflection,inherited-from-lemma,hair
hairy,60,cleaned-dictionary,preserved,
haj,60,cleaned-dictionary,preserved,
hajj,60,cleaned-dictionary,preserved,
hajjes,60,esdb-inflection,inherited-from-lemma,hajj
hajji,60,cleaned-dictionary,preserved,
hajjis,60,esdb-inflection,inherited-from-lemma,hajji
hake,60,cleaned-dictionary,preserved,
hakes,60,esdb-inflection,inherited-from-lemma,hake
halal,60,cleaned-dictionary,preserved,
halcyon,60,cleaned-dictionary,preserved,
hale,60,cleaned-dictionary,preserved,
haled,60,esdb-inflection,inherited-from-lemma,hale
haler,60,cleaned-dictionary,preserved,
hales,60,esdb-inflection,inherited-from-lemma,hale
halest,60,esdb-inflection,inherited-from-lemma,hale
half,60,cleaned-dictionary,preserved,
halfway,60,cleaned-dictionary,preserved,
halibut,60,cleaned-dictionary,preserved,
haling,60,esdb-inflection,inherited-from-lemma,hale
halite,60,cleaned-dictionary,preserved,
hall,60,cleaned-dictionary,preserved,
halls,60,cleaned-dictionary,preserved,
halo,60,cleaned-dictionary,preserved,
haloed,60,esdb-inflection,inherited-from-lemma,halo
halogen,60,cleaned-dictionary,preserved,
haloing,60,esdb-inflection,inherited-from-lemma,halo
halos,60,esdb-inflection,inherited-from-lemma,halo
halt,60,cleaned-dictionary,preserved,
halted,60,cleaned-dictionary,preserved,
halting,60,esdb-inflection,inherited-from-lemma,halt
halts,60,esdb-inflection,inherited-from-lemma,halt
halve,60,cleaned-dictionary,preserved,
halved,60,esdb-inflection,inherited-from-lemma,halve
halves,60,cleaned-dictionary,preserved,
halving,60,esdb-inflection,inherited-from-lemma,halve
ham,60,cleaned-dictionary,preserved,
hamlet,60,cleaned-dictionary,preserved,
hamlets,60,esdb-inflection,inherited-from-lemma,hamlet
hammed,60,esdb-inflection,inherited-from-lemma,ham
hammer,60,cleaned-dictionary,preserved,
hammers,60,esdb-inflection,inherited-from-lemma,hammer
hamming,60,esdb-inflection,inherited-from-lemma,ham
hammock,60,cleaned-dictionary,preserved,
hamper,60,cleaned-dictionary,preserved,
hampers,60,esdb-inflection,inherited-from-lemma,hamper
hams,60,esdb-inflection,inherited-from-lemma,ham
hamster,60,cleaned-dictionary,preserved,
hand,60,cleaned-dictionary,preserved,
handbag,60,cleaned-dictionary,preserved,
handed,60,cleaned-dictionary,preserved,
handful,60,cleaned-dictionary,preserved,
handgun,60,cleaned-dictionary,preserved,
handier,60,esdb-inflection,inherited-from-lemma,handy
handily,60,cleaned-dictionary,preserved,
handing,60,esdb-inflection,inherited-from-lemma,hand
handle,60,cleaned-dictionary,preserved,
handled,60,cleaned-dictionary,preserved,
handles,60,esdb-inflection,inherited-from-lemma,handle
handoff,60,cleaned-dictionary,preserved,
handout,60,cleaned-dictionary,preserved,
hands,60,cleaned-dictionary,preserved,
handsaw,60,cleaned-dictionary,preserved,
handy,60,cleaned-dictionary,preserved,
hang,60,cleaned-dictionary,preserved,
hangar,60,cleaned-dictionary,preserved,
hangars,60,esdb-inflection,inherited-from-lemma,hangar
hangdog,60,cleaned-dictionary,preserved,
hanged,60,cleaned-dictionary,preserved,
hanger,60,cleaned-dictionary,preserved,
hangers,60,cleaned-dictionary,preserved,
hanging,60,cleaned-dictionary,preserved,
hangman,60,cleaned-dictionary,preserved,
hangmen,60,esdb-inflection,inherited-from-lemma,hangman
hangs,60,esdb-inflection,inherited-from-lemma,hang
hanker,60,cleaned-dictionary,preserved,
hankers,60,esdb-inflection,inherited-from-lemma,hanker
hap,60,cleaned-dictionary,preserved,
hapless,60,cleaned-dictionary,preserved,
haploid,60,cleaned-dictionary,preserved,
happen,60,cleaned-dictionary,preserved,
happens,60,esdb-inflection,inherited-from-lemma,happen
happier,60,cleaned-dictionary,preserved,
happily,60,cleaned-dictionary,preserved,
happy,60,cleaned-dictionary,preserved,
haptic,60,cleaned-dictionary,preserved,
harass,60,cleaned-dictionary,preserved,
harbor,60,cleaned-dictionary,preserved,
harbors,60,esdb-inflection,inherited-from-lemma,harbor
hard,60,cleaned-dictionary,preserved,
harder,60,esdb-inflection,inherited-from-lemma,hard
hardest,60,esdb-inflection,inherited-from-lemma,hard
hardier,60,esdb-inflection,inherited-from-lemma,hardy
hardly,60,cleaned-dictionary,preserved,
hardy,60,cleaned-dictionary,preserved,
hare,60,cleaned-dictionary,preserved,
hared,60,esdb-inflection,inherited-from-lemma,hare
harelip,60,cleaned-dictionary,preserved,
harem,60,cleaned-dictionary,preserved,
harems,60,esdb-inflection,inherited-from-lemma,harem
hares,60,esdb-inflection,inherited-from-lemma,hare
haring,60,esdb-inflection,inherited-from-lemma,hare
harissa,60,cleaned-dictionary,preserved,
hark,60,cleaned-dictionary,preserved,
harked,60,esdb-inflection,inherited-from-lemma,hark
harking,60,esdb-inflection,inherited-from-lemma,hark
harks,60,esdb-inflection,inherited-from-lemma,hark
harm,60,cleaned-dictionary,preserved,
harmed,60,cleaned-dictionary,preserved,
harmful,60,cleaned-dictionary,preserved,
harming,60,esdb-inflection,inherited-from-lemma,harm
harmony,60,cleaned-dictionary,preserved,
harms,60,esdb-inflection,inherited-from-lemma,harm
harness,60,cleaned-dictionary,preserved,
harp,60,cleaned-dictionary,preserved,
harped,60,esdb-inflection,inherited-from-lemma,harp
harpies,60,esdb-inflection,inherited-from-lemma,harpy
harping,60,esdb-inflection,inherited-from-lemma,harp
harpoon,60,cleaned-dictionary,preserved,
harps,60,esdb-inflection,inherited-from-lemma,harp
harpy,60,cleaned-dictionary,preserved,
harried,60,esdb-inflection,inherited-from-lemma,harry
harries,60,esdb-inflection,inherited-from-lemma,harry
harry,60,cleaned-dictionary,preserved,
harsh,60,cleaned-dictionary,preserved,
harsher,60,esdb-inflection,inherited-from-lemma,harsh
hart,60,cleaned-dictionary,preserved,
harts,60,esdb-inflection,inherited-from-lemma,hart
harvest,60,cleaned-dictionary,preserved,
has,60,cleaned-dictionary,preserved,
hash,60,cleaned-dictionary,preserved,
hashed,60,esdb-inflection,inherited-from-lemma,hash
hashes,60,esdb-inflection,inherited-from-lemma,hash
hashing,60,esdb-inflection,inherited-from-lemma,hash
hashish,60,cleaned-dictionary,preserved,
hasp,60,cleaned-dictionary,preserved,
hasps,60,esdb-inflection,inherited-from-lemma,hasp
hassle,60,cleaned-dictionary,preserved,
hassled,60,esdb-inflection,inherited-from-lemma,hassle
hassles,60,esdb-inflection,inherited-from-lemma,hassle
hassock,60,cleaned-dictionary,preserved,
hast,60,cleaned-dictionary,preserved,
haste,60,cleaned-dictionary,preserved,
hasted,60,esdb-inflection,inherited-from-lemma,haste
hasten,60,cleaned-dictionary,preserved,
hastens,60,esdb-inflection,inherited-from-lemma,hasten
hastes,60,esdb-inflection,inherited-from-lemma,haste
hastier,60,esdb-inflection,inherited-from-lemma,hasty
hastily,60,cleaned-dictionary,preserved,
hasting,60,esdb-inflection,inherited-from-lemma,haste
hasty,60,cleaned-dictionary,preserved,
hat,60,cleaned-dictionary,preserved,
hatch,60,cleaned-dictionary,preserved,
hatched,60,esdb-inflection,inherited-from-lemma,hatch
hatches,60,esdb-inflection,inherited-from-lemma,hatch
hatchet,60,cleaned-dictionary,preserved,
hate,60,cleaned-dictionary,preserved,
hated,60,cleaned-dictionary,preserved,
hateful,60,cleaned-dictionary,preserved,
hater,60,cleaned-dictionary,preserved,
haters,60,esdb-inflection,inherited-from-lemma,hater
hates,60,esdb-inflection,inherited-from-lemma,hate
hath,60,cleaned-dictionary,preserved,
hating,60,esdb-inflection,inherited-from-lemma,hate
hatred,60,cleaned-dictionary,preserved,
hatreds,60,esdb-inflection,inherited-from-lemma,hatred
hats,60,cleaned-dictionary,preserved,
hatted,60,esdb-inflection,inherited-from-lemma,hat
hatter,60,cleaned-dictionary,preserved,
hatters,60,esdb-inflection,inherited-from-lemma,hatter
hatting,60,esdb-inflection,inherited-from-lemma,hat
hauberk,60,cleaned-dictionary,preserved,
haughty,60,cleaned-dictionary,preserved,
haul,60,cleaned-dictionary,preserved,
hauled,60,esdb-inflection,inherited-from-lemma,haul
hauling,60,esdb-inflection,inherited-from-lemma,haul
hauls,60,esdb-inflection,inherited-from-lemma,haul
haunt,60,cleaned-dictionary,preserved,
haunted,60,cleaned-dictionary,preserved,
haunts,60,esdb-inflection,inherited-from-lemma,haunt
hauteur,60,cleaned-dictionary,preserved,
have,60,cleaned-dictionary,preserved,
haven,60,cleaned-dictionary,preserved,
havens,60,esdb-inflection,inherited-from-lemma,haven
haves,60,esdb-inflection,inherited-from-lemma,have
having,60,cleaned-dictionary,preserved,
havoc,60,cleaned-dictionary,preserved,
haw,60,cleaned-dictionary,preserved,
hawed,60,esdb-inflection,inherited-from-lemma,haw
hawing,60,esdb-inflection,inherited-from-lemma,haw
hawk,60,cleaned-dictionary,preserved,
hawked,60,esdb-inflection,inherited-from-lemma,hawk
hawking,60,esdb-inflection,inherited-from-lemma,hawk
hawks,60,esdb-inflection,inherited-from-lemma,hawk
haws,60,esdb-inflection,inherited-from-lemma,haw
hay,60,cleaned-dictionary,preserved,
hayed,60,esdb-inflection,inherited-from-lemma,hay
haying,60,esdb-inflection,inherited-from-lemma,hay
hays,60,esdb-inflection,inherited-from-lemma,hay
hayseed,60,cleaned-dictionary,preserved,
haywire,60,cleaned-dictionary,preserved,
hazard,60,cleaned-dictionary,preserved,
hazards,60,cleaned-dictionary,preserved,
haze,60,cleaned-dictionary,preserved,
hazed,60,esdb-inflection,inherited-from-lemma,haze
hazel,60,cleaned-dictionary,preserved,
hazels,60,esdb-inflection,inherited-from-lemma,hazel
hazer,60,cleaned-dictionary,preserved,
hazers,60,esdb-inflection,inherited-from-lemma,hazer
hazes,60,esdb-inflection,inherited-from-lemma,haze
hazier,60,esdb-inflection,inherited-from-lemma,hazy
haziest,60,esdb-inflection,inherited-from-lemma,hazy
hazing,60,cleaned-dictionary,preserved,
hazings,60,esdb-inflection,inherited-from-lemma,hazing
hazy,60,cleaned-dictionary,preserved,
head,60,cleaned-dictionary,preserved,
headed,60,esdb-inflection,inherited-from-lemma,head
header,60,cleaned-dictionary,preserved,
headers,60,esdb-inflection,inherited-from-lemma,header
headier,60,esdb-inflection,inherited-from-lemma,heady
heading,60,cleaned-dictionary,preserved,
heads,60,cleaned-dictionary,preserved,
headway,60,cleaned-dictionary,preserved,
heady,60,cleaned-dictionary,preserved,
heal,60,cleaned-dictionary,preserved,
healed,60,cleaned-dictionary,preserved,
healer,60,cleaned-dictionary,preserved,
healers,60,esdb-inflection,inherited-from-lemma,healer
healing,60,cleaned-dictionary,preserved,
heals,60,esdb-inflection,inherited-from-lemma,heal
health,60,cleaned-dictionary,preserved,
healthy,60,cleaned-dictionary,preserved,
heap,60,cleaned-dictionary,preserved,
heaped,60,esdb-inflection,inherited-from-lemma,heap
heaping,60,esdb-inflection,inherited-from-lemma,heap
heaps,60,esdb-inflection,inherited-from-lemma,heap
hear,60,cleaned-dictionary,preserved,
heard,60,cleaned-dictionary,preserved,
hearing,60,cleaned-dictionary,preserved,
hears,60,cleaned-dictionary,preserved,
hearsay,60,cleaned-dictionary,preserved,
hearse,60,cleaned-dictionary,preserved,
hearses,60,esdb-inflection,inherited-from-lemma,hearse
heart,60,cleaned-dictionary,preserved,
hearth,60,cleaned-dictionary,preserved,
hearths,60,cleaned-dictionary,preserved,
hearts,60,cleaned-dictionary,preserved,
hearty,60,cleaned-dictionary,preserved,
heat,60,cleaned-dictionary,preserved,
heated,60,cleaned-dictionary,preserved,
heater,60,cleaned-dictionary,preserved,
heaters,60,esdb-inflection,inherited-from-lemma,heater
heath,60,cleaned-dictionary,preserved,
heathen,60,cleaned-dictionary,preserved,
heather,60,cleaned-dictionary,preserved,
heaths,60,esdb-inflection,inherited-from-lemma,heath
heating,60,cleaned-dictionary,preserved,
heats,60,esdb-inflection,inherited-from-lemma,heat
heave,60,cleaned-dictionary,preserved,
heaved,60,esdb-inflection,inherited-from-lemma,heave
heaven,60,cleaned-dictionary,preserved,
heavens,60,cleaned-dictionary,preserved,
heaver,60,cleaned-dictionary,preserved,
heavers,60,esdb-inflection,inherited-from-lemma,heaver
heaves,60,esdb-inflection,inherited-from-lemma,heave
heavier,60,esdb-inflection,inherited-from-lemma,heavy
heavies,60,esdb-inflection,inherited-from-lemma,heavy
heavily,60,cleaned-dictionary,preserved,
heaving,60,esdb-inflection,inherited-from-lemma,heave
heavy,60,cleaned-dictionary,preserved,
heck,60,cleaned-dictionary,preserved,
heckle,60,cleaned-dictionary,preserved,
heckled,60,esdb-inflection,inherited-from-lemma,heckle
heckler,60,cleaned-dictionary,preserved,
heckles,60,esdb-inflection,inherited-from-lemma,heckle
hectare,60,cleaned-dictionary,preserved,
hector,60,cleaned-dictionary,preserved,
hectors,60,esdb-inflection,inherited-from-lemma,hector
hedge,60,cleaned-dictionary,preserved,
hedged,60,esdb-inflection,inherited-from-lemma,hedge
hedger,60,cleaned-dictionary,preserved,
hedgers,60,esdb-inflection,inherited-from-lemma,hedger
hedges,60,esdb-inflection,inherited-from-lemma,hedge
hedging,60,esdb-inflection,inherited-from-lemma,hedge
heed,60,cleaned-dictionary,preserved,
heeded,60,esdb-inflection,inherited-from-lemma,heed
heedful,60,cleaned-dictionary,preserved,
heeding,60,esdb-inflection,inherited-from-lemma,heed
heeds,60,esdb-inflection,inherited-from-lemma,heed
heel,60,cleaned-dictionary,preserved,
heeled,60,esdb-inflection,inherited-from-lemma,heel
heeling,60,esdb-inflection,inherited-from-lemma,heel
heels,60,cleaned-dictionary,preserved,
heft,60,cleaned-dictionary,preserved,
hefted,60,esdb-inflection,inherited-from-lemma,heft
heftier,60,esdb-inflection,inherited-from-lemma,hefty
hefting,60,esdb-inflection,inherited-from-lemma,heft
hefts,60,esdb-inflection,inherited-from-lemma,heft
hefty,60,cleaned-dictionary,preserved,
hegira,60,cleaned-dictionary,preserved,
hegiras,60,esdb-inflection,inherited-from-lemma,hegira
heifer,60,cleaned-dictionary,preserved,
heifers,60,esdb-inflection,inherited-from-lemma,heifer
height,60,cleaned-dictionary,preserved,
heights,60,cleaned-dictionary,preserved,
heinous,60,cleaned-dictionary,preserved,
heir,60,cleaned-dictionary,preserved,
heirs,60,esdb-inflection,inherited-from-lemma,heir
heist,60,cleaned-dictionary,preserved,
heisted,60,esdb-inflection,inherited-from-lemma,heist
heists,60,esdb-inflection,inherited-from-lemma,heist
held,60,cleaned-dictionary,preserved,
helical,60,cleaned-dictionary,preserved,
helices,60,esdb-inflection,inherited-from-lemma,helix
helium,60,cleaned-dictionary,preserved,
helix,60,cleaned-dictionary,preserved,
hell,60,cleaned-dictionary,preserved,
hellish,60,cleaned-dictionary,preserved,
hello,60,cleaned-dictionary,preserved,
hellos,60,esdb-inflection,inherited-from-lemma,hello
helluva,60,cleaned-dictionary,preserved,
helm,60,cleaned-dictionary,preserved,
helmet,60,cleaned-dictionary,preserved,
helmets,60,esdb-inflection,inherited-from-lemma,helmet
helms,60,esdb-inflection,inherited-from-lemma,helm
help,60,cleaned-dictionary,preserved,
helped,60,esdb-inflection,inherited-from-lemma,help
helper,60,cleaned-dictionary,preserved,
helpers,60,esdb-inflection,inherited-from-lemma,helper
helpful,60,cleaned-dictionary,preserved,
helping,60,cleaned-dictionary,preserved,
helps,60,cleaned-dictionary,preserved,
hem,60,cleaned-dictionary,preserved,
heme,60,cleaned-dictionary,preserved,
hemlock,60,cleaned-dictionary,preserved,
hemmed,60,esdb-inflection,inherited-from-lemma,hem
hemming,60,esdb-inflection,inherited-from-lemma,hem
hemp,60,cleaned-dictionary,preserved,
hems,60,esdb-inflection,inherited-from-lemma,hem
hen,60,cleaned-dictionary,preserved,
hence,60,cleaned-dictionary,preserved,
henna,60,cleaned-dictionary,preserved,
hennaed,60,esdb-inflection,inherited-from-lemma,henna
hennas,60,esdb-inflection,inherited-from-lemma,henna
hens,60,esdb-inflection,inherited-from-lemma,hen
hep,60,cleaned-dictionary,preserved,
heparin,60,cleaned-dictionary,preserved,
hepatic,60,cleaned-dictionary,preserved,
her,60,cleaned-dictionary,preserved,
herald,60,cleaned-dictionary,preserved,
heralds,60,esdb-inflection,inherited-from-lemma,herald
herb,60,cleaned-dictionary,preserved,
herbs,60,cleaned-dictionary,preserved,
herd,60,cleaned-dictionary,preserved,
herded,60,esdb-inflection,inherited-from-lemma,herd
herding,60,esdb-inflection,inherited-from-lemma,herd
herds,60,esdb-inflection,inherited-from-lemma,herd
here,60,cleaned-dictionary,preserved,
hereby,60,cleaned-dictionary,preserved,
herein,60,cleaned-dictionary,preserved,
heresy,60,cleaned-dictionary,preserved,
heretic,60,cleaned-dictionary,preserved,
hermit,60,cleaned-dictionary,preserved,
hermits,60,esdb-inflection,inherited-from-lemma,hermit
hernia,60,cleaned-dictionary,preserved,
hernias,60,esdb-inflection,inherited-from-lemma,hernia
hero,60,cleaned-dictionary,preserved,
heroes,60,cleaned-dictionary,preserved,
heroic,60,cleaned-dictionary,preserved,
heroin,60,cleaned-dictionary,preserved,
heroine,60,cleaned-dictionary,preserved,
heroins,60,esdb-inflection,inherited-from-lemma,heroin
heroism,60,cleaned-dictionary,preserved,
heron,60,cleaned-dictionary,preserved,
herons,60,esdb-inflection,inherited-from-lemma,heron
herring,60,cleaned-dictionary,preserved,
hers,60,cleaned-dictionary,preserved,
herself,60,cleaned-dictionary,preserved,
hertz,60,cleaned-dictionary,preserved,
hetero,60,cleaned-dictionary,preserved,
heteros,60,esdb-inflection,inherited-from-lemma,hetero
hew,60,cleaned-dictionary,preserved,
hewed,60,esdb-inflection,inherited-from-lemma,hew
hewing,60,esdb-inflection,inherited-from-lemma,hew
hewn,60,esdb-inflection,inherited-from-lemma,hew
hews,60,esdb-inflection,inherited-from-lemma,hew
hex,60,cleaned-dictionary,preserved,
hexagon,60,cleaned-dictionary,preserved,
hexed,60,cleaned-dictionary,preserved,
hexes,60,esdb-inflection,inherited-from-lemma,hex
hexing,60,esdb-inflection,inherited-from-lemma,hex
hey,60,cleaned-dictionary,preserved,
heyday,60,cleaned-dictionary,preserved,
heydays,60,esdb-inflection,inherited-from-lemma,heyday
hiatus,60,cleaned-dictionary,preserved,
hiccup,60,cleaned-dictionary,preserved,
hiccups,60,cleaned-dictionary,preserved,
hickey,60,cleaned-dictionary,preserved,
hickeys,60,esdb-inflection,inherited-from-lemma,hickey
hid,60,cleaned-dictionary,preserved,
hidden,60,cleaned-dictionary,preserved,
hide,60,cleaned-dictionary,preserved,
hided,60,esdb-inflection,inherited-from-lemma,hide
hideous,60,cleaned-dictionary,preserved,
hides,60,esdb-inflection,inherited-from-lemma,hide
hiding,60,cleaned-dictionary,preserved,
hidings,60,esdb-inflection,inherited-from-lemma,hiding
hie,60,cleaned-dictionary,preserved,
hied,60,esdb-inflection,inherited-from-lemma,hie
hieing,60,esdb-inflection,inherited-from-lemma,hie
hies,60,esdb-inflection,inherited-from-lemma,hie
high,60,cleaned-dictionary,preserved,
higher,60,cleaned-dictionary,preserved,
highers,60,esdb-inflection,inherited-from-lemma,higher
highest,60,esdb-inflection,inherited-from-lemma,high
highly,60,cleaned-dictionary,preserved,
highs,60,esdb-inflection,inherited-from-lemma,high
highway,60,cleaned-dictionary,preserved,
hijab,60,cleaned-dictionary,preserved,
hijabs,60,esdb-inflection,inherited-from-lemma,hijab
hijack,60,cleaned-dictionary,preserved,
hijacks,60,esdb-inflection,inherited-from-lemma,hijack
hike,60,cleaned-dictionary,preserved,
hiked,60,esdb-inflection,inherited-from-lemma,hike
hiker,60,cleaned-dictionary,preserved,
hikers,60,esdb-inflection,inherited-from-lemma,hiker
hikes,60,esdb-inflection,inherited-from-lemma,hike
hiking,60,esdb-inflection,inherited-from-lemma,hike
hill,60,cleaned-dictionary,preserved,
hills,60,cleaned-dictionary,preserved,
hilt,60,cleaned-dictionary,preserved,
hilts,60,esdb-inflection,inherited-from-lemma,hilt
him,60,cleaned-dictionary,preserved,
himself,60,cleaned-dictionary,preserved,
hinder,60,cleaned-dictionary,preserved,
hinders,60,esdb-inflection,inherited-from-lemma,hinder
hinge,60,cleaned-dictionary,preserved,
hinged,60,cleaned-dictionary,preserved,
hinges,60,esdb-inflection,inherited-from-lemma,hinge
hinging,60,esdb-inflection,inherited-from-lemma,hinge
hint,60,cleaned-dictionary,preserved,
hinted,60,esdb-inflection,inherited-from-lemma,hint
hinter,60,cleaned-dictionary,preserved,
hinters,60,esdb-inflection,inherited-from-lemma,hinter
hinting,60,esdb-inflection,inherited-from-lemma,hint
hints,60,cleaned-dictionary,preserved,
hip,60,cleaned-dictionary,preserved,
hipbone,60,cleaned-dictionary,preserved,
hipped,60,esdb-inflection,inherited-from-lemma,hip
hipper,60,esdb-inflection,inherited-from-lemma,hip
hippest,60,esdb-inflection,inherited-from-lemma,hip
hippie,60,cleaned-dictionary,preserved,
hippies,60,esdb-inflection,inherited-from-lemma,hippie
hipping,60,esdb-inflection,inherited-from-lemma,hip
hippo,60,cleaned-dictionary,preserved,
hippos,60,esdb-inflection,inherited-from-lemma,hippo
hips,60,cleaned-dictionary,preserved,
hire,60,cleaned-dictionary,preserved,
hired,60,cleaned-dictionary,preserved,
hires,60,esdb-inflection,inherited-from-lemma,hire
hiring,60,esdb-inflection,inherited-from-lemma,hire
hirsute,60,cleaned-dictionary,preserved,
his,60,cleaned-dictionary,preserved,
hiss,60,cleaned-dictionary,preserved,
hissed,60,esdb-inflection,inherited-from-lemma,hiss
hisses,60,esdb-inflection,inherited-from-lemma,hiss
hissing,60,esdb-inflection,inherited-from-lemma,hiss
history,60,cleaned-dictionary,preserved,
hit,60,cleaned-dictionary,preserved,
hitch,60,cleaned-dictionary,preserved,
hitched,60,esdb-inflection,inherited-from-lemma,hitch
hitches,60,esdb-inflection,inherited-from-lemma,hitch
hither,60,cleaned-dictionary,preserved,
hits,60,esdb-inflection,inherited-from-lemma,hit
hitting,60,cleaned-dictionary,preserved,
hive,60,cleaned-dictionary,preserved,
hived,60,esdb-inflection,inherited-from-lemma,hive
hives,60,cleaned-dictionary,preserved,
hiving,60,esdb-inflection,inherited-from-lemma,hive
hmm,60,cleaned-dictionary,preserved,
hoagie,60,cleaned-dictionary,preserved,
hoagies,60,esdb-inflection,inherited-from-lemma,hoagie
hoard,60,cleaned-dictionary,preserved,
hoarded,60,esdb-inflection,inherited-from-lemma,hoard
hoards,60,esdb-inflection,inherited-from-lemma,hoard
hoarier,60,esdb-inflection,inherited-from-lemma,hoary
hoarse,60,cleaned-dictionary,preserved,
hoarser,60,esdb-inflection,inherited-from-lemma,hoarse
hoary,60,cleaned-dictionary,preserved,
hoax,60,cleaned-dictionary,preserved,
hoaxed,60,esdb-inflection,inherited-from-lemma,hoax
hoaxes,60,esdb-inflection,inherited-from-lemma,hoax
hoaxing,60,esdb-inflection,inherited-from-lemma,hoax
hob,60,cleaned-dictionary,preserved,
hobbies,60,esdb-inflection,inherited-from-lemma,hobby
hobbit,60,cleaned-dictionary,preserved,
hobbits,60,esdb-inflection,inherited-from-lemma,hobbit
hobble,60,cleaned-dictionary,preserved,
hobbled,60,esdb-inflection,inherited-from-lemma,hobble
hobbles,60,esdb-inflection,inherited-from-lemma,hobble
hobby,60,cleaned-dictionary,preserved,
hobnob,60,cleaned-dictionary,preserved,
hobnobs,60,esdb-inflection,inherited-from-lemma,hobnob
hobo,60,cleaned-dictionary,preserved,
hobos,60,esdb-inflection,inherited-from-lemma,hobo
hobs,60,esdb-inflection,inherited-from-lemma,hob
hock,60,cleaned-dictionary,preserved,
hocked,60,esdb-inflection,inherited-from-lemma,hock
hockey,60,cleaned-dictionary,preserved,
hocking,60,esdb-inflection,inherited-from-lemma,hock
hocks,60,esdb-inflection,inherited-from-lemma,hock
hod,60,cleaned-dictionary,preserved,
hods,60,esdb-inflection,inherited-from-lemma,hod
hoe,60,cleaned-dictionary,preserved,
hoed,60,cleaned-dictionary,preserved,
hoeing,60,esdb-inflection,inherited-from-lemma,hoe
hoes,60,esdb-inflection,inherited-from-lemma,hoe
hog,60,cleaned-dictionary,preserved,
hogan,60,cleaned-dictionary,preserved,
hogans,60,esdb-inflection,inherited-from-lemma,hogan
hogged,60,esdb-inflection,inherited-from-lemma,hog
hogging,60,esdb-inflection,inherited-from-lemma,hog
hogs,60,esdb-inflection,inherited-from-lemma,hog
hogwash,60,cleaned-dictionary,preserved,
hoist,60,cleaned-dictionary,preserved,
hoisted,60,esdb-inflection,inherited-from-lemma,hoist
hoists,60,esdb-inflection,inherited-from-lemma,hoist
hokum,60,cleaned-dictionary,preserved,
hold,60,cleaned-dictionary,preserved,
holder,60,cleaned-dictionary,preserved,
holders,60,cleaned-dictionary,preserved,
holding,60,cleaned-dictionary,preserved,
holds,60,esdb-inflection,inherited-from-lemma,hold
holdup,60,cleaned-dictionary,preserved,
holdups,60,esdb-inflection,inherited-from-lemma,holdup
hole,60,cleaned-dictionary,preserved,
holed,60,esdb-inflection,inherited-from-lemma,hole
holes,60,cleaned-dictionary,preserved,
holey,60,cleaned-dictionary,preserved,
holiday,60,cleaned-dictionary,preserved,
holier,60,esdb-inflection,inherited-from-lemma,holy
holiest,60,esdb-inflection,inherited-from-lemma,holy
holing,60,esdb-inflection,inherited-from-lemma,hole
holism,60,cleaned-dictionary,preserved,
holler,60,cleaned-dictionary,preserved,
hollers,60,esdb-inflection,inherited-from-lemma,holler
hollies,60,esdb-inflection,inherited-from-lemma,holly
hollow,60,cleaned-dictionary,preserved,
hollows,60,esdb-inflection,inherited-from-lemma,hollow
holly,60,cleaned-dictionary,preserved,
holmium,60,cleaned-dictionary,preserved,
hols,60,cleaned-dictionary,preserved,
holster,60,cleaned-dictionary,preserved,
holy,60,cleaned-dictionary,preserved,
homage,60,cleaned-dictionary,preserved,
homages,60,esdb-inflection,inherited-from-lemma,homage
hombre,60,cleaned-dictionary,preserved,
hombres,60,esdb-inflection,inherited-from-lemma,hombre
home,60,cleaned-dictionary,preserved,
homeboy,60,cleaned-dictionary,preserved,
homed,60,esdb-inflection,inherited-from-lemma,home
homely,60,cleaned-dictionary,preserved,
homer,60,cleaned-dictionary,preserved,
homered,60,esdb-inflection,inherited-from-lemma,homer
homers,60,esdb-inflection,inherited-from-lemma,homer
homes,60,cleaned-dictionary,preserved,
homey,60,cleaned-dictionary,preserved,
homeys,60,esdb-inflection,inherited-from-lemma,homey
homier,60,esdb-inflection,inherited-from-lemma,homey
homiest,60,esdb-inflection,inherited-from-lemma,homey
homily,60,cleaned-dictionary,preserved,
homing,60,esdb-inflection,inherited-from-lemma,home
hominid,60,cleaned-dictionary,preserved,
homo,60,cleaned-dictionary,preserved,
homonym,60,cleaned-dictionary,preserved,
homos,60,esdb-inflection,inherited-from-lemma,homo
hon,60,cleaned-dictionary,preserved,
honcho,60,cleaned-dictionary,preserved,
honchos,60,esdb-inflection,inherited-from-lemma,honcho
hone,60,cleaned-dictionary,preserved,
honed,60,esdb-inflection,inherited-from-lemma,hone
hones,60,esdb-inflection,inherited-from-lemma,hone
honest,60,cleaned-dictionary,preserved,
honesty,60,cleaned-dictionary,preserved,
honey,60,cleaned-dictionary,preserved,
honeyed,60,esdb-inflection,inherited-from-lemma,honey
honeys,60,esdb-inflection,inherited-from-lemma,honey
honing,60,cleaned-dictionary,preserved,
honor,60,cleaned-dictionary,preserved,
honored,60,esdb-inflection,inherited-from-lemma,honor
honors,60,esdb-inflection,inherited-from-lemma,honor
hons,60,esdb-inflection,inherited-from-lemma,hon
hooch,60,cleaned-dictionary,preserved,
hood,60,cleaned-dictionary,preserved,
hooded,60,esdb-inflection,inherited-from-lemma,hood
hoodie,60,cleaned-dictionary,preserved,
hoodies,60,esdb-inflection,inherited-from-lemma,hoodie
hooding,60,cleaned-dictionary,preserved,
hoods,60,esdb-inflection,inherited-from-lemma,hood
hooey,60,cleaned-dictionary,preserved,
hoof,60,cleaned-dictionary,preserved,
hoofed,60,esdb-inflection,inherited-from-lemma,hoof
hoofing,60,esdb-inflection,inherited-from-lemma,hoof
hoofs,60,esdb-inflection,inherited-from-lemma,hoof
hook,60,cleaned-dictionary,preserved,
hookah,60,cleaned-dictionary,preserved,
hookahs,60,esdb-inflection,inherited-from-lemma,hookah
hooked,60,cleaned-dictionary,preserved,
hooker,60,cleaned-dictionary,preserved,
hookers,60,esdb-inflection,inherited-from-lemma,hooker
hooking,60,esdb-inflection,inherited-from-lemma,hook
hooks,60,esdb-inflection,inherited-from-lemma,hook
hoop,60,cleaned-dictionary,preserved,
hooped,60,esdb-inflection,inherited-from-lemma,hoop
hooping,60,esdb-inflection,inherited-from-lemma,hoop
hoopla,60,cleaned-dictionary,preserved,
hoops,60,cleaned-dictionary,preserved,
hooray,60,cleaned-dictionary,preserved,
hoot,60,cleaned-dictionary,preserved,
hooted,60,esdb-inflection,inherited-from-lemma,hoot
hooter,60,cleaned-dictionary,preserved,
hooters,60,esdb-inflection,inherited-from-lemma,hooter
hooting,60,esdb-inflection,inherited-from-lemma,hoot
hoots,60,esdb-inflection,inherited-from-lemma,hoot
hoover,60,cleaned-dictionary,preserved,
hoovers,60,esdb-inflection,inherited-from-lemma,hoover
hooves,60,cleaned-dictionary,preserved,
hop,60,cleaned-dictionary,preserved,
hope,60,cleaned-dictionary,preserved,
hoped,60,cleaned-dictionary,preserved,
hopeful,60,cleaned-dictionary,preserved,
hopes,60,cleaned-dictionary,preserved,
hoping,60,cleaned-dictionary,preserved,
hopped,60,cleaned-dictionary,preserved,
hopper,60,cleaned-dictionary,preserved,
hoppers,60,esdb-inflection,inherited-from-lemma,hopper
hopping,60,cleaned-dictionary,preserved,
hops,60,cleaned-dictionary,preserved,
hora,60,cleaned-dictionary,preserved,
horas,60,esdb-inflection,inherited-from-lemma,hora
horde,60,cleaned-dictionary,preserved,
horded,60,esdb-inflection,inherited-from-lemma,horde
hordes,60,esdb-inflection,inherited-from-lemma,horde
hording,60,esdb-inflection,inherited-from-lemma,horde
horizon,60,cleaned-dictionary,preserved,
hormone,60,cleaned-dictionary,preserved,
horn,60,cleaned-dictionary,preserved,
hornet,60,cleaned-dictionary,preserved,
hornets,60,esdb-inflection,inherited-from-lemma,hornet
hornier,60,esdb-inflection,inherited-from-lemma,horny
horns,60,cleaned-dictionary,preserved,
horny,60,cleaned-dictionary,preserved,
horrid,60,cleaned-dictionary,preserved,
horror,60,cleaned-dictionary,preserved,
horrors,60,esdb-inflection,inherited-from-lemma,horror
horsey,60,cleaned-dictionary,preserved,
horsier,60,esdb-inflection,inherited-from-lemma,horsey
hose,60,cleaned-dictionary,preserved,
hosed,60,esdb-inflection,inherited-from-lemma,hose
hoses,60,esdb-inflection,inherited-from-lemma,hose
hosier,60,cleaned-dictionary,preserved,
hosiers,60,esdb-inflection,inherited-from-lemma,hosier
hosing,60,esdb-inflection,inherited-from-lemma,hose
host,60,cleaned-dictionary,preserved,
hostage,60,cleaned-dictionary,preserved,
hosted,60,cleaned-dictionary,preserved,
hostel,60,cleaned-dictionary,preserved,
hostels,60,esdb-inflection,inherited-from-lemma,hostel
hostess,60,cleaned-dictionary,preserved,
hostile,60,cleaned-dictionary,preserved,
hosting,60,cleaned-dictionary,preserved,
hostler,60,cleaned-dictionary,preserved,
hosts,60,cleaned-dictionary,preserved,
hot,60,cleaned-dictionary,preserved,
hotbed,60,cleaned-dictionary,preserved,
hotbeds,60,esdb-inflection,inherited-from-lemma,hotbed
hotel,60,cleaned-dictionary,preserved,
hotels,60,cleaned-dictionary,preserved,
hothead,60,cleaned-dictionary,preserved,
hots,60,esdb-inflection,inherited-from-lemma,hot
hotted,60,esdb-inflection,inherited-from-lemma,hot
hotter,60,esdb-inflection,inherited-from-lemma,hot
hottest,60,esdb-inflection,inherited-from-lemma,hot
hotting,60,esdb-inflection,inherited-from-lemma,hot
hound,60,cleaned-dictionary,preserved,
hounded,60,esdb-inflection,inherited-from-lemma,hound
hounds,60,cleaned-dictionary,preserved,
hour,60,cleaned-dictionary,preserved,
hours,60,cleaned-dictionary,preserved,
house,60,cleaned-dictionary,preserved,
housed,60,esdb-inflection,inherited-from-lemma,house
houses,60,cleaned-dictionary,preserved,
housing,60,cleaned-dictionary,preserved,
hove,60,cleaned-dictionary,preserved,
hovel,60,cleaned-dictionary,preserved,
hovels,60,esdb-inflection,inherited-from-lemma,hovel
hover,60,cleaned-dictionary,preserved,
hovered,60,esdb-inflection,inherited-from-lemma,hover
hovers,60,esdb-inflection,inherited-from-lemma,hover
how,60,cleaned-dictionary,preserved,
howdah,60,cleaned-dictionary,preserved,
howdahs,60,esdb-inflection,inherited-from-lemma,howdah
howdy,60,cleaned-dictionary,preserved,
however,60,cleaned-dictionary,preserved,
howl,60,cleaned-dictionary,preserved,
howled,60,esdb-inflection,inherited-from-lemma,howl
howler,60,cleaned-dictionary,preserved,
howlers,60,esdb-inflection,inherited-from-lemma,howler
howling,60,esdb-inflection,inherited-from-lemma,howl
howls,60,esdb-inflection,inherited-from-lemma,howl
hows,60,esdb-inflection,inherited-from-lemma,how
hub,60,cleaned-dictionary,preserved,
hubbub,60,cleaned-dictionary,preserved,
hubbubs,60,esdb-inflection,inherited-from-lemma,hubbub
hubris,60,cleaned-dictionary,preserved,
hubs,60,esdb-inflection,inherited-from-lemma,hub
huddle,60,cleaned-dictionary,preserved,
huddled,60,esdb-inflection,inherited-from-lemma,huddle
huddles,60,esdb-inflection,inherited-from-lemma,huddle
hue,60,cleaned-dictionary,preserved,
hues,60,esdb-inflection,inherited-from-lemma,hue
hug,60,cleaned-dictionary,preserved,
huge,60,cleaned-dictionary,preserved,
huger,60,esdb-inflection,inherited-from-lemma,huge
hugest,60,esdb-inflection,inherited-from-lemma,huge
hugged,60,esdb-inflection,inherited-from-lemma,hug
hugging,60,esdb-inflection,inherited-from-lemma,hug
hugs,60,esdb-inflection,inherited-from-lemma,hug
huh,60,editorial,provisional-editorial,
hula,60,cleaned-dictionary,preserved,
hulas,60,esdb-inflection,inherited-from-lemma,hula
hulk,60,cleaned-dictionary,preserved,
hulks,60,esdb-inflection,inherited-from-lemma,hulk
hull,60,cleaned-dictionary,preserved,
hulled,60,cleaned-dictionary,preserved,
huller,60,cleaned-dictionary,preserved,
hullers,60,esdb-inflection,inherited-from-lemma,huller
hulling,60,esdb-inflection,inherited-from-lemma,hull
hulls,60,esdb-inflection,inherited-from-lemma,hull
hum,60,cleaned-dictionary,preserved,
human,60,cleaned-dictionary,preserved,
humane,60,cleaned-dictionary,preserved,
humaner,60,esdb-inflection,inherited-from-lemma,humane
humans,60,esdb-inflection,inherited-from-lemma,human
humbly,60,cleaned-dictionary,preserved,
humbug,60,cleaned-dictionary,preserved,
humbugs,60,esdb-inflection,inherited-from-lemma,humbug
humdrum,60,cleaned-dictionary,preserved,
humeri,60,esdb-inflection,inherited-from-lemma,humerus
humerus,60,cleaned-dictionary,preserved,
humid,60,cleaned-dictionary,preserved,
hummed,60,esdb-inflection,inherited-from-lemma,hum
hummer,60,cleaned-dictionary,preserved,
hummers,60,esdb-inflection,inherited-from-lemma,hummer
humming,60,esdb-inflection,inherited-from-lemma,hum
hummus,60,cleaned-dictionary,preserved,
humor,60,cleaned-dictionary,preserved,
humored,60,esdb-inflection,inherited-from-lemma,humor
humors,60,esdb-inflection,inherited-from-lemma,humor
hump,60,cleaned-dictionary,preserved,
humped,60,cleaned-dictionary,preserved,
humping,60,esdb-inflection,inherited-from-lemma,hump
humps,60,esdb-inflection,inherited-from-lemma,hump
hums,60,esdb-inflection,inherited-from-lemma,hum
hunch,60,cleaned-dictionary,preserved,
hunched,60,esdb-inflection,inherited-from-lemma,hunch
hunches,60,esdb-inflection,inherited-from-lemma,hunch
hundred,60,cleaned-dictionary,preserved,
hung,60,cleaned-dictionary,preserved,
hunger,60,cleaned-dictionary,preserved,
hungers,60,esdb-inflection,inherited-from-lemma,hunger
hungry,60,cleaned-dictionary,preserved,
hunk,60,cleaned-dictionary,preserved,
hunker,60,cleaned-dictionary,preserved,
hunkers,60,esdb-inflection,inherited-from-lemma,hunker
hunkier,60,esdb-inflection,inherited-from-lemma,hunky
hunks,60,esdb-inflection,inherited-from-lemma,hunk
hunky,60,cleaned-dictionary,preserved,
hunt,60,cleaned-dictionary,preserved,
hunted,60,cleaned-dictionary,preserved,
hunter,60,cleaned-dictionary,preserved,
hunters,60,cleaned-dictionary,preserved,
hunting,60,cleaned-dictionary,preserved,
hunts,60,cleaned-dictionary,preserved,
hurdle,60,cleaned-dictionary,preserved,
hurdled,60,esdb-inflection,inherited-from-lemma,hurdle
hurdles,60,esdb-inflection,inherited-from-lemma,hurdle
hurl,60,cleaned-dictionary,preserved,
hurled,60,esdb-inflection,inherited-from-lemma,hurl
hurler,60,cleaned-dictionary,preserved,
hurlers,60,esdb-inflection,inherited-from-lemma,hurler
hurling,60,cleaned-dictionary,preserved,
hurls,60,esdb-inflection,inherited-from-lemma,hurl
hurried,60,cleaned-dictionary,preserved,
hurries,60,cleaned-dictionary,preserved,
hurry,60,cleaned-dictionary,preserved,
hurt,60,cleaned-dictionary,preserved,
hurtful,60,cleaned-dictionary,preserved,
hurting,60,cleaned-dictionary,preserved,
hurtle,60,cleaned-dictionary,preserved,
hurtled,60,esdb-inflection,inherited-from-lemma,hurtle
hurtles,60,esdb-inflection,inherited-from-lemma,hurtle
hurts,60,esdb-inflection,inherited-from-lemma,hurt
husband,60,cleaned-dictionary,preserved,
hush,60,cleaned-dictionary,preserved,
hushed,60,esdb-inflection,inherited-from-lemma,hush
hushes,60,esdb-inflection,inherited-from-lemma,hush
hushing,60,esdb-inflection,inherited-from-lemma,hush
husk,60,cleaned-dictionary,preserved,
husked,60,esdb-inflection,inherited-from-lemma,husk
husking,60,cleaned-dictionary,preserved,
husks,60,esdb-inflection,inherited-from-lemma,husk
hussar,60,cleaned-dictionary,preserved,
hussars,60,esdb-inflection,inherited-from-lemma,hussar
hussies,60,esdb-inflection,inherited-from-lemma,hussy
hussy,60,cleaned-dictionary,preserved,
hut,60,cleaned-dictionary,preserved,
hutch,60,cleaned-dictionary,preserved,
hutches,60,esdb-inflection,inherited-from-lemma,hutch
huts,60,esdb-inflection,inherited-from-lemma,hut
huzzah,60,cleaned-dictionary,preserved,
huzzahs,60,esdb-inflection,inherited-from-lemma,huzzah
hybrid,60,cleaned-dictionary,preserved,
hybrids,60,esdb-inflection,inherited-from-lemma,hybrid
hydra,60,cleaned-dictionary,preserved,
hydras,60,esdb-inflection,inherited-from-lemma,hydra
hydrate,60,cleaned-dictionary,preserved,
hyena,60,cleaned-dictionary,preserved,
hyenas,60,esdb-inflection,inherited-from-lemma,hyena
hygiene,60,cleaned-dictionary,preserved,
hymen,60,cleaned-dictionary,preserved,
hymens,60,esdb-inflection,inherited-from-lemma,hymen
hymn,60,cleaned-dictionary,preserved,
hymnal,60,cleaned-dictionary,preserved,
hymnals,60,esdb-inflection,inherited-from-lemma,hymnal
hymned,60,esdb-inflection,inherited-from-lemma,hymn
hymning,60,esdb-inflection,inherited-from-lemma,hymn
hymns,60,esdb-inflection,inherited-from-lemma,hymn
hype,60,cleaned-dictionary,preserved,
hyped,60,esdb-inflection,inherited-from-lemma,hype
hyper,60,cleaned-dictionary,preserved,
hypes,60,esdb-inflection,inherited-from-lemma,hype
hyphen,60,cleaned-dictionary,preserved,
hyphens,60,esdb-inflection,inherited-from-lemma,hyphen
hyping,60,esdb-inflection,inherited-from-lemma,hype
hypo,60,cleaned-dictionary,preserved,
hypos,60,esdb-inflection,inherited-from-lemma,hypo
iamb,60,cleaned-dictionary,preserved,
iambic,60,cleaned-dictionary,preserved,
iambics,60,esdb-inflection,inherited-from-lemma,iambic
iambs,60,esdb-inflection,inherited-from-lemma,iamb
ibex,60,cleaned-dictionary,preserved,
ibexes,60,esdb-inflection,inherited-from-lemma,ibex
ibis,60,cleaned-dictionary,preserved,
ibises,60,esdb-inflection,inherited-from-lemma,ibis
ice,60,cleaned-dictionary,preserved,
iceberg,60,cleaned-dictionary,preserved,
icebox,60,cleaned-dictionary,preserved,
iced,60,cleaned-dictionary,preserved,
ices,60,esdb-inflection,inherited-from-lemma,ice
icicle,60,cleaned-dictionary,preserved,
icicles,60,esdb-inflection,inherited-from-lemma,icicle
icier,60,esdb-inflection,inherited-from-lemma,icy
iciest,60,esdb-inflection,inherited-from-lemma,icy
icing,60,cleaned-dictionary,preserved,
icings,60,esdb-inflection,inherited-from-lemma,icing
ickier,60,esdb-inflection,inherited-from-lemma,icky
ickiest,60,esdb-inflection,inherited-from-lemma,icky
icky,60,cleaned-dictionary,preserved,
icon,60,cleaned-dictionary,preserved,
iconic,60,cleaned-dictionary,preserved,
icons,60,esdb-inflection,inherited-from-lemma,icon
ictus,60,cleaned-dictionary,preserved,
icy,60,cleaned-dictionary,preserved,
idea,60,cleaned-dictionary,preserved,
ideal,60,cleaned-dictionary,preserved,
ideals,60,cleaned-dictionary,preserved,
ideas,60,cleaned-dictionary,preserved,
ides,60,cleaned-dictionary,preserved,
idiom,60,cleaned-dictionary,preserved,
idioms,60,esdb-inflection,inherited-from-lemma,idiom
idiot,60,cleaned-dictionary,preserved,
idiotic,60,cleaned-dictionary,preserved,
idiots,60,esdb-inflection,inherited-from-lemma,idiot
idle,60,cleaned-dictionary,preserved,
idled,60,esdb-inflection,inherited-from-lemma,idle
idler,60,esdb-inflection,inherited-from-lemma,idle
idlest,60,esdb-inflection,inherited-from-lemma,idle
idling,60,esdb-inflection,inherited-from-lemma,idle
idol,60,cleaned-dictionary,preserved,
idols,60,esdb-inflection,inherited-from-lemma,idol
idyll,60,cleaned-dictionary,preserved,
idyllic,60,cleaned-dictionary,preserved,
idylls,60,esdb-inflection,inherited-from-lemma,idyll
iffier,60,esdb-inflection,inherited-from-lemma,iffy
iffiest,60,esdb-inflection,inherited-from-lemma,iffy
iffy,60,cleaned-dictionary,preserved,
igloo,60,cleaned-dictionary,preserved,
igloos,60,esdb-inflection,inherited-from-lemma,igloo
igneous,60,cleaned-dictionary,preserved,
ignite,60,cleaned-dictionary,preserved,
ignited,60,esdb-inflection,inherited-from-lemma,ignite
ignites,60,esdb-inflection,inherited-from-lemma,ignite
ignoble,60,cleaned-dictionary,preserved,
ignore,60,cleaned-dictionary,preserved,
ignored,60,cleaned-dictionary,preserved,
ignores,60,esdb-inflection,inherited-from-lemma,ignore
iguana,60,cleaned-dictionary,preserved,
iguanas,60,esdb-inflection,inherited-from-lemma,iguana
ilea,60,esdb-inflection,inherited-from-lemma,ileum
ileitis,60,cleaned-dictionary,preserved,
ileum,60,cleaned-dictionary,preserved,
ilia,60,cleaned-dictionary,preserved,
ilium,60,cleaned-dictionary,preserved,
ilk,60,cleaned-dictionary,preserved,
ilks,60,esdb-inflection,inherited-from-lemma,ilk
ill,60,cleaned-dictionary,preserved,
illegal,60,cleaned-dictionary,preserved,
illicit,60,cleaned-dictionary,preserved,
illness,60,cleaned-dictionary,preserved,
ills,60,cleaned-dictionary,preserved,
image,60,cleaned-dictionary,preserved,
imaged,60,esdb-inflection,inherited-from-lemma,image
imagery,60,cleaned-dictionary,preserved,
images,60,cleaned-dictionary,preserved,
imagine,60,cleaned-dictionary,preserved,
imaging,60,esdb-inflection,inherited-from-lemma,image
imam,60,cleaned-dictionary,preserved,
imams,60,esdb-inflection,inherited-from-lemma,imam
imbibe,60,cleaned-dictionary,preserved,
imbibed,60,esdb-inflection,inherited-from-lemma,imbibe
imbibes,60,esdb-inflection,inherited-from-lemma,imbibe
imbue,60,cleaned-dictionary,preserved,
imbued,60,esdb-inflection,inherited-from-lemma,imbue
imbues,60,esdb-inflection,inherited-from-lemma,imbue
imbuing,60,esdb-inflection,inherited-from-lemma,imbue
imitate,60,cleaned-dictionary,preserved,
immense,60,cleaned-dictionary,preserved,
immerse,60,cleaned-dictionary,preserved,
immoral,60,cleaned-dictionary,preserved,
immune,60,cleaned-dictionary,preserved,
immure,60,cleaned-dictionary,preserved,
immured,60,esdb-inflection,inherited-from-lemma,immure
immures,60,esdb-inflection,inherited-from-lemma,immure
imp,60,cleaned-dictionary,preserved,
impact,60,cleaned-dictionary,preserved,
impacts,60,cleaned-dictionary,preserved,
impair,60,cleaned-dictionary,preserved,
impairs,60,esdb-inflection,inherited-from-lemma,impair
impala,60,cleaned-dictionary,preserved,
impalas,60,esdb-inflection,inherited-from-lemma,impala
impale,60,cleaned-dictionary,preserved,
impaled,60,esdb-inflection,inherited-from-lemma,impale
impales,60,esdb-inflection,inherited-from-lemma,impale
impart,60,cleaned-dictionary,preserved,
imparts,60,esdb-inflection,inherited-from-lemma,impart
impasse,60,cleaned-dictionary,preserved,
impasto,60,cleaned-dictionary,preserved,
impeach,60,cleaned-dictionary,preserved,
impede,60,cleaned-dictionary,preserved,
impeded,60,esdb-inflection,inherited-from-lemma,impede
impedes,60,esdb-inflection,inherited-from-lemma,impede
impel,60,cleaned-dictionary,preserved,
impels,60,esdb-inflection,inherited-from-lemma,impel
impend,60,cleaned-dictionary,preserved,
impends,60,esdb-inflection,inherited-from-lemma,impend
imperil,60,cleaned-dictionary,preserved,
impetus,60,cleaned-dictionary,preserved,
impiety,60,cleaned-dictionary,preserved,
impinge,60,cleaned-dictionary,preserved,
impious,60,cleaned-dictionary,preserved,
implied,60,cleaned-dictionary,preserved,
implies,60,esdb-inflection,inherited-from-lemma,imply
implode,60,cleaned-dictionary,preserved,
implore,60,cleaned-dictionary,preserved,
imply,60,cleaned-dictionary,preserved,
import,60,cleaned-dictionary,preserved,
imports,60,cleaned-dictionary,preserved,
impose,60,cleaned-dictionary,preserved,
imposed,60,cleaned-dictionary,preserved,
imposes,60,esdb-inflection,inherited-from-lemma,impose
impost,60,cleaned-dictionary,preserved,
imposts,60,esdb-inflection,inherited-from-lemma,impost
impound,60,cleaned-dictionary,preserved,
impress,60,cleaned-dictionary,preserved,
imprint,60,cleaned-dictionary,preserved,
improv,60,cleaned-dictionary,preserved,
improve,60,cleaned-dictionary,preserved,
improvs,60,esdb-inflection,inherited-from-lemma,improv
imps,60,esdb-inflection,inherited-from-lemma,imp
impugn,60,cleaned-dictionary,preserved,
impugns,60,esdb-inflection,inherited-from-lemma,impugn
impulse,60,cleaned-dictionary,preserved,
impure,60,cleaned-dictionary,preserved,
impute,60,cleaned-dictionary,preserved,
imputed,60,esdb-inflection,inherited-from-lemma,impute
imputes,60,esdb-inflection,inherited-from-lemma,impute
inane,60,cleaned-dictionary,preserved,
inaner,60,esdb-inflection,inherited-from-lemma,inane
inanest,60,esdb-inflection,inherited-from-lemma,inane
inanity,60,cleaned-dictionary,preserved,
inapt,60,cleaned-dictionary,preserved,
inborn,60,cleaned-dictionary,preserved,
inbred,60,cleaned-dictionary,preserved,
inbreed,60,cleaned-dictionary,preserved,
incense,60,cleaned-dictionary,preserved,
incest,60,cleaned-dictionary,preserved,
inch,60,cleaned-dictionary,preserved,
inched,60,esdb-inflection,inherited-from-lemma,inch
inches,60,cleaned-dictionary,preserved,
inching,60,esdb-inflection,inherited-from-lemma,inch
incise,60,cleaned-dictionary,preserved,
incised,60,esdb-inflection,inherited-from-lemma,incise
incises,60,esdb-inflection,inherited-from-lemma,incise
incisor,60,cleaned-dictionary,preserved,
incite,60,cleaned-dictionary,preserved,
incited,60,esdb-inflection,inherited-from-lemma,incite
incites,60,esdb-inflection,inherited-from-lemma,incite
incline,60,cleaned-dictionary,preserved,
include,60,cleaned-dictionary,preserved,
income,60,cleaned-dictionary,preserved,
incomes,60,cleaned-dictionary,preserved,
incubus,60,cleaned-dictionary,preserved,
incur,60,cleaned-dictionary,preserved,
incurs,60,esdb-inflection,inherited-from-lemma,incur
indeed,60,cleaned-dictionary,preserved,
indent,60,cleaned-dictionary,preserved,
indents,60,esdb-inflection,inherited-from-lemma,indent
index,60,cleaned-dictionary,preserved,
indexed,60,esdb-inflection,inherited-from-lemma,index
indexes,60,esdb-inflection,inherited-from-lemma,index
indices,60,cleaned-dictionary,preserved,
indict,60,cleaned-dictionary,preserved,
indicts,60,cleaned-dictionary,preserved,
indigo,60,cleaned-dictionary,preserved,
indium,60,cleaned-dictionary,preserved,
indoor,60,cleaned-dictionary,preserved,
indoors,60,cleaned-dictionary,preserved,
induce,60,cleaned-dictionary,preserved,
induced,60,cleaned-dictionary,preserved,
induces,60,esdb-inflection,inherited-from-lemma,induce
induct,60,cleaned-dictionary,preserved,
inducts,60,esdb-inflection,inherited-from-lemma,induct
indulge,60,cleaned-dictionary,preserved,
inept,60,cleaned-dictionary,preserved,
inert,60,cleaned-dictionary,preserved,
inertia,60,cleaned-dictionary,preserved,
infamy,60,cleaned-dictionary,preserved,
infancy,60,cleaned-dictionary,preserved,
infant,60,cleaned-dictionary,preserved,
infants,60,cleaned-dictionary,preserved,
infarct,60,cleaned-dictionary,preserved,
infect,60,cleaned-dictionary,preserved,
infects,60,esdb-inflection,inherited-from-lemma,infect
infer,60,cleaned-dictionary,preserved,
infers,60,esdb-inflection,inherited-from-lemma,infer
infest,60,cleaned-dictionary,preserved,
infests,60,esdb-inflection,inherited-from-lemma,infest
infidel,60,cleaned-dictionary,preserved,
infield,60,cleaned-dictionary,preserved,
infix,60,cleaned-dictionary,preserved,
inflame,60,cleaned-dictionary,preserved,
inflate,60,cleaned-dictionary,preserved,
inflect,60,cleaned-dictionary,preserved,
inflict,60,cleaned-dictionary,preserved,
inflow,60,cleaned-dictionary,preserved,
inflows,60,esdb-inflection,inherited-from-lemma,inflow
influx,60,cleaned-dictionary,preserved,
info,60,cleaned-dictionary,preserved,
inform,60,cleaned-dictionary,preserved,
informs,60,esdb-inflection,inherited-from-lemma,inform
infra,60,cleaned-dictionary,preserved,
infuse,60,cleaned-dictionary,preserved,
infused,60,esdb-inflection,inherited-from-lemma,infuse
infuses,60,esdb-inflection,inherited-from-lemma,infuse
ingenue,60,cleaned-dictionary,preserved,
ingest,60,cleaned-dictionary,preserved,
ingests,60,esdb-inflection,inherited-from-lemma,ingest
ingot,60,cleaned-dictionary,preserved,
ingots,60,esdb-inflection,inherited-from-lemma,ingot
ingrate,60,cleaned-dictionary,preserved,
ingress,60,cleaned-dictionary,preserved,
inhabit,60,cleaned-dictionary,preserved,
inhale,60,cleaned-dictionary,preserved,
inhaled,60,esdb-inflection,inherited-from-lemma,inhale
inhales,60,esdb-inflection,inherited-from-lemma,inhale
inhere,60,cleaned-dictionary,preserved,
inhered,60,esdb-inflection,inherited-from-lemma,inhere
inheres,60,esdb-inflection,inherited-from-lemma,inhere
inherit,60,cleaned-dictionary,preserved,
inhibit,60,cleaned-dictionary,preserved,
initial,60,cleaned-dictionary,preserved,
injure,60,cleaned-dictionary,preserved,
injured,60,cleaned-dictionary,preserved,
injures,60,esdb-inflection,inherited-from-lemma,injure
injury,60,cleaned-dictionary,preserved,
ink,60,cleaned-dictionary,preserved,
inked,60,cleaned-dictionary,preserved,
inking,60,esdb-inflection,inherited-from-lemma,ink
inkling,60,cleaned-dictionary,preserved,
inks,60,esdb-inflection,inherited-from-lemma,ink
inkwell,60,cleaned-dictionary,preserved,
inland,60,cleaned-dictionary,preserved,
inn,60,cleaned-dictionary,preserved,
innards,60,cleaned-dictionary,preserved,
innate,60,cleaned-dictionary,preserved,
inner,60,cleaned-dictionary,preserved,
inning,60,cleaned-dictionary,preserved,
innings,60,cleaned-dictionary,preserved,
inns,60,esdb-inflection,inherited-from-lemma,inn
input,60,cleaned-dictionary,preserved,
inputs,60,cleaned-dictionary,preserved,
inquest,60,cleaned-dictionary,preserved,
inquire,60,cleaned-dictionary,preserved,
inquiry,60,cleaned-dictionary,preserved,
inroads,60,cleaned-dictionary,preserved,
ins,60,cleaned-dictionary,preserved,
insane,60,cleaned-dictionary,preserved,
insaner,60,esdb-inflection,inherited-from-lemma,insane
insect,60,cleaned-dictionary,preserved,
insects,60,cleaned-dictionary,preserved,
insert,60,cleaned-dictionary,preserved,
inserts,60,esdb-inflection,inherited-from-lemma,insert
inset,60,cleaned-dictionary,preserved,
insets,60,esdb-inflection,inherited-from-lemma,inset
inside,60,cleaned-dictionary,preserved,
insider,60,cleaned-dictionary,preserved,
insides,60,cleaned-dictionary,preserved,
insight,60,cleaned-dictionary,preserved,
insipid,60,cleaned-dictionary,preserved,
insist,60,cleaned-dictionary,preserved,
insists,60,esdb-inflection,inherited-from-lemma,insist
inspect,60,cleaned-dictionary,preserved,
inspire,60,cleaned-dictionary,preserved,
install,60,cleaned-dictionary,preserved,
instant,60,cleaned-dictionary,preserved,
instar,60,cleaned-dictionary,preserved,
instars,60,esdb-inflection,inherited-from-lemma,instar
instead,60,cleaned-dictionary,preserved,
insula,60,cleaned-dictionary,preserved,
insular,60,cleaned-dictionary,preserved,
insulas,60,esdb-inflection,inherited-from-lemma,insula
insult,60,cleaned-dictionary,preserved,
insults,60,esdb-inflection,inherited-from-lemma,insult
insure,60,cleaned-dictionary,preserved,
insured,60,cleaned-dictionary,preserved,
insures,60,esdb-inflection,inherited-from-lemma,insure
intact,60,cleaned-dictionary,preserved,
intake,60,cleaned-dictionary,preserved,
intakes,60,esdb-inflection,inherited-from-lemma,intake
integer,60,cleaned-dictionary,preserved,
intel,60,cleaned-dictionary,preserved,
intend,60,cleaned-dictionary,preserved,
intends,60,esdb-inflection,inherited-from-lemma,intend
intense,60,cleaned-dictionary,preserved,
intent,60,cleaned-dictionary,preserved,
intents,60,esdb-inflection,inherited-from-lemma,intent
inter,60,cleaned-dictionary,preserved,
interim,60,cleaned-dictionary,preserved,
inters,60,cleaned-dictionary,preserved,
into,60,cleaned-dictionary,preserved,
intone,60,cleaned-dictionary,preserved,
intoned,60,esdb-inflection,inherited-from-lemma,intone
intones,60,esdb-inflection,inherited-from-lemma,intone
intro,60,cleaned-dictionary,preserved,
intros,60,esdb-inflection,inherited-from-lemma,intro
intrude,60,cleaned-dictionary,preserved,
intuit,60,cleaned-dictionary,preserved,
intuits,60,esdb-inflection,inherited-from-lemma,intuit
inure,60,cleaned-dictionary,preserved,
inured,60,esdb-inflection,inherited-from-lemma,inure
inures,60,esdb-inflection,inherited-from-lemma,inure
inuring,60,esdb-inflection,inherited-from-lemma,inure
invade,60,cleaned-dictionary,preserved,
invaded,60,esdb-inflection,inherited-from-lemma,invade
invader,60,cleaned-dictionary,preserved,
invades,60,esdb-inflection,inherited-from-lemma,invade
invalid,60,cleaned-dictionary,preserved,
inveigh,60,cleaned-dictionary,preserved,
invent,60,cleaned-dictionary,preserved,
invents,60,esdb-inflection,inherited-from-lemma,invent
inverse,60,cleaned-dictionary,preserved,
invert,60,cleaned-dictionary,preserved,
inverts,60,esdb-inflection,inherited-from-lemma,invert
invest,60,cleaned-dictionary,preserved,
invests,60,esdb-inflection,inherited-from-lemma,invest
invite,60,cleaned-dictionary,preserved,
invited,60,cleaned-dictionary,preserved,
invitee,60,cleaned-dictionary,preserved,
invites,60,esdb-inflection,inherited-from-lemma,invite
invoice,60,cleaned-dictionary,preserved,
invoke,60,cleaned-dictionary,preserved,
invoked,60,cleaned-dictionary,preserved,
invokes,60,esdb-inflection,inherited-from-lemma,invoke
involve,60,cleaned-dictionary,preserved,
inward,60,cleaned-dictionary,preserved,
iodide,60,cleaned-dictionary,preserved,
iodides,60,esdb-inflection,inherited-from-lemma,iodide
iodine,60,cleaned-dictionary,preserved,
ion,60,cleaned-dictionary,preserved,
ionic,60,cleaned-dictionary,preserved,
ionize,60,cleaned-dictionary,preserved,
ionized,60,esdb-inflection,inherited-from-lemma,ionize
ionizes,60,esdb-inflection,inherited-from-lemma,ionize
ions,60,cleaned-dictionary,preserved,
iota,60,cleaned-dictionary,preserved,
iotas,60,esdb-inflection,inherited-from-lemma,iota
irate,60,cleaned-dictionary,preserved,
ire,60,cleaned-dictionary,preserved,
irenic,60,cleaned-dictionary,preserved,
iridium,60,cleaned-dictionary,preserved,
iris,60,cleaned-dictionary,preserved,
irises,60,cleaned-dictionary,preserved,
irk,60,cleaned-dictionary,preserved,
irked,60,esdb-inflection,inherited-from-lemma,irk
irking,60,esdb-inflection,inherited-from-lemma,irk
irks,60,esdb-inflection,inherited-from-lemma,irk
irksome,60,cleaned-dictionary,preserved,
iron,60,cleaned-dictionary,preserved,
ironed,60,esdb-inflection,inherited-from-lemma,iron
ironic,60,cleaned-dictionary,preserved,
ironies,60,esdb-inflection,inherited-from-lemma,irony
ironing,60,cleaned-dictionary,preserved,
irons,60,cleaned-dictionary,preserved,
irony,60,cleaned-dictionary,preserved,
island,60,cleaned-dictionary,preserved,
islands,60,cleaned-dictionary,preserved,
isle,60,cleaned-dictionary,preserved,
isles,60,esdb-inflection,inherited-from-lemma,isle
islet,60,cleaned-dictionary,preserved,
islets,60,esdb-inflection,inherited-from-lemma,islet
ism,60,cleaned-dictionary,preserved,
isms,60,esdb-inflection,inherited-from-lemma,ism
isobar,60,cleaned-dictionary,preserved,
isobars,60,esdb-inflection,inherited-from-lemma,isobar
isolate,60,cleaned-dictionary,preserved,
isomer,60,cleaned-dictionary,preserved,
isomers,60,esdb-inflection,inherited-from-lemma,isomer
isotope,60,cleaned-dictionary,preserved,
issue,60,cleaned-dictionary,preserved,
issued,60,esdb-inflection,inherited-from-lemma,issue
issues,60,cleaned-dictionary,preserved,
issuing,60,esdb-inflection,inherited-from-lemma,issue
isthmus,60,cleaned-dictionary,preserved,
italic,60,cleaned-dictionary,preserved,
italics,60,cleaned-dictionary,preserved,
itch,60,cleaned-dictionary,preserved,
itched,60,esdb-inflection,inherited-from-lemma,itch
itches,60,esdb-inflection,inherited-from-lemma,itch
itching,60,esdb-inflection,inherited-from-lemma,itch
item,60,cleaned-dictionary,preserved,
items,60,cleaned-dictionary,preserved,
iterate,60,cleaned-dictionary,preserved,
its,60,cleaned-dictionary,preserved,
itself,60,cleaned-dictionary,preserved,
ivied,60,cleaned-dictionary,preserved,
ivies,60,esdb-inflection,inherited-from-lemma,ivy
ivories,60,esdb-inflection,inherited-from-lemma,ivory
ivory,60,cleaned-dictionary,preserved,
ivy,60,cleaned-dictionary,preserved,
jab,60,cleaned-dictionary,preserved,
jabbed,60,esdb-inflection,inherited-from-lemma,jab
jabber,60,cleaned-dictionary,preserved,
jabbers,60,esdb-inflection,inherited-from-lemma,jabber
jabbing,60,esdb-inflection,inherited-from-lemma,jab
jabot,60,cleaned-dictionary,preserved,
jabots,60,esdb-inflection,inherited-from-lemma,jabot
jabs,60,esdb-inflection,inherited-from-lemma,jab
jack,60,cleaned-dictionary,preserved,
jackal,60,cleaned-dictionary,preserved,
jackals,60,esdb-inflection,inherited-from-lemma,jackal
jackass,60,cleaned-dictionary,preserved,
jackdaw,60,cleaned-dictionary,preserved,
jacked,60,esdb-inflection,inherited-from-lemma,jack
jacket,60,cleaned-dictionary,preserved,
jackets,60,esdb-inflection,inherited-from-lemma,jacket
jacking,60,esdb-inflection,inherited-from-lemma,jack
jackpot,60,cleaned-dictionary,preserved,
jacks,60,esdb-inflection,inherited-from-lemma,jack
jade,60,cleaned-dictionary,preserved,
jaded,60,cleaned-dictionary,preserved,
jades,60,esdb-inflection,inherited-from-lemma,jade
jading,60,esdb-inflection,inherited-from-lemma,jade
jag,60,cleaned-dictionary,preserved,
jagged,60,cleaned-dictionary,preserved,
jags,60,esdb-inflection,inherited-from-lemma,jag
jaguar,60,cleaned-dictionary,preserved,
jaguars,60,esdb-inflection,inherited-from-lemma,jaguar
jail,60,cleaned-dictionary,preserved,
jailed,60,esdb-inflection,inherited-from-lemma,jail
jailer,60,cleaned-dictionary,preserved,
jailers,60,esdb-inflection,inherited-from-lemma,jailer
jailing,60,esdb-inflection,inherited-from-lemma,jail
jails,60,esdb-inflection,inherited-from-lemma,jail
jalopy,60,cleaned-dictionary,preserved,
jam,60,cleaned-dictionary,preserved,
jammed,60,esdb-inflection,inherited-from-lemma,jam
jammier,60,esdb-inflection,inherited-from-lemma,jammy
jamming,60,esdb-inflection,inherited-from-lemma,jam
jammy,60,cleaned-dictionary,preserved,
jams,60,esdb-inflection,inherited-from-lemma,jam
japan,60,cleaned-dictionary,preserved,
japans,60,esdb-inflection,inherited-from-lemma,japan
jape,60,cleaned-dictionary,preserved,
japed,60,esdb-inflection,inherited-from-lemma,jape
japes,60,esdb-inflection,inherited-from-lemma,jape
japing,60,esdb-inflection,inherited-from-lemma,jape
jar,60,cleaned-dictionary,preserved,
jargon,60,cleaned-dictionary,preserved,
jarred,60,esdb-inflection,inherited-from-lemma,jar
jarring,60,esdb-inflection,inherited-from-lemma,jar
jars,60,esdb-inflection,inherited-from-lemma,jar
jasper,60,cleaned-dictionary,preserved,
jaunt,60,cleaned-dictionary,preserved,
jaunted,60,esdb-inflection,inherited-from-lemma,jaunt
jaunts,60,esdb-inflection,inherited-from-lemma,jaunt
jaunty,60,cleaned-dictionary,preserved,
java,60,cleaned-dictionary,preserved,
javelin,60,cleaned-dictionary,preserved,
jaw,60,cleaned-dictionary,preserved,
jawbone,60,cleaned-dictionary,preserved,
jawed,60,esdb-inflection,inherited-from-lemma,jaw
jawing,60,esdb-inflection,inherited-from-lemma,jaw
jaws,60,cleaned-dictionary,preserved,
jay,60,cleaned-dictionary,preserved,
jays,60,esdb-inflection,inherited-from-lemma,jay
jaywalk,60,cleaned-dictionary,preserved,
jazz,60,cleaned-dictionary,preserved,
jazzed,60,esdb-inflection,inherited-from-lemma,jazz
jazzes,60,esdb-inflection,inherited-from-lemma,jazz
jazzier,60,esdb-inflection,inherited-from-lemma,jazzy
jazzing,60,esdb-inflection,inherited-from-lemma,jazz
jazzy,60,cleaned-dictionary,preserved,
jealous,60,cleaned-dictionary,preserved,
jean,60,cleaned-dictionary,preserved,
jeans,60,cleaned-dictionary,preserved,
jeer,60,cleaned-dictionary,preserved,
jeered,60,esdb-inflection,inherited-from-lemma,jeer
jeering,60,esdb-inflection,inherited-from-lemma,jeer
jeers,60,esdb-inflection,inherited-from-lemma,jeer
jejuna,60,esdb-inflection,inherited-from-lemma,jejunum
jejune,60,cleaned-dictionary,preserved,
jejunum,60,cleaned-dictionary,preserved,
jellied,60,esdb-inflection,inherited-from-lemma,jelly
jellies,60,esdb-inflection,inherited-from-lemma,jelly
jelly,60,cleaned-dictionary,preserved,
jennies,60,esdb-inflection,inherited-from-lemma,jenny
jenny,60,cleaned-dictionary,preserved,
jerk,60,cleaned-dictionary,preserved,
jerked,60,esdb-inflection,inherited-from-lemma,jerk
jerkier,60,esdb-inflection,inherited-from-lemma,jerky
jerking,60,esdb-inflection,inherited-from-lemma,jerk
jerks,60,esdb-inflection,inherited-from-lemma,jerk
jerky,60,cleaned-dictionary,preserved,
jersey,60,cleaned-dictionary,preserved,
jerseys,60,esdb-inflection,inherited-from-lemma,jersey
jest,60,cleaned-dictionary,preserved,
jested,60,esdb-inflection,inherited-from-lemma,jest
jesting,60,esdb-inflection,inherited-from-lemma,jest
jests,60,esdb-inflection,inherited-from-lemma,jest
jet,60,cleaned-dictionary,preserved,
jets,60,esdb-inflection,inherited-from-lemma,jet
jetsam,60,cleaned-dictionary,preserved,
jetted,60,esdb-inflection,inherited-from-lemma,jet
jetties,60,esdb-inflection,inherited-from-lemma,jetty
jetting,60,esdb-inflection,inherited-from-lemma,jet
jetty,60,cleaned-dictionary,preserved,
jewel,60,cleaned-dictionary,preserved,
jeweled,60,esdb-inflection,inherited-from-lemma,jewel
jewelry,60,cleaned-dictionary,preserved,
jewels,60,cleaned-dictionary,preserved,
jib,60,cleaned-dictionary,preserved,
jibbed,60,esdb-inflection,inherited-from-lemma,jib
jibbing,60,esdb-inflection,inherited-from-lemma,jib
jibe,60,cleaned-dictionary,preserved,
jibed,60,esdb-inflection,inherited-from-lemma,jibe
jibes,60,esdb-inflection,inherited-from-lemma,jibe
jibing,60,esdb-inflection,inherited-from-lemma,jibe
jibs,60,esdb-inflection,inherited-from-lemma,jib
jiffies,60,esdb-inflection,inherited-from-lemma,jiffy
jiffy,60,cleaned-dictionary,preserved,
jig,60,cleaned-dictionary,preserved,
jigged,60,esdb-inflection,inherited-from-lemma,jig
jigger,60,cleaned-dictionary,preserved,
jiggers,60,esdb-inflection,inherited-from-lemma,jigger
jigging,60,esdb-inflection,inherited-from-lemma,jig
jiggle,60,cleaned-dictionary,preserved,
jiggled,60,esdb-inflection,inherited-from-lemma,jiggle
jiggles,60,esdb-inflection,inherited-from-lemma,jiggle
jigs,60,esdb-inflection,inherited-from-lemma,jig
jihad,60,cleaned-dictionary,preserved,
jihads,60,esdb-inflection,inherited-from-lemma,jihad
jillion,60,cleaned-dictionary,preserved,
jilt,60,cleaned-dictionary,preserved,
jilted,60,esdb-inflection,inherited-from-lemma,jilt
jilting,60,esdb-inflection,inherited-from-lemma,jilt
jilts,60,esdb-inflection,inherited-from-lemma,jilt
jimmied,60,esdb-inflection,inherited-from-lemma,jimmy
jimmies,60,esdb-inflection,inherited-from-lemma,jimmy
jimmy,60,cleaned-dictionary,preserved,
jingle,60,cleaned-dictionary,preserved,
jingled,60,esdb-inflection,inherited-from-lemma,jingle
jingles,60,esdb-inflection,inherited-from-lemma,jingle
jinni,60,cleaned-dictionary,preserved,
jinnis,60,esdb-inflection,inherited-from-lemma,jinni
jinx,60,cleaned-dictionary,preserved,
jinxed,60,esdb-inflection,inherited-from-lemma,jinx
jinxes,60,esdb-inflection,inherited-from-lemma,jinx
jinxing,60,esdb-inflection,inherited-from-lemma,jinx
jitter,60,cleaned-dictionary,preserved,
jitters,60,esdb-inflection,inherited-from-lemma,jitter
jive,60,cleaned-dictionary,preserved,
jived,60,esdb-inflection,inherited-from-lemma,jive
jives,60,esdb-inflection,inherited-from-lemma,jive
jiving,60,esdb-inflection,inherited-from-lemma,jive
job,60,cleaned-dictionary,preserved,
jobbed,60,esdb-inflection,inherited-from-lemma,job
jobbing,60,esdb-inflection,inherited-from-lemma,job
jobs,60,cleaned-dictionary,preserved,
jock,60,cleaned-dictionary,preserved,
jocks,60,esdb-inflection,inherited-from-lemma,jock
jocose,60,cleaned-dictionary,preserved,
jocular,60,cleaned-dictionary,preserved,
joey,60,cleaned-dictionary,preserved,
joeys,60,esdb-inflection,inherited-from-lemma,joey
jog,60,cleaned-dictionary,preserved,
jogged,60,esdb-inflection,inherited-from-lemma,jog
jogger,60,cleaned-dictionary,preserved,
joggers,60,esdb-inflection,inherited-from-lemma,jogger
jogging,60,cleaned-dictionary,preserved,
joggle,60,cleaned-dictionary,preserved,
joggled,60,esdb-inflection,inherited-from-lemma,joggle
joggles,60,esdb-inflection,inherited-from-lemma,joggle
jogs,60,esdb-inflection,inherited-from-lemma,jog
john,60,cleaned-dictionary,preserved,
johnny,60,cleaned-dictionary,preserved,
johns,60,esdb-inflection,inherited-from-lemma,john
join,60,cleaned-dictionary,preserved,
joined,60,cleaned-dictionary,preserved,
joiner,60,cleaned-dictionary,preserved,
joiners,60,esdb-inflection,inherited-from-lemma,joiner
joinery,60,cleaned-dictionary,preserved,
joining,60,cleaned-dictionary,preserved,
joins,60,esdb-inflection,inherited-from-lemma,join
joint,60,cleaned-dictionary,preserved,
jointed,60,esdb-inflection,inherited-from-lemma,joint
joke,60,cleaned-dictionary,preserved,
joked,60,esdb-inflection,inherited-from-lemma,joke
joker,60,cleaned-dictionary,preserved,
jokers,60,esdb-inflection,inherited-from-lemma,joker
jokes,60,cleaned-dictionary,preserved,
joking,60,esdb-inflection,inherited-from-lemma,joke
jollied,60,esdb-inflection,inherited-from-lemma,jolly
jollier,60,esdb-inflection,inherited-from-lemma,jolly
jolly,60,cleaned-dictionary,preserved,
jolt,60,cleaned-dictionary,preserved,
jolted,60,esdb-inflection,inherited-from-lemma,jolt
jolter,60,cleaned-dictionary,preserved,
jolters,60,esdb-inflection,inherited-from-lemma,jolter
jolting,60,esdb-inflection,inherited-from-lemma,jolt
jolts,60,esdb-inflection,inherited-from-lemma,jolt
jostle,60,cleaned-dictionary,preserved,
jostled,60,esdb-inflection,inherited-from-lemma,jostle
jostles,60,esdb-inflection,inherited-from-lemma,jostle
jot,60,cleaned-dictionary,preserved,
jots,60,esdb-inflection,inherited-from-lemma,jot
jotted,60,esdb-inflection,inherited-from-lemma,jot
jotter,60,cleaned-dictionary,preserved,
jotters,60,esdb-inflection,inherited-from-lemma,jotter
jotting,60,esdb-inflection,inherited-from-lemma,jot
joule,60,cleaned-dictionary,preserved,
joules,60,esdb-inflection,inherited-from-lemma,joule
jounce,60,cleaned-dictionary,preserved,
jounced,60,esdb-inflection,inherited-from-lemma,jounce
jounces,60,esdb-inflection,inherited-from-lemma,jounce
journal,60,cleaned-dictionary,preserved,
journey,60,cleaned-dictionary,preserved,
journo,60,cleaned-dictionary,preserved,
journos,60,esdb-inflection,inherited-from-lemma,journo
joust,60,cleaned-dictionary,preserved,
jousted,60,esdb-inflection,inherited-from-lemma,joust
jousts,60,esdb-inflection,inherited-from-lemma,joust
jovial,60,cleaned-dictionary,preserved,
jowl,60,cleaned-dictionary,preserved,
jowlier,60,esdb-inflection,inherited-from-lemma,jowly
jowls,60,cleaned-dictionary,preserved,
jowly,60,cleaned-dictionary,preserved,
joy,60,cleaned-dictionary,preserved,
joyed,60,esdb-inflection,inherited-from-lemma,joy
joyful,60,cleaned-dictionary,preserved,
joying,60,esdb-inflection,inherited-from-lemma,joy
joyous,60,cleaned-dictionary,preserved,
joyride,60,cleaned-dictionary,preserved,
joyrode,60,esdb-inflection,inherited-from-lemma,joyride
joys,60,cleaned-dictionary,preserved,
judder,60,cleaned-dictionary,preserved,
judders,60,esdb-inflection,inherited-from-lemma,judder
judge,60,cleaned-dictionary,preserved,
judged,60,cleaned-dictionary,preserved,
judges,60,cleaned-dictionary,preserved,
judging,60,cleaned-dictionary,preserved,
judo,60,cleaned-dictionary,preserved,
jug,60,cleaned-dictionary,preserved,
jugged,60,esdb-inflection,inherited-from-lemma,jug
jugging,60,esdb-inflection,inherited-from-lemma,jug
juggle,60,cleaned-dictionary,preserved,
juggled,60,esdb-inflection,inherited-from-lemma,juggle
juggles,60,esdb-inflection,inherited-from-lemma,juggle
jugs,60,esdb-inflection,inherited-from-lemma,jug
jugular,60,cleaned-dictionary,preserved,
juice,60,cleaned-dictionary,preserved,
juiced,60,esdb-inflection,inherited-from-lemma,juice
juices,60,esdb-inflection,inherited-from-lemma,juice
juicier,60,esdb-inflection,inherited-from-lemma,juicy
juicing,60,esdb-inflection,inherited-from-lemma,juice
juicy,60,cleaned-dictionary,preserved,
jujube,60,cleaned-dictionary,preserved,
jujubes,60,esdb-inflection,inherited-from-lemma,jujube
juke,60,cleaned-dictionary,preserved,
juked,60,esdb-inflection,inherited-from-lemma,juke
jukes,60,esdb-inflection,inherited-from-lemma,juke
juking,60,esdb-inflection,inherited-from-lemma,juke
julep,60,cleaned-dictionary,preserved,
juleps,60,esdb-inflection,inherited-from-lemma,julep
jumble,60,cleaned-dictionary,preserved,
jumbled,60,esdb-inflection,inherited-from-lemma,jumble
jumbles,60,esdb-inflection,inherited-from-lemma,jumble
jump,60,cleaned-dictionary,preserved,
jumped,60,cleaned-dictionary,preserved,
jumper,60,cleaned-dictionary,preserved,
jumpers,60,esdb-inflection,inherited-from-lemma,jumper
jumpier,60,esdb-inflection,inherited-from-lemma,jumpy
jumping,60,cleaned-dictionary,preserved,
jumps,60,cleaned-dictionary,preserved,
jumpy,60,cleaned-dictionary,preserved,
junco,60,cleaned-dictionary,preserved,
juncos,60,esdb-inflection,inherited-from-lemma,junco
jungle,60,cleaned-dictionary,preserved,
jungles,60,esdb-inflection,inherited-from-lemma,jungle
junior,60,cleaned-dictionary,preserved,
juniors,60,esdb-inflection,inherited-from-lemma,junior
juniper,60,cleaned-dictionary,preserved,
junk,60,cleaned-dictionary,preserved,
junked,60,cleaned-dictionary,preserved,
junker,60,cleaned-dictionary,preserved,
junkers,60,esdb-inflection,inherited-from-lemma,junker
junket,60,cleaned-dictionary,preserved,
junkets,60,esdb-inflection,inherited-from-lemma,junket
junkie,60,cleaned-dictionary,preserved,
junkies,60,esdb-inflection,inherited-from-lemma,junkie
junking,60,esdb-inflection,inherited-from-lemma,junk
junks,60,esdb-inflection,inherited-from-lemma,junk
junta,60,cleaned-dictionary,preserved,
juntas,60,esdb-inflection,inherited-from-lemma,junta
juries,60,esdb-inflection,inherited-from-lemma,jury
juror,60,cleaned-dictionary,preserved,
jurors,60,esdb-inflection,inherited-from-lemma,juror
jury,60,cleaned-dictionary,preserved,
just,60,cleaned-dictionary,preserved,
juster,60,esdb-inflection,inherited-from-lemma,just
justest,60,esdb-inflection,inherited-from-lemma,just
justice,60,cleaned-dictionary,preserved,
justify,60,cleaned-dictionary,preserved,
justly,60,cleaned-dictionary,preserved,
jute,60,cleaned-dictionary,preserved,
kaboom,60,cleaned-dictionary,preserved,
kabuki,60,cleaned-dictionary,preserved,
kahuna,60,cleaned-dictionary,preserved,
kaiser,60,cleaned-dictionary,preserved,
kaisers,60,esdb-inflection,inherited-from-lemma,kaiser
kale,60,cleaned-dictionary,preserved,
kana,60,cleaned-dictionary,preserved,
kanas,60,esdb-inflection,inherited-from-lemma,kana
kanji,60,cleaned-dictionary,preserved,
kaolin,60,cleaned-dictionary,preserved,
kapok,60,cleaned-dictionary,preserved,
kappa,60,cleaned-dictionary,preserved,
kappas,60,esdb-inflection,inherited-from-lemma,kappa
kaput,60,cleaned-dictionary,preserved,
karaoke,60,cleaned-dictionary,preserved,
karat,60,cleaned-dictionary,preserved,
karate,60,cleaned-dictionary,preserved,
karats,60,esdb-inflection,inherited-from-lemma,karat
karma,60,cleaned-dictionary,preserved,
kava,60,cleaned-dictionary,preserved,
kayak,60,cleaned-dictionary,preserved,
kayaked,60,esdb-inflection,inherited-from-lemma,kayak
kayaks,60,esdb-inflection,inherited-from-lemma,kayak
kazoo,60,cleaned-dictionary,preserved,
kazoos,60,esdb-inflection,inherited-from-lemma,kazoo
kebab,60,cleaned-dictionary,preserved,
kebabs,60,esdb-inflection,inherited-from-lemma,kebab
keel,60,cleaned-dictionary,preserved,
keeled,60,esdb-inflection,inherited-from-lemma,keel
keeling,60,esdb-inflection,inherited-from-lemma,keel
keels,60,esdb-inflection,inherited-from-lemma,keel
keen,60,cleaned-dictionary,preserved,
keened,60,esdb-inflection,inherited-from-lemma,keen
keener,60,esdb-inflection,inherited-from-lemma,keen
keenest,60,esdb-inflection,inherited-from-lemma,keen
keening,60,cleaned-dictionary,preserved,
keenly,60,cleaned-dictionary,preserved,
keep,60,cleaned-dictionary,preserved,
keeper,60,cleaned-dictionary,preserved,
keepers,60,esdb-inflection,inherited-from-lemma,keeper
keeping,60,cleaned-dictionary,preserved,
keeps,60,cleaned-dictionary,preserved,
keg,60,cleaned-dictionary,preserved,
kegs,60,esdb-inflection,inherited-from-lemma,keg
kelp,60,cleaned-dictionary,preserved,
kelvin,60,cleaned-dictionary,preserved,
kelvins,60,esdb-inflection,inherited-from-lemma,kelvin
ken,60,cleaned-dictionary,preserved,
kenned,60,esdb-inflection,inherited-from-lemma,ken
kennel,60,cleaned-dictionary,preserved,
kennels,60,esdb-inflection,inherited-from-lemma,kennel
kenning,60,esdb-inflection,inherited-from-lemma,ken
keno,60,cleaned-dictionary,preserved,
kens,60,esdb-inflection,inherited-from-lemma,ken
kept,60,cleaned-dictionary,preserved,
keratin,60,cleaned-dictionary,preserved,
kernel,60,cleaned-dictionary,preserved,
kernels,60,esdb-inflection,inherited-from-lemma,kernel
kestrel,60,cleaned-dictionary,preserved,
ketch,60,cleaned-dictionary,preserved,
ketches,60,esdb-inflection,inherited-from-lemma,ketch
ketchup,60,cleaned-dictionary,preserved,
ketone,60,cleaned-dictionary,preserved,
ketones,60,esdb-inflection,inherited-from-lemma,ketone
kettle,60,cleaned-dictionary,preserved,
kettles,60,esdb-inflection,inherited-from-lemma,kettle
key,60,cleaned-dictionary,preserved,
keyed,60,esdb-inflection,inherited-from-lemma,key
keyhole,60,cleaned-dictionary,preserved,
keying,60,esdb-inflection,inherited-from-lemma,key
keys,60,cleaned-dictionary,preserved,
khaki,60,cleaned-dictionary,preserved,
khakis,60,cleaned-dictionary,preserved,
khan,60,cleaned-dictionary,preserved,
khans,60,esdb-inflection,inherited-from-lemma,khan
kibbutz,60,cleaned-dictionary,preserved,
kibitz,60,cleaned-dictionary,preserved,
kibosh,60,cleaned-dictionary,preserved,
kick,60,cleaned-dictionary,preserved,
kicked,60,cleaned-dictionary,preserved,
kicker,60,cleaned-dictionary,preserved,
kickers,60,esdb-inflection,inherited-from-lemma,kicker
kicking,60,cleaned-dictionary,preserved,
kicks,60,esdb-inflection,inherited-from-lemma,kick
kid,60,cleaned-dictionary,preserved,
kidded,60,esdb-inflection,inherited-from-lemma,kid
kidding,60,cleaned-dictionary,preserved,
kidnap,60,cleaned-dictionary,preserved,
kidnaps,60,esdb-inflection,inherited-from-lemma,kidnap
kidney,60,cleaned-dictionary,preserved,
kidneys,60,esdb-inflection,inherited-from-lemma,kidney
kids,60,cleaned-dictionary,preserved,
kill,60,cleaned-dictionary,preserved,
killed,60,cleaned-dictionary,preserved,
killer,60,cleaned-dictionary,preserved,
killers,60,esdb-inflection,inherited-from-lemma,killer
killing,60,cleaned-dictionary,preserved,
killjoy,60,cleaned-dictionary,preserved,
kills,60,esdb-inflection,inherited-from-lemma,kill
kiln,60,cleaned-dictionary,preserved,
kilned,60,esdb-inflection,inherited-from-lemma,kiln
kilning,60,esdb-inflection,inherited-from-lemma,kiln
kilns,60,esdb-inflection,inherited-from-lemma,kiln
kilo,60,cleaned-dictionary,preserved,
kilos,60,esdb-inflection,inherited-from-lemma,kilo
kilt,60,cleaned-dictionary,preserved,
kilter,60,cleaned-dictionary,preserved,
kilts,60,esdb-inflection,inherited-from-lemma,kilt
kimono,60,cleaned-dictionary,preserved,
kimonos,60,esdb-inflection,inherited-from-lemma,kimono
kin,60,cleaned-dictionary,preserved,
kind,60,cleaned-dictionary,preserved,
kinda,60,cleaned-dictionary,preserved,
kinder,60,cleaned-dictionary,preserved,
kindest,60,esdb-inflection,inherited-from-lemma,kind
kindle,60,cleaned-dictionary,preserved,
kindled,60,cleaned-dictionary,preserved,
kindles,60,esdb-inflection,inherited-from-lemma,kindle
kindly,60,cleaned-dictionary,preserved,
kindred,60,cleaned-dictionary,preserved,
kinds,60,cleaned-dictionary,preserved,
kinetic,60,cleaned-dictionary,preserved,
kinfolk,60,cleaned-dictionary,preserved,
king,60,cleaned-dictionary,preserved,
kingdom,60,cleaned-dictionary,preserved,
kingly,60,cleaned-dictionary,preserved,
kingpin,60,cleaned-dictionary,preserved,
kings,60,cleaned-dictionary,preserved,
kink,60,cleaned-dictionary,preserved,
kinked,60,esdb-inflection,inherited-from-lemma,kink
kinkier,60,esdb-inflection,inherited-from-lemma,kinky
kinking,60,esdb-inflection,inherited-from-lemma,kink
kinks,60,esdb-inflection,inherited-from-lemma,kink
kinky,60,cleaned-dictionary,preserved,
kinship,60,cleaned-dictionary,preserved,
kinsman,60,cleaned-dictionary,preserved,
kinsmen,60,esdb-inflection,inherited-from-lemma,kinsman
kiosk,60,cleaned-dictionary,preserved,
kiosks,60,esdb-inflection,inherited-from-lemma,kiosk
kip,60,cleaned-dictionary,preserved,
kipped,60,esdb-inflection,inherited-from-lemma,kip
kipper,60,cleaned-dictionary,preserved,
kippers,60,esdb-inflection,inherited-from-lemma,kipper
kipping,60,esdb-inflection,inherited-from-lemma,kip
kips,60,esdb-inflection,inherited-from-lemma,kip
kismet,60,cleaned-dictionary,preserved,
kiss,60,cleaned-dictionary,preserved,
kissed,60,cleaned-dictionary,preserved,
kisses,60,cleaned-dictionary,preserved,
kissing,60,cleaned-dictionary,preserved,
kit,60,cleaned-dictionary,preserved,
kitchen,60,cleaned-dictionary,preserved,
kite,60,cleaned-dictionary,preserved,
kited,60,esdb-inflection,inherited-from-lemma,kite
kites,60,esdb-inflection,inherited-from-lemma,kite
kith,60,cleaned-dictionary,preserved,
kiting,60,esdb-inflection,inherited-from-lemma,kite
kits,60,esdb-inflection,inherited-from-lemma,kit
kitsch,60,cleaned-dictionary,preserved,
kitschy,60,cleaned-dictionary,preserved,
kitted,60,esdb-inflection,inherited-from-lemma,kit
kitten,60,cleaned-dictionary,preserved,
kittens,60,esdb-inflection,inherited-from-lemma,kitten
kitties,60,esdb-inflection,inherited-from-lemma,kitty
kitting,60,esdb-inflection,inherited-from-lemma,kit
kitty,60,cleaned-dictionary,preserved,
kiwi,60,cleaned-dictionary,preserved,
kiwis,60,esdb-inflection,inherited-from-lemma,kiwi
klaxon,60,cleaned-dictionary,preserved,
klaxons,60,esdb-inflection,inherited-from-lemma,klaxon
klezmer,60,cleaned-dictionary,preserved,
klutz,60,cleaned-dictionary,preserved,
klutzes,60,esdb-inflection,inherited-from-lemma,klutz
knack,60,cleaned-dictionary,preserved,
knacker,60,cleaned-dictionary,preserved,
knacks,60,esdb-inflection,inherited-from-lemma,knack
knave,60,cleaned-dictionary,preserved,
knaves,60,esdb-inflection,inherited-from-lemma,knave
knead,60,cleaned-dictionary,preserved,
kneaded,60,esdb-inflection,inherited-from-lemma,knead
kneads,60,esdb-inflection,inherited-from-lemma,knead
knee,60,cleaned-dictionary,preserved,
kneecap,60,cleaned-dictionary,preserved,
kneed,60,esdb-inflection,inherited-from-lemma,knee
kneeing,60,esdb-inflection,inherited-from-lemma,knee
kneel,60,cleaned-dictionary,preserved,
kneels,60,esdb-inflection,inherited-from-lemma,kneel
knees,60,cleaned-dictionary,preserved,
knell,60,cleaned-dictionary,preserved,
knelled,60,esdb-inflection,inherited-from-lemma,knell
knells,60,esdb-inflection,inherited-from-lemma,knell
knelt,60,cleaned-dictionary,preserved,
knew,60,cleaned-dictionary,preserved,
knife,60,cleaned-dictionary,preserved,
knifed,60,esdb-inflection,inherited-from-lemma,knife
knifes,60,esdb-inflection,inherited-from-lemma,knife
knifing,60,cleaned-dictionary,preserved,
knight,60,cleaned-dictionary,preserved,
knights,60,cleaned-dictionary,preserved,
knish,60,cleaned-dictionary,preserved,
knishes,60,esdb-inflection,inherited-from-lemma,knish
knit,60,cleaned-dictionary,preserved,
knits,60,esdb-inflection,inherited-from-lemma,knit
knitted,60,cleaned-dictionary,preserved,
knives,60,esdb-inflection,inherited-from-lemma,knife
knob,60,cleaned-dictionary,preserved,
knobby,60,cleaned-dictionary,preserved,
knobs,60,esdb-inflection,inherited-from-lemma,knob
knock,60,cleaned-dictionary,preserved,
knocked,60,cleaned-dictionary,preserved,
knocker,60,cleaned-dictionary,preserved,
knocks,60,esdb-inflection,inherited-from-lemma,knock
knoll,60,cleaned-dictionary,preserved,
knolls,60,esdb-inflection,inherited-from-lemma,knoll
knot,60,cleaned-dictionary,preserved,
knots,60,esdb-inflection,inherited-from-lemma,knot
knotted,60,esdb-inflection,inherited-from-lemma,knot
knotty,60,cleaned-dictionary,preserved,
know,60,cleaned-dictionary,preserved,
knowing,60,cleaned-dictionary,preserved,
known,60,cleaned-dictionary,preserved,
knows,60,cleaned-dictionary,preserved,
knuckle,60,cleaned-dictionary,preserved,
knurl,60,cleaned-dictionary,preserved,
knurled,60,esdb-inflection,inherited-from-lemma,knurl
knurls,60,esdb-inflection,inherited-from-lemma,knurl
koala,60,cleaned-dictionary,preserved,
koalas,60,esdb-inflection,inherited-from-lemma,koala
kola,60,cleaned-dictionary,preserved,
kolas,60,esdb-inflection,inherited-from-lemma,kola
kook,60,cleaned-dictionary,preserved,
kooks,60,esdb-inflection,inherited-from-lemma,kook
kopeck,60,cleaned-dictionary,preserved,
kopecks,60,esdb-inflection,inherited-from-lemma,kopeck
kosher,60,cleaned-dictionary,preserved,
koshers,60,esdb-inflection,inherited-from-lemma,kosher
kowtow,60,cleaned-dictionary,preserved,
kowtows,60,esdb-inflection,inherited-from-lemma,kowtow
kraal,60,cleaned-dictionary,preserved,
kraals,60,esdb-inflection,inherited-from-lemma,kraal
krill,60,cleaned-dictionary,preserved,
krona,60,cleaned-dictionary,preserved,
krone,60,cleaned-dictionary,preserved,
kroner,60,esdb-inflection,inherited-from-lemma,krone
krypton,60,cleaned-dictionary,preserved,
kudos,60,cleaned-dictionary,preserved,
kudzu,60,cleaned-dictionary,preserved,
kudzus,60,esdb-inflection,inherited-from-lemma,kudzu
kumquat,60,cleaned-dictionary,preserved,
kvetch,60,cleaned-dictionary,preserved,
lab,60,cleaned-dictionary,preserved,
label,60,cleaned-dictionary,preserved,
labeled,60,esdb-inflection,inherited-from-lemma,label
labels,60,cleaned-dictionary,preserved,
labia,60,cleaned-dictionary,preserved,
labial,60,cleaned-dictionary,preserved,
labials,60,esdb-inflection,inherited-from-lemma,labial
labile,60,cleaned-dictionary,preserved,
labium,60,cleaned-dictionary,preserved,
labor,60,cleaned-dictionary,preserved,
labored,60,esdb-inflection,inherited-from-lemma,labor
laborer,60,cleaned-dictionary,preserved,
labors,60,cleaned-dictionary,preserved,
labs,60,esdb-inflection,inherited-from-lemma,lab
lac,60,cleaned-dictionary,preserved,
lace,60,cleaned-dictionary,preserved,
laced,60,esdb-inflection,inherited-from-lemma,lace
laces,60,esdb-inflection,inherited-from-lemma,lace
lacier,60,esdb-inflection,inherited-from-lemma,lacy
laciest,60,esdb-inflection,inherited-from-lemma,lacy
lacing,60,esdb-inflection,inherited-from-lemma,lace
lack,60,cleaned-dictionary,preserved,
lacked,60,esdb-inflection,inherited-from-lemma,lack
lackey,60,cleaned-dictionary,preserved,
lackeys,60,esdb-inflection,inherited-from-lemma,lackey
lacking,60,esdb-inflection,inherited-from-lemma,lack
lacks,60,cleaned-dictionary,preserved,
laconic,60,cleaned-dictionary,preserved,
lacquer,60,cleaned-dictionary,preserved,
lactate,60,cleaned-dictionary,preserved,
lactic,60,cleaned-dictionary,preserved,
lactose,60,cleaned-dictionary,preserved,
lacuna,60,cleaned-dictionary,preserved,
lacunae,60,esdb-inflection,inherited-from-lemma,lacuna
lacy,60,cleaned-dictionary,preserved,
lad,60,cleaned-dictionary,preserved,
ladder,60,cleaned-dictionary,preserved,
ladders,60,esdb-inflection,inherited-from-lemma,ladder
laddie,60,cleaned-dictionary,preserved,
laddies,60,esdb-inflection,inherited-from-lemma,laddie
lade,60,cleaned-dictionary,preserved,
laded,60,esdb-inflection,inherited-from-lemma,lade
laden,60,cleaned-dictionary,preserved,
lades,60,esdb-inflection,inherited-from-lemma,lade
ladies,60,cleaned-dictionary,preserved,
lading,60,cleaned-dictionary,preserved,
ladings,60,esdb-inflection,inherited-from-lemma,lading
ladle,60,cleaned-dictionary,preserved,
ladled,60,esdb-inflection,inherited-from-lemma,ladle
ladles,60,esdb-inflection,inherited-from-lemma,ladle
ladling,60,esdb-inflection,inherited-from-lemma,ladle
lads,60,cleaned-dictionary,preserved,
lady,60,cleaned-dictionary,preserved,
ladybug,60,cleaned-dictionary,preserved,
lag,60,cleaned-dictionary,preserved,
lager,60,cleaned-dictionary,preserved,
lagers,60,esdb-inflection,inherited-from-lemma,lager
laggard,60,cleaned-dictionary,preserved,
lagged,60,esdb-inflection,inherited-from-lemma,lag
lagging,60,cleaned-dictionary,preserved,
lagoon,60,cleaned-dictionary,preserved,
lagoons,60,esdb-inflection,inherited-from-lemma,lagoon
laid,60,cleaned-dictionary,preserved,
lain,60,cleaned-dictionary,preserved,
lair,60,cleaned-dictionary,preserved,
lairs,60,esdb-inflection,inherited-from-lemma,lair
laity,60,cleaned-dictionary,preserved,
lake,60,cleaned-dictionary,preserved,
lakes,60,cleaned-dictionary,preserved,
lam,60,cleaned-dictionary,preserved,
lama,60,cleaned-dictionary,preserved,
lamas,60,esdb-inflection,inherited-from-lemma,lama
lamb,60,cleaned-dictionary,preserved,
lambada,60,cleaned-dictionary,preserved,
lambda,60,cleaned-dictionary,preserved,
lambdas,60,esdb-inflection,inherited-from-lemma,lambda
lambed,60,esdb-inflection,inherited-from-lemma,lamb
lambent,60,cleaned-dictionary,preserved,
lambing,60,esdb-inflection,inherited-from-lemma,lamb
lambs,60,esdb-inflection,inherited-from-lemma,lamb
lame,60,cleaned-dictionary,preserved,
lamed,60,esdb-inflection,inherited-from-lemma,lame
lament,60,cleaned-dictionary,preserved,
laments,60,esdb-inflection,inherited-from-lemma,lament
lamer,60,esdb-inflection,inherited-from-lemma,lame
lames,60,esdb-inflection,inherited-from-lemma,lame
lamest,60,esdb-inflection,inherited-from-lemma,lame
laming,60,esdb-inflection,inherited-from-lemma,lame
lammed,60,esdb-inflection,inherited-from-lemma,lam
lamming,60,esdb-inflection,inherited-from-lemma,lam
lamp,60,cleaned-dictionary,preserved,
lamprey,60,cleaned-dictionary,preserved,
lamps,60,cleaned-dictionary,preserved,
lams,60,esdb-inflection,inherited-from-lemma,lam
lance,60,cleaned-dictionary,preserved,
lanced,60,esdb-inflection,inherited-from-lemma,lance
lancer,60,cleaned-dictionary,preserved,
lancers,60,esdb-inflection,inherited-from-lemma,lancer
lances,60,cleaned-dictionary,preserved,
lancing,60,esdb-inflection,inherited-from-lemma,lance
land,60,cleaned-dictionary,preserved,
landau,60,cleaned-dictionary,preserved,
landaus,60,esdb-inflection,inherited-from-lemma,landau
landed,60,cleaned-dictionary,preserved,
lander,60,cleaned-dictionary,preserved,
landers,60,esdb-inflection,inherited-from-lemma,lander
landing,60,cleaned-dictionary,preserved,
lands,60,cleaned-dictionary,preserved,
lane,60,cleaned-dictionary,preserved,
lanes,60,esdb-inflection,inherited-from-lemma,lane
languid,60,cleaned-dictionary,preserved,
lank,60,cleaned-dictionary,preserved,
lanker,60,esdb-inflection,inherited-from-lemma,lank
lankest,60,esdb-inflection,inherited-from-lemma,lank
lankier,60,esdb-inflection,inherited-from-lemma,lanky
lanky,60,cleaned-dictionary,preserved,
lantern,60,cleaned-dictionary,preserved,
lap,60,cleaned-dictionary,preserved,
lapdog,60,cleaned-dictionary,preserved,
lapdogs,60,esdb-inflection,inherited-from-lemma,lapdog
lapped,60,esdb-inflection,inherited-from-lemma,lap
lappet,60,cleaned-dictionary,preserved,
lappets,60,esdb-inflection,inherited-from-lemma,lappet
lapping,60,esdb-inflection,inherited-from-lemma,lap
laps,60,cleaned-dictionary,preserved,
lapwing,60,cleaned-dictionary,preserved,
larceny,60,cleaned-dictionary,preserved,
larch,60,cleaned-dictionary,preserved,
larches,60,esdb-inflection,inherited-from-lemma,larch
lard,60,cleaned-dictionary,preserved,
larded,60,esdb-inflection,inherited-from-lemma,lard
larder,60,cleaned-dictionary,preserved,
larders,60,esdb-inflection,inherited-from-lemma,larder
larding,60,esdb-inflection,inherited-from-lemma,lard
lards,60,esdb-inflection,inherited-from-lemma,lard
large,60,cleaned-dictionary,preserved,
largely,60,cleaned-dictionary,preserved,
larger,60,esdb-inflection,inherited-from-lemma,large
larges,60,esdb-inflection,inherited-from-lemma,large
largest,60,esdb-inflection,inherited-from-lemma,large
largo,60,cleaned-dictionary,preserved,
largos,60,esdb-inflection,inherited-from-lemma,largo
lark,60,cleaned-dictionary,preserved,
larked,60,esdb-inflection,inherited-from-lemma,lark
larking,60,cleaned-dictionary,preserved,
larks,60,esdb-inflection,inherited-from-lemma,lark
larva,60,cleaned-dictionary,preserved,
larvae,60,cleaned-dictionary,preserved,
larval,60,cleaned-dictionary,preserved,
larynx,60,cleaned-dictionary,preserved,
lasagna,60,cleaned-dictionary,preserved,
laser,60,cleaned-dictionary,preserved,
lasers,60,esdb-inflection,inherited-from-lemma,laser
lash,60,cleaned-dictionary,preserved,
lashed,60,esdb-inflection,inherited-from-lemma,lash
lashes,60,esdb-inflection,inherited-from-lemma,lash
lashing,60,esdb-inflection,inherited-from-lemma,lash
lass,60,cleaned-dictionary,preserved,
lasses,60,esdb-inflection,inherited-from-lemma,lass
lassie,60,cleaned-dictionary,preserved,
lassies,60,esdb-inflection,inherited-from-lemma,lassie
lasso,60,cleaned-dictionary,preserved,
lassoed,60,esdb-inflection,inherited-from-lemma,lasso
lassos,60,esdb-inflection,inherited-from-lemma,lasso
last,60,cleaned-dictionary,preserved,
lasted,60,esdb-inflection,inherited-from-lemma,last
lasting,60,esdb-inflection,inherited-from-lemma,last
lastly,60,cleaned-dictionary,preserved,
latch,60,cleaned-dictionary,preserved,
latched,60,cleaned-dictionary,preserved,
latches,60,esdb-inflection,inherited-from-lemma,latch
late,60,cleaned-dictionary,preserved,
lately,60,cleaned-dictionary,preserved,
latent,60,cleaned-dictionary,preserved,
later,60,cleaned-dictionary,preserved,
lateral,60,cleaned-dictionary,preserved,
latest,60,cleaned-dictionary,preserved,
lath,60,cleaned-dictionary,preserved,
lathe,60,cleaned-dictionary,preserved,
lathed,60,esdb-inflection,inherited-from-lemma,lath
lather,60,cleaned-dictionary,preserved,
lathers,60,esdb-inflection,inherited-from-lemma,lather
lathes,60,esdb-inflection,inherited-from-lemma,lathe
lathing,60,esdb-inflection,inherited-from-lemma,lath
laths,60,esdb-inflection,inherited-from-lemma,lath
latke,60,cleaned-dictionary,preserved,
latkes,60,esdb-inflection,inherited-from-lemma,latke
latrine,60,cleaned-dictionary,preserved,
latte,60,cleaned-dictionary,preserved,
latter,60,cleaned-dictionary,preserved,
lattes,60,esdb-inflection,inherited-from-lemma,latte
lattice,60,cleaned-dictionary,preserved,
laud,60,cleaned-dictionary,preserved,
lauded,60,esdb-inflection,inherited-from-lemma,laud
lauding,60,esdb-inflection,inherited-from-lemma,laud
lauds,60,esdb-inflection,inherited-from-lemma,laud
laugh,60,cleaned-dictionary,preserved,
laughed,60,cleaned-dictionary,preserved,
laughs,60,cleaned-dictionary,preserved,
launch,60,cleaned-dictionary,preserved,
launder,60,cleaned-dictionary,preserved,
laundry,60,cleaned-dictionary,preserved,
laurel,60,cleaned-dictionary,preserved,
laurels,60,esdb-inflection,inherited-from-lemma,laurel
lav,60,cleaned-dictionary,preserved,
lava,60,cleaned-dictionary,preserved,
lavas,60,esdb-inflection,inherited-from-lemma,lava
lave,60,cleaned-dictionary,preserved,
laved,60,esdb-inflection,inherited-from-lemma,lave
laves,60,esdb-inflection,inherited-from-lemma,lave
laving,60,esdb-inflection,inherited-from-lemma,lave
lavish,60,cleaned-dictionary,preserved,
lavs,60,esdb-inflection,inherited-from-lemma,lav
law,60,cleaned-dictionary,preserved,
lawful,60,cleaned-dictionary,preserved,
lawn,60,cleaned-dictionary,preserved,
lawns,60,esdb-inflection,inherited-from-lemma,lawn
laws,60,cleaned-dictionary,preserved,
lawsuit,60,cleaned-dictionary,preserved,
lawyer,60,cleaned-dictionary,preserved,
lawyers,60,cleaned-dictionary,preserved,
lax,60,cleaned-dictionary,preserved,
laxer,60,esdb-inflection,inherited-from-lemma,lax
laxest,60,esdb-inflection,inherited-from-lemma,lax
lay,60,cleaned-dictionary,preserved,
layer,60,cleaned-dictionary,preserved,
layered,60,esdb-inflection,inherited-from-lemma,layer
layers,60,cleaned-dictionary,preserved,
laying,60,cleaned-dictionary,preserved,
layman,60,cleaned-dictionary,preserved,
laymen,60,cleaned-dictionary,preserved,
layoff,60,cleaned-dictionary,preserved,
layoffs,60,esdb-inflection,inherited-from-lemma,layoff
layout,60,cleaned-dictionary,preserved,
layouts,60,esdb-inflection,inherited-from-lemma,layout
lays,60,cleaned-dictionary,preserved,
layup,60,cleaned-dictionary,preserved,
layups,60,esdb-inflection,inherited-from-lemma,layup
lazied,60,esdb-inflection,inherited-from-lemma,lazy
lazier,60,esdb-inflection,inherited-from-lemma,lazy
lazies,60,esdb-inflection,inherited-from-lemma,lazy
laziest,60,esdb-inflection,inherited-from-lemma,lazy
lazy,60,cleaned-dictionary,preserved,
lazying,60,esdb-inflection,inherited-from-lemma,lazy
lea,60,cleaned-dictionary,preserved,
leach,60,cleaned-dictionary,preserved,
leached,60,esdb-inflection,inherited-from-lemma,leach
leaches,60,esdb-inflection,inherited-from-lemma,leach
lead,60,cleaned-dictionary,preserved,
leaded,60,esdb-inflection,inherited-from-lemma,lead
leader,60,cleaned-dictionary,preserved,
leaders,60,cleaned-dictionary,preserved,
leading,60,esdb-inflection,inherited-from-lemma,lead
leads,60,cleaned-dictionary,preserved,
leaf,60,cleaned-dictionary,preserved,
leafed,60,esdb-inflection,inherited-from-lemma,leaf
leafier,60,esdb-inflection,inherited-from-lemma,leafy
leafing,60,esdb-inflection,inherited-from-lemma,leaf
leaflet,60,cleaned-dictionary,preserved,
leafs,60,cleaned-dictionary,preserved,
leafy,60,cleaned-dictionary,preserved,
league,60,cleaned-dictionary,preserved,
leagued,60,esdb-inflection,inherited-from-lemma,league
leagues,60,cleaned-dictionary,preserved,
leak,60,cleaned-dictionary,preserved,
leaked,60,cleaned-dictionary,preserved,
leaking,60,cleaned-dictionary,preserved,
leaks,60,cleaned-dictionary,preserved,
lean,60,cleaned-dictionary,preserved,
leaned,60,cleaned-dictionary,preserved,
leaner,60,esdb-inflection,inherited-from-lemma,lean
leanest,60,esdb-inflection,inherited-from-lemma,lean
leaning,60,cleaned-dictionary,preserved,
leans,60,esdb-inflection,inherited-from-lemma,lean
leap,60,cleaned-dictionary,preserved,
leaped,60,cleaned-dictionary,preserved,
leaping,60,esdb-inflection,inherited-from-lemma,leap
leaps,60,esdb-inflection,inherited-from-lemma,leap
leapt,60,cleaned-dictionary,preserved,
learn,60,cleaned-dictionary,preserved,
learned,60,cleaned-dictionary,preserved,
learns,60,esdb-inflection,inherited-from-lemma,learn
leas,60,esdb-inflection,inherited-from-lemma,lea
lease,60,cleaned-dictionary,preserved,
leased,60,esdb-inflection,inherited-from-lemma,lease
leaser,60,cleaned-dictionary,preserved,
leasers,60,esdb-inflection,inherited-from-lemma,leaser
leases,60,esdb-inflection,inherited-from-lemma,lease
leash,60,cleaned-dictionary,preserved,
leashed,60,esdb-inflection,inherited-from-lemma,leash
leashes,60,esdb-inflection,inherited-from-lemma,leash
leasing,60,esdb-inflection,inherited-from-lemma,lease
least,60,cleaned-dictionary,preserved,
leather,60,cleaned-dictionary,preserved,
leave,60,cleaned-dictionary,preserved,
leaved,60,cleaned-dictionary,preserved,
leaven,60,cleaned-dictionary,preserved,
leavens,60,esdb-inflection,inherited-from-lemma,leaven
leaves,60,cleaned-dictionary,preserved,
leaving,60,cleaned-dictionary,preserved,
lech,60,cleaned-dictionary,preserved,
leched,60,esdb-inflection,inherited-from-lemma,lech
lechery,60,cleaned-dictionary,preserved,
leches,60,esdb-inflection,inherited-from-lemma,lech
leching,60,esdb-inflection,inherited-from-lemma,lech
lecture,60,cleaned-dictionary,preserved,
led,60,cleaned-dictionary,preserved,
ledge,60,cleaned-dictionary,preserved,
ledges,60,esdb-inflection,inherited-from-lemma,ledge
lee,60,cleaned-dictionary,preserved,
leech,60,cleaned-dictionary,preserved,
leeched,60,esdb-inflection,inherited-from-lemma,leech
leeches,60,esdb-inflection,inherited-from-lemma,leech
leek,60,cleaned-dictionary,preserved,
leeks,60,esdb-inflection,inherited-from-lemma,leek
leer,60,cleaned-dictionary,preserved,
leered,60,esdb-inflection,inherited-from-lemma,leer
leerier,60,esdb-inflection,inherited-from-lemma,leery
leering,60,esdb-inflection,inherited-from-lemma,leer
leers,60,esdb-inflection,inherited-from-lemma,leer
leery,60,cleaned-dictionary,preserved,
lees,60,esdb-inflection,inherited-from-lemma,lee
leeward,60,cleaned-dictionary,preserved,
leeway,60,cleaned-dictionary,preserved,
left,60,cleaned-dictionary,preserved,
lefter,60,esdb-inflection,inherited-from-lemma,left
leftest,60,esdb-inflection,inherited-from-lemma,left
lefts,60,esdb-inflection,inherited-from-lemma,left
leg,60,cleaned-dictionary,preserved,
legacy,60,cleaned-dictionary,preserved,
legal,60,cleaned-dictionary,preserved,
legals,60,esdb-inflection,inherited-from-lemma,legal
legato,60,cleaned-dictionary,preserved,
legatos,60,esdb-inflection,inherited-from-lemma,legato
legend,60,cleaned-dictionary,preserved,
legends,60,esdb-inflection,inherited-from-lemma,legend
legged,60,cleaned-dictionary,preserved,
leggier,60,esdb-inflection,inherited-from-lemma,leggy
legging,60,esdb-inflection,inherited-from-lemma,leg
leggy,60,cleaned-dictionary,preserved,
legible,60,cleaned-dictionary,preserved,
legion,60,cleaned-dictionary,preserved,
legions,60,esdb-inflection,inherited-from-lemma,legion
legless,60,cleaned-dictionary,preserved,
legs,60,cleaned-dictionary,preserved,
legume,60,cleaned-dictionary,preserved,
legumes,60,esdb-inflection,inherited-from-lemma,legume
legwork,60,cleaned-dictionary,preserved,
lei,60,cleaned-dictionary,preserved,
leis,60,esdb-inflection,inherited-from-lemma,lei
leisure,60,cleaned-dictionary,preserved,
lemma,60,cleaned-dictionary,preserved,
lemmas,60,esdb-inflection,inherited-from-lemma,lemma
lemming,60,cleaned-dictionary,preserved,
lemon,60,cleaned-dictionary,preserved,
lemons,60,esdb-inflection,inherited-from-lemma,lemon
lemur,60,cleaned-dictionary,preserved,
lemurs,60,esdb-inflection,inherited-from-lemma,lemur
lend,60,cleaned-dictionary,preserved,
lender,60,cleaned-dictionary,preserved,
lenders,60,esdb-inflection,inherited-from-lemma,lender
lending,60,cleaned-dictionary,preserved,
lends,60,esdb-inflection,inherited-from-lemma,lend
length,60,cleaned-dictionary,preserved,
lengths,60,cleaned-dictionary,preserved,
lengthy,60,cleaned-dictionary,preserved,
lenient,60,cleaned-dictionary,preserved,
lens,60,cleaned-dictionary,preserved,
lenses,60,cleaned-dictionary,preserved,
lent,60,cleaned-dictionary,preserved,
lentil,60,cleaned-dictionary,preserved,
lentils,60,esdb-inflection,inherited-from-lemma,lentil
lento,60,cleaned-dictionary,preserved,
leonine,60,cleaned-dictionary,preserved,
leopard,60,cleaned-dictionary,preserved,
leotard,60,cleaned-dictionary,preserved,
leprosy,60,cleaned-dictionary,preserved,
lepta,60,esdb-inflection,inherited-from-lemma,lepton
lepton,60,cleaned-dictionary,preserved,
leptons,60,esdb-inflection,inherited-from-lemma,lepton
lesbian,60,cleaned-dictionary,preserved,
lesion,60,cleaned-dictionary,preserved,
lesions,60,cleaned-dictionary,preserved,
less,60,cleaned-dictionary,preserved,
lessee,60,cleaned-dictionary,preserved,
lessees,60,esdb-inflection,inherited-from-lemma,lessee
lessen,60,cleaned-dictionary,preserved,
lessens,60,esdb-inflection,inherited-from-lemma,lessen
lesser,60,cleaned-dictionary,preserved,
lesson,60,cleaned-dictionary,preserved,
lessons,60,cleaned-dictionary,preserved,
lessor,60,cleaned-dictionary,preserved,
lessors,60,esdb-inflection,inherited-from-lemma,lessor
lest,60,cleaned-dictionary,preserved,
let,60,cleaned-dictionary,preserved,
lethal,60,cleaned-dictionary,preserved,
lets,60,esdb-inflection,inherited-from-lemma,let
letter,60,cleaned-dictionary,preserved,
letters,60,cleaned-dictionary,preserved,
letting,60,cleaned-dictionary,preserved,
lettuce,60,cleaned-dictionary,preserved,
leucine,60,cleaned-dictionary,preserved,
levee,60,cleaned-dictionary,preserved,
levees,60,esdb-inflection,inherited-from-lemma,levee
level,60,cleaned-dictionary,preserved,
leveled,60,esdb-inflection,inherited-from-lemma,level
leveler,60,esdb-inflection,inherited-from-lemma,level
lever,60,cleaned-dictionary,preserved,
levered,60,esdb-inflection,inherited-from-lemma,lever
levers,60,esdb-inflection,inherited-from-lemma,lever
levied,60,cleaned-dictionary,preserved,
levier,60,cleaned-dictionary,preserved,
leviers,60,esdb-inflection,inherited-from-lemma,levier
levies,60,esdb-inflection,inherited-from-lemma,levy
levity,60,cleaned-dictionary,preserved,
levy,60,cleaned-dictionary,preserved,
levying,60,esdb-inflection,inherited-from-lemma,levy
lewd,60,cleaned-dictionary,preserved,
lewder,60,esdb-inflection,inherited-from-lemma,lewd
lewdest,60,esdb-inflection,inherited-from-lemma,lewd
lexical,60,cleaned-dictionary,preserved,
lexicon,60,cleaned-dictionary,preserved,
liable,60,cleaned-dictionary,preserved,
liaise,60,cleaned-dictionary,preserved,
liaised,60,esdb-inflection,inherited-from-lemma,liaise
liaises,60,esdb-inflection,inherited-from-lemma,liaise
liaison,60,cleaned-dictionary,preserved,
liar,60,cleaned-dictionary,preserved,
liars,60,esdb-inflection,inherited-from-lemma,liar
lib,60,cleaned-dictionary,preserved,
libel,60,cleaned-dictionary,preserved,
libeled,60,esdb-inflection,inherited-from-lemma,libel
libels,60,esdb-inflection,inherited-from-lemma,libel
liberal,60,cleaned-dictionary,preserved,
liberty,60,cleaned-dictionary,preserved,
libido,60,cleaned-dictionary,preserved,
libidos,60,esdb-inflection,inherited-from-lemma,libido
library,60,cleaned-dictionary,preserved,
lice,60,cleaned-dictionary,preserved,
license,60,cleaned-dictionary,preserved,
lichen,60,cleaned-dictionary,preserved,
lichens,60,esdb-inflection,inherited-from-lemma,lichen
licit,60,cleaned-dictionary,preserved,
licking,60,cleaned-dictionary,preserved,
lid,60,cleaned-dictionary,preserved,
lidless,60,cleaned-dictionary,preserved,
lido,60,cleaned-dictionary,preserved,
lidos,60,esdb-inflection,inherited-from-lemma,lido
lids,60,cleaned-dictionary,preserved,
lie,60,cleaned-dictionary,preserved,
lied,60,cleaned-dictionary,preserved,
lieder,60,esdb-inflection,inherited-from-lemma,lied
lief,60,cleaned-dictionary,preserved,
liefer,60,esdb-inflection,inherited-from-lemma,lief
liefest,60,esdb-inflection,inherited-from-lemma,lief
liege,60,cleaned-dictionary,preserved,
lieges,60,esdb-inflection,inherited-from-lemma,liege
lien,60,cleaned-dictionary,preserved,
liens,60,cleaned-dictionary,preserved,
lies,60,cleaned-dictionary,preserved,
lieu,60,cleaned-dictionary,preserved,
life,60,cleaned-dictionary,preserved,
lift,60,cleaned-dictionary,preserved,
lifted,60,cleaned-dictionary,preserved,
lifting,60,cleaned-dictionary,preserved,
lifts,60,esdb-inflection,inherited-from-lemma,lift
ligate,60,cleaned-dictionary,preserved,
ligated,60,esdb-inflection,inherited-from-lemma,ligate
ligates,60,esdb-inflection,inherited-from-lemma,ligate
light,60,cleaned-dictionary,preserved,
lighted,60,cleaned-dictionary,preserved,
lighten,60,cleaned-dictionary,preserved,
lighter,60,cleaned-dictionary,preserved,
lightly,60,cleaned-dictionary,preserved,
lights,60,cleaned-dictionary,preserved,
lignite,60,cleaned-dictionary,preserved,
like,60,cleaned-dictionary,preserved,
liked,60,cleaned-dictionary,preserved,
likely,60,cleaned-dictionary,preserved,
liken,60,cleaned-dictionary,preserved,
likened,60,esdb-inflection,inherited-from-lemma,liken
likens,60,esdb-inflection,inherited-from-lemma,liken
likes,60,esdb-inflection,inherited-from-lemma,like
liking,60,cleaned-dictionary,preserved,
lilac,60,cleaned-dictionary,preserved,
lilacs,60,esdb-inflection,inherited-from-lemma,lilac
lilies,60,cleaned-dictionary,preserved,
lilt,60,cleaned-dictionary,preserved,
lilted,60,esdb-inflection,inherited-from-lemma,lilt
lilting,60,esdb-inflection,inherited-from-lemma,lilt
lilts,60,esdb-inflection,inherited-from-lemma,lilt
lily,60,cleaned-dictionary,preserved,
limb,60,cleaned-dictionary,preserved,
limbo,60,cleaned-dictionary,preserved,
limbos,60,esdb-inflection,inherited-from-lemma,limbo
limbs,60,cleaned-dictionary,preserved,
lime,60,cleaned-dictionary,preserved,
limeade,60,cleaned-dictionary,preserved,
limed,60,esdb-inflection,inherited-from-lemma,lime
limes,60,esdb-inflection,inherited-from-lemma,lime
limey,60,cleaned-dictionary,preserved,
limeys,60,esdb-inflection,inherited-from-lemma,limey
liminal,60,cleaned-dictionary,preserved,
liming,60,esdb-inflection,inherited-from-lemma,lime
limit,60,cleaned-dictionary,preserved,
limited,60,cleaned-dictionary,preserved,
limits,60,cleaned-dictionary,preserved,
limn,60,cleaned-dictionary,preserved,
limned,60,esdb-inflection,inherited-from-lemma,limn
limning,60,esdb-inflection,inherited-from-lemma,limn
limns,60,esdb-inflection,inherited-from-lemma,limn
limo,60,cleaned-dictionary,preserved,
limos,60,esdb-inflection,inherited-from-lemma,limo
limp,60,cleaned-dictionary,preserved,
limped,60,esdb-inflection,inherited-from-lemma,limp
limper,60,esdb-inflection,inherited-from-lemma,limp
limpest,60,esdb-inflection,inherited-from-lemma,limp
limpet,60,cleaned-dictionary,preserved,
limpets,60,esdb-inflection,inherited-from-lemma,limpet
limping,60,esdb-inflection,inherited-from-lemma,limp
limps,60,esdb-inflection,inherited-from-lemma,limp
line,60,cleaned-dictionary,preserved,
lineage,60,cleaned-dictionary,preserved,
linear,60,cleaned-dictionary,preserved,
lined,60,cleaned-dictionary,preserved,
lineman,60,cleaned-dictionary,preserved,
linemen,60,esdb-inflection,inherited-from-lemma,lineman
linen,60,cleaned-dictionary,preserved,
liner,60,cleaned-dictionary,preserved,
liners,60,esdb-inflection,inherited-from-lemma,liner
lines,60,cleaned-dictionary,preserved,
lineup,60,cleaned-dictionary,preserved,
lineups,60,esdb-inflection,inherited-from-lemma,lineup
linger,60,cleaned-dictionary,preserved,
lingers,60,esdb-inflection,inherited-from-lemma,linger
lingo,60,cleaned-dictionary,preserved,
lingoes,60,esdb-inflection,inherited-from-lemma,lingo
lingual,60,cleaned-dictionary,preserved,
lining,60,cleaned-dictionary,preserved,
linings,60,esdb-inflection,inherited-from-lemma,lining
link,60,cleaned-dictionary,preserved,
linked,60,esdb-inflection,inherited-from-lemma,link
linking,60,esdb-inflection,inherited-from-lemma,link
links,60,cleaned-dictionary,preserved,
linnet,60,cleaned-dictionary,preserved,
linnets,60,esdb-inflection,inherited-from-lemma,linnet
linseed,60,cleaned-dictionary,preserved,
lint,60,cleaned-dictionary,preserved,
lintel,60,cleaned-dictionary,preserved,
lintels,60,esdb-inflection,inherited-from-lemma,lintel
lion,60,cleaned-dictionary,preserved,
lioness,60,cleaned-dictionary,preserved,
lionize,60,cleaned-dictionary,preserved,
lions,60,esdb-inflection,inherited-from-lemma,lion
lip,60,cleaned-dictionary,preserved,
lipid,60,cleaned-dictionary,preserved,
lipids,60,esdb-inflection,inherited-from-lemma,lipid
lips,60,cleaned-dictionary,preserved,
liquefy,60,cleaned-dictionary,preserved,
liqueur,60,cleaned-dictionary,preserved,
liquid,60,cleaned-dictionary,preserved,
liquids,60,cleaned-dictionary,preserved,
liquor,60,cleaned-dictionary,preserved,
liquors,60,esdb-inflection,inherited-from-lemma,liquor
lira,60,cleaned-dictionary,preserved,
lire,60,cleaned-dictionary,preserved,
lisp,60,cleaned-dictionary,preserved,
lisped,60,esdb-inflection,inherited-from-lemma,lisp
lisping,60,esdb-inflection,inherited-from-lemma,lisp
lisps,60,esdb-inflection,inherited-from-lemma,lisp
lissome,60,cleaned-dictionary,preserved,
list,60,cleaned-dictionary,preserved,
listed,60,esdb-inflection,inherited-from-lemma,list
listen,60,cleaned-dictionary,preserved,
listens,60,esdb-inflection,inherited-from-lemma,listen
listing,60,cleaned-dictionary,preserved,
lists,60,cleaned-dictionary,preserved,
lit,60,cleaned-dictionary,preserved,
litany,60,cleaned-dictionary,preserved,
lite,60,cleaned-dictionary,preserved,
liter,60,cleaned-dictionary,preserved,
literal,60,cleaned-dictionary,preserved,
liters,60,esdb-inflection,inherited-from-lemma,liter
lithe,60,cleaned-dictionary,preserved,
lither,60,cleaned-dictionary,preserved,
lithest,60,esdb-inflection,inherited-from-lemma,lithe
lithium,60,cleaned-dictionary,preserved,
litmus,60,cleaned-dictionary,preserved,
litotes,60,cleaned-dictionary,preserved,
litter,60,cleaned-dictionary,preserved,
litters,60,esdb-inflection,inherited-from-lemma,litter
little,60,cleaned-dictionary,preserved,
liturgy,60,cleaned-dictionary,preserved,
live,60,cleaned-dictionary,preserved,
lived,60,cleaned-dictionary,preserved,
lively,60,cleaned-dictionary,preserved,
liver,60,cleaned-dictionary,preserved,
livers,60,esdb-inflection,inherited-from-lemma,liver
lives,60,cleaned-dictionary,preserved,
livid,60,cleaned-dictionary,preserved,
living,60,cleaned-dictionary,preserved,
livings,60,esdb-inflection,inherited-from-lemma,living
lizard,60,cleaned-dictionary,preserved,
lizards,60,esdb-inflection,inherited-from-lemma,lizard
llama,60,cleaned-dictionary,preserved,
llamas,60,esdb-inflection,inherited-from-lemma,llama
load,60,cleaned-dictionary,preserved,
loaded,60,cleaned-dictionary,preserved,
loading,60,esdb-inflection,inherited-from-lemma,load
loads,60,cleaned-dictionary,preserved,
loaf,60,cleaned-dictionary,preserved,
loafed,60,esdb-inflection,inherited-from-lemma,loaf
loafing,60,esdb-inflection,inherited-from-lemma,loaf
loafs,60,esdb-inflection,inherited-from-lemma,loaf
loam,60,cleaned-dictionary,preserved,
loamier,60,esdb-inflection,inherited-from-lemma,loamy
loamy,60,cleaned-dictionary,preserved,
loan,60,cleaned-dictionary,preserved,
loaned,60,esdb-inflection,inherited-from-lemma,loan
loaner,60,cleaned-dictionary,preserved,
loaners,60,esdb-inflection,inherited-from-lemma,loaner
loaning,60,esdb-inflection,inherited-from-lemma,loan
loans,60,cleaned-dictionary,preserved,
loath,60,cleaned-dictionary,preserved,
loathe,60,cleaned-dictionary,preserved,
loathed,60,esdb-inflection,inherited-from-lemma,loathe
loathes,60,esdb-inflection,inherited-from-lemma,loathe
loaves,60,esdb-inflection,inherited-from-lemma,loaf
lob,60,cleaned-dictionary,preserved,
lobar,60,cleaned-dictionary,preserved,
lobbed,60,esdb-inflection,inherited-from-lemma,lob
lobber,60,cleaned-dictionary,preserved,
lobbers,60,esdb-inflection,inherited-from-lemma,lobber
lobbied,60,esdb-inflection,inherited-from-lemma,lobby
lobbies,60,esdb-inflection,inherited-from-lemma,lobby
lobbing,60,esdb-inflection,inherited-from-lemma,lob
lobby,60,cleaned-dictionary,preserved,
lobe,60,cleaned-dictionary,preserved,
lobes,60,esdb-inflection,inherited-from-lemma,lobe
lobs,60,esdb-inflection,inherited-from-lemma,lob
lobster,60,cleaned-dictionary,preserved,
local,60,cleaned-dictionary,preserved,
locale,60,cleaned-dictionary,preserved,
locales,60,esdb-inflection,inherited-from-lemma,locale
locally,60,cleaned-dictionary,preserved,
locals,60,esdb-inflection,inherited-from-lemma,local
locate,60,cleaned-dictionary,preserved,
located,60,cleaned-dictionary,preserved,
locates,60,esdb-inflection,inherited-from-lemma,locate
locator,60,cleaned-dictionary,preserved,
loch,60,cleaned-dictionary,preserved,
lochs,60,esdb-inflection,inherited-from-lemma,loch
loci,60,esdb-inflection,inherited-from-lemma,locus
lock,60,cleaned-dictionary,preserved,
locked,60,cleaned-dictionary,preserved,
locker,60,cleaned-dictionary,preserved,
lockers,60,esdb-inflection,inherited-from-lemma,locker
locket,60,cleaned-dictionary,preserved,
lockets,60,esdb-inflection,inherited-from-lemma,locket
locking,60,esdb-inflection,inherited-from-lemma,lock
lockjaw,60,cleaned-dictionary,preserved,
locks,60,cleaned-dictionary,preserved,
loco,60,cleaned-dictionary,preserved,
locos,60,esdb-inflection,inherited-from-lemma,loco
locus,60,cleaned-dictionary,preserved,
locust,60,cleaned-dictionary,preserved,
locusts,60,cleaned-dictionary,preserved,
lode,60,cleaned-dictionary,preserved,
lodes,60,esdb-inflection,inherited-from-lemma,lode
lodge,60,cleaned-dictionary,preserved,
lodged,60,esdb-inflection,inherited-from-lemma,lodge
lodger,60,cleaned-dictionary,preserved,
lodgers,60,esdb-inflection,inherited-from-lemma,lodger
lodges,60,esdb-inflection,inherited-from-lemma,lodge
lodging,60,cleaned-dictionary,preserved,
loft,60,cleaned-dictionary,preserved,
lofted,60,esdb-inflection,inherited-from-lemma,loft
loftier,60,esdb-inflection,inherited-from-lemma,lofty
lofting,60,esdb-inflection,inherited-from-lemma,loft
lofts,60,esdb-inflection,inherited-from-lemma,loft
lofty,60,cleaned-dictionary,preserved,
log,60,cleaned-dictionary,preserved,
loge,60,cleaned-dictionary,preserved,
loges,60,esdb-inflection,inherited-from-lemma,loge
logged,60,esdb-inflection,inherited-from-lemma,log
logging,60,esdb-inflection,inherited-from-lemma,log
logic,60,cleaned-dictionary,preserved,
logical,60,cleaned-dictionary,preserved,
logier,60,cleaned-dictionary,preserved,
login,60,cleaned-dictionary,preserved,
logins,60,esdb-inflection,inherited-from-lemma,login
logjam,60,cleaned-dictionary,preserved,
logjams,60,esdb-inflection,inherited-from-lemma,logjam
logo,60,cleaned-dictionary,preserved,
logos,60,cleaned-dictionary,preserved,
logs,60,cleaned-dictionary,preserved,
loin,60,cleaned-dictionary,preserved,
loins,60,cleaned-dictionary,preserved,
loiter,60,cleaned-dictionary,preserved,
loiters,60,esdb-inflection,inherited-from-lemma,loiter
loll,60,cleaned-dictionary,preserved,
lolled,60,esdb-inflection,inherited-from-lemma,loll
lollies,60,esdb-inflection,inherited-from-lemma,lolly
lolling,60,esdb-inflection,inherited-from-lemma,loll
lolls,60,esdb-inflection,inherited-from-lemma,loll
lolly,60,cleaned-dictionary,preserved,
lone,60,cleaned-dictionary,preserved,
lonely,60,cleaned-dictionary,preserved,
loner,60,cleaned-dictionary,preserved,
loners,60,esdb-inflection,inherited-from-lemma,loner
long,60,cleaned-dictionary,preserved,
longbow,60,cleaned-dictionary,preserved,
longed,60,cleaned-dictionary,preserved,
longer,60,cleaned-dictionary,preserved,
longest,60,cleaned-dictionary,preserved,
longing,60,cleaned-dictionary,preserved,
longish,60,cleaned-dictionary,preserved,
loo,60,cleaned-dictionary,preserved,
look,60,cleaned-dictionary,preserved,
looked,60,cleaned-dictionary,preserved,
looking,60,cleaned-dictionary,preserved,
lookout,60,cleaned-dictionary,preserved,
looks,60,cleaned-dictionary,preserved,
loom,60,cleaned-dictionary,preserved,
loomed,60,esdb-inflection,inherited-from-lemma,loom
looming,60,esdb-inflection,inherited-from-lemma,loom
looms,60,esdb-inflection,inherited-from-lemma,loom
loop,60,cleaned-dictionary,preserved,
looped,60,esdb-inflection,inherited-from-lemma,loop
looping,60,esdb-inflection,inherited-from-lemma,loop
loops,60,cleaned-dictionary,preserved,
loos,60,esdb-inflection,inherited-from-lemma,loo
loose,60,cleaned-dictionary,preserved,
loosed,60,esdb-inflection,inherited-from-lemma,loose
loosen,60,cleaned-dictionary,preserved,
loosens,60,esdb-inflection,inherited-from-lemma,loosen
looses,60,esdb-inflection,inherited-from-lemma,loose
loosing,60,esdb-inflection,inherited-from-lemma,loose
loot,60,cleaned-dictionary,preserved,
looted,60,esdb-inflection,inherited-from-lemma,loot
looting,60,esdb-inflection,inherited-from-lemma,loot
loots,60,esdb-inflection,inherited-from-lemma,loot
lop,60,cleaned-dictionary,preserved,
lope,60,cleaned-dictionary,preserved,
loped,60,esdb-inflection,inherited-from-lemma,lope
lopes,60,esdb-inflection,inherited-from-lemma,lope
loping,60,esdb-inflection,inherited-from-lemma,lope
lopped,60,esdb-inflection,inherited-from-lemma,lop
lopping,60,esdb-inflection,inherited-from-lemma,lop
lops,60,esdb-inflection,inherited-from-lemma,lop
lord,60,cleaned-dictionary,preserved,
lorded,60,esdb-inflection,inherited-from-lemma,lord
lording,60,esdb-inflection,inherited-from-lemma,lord
lords,60,cleaned-dictionary,preserved,
lore,60,cleaned-dictionary,preserved,
lorries,60,esdb-inflection,inherited-from-lemma,lorry
lorry,60,cleaned-dictionary,preserved,
lose,60,cleaned-dictionary,preserved,
loser,60,cleaned-dictionary,preserved,
losers,60,esdb-inflection,inherited-from-lemma,loser
loses,60,esdb-inflection,inherited-from-lemma,lose
losing,60,cleaned-dictionary,preserved,
losings,60,esdb-inflection,inherited-from-lemma,losing
loss,60,cleaned-dictionary,preserved,
losses,60,cleaned-dictionary,preserved,
lost,60,cleaned-dictionary,preserved,
lot,60,cleaned-dictionary,preserved,
lots,60,cleaned-dictionary,preserved,
lottery,60,cleaned-dictionary,preserved,
louche,60,cleaned-dictionary,preserved,
loud,60,cleaned-dictionary,preserved,
louder,60,esdb-inflection,inherited-from-lemma,loud
loudest,60,esdb-inflection,inherited-from-lemma,loud
loudly,60,cleaned-dictionary,preserved,
lounge,60,cleaned-dictionary,preserved,
lounged,60,cleaned-dictionary,preserved,
lounges,60,esdb-inflection,inherited-from-lemma,lounge
louse,60,cleaned-dictionary,preserved,
loused,60,esdb-inflection,inherited-from-lemma,louse
louses,60,esdb-inflection,inherited-from-lemma,louse
lousier,60,esdb-inflection,inherited-from-lemma,lousy
lousing,60,esdb-inflection,inherited-from-lemma,louse
lousy,60,cleaned-dictionary,preserved,
lout,60,cleaned-dictionary,preserved,
louts,60,esdb-inflection,inherited-from-lemma,lout
louver,60,cleaned-dictionary,preserved,
louvers,60,esdb-inflection,inherited-from-lemma,louver
lovable,60,cleaned-dictionary,preserved,
love,60,cleaned-dictionary,preserved,
loved,60,cleaned-dictionary,preserved,
lovely,60,cleaned-dictionary,preserved,
lover,60,cleaned-dictionary,preserved,
lovers,60,cleaned-dictionary,preserved,
loves,60,cleaned-dictionary,preserved,
loving,60,cleaned-dictionary,preserved,
low,60,cleaned-dictionary,preserved,
lowball,60,cleaned-dictionary,preserved,
lowboy,60,cleaned-dictionary,preserved,
lowboys,60,esdb-inflection,inherited-from-lemma,lowboy
lowdown,60,cleaned-dictionary,preserved,
lowed,60,esdb-inflection,inherited-from-lemma,low
lower,60,cleaned-dictionary,preserved,
lowered,60,cleaned-dictionary,preserved,
lowers,60,esdb-inflection,inherited-from-lemma,lower
lowest,60,cleaned-dictionary,preserved,
lowing,60,esdb-inflection,inherited-from-lemma,low
lowlier,60,esdb-inflection,inherited-from-lemma,lowly
lowly,60,cleaned-dictionary,preserved,
lox,60,cleaned-dictionary,preserved,
loyal,60,cleaned-dictionary,preserved,
loyaler,60,esdb-inflection,inherited-from-lemma,loyal
loyalty,60,cleaned-dictionary,preserved,
lozenge,60,cleaned-dictionary,preserved,
luau,60,cleaned-dictionary,preserved,
luaus,60,esdb-inflection,inherited-from-lemma,luau
lubber,60,cleaned-dictionary,preserved,
lubbers,60,esdb-inflection,inherited-from-lemma,lubber
lube,60,cleaned-dictionary,preserved,
lubed,60,esdb-inflection,inherited-from-lemma,lube
lubes,60,esdb-inflection,inherited-from-lemma,lube
lubing,60,esdb-inflection,inherited-from-lemma,lube
lucent,60,cleaned-dictionary,preserved,
lucid,60,cleaned-dictionary,preserved,
luck,60,cleaned-dictionary,preserved,
lucked,60,esdb-inflection,inherited-from-lemma,luck
luckier,60,esdb-inflection,inherited-from-lemma,lucky
luckily,60,cleaned-dictionary,preserved,
lucking,60,esdb-inflection,inherited-from-lemma,luck
lucks,60,esdb-inflection,inherited-from-lemma,luck
lucky,60,cleaned-dictionary,preserved,
lucre,60,cleaned-dictionary,preserved,
ludo,60,cleaned-dictionary,preserved,
luff,60,cleaned-dictionary,preserved,
luffed,60,esdb-inflection,inherited-from-lemma,luff
luffing,60,esdb-inflection,inherited-from-lemma,luff
luffs,60,esdb-inflection,inherited-from-lemma,luff
lug,60,cleaned-dictionary,preserved,
luge,60,cleaned-dictionary,preserved,
luges,60,esdb-inflection,inherited-from-lemma,luge
luggage,60,cleaned-dictionary,preserved,
lugged,60,esdb-inflection,inherited-from-lemma,lug
lugger,60,cleaned-dictionary,preserved,
luggers,60,esdb-inflection,inherited-from-lemma,lugger
lugging,60,esdb-inflection,inherited-from-lemma,lug
lugs,60,esdb-inflection,inherited-from-lemma,lug
lull,60,cleaned-dictionary,preserved,
lullaby,60,cleaned-dictionary,preserved,
lulled,60,esdb-inflection,inherited-from-lemma,lull
lulling,60,esdb-inflection,inherited-from-lemma,lull
lulls,60,esdb-inflection,inherited-from-lemma,lull
lulu,60,cleaned-dictionary,preserved,
lulus,60,esdb-inflection,inherited-from-lemma,lulu
lumbago,60,cleaned-dictionary,preserved,
lumbar,60,cleaned-dictionary,preserved,
lumber,60,cleaned-dictionary,preserved,
lumbers,60,esdb-inflection,inherited-from-lemma,lumber
lumen,60,cleaned-dictionary,preserved,
lumens,60,esdb-inflection,inherited-from-lemma,lumen
lummox,60,cleaned-dictionary,preserved,
lump,60,cleaned-dictionary,preserved,
lumped,60,esdb-inflection,inherited-from-lemma,lump
lumpen,60,cleaned-dictionary,preserved,
lumping,60,esdb-inflection,inherited-from-lemma,lump
lumps,60,cleaned-dictionary,preserved,
lunacy,60,cleaned-dictionary,preserved,
lunar,60,cleaned-dictionary,preserved,
lunatic,60,cleaned-dictionary,preserved,
lunch,60,cleaned-dictionary,preserved,
lunched,60,esdb-inflection,inherited-from-lemma,lunch
lunches,60,esdb-inflection,inherited-from-lemma,lunch
lung,60,cleaned-dictionary,preserved,
lungful,60,cleaned-dictionary,preserved,
lungs,60,cleaned-dictionary,preserved,
lupine,60,cleaned-dictionary,preserved,
lupines,60,esdb-inflection,inherited-from-lemma,lupine
lupus,60,cleaned-dictionary,preserved,
lurch,60,cleaned-dictionary,preserved,
lurched,60,esdb-inflection,inherited-from-lemma,lurch
lurches,60,esdb-inflection,inherited-from-lemma,lurch
lure,60,cleaned-dictionary,preserved,
lured,60,esdb-inflection,inherited-from-lemma,lure
lures,60,esdb-inflection,inherited-from-lemma,lure
lurgy,60,cleaned-dictionary,preserved,
lurid,60,cleaned-dictionary,preserved,
luring,60,esdb-inflection,inherited-from-lemma,lure
lurk,60,cleaned-dictionary,preserved,
lurked,60,esdb-inflection,inherited-from-lemma,lurk
lurking,60,esdb-inflection,inherited-from-lemma,lurk
lurks,60,esdb-inflection,inherited-from-lemma,lurk
lush,60,cleaned-dictionary,preserved,
lusher,60,esdb-inflection,inherited-from-lemma,lush
lushes,60,esdb-inflection,inherited-from-lemma,lush
lushest,60,esdb-inflection,inherited-from-lemma,lush
lust,60,cleaned-dictionary,preserved,
lusted,60,esdb-inflection,inherited-from-lemma,lust
luster,60,cleaned-dictionary,preserved,
lustful,60,cleaned-dictionary,preserved,
lusting,60,esdb-inflection,inherited-from-lemma,lust
lusts,60,esdb-inflection,inherited-from-lemma,lust
lute,60,cleaned-dictionary,preserved,
lutes,60,esdb-inflection,inherited-from-lemma,lute
lux,60,cleaned-dictionary,preserved,
luxe,60,cleaned-dictionary,preserved,
luxury,60,cleaned-dictionary,preserved,
lye,60,cleaned-dictionary,preserved,
lying,60,cleaned-dictionary,preserved,
lymph,60,cleaned-dictionary,preserved,
lynch,60,cleaned-dictionary,preserved,
lynched,60,esdb-inflection,inherited-from-lemma,lynch
lynches,60,esdb-inflection,inherited-from-lemma,lynch
lynx,60,cleaned-dictionary,preserved,
lynxes,60,esdb-inflection,inherited-from-lemma,lynx
lyre,60,cleaned-dictionary,preserved,
lyres,60,esdb-inflection,inherited-from-lemma,lyre
lyric,60,cleaned-dictionary,preserved,
lyrical,60,cleaned-dictionary,preserved,
lyrics,60,esdb-inflection,inherited-from-lemma,lyric
macabre,60,cleaned-dictionary,preserved,
macadam,60,cleaned-dictionary,preserved,
macaw,60,cleaned-dictionary,preserved,
macaws,60,esdb-inflection,inherited-from-lemma,macaw
mace,60,cleaned-dictionary,preserved,
maced,60,esdb-inflection,inherited-from-lemma,mace
maces,60,esdb-inflection,inherited-from-lemma,mace
machete,60,cleaned-dictionary,preserved,
machine,60,cleaned-dictionary,preserved,
macho,60,cleaned-dictionary,preserved,
machos,60,cleaned-dictionary,preserved,
macing,60,esdb-inflection,inherited-from-lemma,mace
macro,60,cleaned-dictionary,preserved,
macron,60,cleaned-dictionary,preserved,
macrons,60,esdb-inflection,inherited-from-lemma,macron
macros,60,esdb-inflection,inherited-from-lemma,macro
mad,60,cleaned-dictionary,preserved,
madam,60,cleaned-dictionary,preserved,
madame,60,cleaned-dictionary,preserved,
madams,60,esdb-inflection,inherited-from-lemma,madam
madden,60,cleaned-dictionary,preserved,
maddens,60,esdb-inflection,inherited-from-lemma,madden
madder,60,cleaned-dictionary,preserved,
madders,60,esdb-inflection,inherited-from-lemma,madder
maddest,60,esdb-inflection,inherited-from-lemma,mad
madding,60,cleaned-dictionary,preserved,
made,60,cleaned-dictionary,preserved,
madman,60,cleaned-dictionary,preserved,
madmen,60,cleaned-dictionary,preserved,
madness,60,cleaned-dictionary,preserved,
madras,60,cleaned-dictionary,preserved,
mads,60,esdb-inflection,inherited-from-lemma,mad
maestro,60,cleaned-dictionary,preserved,
mag,60,cleaned-dictionary,preserved,
mage,60,cleaned-dictionary,preserved,
magenta,60,cleaned-dictionary,preserved,
mages,60,esdb-inflection,inherited-from-lemma,mage
maggot,60,cleaned-dictionary,preserved,
maggots,60,esdb-inflection,inherited-from-lemma,maggot
magi,60,cleaned-dictionary,preserved,
magic,60,cleaned-dictionary,preserved,
magical,60,cleaned-dictionary,preserved,
magma,60,cleaned-dictionary,preserved,
magnate,60,cleaned-dictionary,preserved,
magnet,60,cleaned-dictionary,preserved,
magnets,60,esdb-inflection,inherited-from-lemma,magnet
magnify,60,cleaned-dictionary,preserved,
magnum,60,cleaned-dictionary,preserved,
magnums,60,esdb-inflection,inherited-from-lemma,magnum
magpie,60,cleaned-dictionary,preserved,
magpies,60,esdb-inflection,inherited-from-lemma,magpie
mags,60,esdb-inflection,inherited-from-lemma,mag
maid,60,cleaned-dictionary,preserved,
maiden,60,cleaned-dictionary,preserved,
maidens,60,esdb-inflection,inherited-from-lemma,maiden
maids,60,esdb-inflection,inherited-from-lemma,maid
mail,60,cleaned-dictionary,preserved,
mailed,60,esdb-inflection,inherited-from-lemma,mail
mailing,60,cleaned-dictionary,preserved,
mailman,60,cleaned-dictionary,preserved,
mailmen,60,esdb-inflection,inherited-from-lemma,mailman
mails,60,esdb-inflection,inherited-from-lemma,mail
maim,60,cleaned-dictionary,preserved,
maimed,60,esdb-inflection,inherited-from-lemma,maim
maiming,60,esdb-inflection,inherited-from-lemma,maim
maims,60,esdb-inflection,inherited-from-lemma,maim
main,60,cleaned-dictionary,preserved,
mainly,60,cleaned-dictionary,preserved,
mains,60,cleaned-dictionary,preserved,
maize,60,cleaned-dictionary,preserved,
maizes,60,esdb-inflection,inherited-from-lemma,maize
majesty,60,cleaned-dictionary,preserved,
major,60,cleaned-dictionary,preserved,
majored,60,esdb-inflection,inherited-from-lemma,major
make,60,cleaned-dictionary,preserved,
maker,60,cleaned-dictionary,preserved,
makers,60,cleaned-dictionary,preserved,
makes,60,cleaned-dictionary,preserved,
makeup,60,cleaned-dictionary,preserved,
makeups,60,esdb-inflection,inherited-from-lemma,makeup
making,60,cleaned-dictionary,preserved,
malady,60,cleaned-dictionary,preserved,
malaise,60,cleaned-dictionary,preserved,
malaria,60,cleaned-dictionary,preserved,
male,60,cleaned-dictionary,preserved,
malefic,60,cleaned-dictionary,preserved,
males,60,cleaned-dictionary,preserved,
malice,60,cleaned-dictionary,preserved,
malign,60,cleaned-dictionary,preserved,
maligns,60,esdb-inflection,inherited-from-lemma,malign
mall,60,cleaned-dictionary,preserved,
mallard,60,cleaned-dictionary,preserved,
mallet,60,cleaned-dictionary,preserved,
mallets,60,esdb-inflection,inherited-from-lemma,mallet
mallow,60,cleaned-dictionary,preserved,
mallows,60,esdb-inflection,inherited-from-lemma,mallow
malls,60,cleaned-dictionary,preserved,
malt,60,cleaned-dictionary,preserved,
malted,60,cleaned-dictionary,preserved,
malteds,60,esdb-inflection,inherited-from-lemma,malted
malting,60,esdb-inflection,inherited-from-lemma,malt
maltose,60,cleaned-dictionary,preserved,
malts,60,esdb-inflection,inherited-from-lemma,malt
malware,60,cleaned-dictionary,preserved,
mama,60,cleaned-dictionary,preserved,
mamas,60,esdb-inflection,inherited-from-lemma,mama
mamba,60,cleaned-dictionary,preserved,
mambas,60,esdb-inflection,inherited-from-lemma,mamba
mambo,60,cleaned-dictionary,preserved,
mamboed,60,esdb-inflection,inherited-from-lemma,mambo
mambos,60,esdb-inflection,inherited-from-lemma,mambo
mamma,60,cleaned-dictionary,preserved,
mammae,60,esdb-inflection,inherited-from-lemma,mamma
mammal,60,cleaned-dictionary,preserved,
mammals,60,cleaned-dictionary,preserved,
mammary,60,cleaned-dictionary,preserved,
mammies,60,esdb-inflection,inherited-from-lemma,mammy
mammoth,60,cleaned-dictionary,preserved,
mammy,60,cleaned-dictionary,preserved,
man,60,cleaned-dictionary,preserved,
mana,60,cleaned-dictionary,preserved,
manacle,60,cleaned-dictionary,preserved,
manage,60,cleaned-dictionary,preserved,
managed,60,cleaned-dictionary,preserved,
manager,60,cleaned-dictionary,preserved,
manages,60,esdb-inflection,inherited-from-lemma,manage
manatee,60,cleaned-dictionary,preserved,
mandala,60,cleaned-dictionary,preserved,
mandate,60,cleaned-dictionary,preserved,
mane,60,cleaned-dictionary,preserved,
manes,60,esdb-inflection,inherited-from-lemma,mane
manga,60,cleaned-dictionary,preserved,
mange,60,cleaned-dictionary,preserved,
manger,60,cleaned-dictionary,preserved,
mangers,60,esdb-inflection,inherited-from-lemma,manger
mangle,60,cleaned-dictionary,preserved,
mangled,60,esdb-inflection,inherited-from-lemma,mangle
mangles,60,esdb-inflection,inherited-from-lemma,mangle
mango,60,cleaned-dictionary,preserved,
mangoes,60,esdb-inflection,inherited-from-lemma,mango
manhood,60,cleaned-dictionary,preserved,
mania,60,cleaned-dictionary,preserved,
maniac,60,cleaned-dictionary,preserved,
maniacs,60,esdb-inflection,inherited-from-lemma,maniac
manias,60,esdb-inflection,inherited-from-lemma,mania
manic,60,cleaned-dictionary,preserved,
manics,60,esdb-inflection,inherited-from-lemma,manic
manikin,60,cleaned-dictionary,preserved,
manila,60,cleaned-dictionary,preserved,
manioc,60,cleaned-dictionary,preserved,
maniocs,60,esdb-inflection,inherited-from-lemma,manioc
mankind,60,cleaned-dictionary,preserved,
manky,60,cleaned-dictionary,preserved,
manlier,60,esdb-inflection,inherited-from-lemma,manly
manlike,60,cleaned-dictionary,preserved,
manly,60,cleaned-dictionary,preserved,
manned,60,cleaned-dictionary,preserved,
manner,60,cleaned-dictionary,preserved,
manners,60,cleaned-dictionary,preserved,
manning,60,esdb-inflection,inherited-from-lemma,man
manor,60,cleaned-dictionary,preserved,
manors,60,esdb-inflection,inherited-from-lemma,manor
manque,60,cleaned-dictionary,preserved,
mans,60,esdb-inflection,inherited-from-lemma,man
mansard,60,cleaned-dictionary,preserved,
manse,60,cleaned-dictionary,preserved,
manses,60,esdb-inflection,inherited-from-lemma,manse
mansion,60,cleaned-dictionary,preserved,
mantel,60,cleaned-dictionary,preserved,
mantels,60,esdb-inflection,inherited-from-lemma,mantel
mantis,60,cleaned-dictionary,preserved,
mantle,60,cleaned-dictionary,preserved,
mantled,60,esdb-inflection,inherited-from-lemma,mantle
mantles,60,esdb-inflection,inherited-from-lemma,mantle
mantra,60,cleaned-dictionary,preserved,
mantras,60,esdb-inflection,inherited-from-lemma,mantra
manual,60,cleaned-dictionary,preserved,
manuals,60,esdb-inflection,inherited-from-lemma,manual
manure,60,cleaned-dictionary,preserved,
manured,60,esdb-inflection,inherited-from-lemma,manure
manures,60,esdb-inflection,inherited-from-lemma,manure
many,60,cleaned-dictionary,preserved,
map,60,cleaned-dictionary,preserved,
maple,60,cleaned-dictionary,preserved,
maples,60,esdb-inflection,inherited-from-lemma,maple
mapped,60,esdb-inflection,inherited-from-lemma,map
mapping,60,cleaned-dictionary,preserved,
maps,60,cleaned-dictionary,preserved,
mar,60,cleaned-dictionary,preserved,
maraca,60,cleaned-dictionary,preserved,
maracas,60,esdb-inflection,inherited-from-lemma,maraca
maraud,60,cleaned-dictionary,preserved,
marauds,60,esdb-inflection,inherited-from-lemma,maraud
marble,60,cleaned-dictionary,preserved,
marbled,60,esdb-inflection,inherited-from-lemma,marble
marbles,60,cleaned-dictionary,preserved,
march,60,cleaned-dictionary,preserved,
marched,60,cleaned-dictionary,preserved,
marcher,60,cleaned-dictionary,preserved,
marches,60,cleaned-dictionary,preserved,
mare,60,cleaned-dictionary,preserved,
mares,60,esdb-inflection,inherited-from-lemma,mare
marge,60,cleaned-dictionary,preserved,
margin,60,cleaned-dictionary,preserved,
margins,60,cleaned-dictionary,preserved,
maria,60,cleaned-dictionary,preserved,
marimba,60,cleaned-dictionary,preserved,
marina,60,cleaned-dictionary,preserved,
marinas,60,esdb-inflection,inherited-from-lemma,marina
marine,60,cleaned-dictionary,preserved,
mariner,60,cleaned-dictionary,preserved,
marines,60,esdb-inflection,inherited-from-lemma,marine
marital,60,cleaned-dictionary,preserved,
mark,60,cleaned-dictionary,preserved,
marked,60,cleaned-dictionary,preserved,
market,60,cleaned-dictionary,preserved,
markets,60,cleaned-dictionary,preserved,
marking,60,esdb-inflection,inherited-from-lemma,mark
markka,60,cleaned-dictionary,preserved,
markkaa,60,esdb-inflection,inherited-from-lemma,markka
marks,60,cleaned-dictionary,preserved,
marl,60,cleaned-dictionary,preserved,
marlin,60,cleaned-dictionary,preserved,
marlins,60,esdb-inflection,inherited-from-lemma,marlin
marmot,60,cleaned-dictionary,preserved,
marmots,60,esdb-inflection,inherited-from-lemma,marmot
maroon,60,cleaned-dictionary,preserved,
maroons,60,esdb-inflection,inherited-from-lemma,maroon
marque,60,cleaned-dictionary,preserved,
marques,60,esdb-inflection,inherited-from-lemma,marque
marred,60,cleaned-dictionary,preserved,
married,60,cleaned-dictionary,preserved,
marries,60,esdb-inflection,inherited-from-lemma,marry
marring,60,esdb-inflection,inherited-from-lemma,mar
marrow,60,cleaned-dictionary,preserved,
marrows,60,esdb-inflection,inherited-from-lemma,marrow
marry,60,cleaned-dictionary,preserved,
mars,60,cleaned-dictionary,preserved,
marsh,60,cleaned-dictionary,preserved,
marshal,60,cleaned-dictionary,preserved,
marshes,60,esdb-inflection,inherited-from-lemma,marsh
marshy,60,cleaned-dictionary,preserved,
mart,60,cleaned-dictionary,preserved,
marten,60,cleaned-dictionary,preserved,
martens,60,esdb-inflection,inherited-from-lemma,marten
martial,60,cleaned-dictionary,preserved,
martin,60,cleaned-dictionary,preserved,
martins,60,esdb-inflection,inherited-from-lemma,martin
marts,60,esdb-inflection,inherited-from-lemma,mart
martyr,60,cleaned-dictionary,preserved,
martyrs,60,esdb-inflection,inherited-from-lemma,martyr
marvel,60,cleaned-dictionary,preserved,
marvels,60,esdb-inflection,inherited-from-lemma,marvel
masala,60,cleaned-dictionary,preserved,
mascara,60,cleaned-dictionary,preserved,
maser,60,cleaned-dictionary,preserved,
masers,60,esdb-inflection,inherited-from-lemma,maser
mash,60,cleaned-dictionary,preserved,
mashed,60,esdb-inflection,inherited-from-lemma,mash
masher,60,cleaned-dictionary,preserved,
mashers,60,esdb-inflection,inherited-from-lemma,masher
mashes,60,esdb-inflection,inherited-from-lemma,mash
mashing,60,esdb-inflection,inherited-from-lemma,mash
mask,60,cleaned-dictionary,preserved,
masked,60,cleaned-dictionary,preserved,
masker,60,cleaned-dictionary,preserved,
maskers,60,esdb-inflection,inherited-from-lemma,masker
masking,60,esdb-inflection,inherited-from-lemma,mask
masks,60,cleaned-dictionary,preserved,
mason,60,cleaned-dictionary,preserved,
masonry,60,cleaned-dictionary,preserved,
masons,60,esdb-inflection,inherited-from-lemma,mason
masque,60,cleaned-dictionary,preserved,
masques,60,esdb-inflection,inherited-from-lemma,masque
mass,60,cleaned-dictionary,preserved,
massage,60,cleaned-dictionary,preserved,
massed,60,esdb-inflection,inherited-from-lemma,mass
masses,60,cleaned-dictionary,preserved,
masseur,60,cleaned-dictionary,preserved,
massif,60,cleaned-dictionary,preserved,
massifs,60,esdb-inflection,inherited-from-lemma,massif
massing,60,esdb-inflection,inherited-from-lemma,mass
massive,60,cleaned-dictionary,preserved,
mast,60,cleaned-dictionary,preserved,
master,60,cleaned-dictionary,preserved,
masters,60,cleaned-dictionary,preserved,
mastery,60,cleaned-dictionary,preserved,
mastoid,60,cleaned-dictionary,preserved,
masts,60,esdb-inflection,inherited-from-lemma,mast
mat,60,cleaned-dictionary,preserved,
matador,60,cleaned-dictionary,preserved,
match,60,cleaned-dictionary,preserved,
matched,60,esdb-inflection,inherited-from-lemma,match
matches,60,cleaned-dictionary,preserved,
mate,60,cleaned-dictionary,preserved,
mated,60,esdb-inflection,inherited-from-lemma,mate
mater,60,cleaned-dictionary,preserved,
maters,60,esdb-inflection,inherited-from-lemma,mater
mates,60,cleaned-dictionary,preserved,
matey,60,cleaned-dictionary,preserved,
mateys,60,esdb-inflection,inherited-from-lemma,matey
math,60,cleaned-dictionary,preserved,
matinee,60,cleaned-dictionary,preserved,
mating,60,cleaned-dictionary,preserved,
matings,60,esdb-inflection,inherited-from-lemma,mating
matins,60,cleaned-dictionary,preserved,
matrix,60,cleaned-dictionary,preserved,
matron,60,cleaned-dictionary,preserved,
matrons,60,esdb-inflection,inherited-from-lemma,matron
mats,60,esdb-inflection,inherited-from-lemma,mat
matte,60,cleaned-dictionary,preserved,
matted,60,esdb-inflection,inherited-from-lemma,mat
matter,60,cleaned-dictionary,preserved,
matters,60,cleaned-dictionary,preserved,
mattes,60,esdb-inflection,inherited-from-lemma,matte
matting,60,esdb-inflection,inherited-from-lemma,mat
mattock,60,cleaned-dictionary,preserved,
mature,60,cleaned-dictionary,preserved,
matured,60,esdb-inflection,inherited-from-lemma,mature
maturer,60,esdb-inflection,inherited-from-lemma,mature
matures,60,esdb-inflection,inherited-from-lemma,mature
maudlin,60,cleaned-dictionary,preserved,
maul,60,cleaned-dictionary,preserved,
mauled,60,cleaned-dictionary,preserved,
mauling,60,esdb-inflection,inherited-from-lemma,maul
mauls,60,esdb-inflection,inherited-from-lemma,maul
maunder,60,cleaned-dictionary,preserved,
mauve,60,cleaned-dictionary,preserved,
maven,60,cleaned-dictionary,preserved,
mavens,60,esdb-inflection,inherited-from-lemma,maven
maw,60,cleaned-dictionary,preserved,
mawkish,60,cleaned-dictionary,preserved,
maws,60,esdb-inflection,inherited-from-lemma,maw
max,60,cleaned-dictionary,preserved,
maxed,60,esdb-inflection,inherited-from-lemma,max
maxes,60,esdb-inflection,inherited-from-lemma,max
maxi,60,cleaned-dictionary,preserved,
maxilla,60,cleaned-dictionary,preserved,
maxim,60,cleaned-dictionary,preserved,
maxima,60,esdb-inflection,inherited-from-lemma,maximum
maxims,60,esdb-inflection,inherited-from-lemma,maxim
maximum,60,cleaned-dictionary,preserved,
maxing,60,esdb-inflection,inherited-from-lemma,max
maxis,60,esdb-inflection,inherited-from-lemma,maxi
may,60,cleaned-dictionary,preserved,
maybe,60,cleaned-dictionary,preserved,
maybes,60,esdb-inflection,inherited-from-lemma,maybe
mayfly,60,cleaned-dictionary,preserved,
mayhem,60,cleaned-dictionary,preserved,
mayo,60,cleaned-dictionary,preserved,
mayor,60,cleaned-dictionary,preserved,
mayors,60,esdb-inflection,inherited-from-lemma,mayor
maze,60,cleaned-dictionary,preserved,
mazes,60,esdb-inflection,inherited-from-lemma,maze
mazurka,60,cleaned-dictionary,preserved,
mead,60,cleaned-dictionary,preserved,
meadow,60,cleaned-dictionary,preserved,
meadows,60,esdb-inflection,inherited-from-lemma,meadow
meal,60,cleaned-dictionary,preserved,
meals,60,cleaned-dictionary,preserved,
meander,60,cleaned-dictionary,preserved,
meaning,60,cleaned-dictionary,preserved,
means,60,cleaned-dictionary,preserved,
meant,60,cleaned-dictionary,preserved,
measles,60,cleaned-dictionary,preserved,
measly,60,cleaned-dictionary,preserved,
measure,60,cleaned-dictionary,preserved,
meat,60,cleaned-dictionary,preserved,
meats,60,esdb-inflection,inherited-from-lemma,meat
med,60,cleaned-dictionary,preserved,
medal,60,cleaned-dictionary,preserved,
medals,60,esdb-inflection,inherited-from-lemma,medal
meddle,60,cleaned-dictionary,preserved,
meddled,60,esdb-inflection,inherited-from-lemma,meddle
meddles,60,esdb-inflection,inherited-from-lemma,meddle
media,60,cleaned-dictionary,preserved,
medial,60,cleaned-dictionary,preserved,
median,60,cleaned-dictionary,preserved,
medians,60,esdb-inflection,inherited-from-lemma,median
medical,60,cleaned-dictionary,preserved,
medico,60,cleaned-dictionary,preserved,
medicos,60,esdb-inflection,inherited-from-lemma,medico
medics,60,cleaned-dictionary,preserved,
medium,60,cleaned-dictionary,preserved,
mediums,60,esdb-inflection,inherited-from-lemma,medium
medley,60,cleaned-dictionary,preserved,
medleys,60,esdb-inflection,inherited-from-lemma,medley
meds,60,esdb-inflection,inherited-from-lemma,med
meed,60,cleaned-dictionary,preserved,
meek,60,cleaned-dictionary,preserved,
meeker,60,esdb-inflection,inherited-from-lemma,meek
meekest,60,esdb-inflection,inherited-from-lemma,meek
meerkat,60,cleaned-dictionary,preserved,
meet,60,cleaned-dictionary,preserved,
meeting,60,cleaned-dictionary,preserved,
meets,60,cleaned-dictionary,preserved,
meg,60,cleaned-dictionary,preserved,
mega,60,cleaned-dictionary,preserved,
megs,60,esdb-inflection,inherited-from-lemma,meg
meh,60,cleaned-dictionary,preserved,
meiosis,60,cleaned-dictionary,preserved,
melange,60,cleaned-dictionary,preserved,
meld,60,cleaned-dictionary,preserved,
melded,60,esdb-inflection,inherited-from-lemma,meld
melding,60,esdb-inflection,inherited-from-lemma,meld
melds,60,esdb-inflection,inherited-from-lemma,meld
melee,60,cleaned-dictionary,preserved,
melees,60,esdb-inflection,inherited-from-lemma,melee
mellow,60,cleaned-dictionary,preserved,
mellows,60,esdb-inflection,inherited-from-lemma,mellow
melodic,60,cleaned-dictionary,preserved,
melody,60,cleaned-dictionary,preserved,
melon,60,cleaned-dictionary,preserved,
melons,60,esdb-inflection,inherited-from-lemma,melon
melt,60,cleaned-dictionary,preserved,
melted,60,cleaned-dictionary,preserved,
melting,60,cleaned-dictionary,preserved,
melts,60,esdb-inflection,inherited-from-lemma,melt
member,60,cleaned-dictionary,preserved,
members,60,cleaned-dictionary,preserved,
meme,60,cleaned-dictionary,preserved,
memento,60,cleaned-dictionary,preserved,
memes,60,esdb-inflection,inherited-from-lemma,meme
memo,60,cleaned-dictionary,preserved,
memoir,60,cleaned-dictionary,preserved,
memoirs,60,cleaned-dictionary,preserved,
memory,60,cleaned-dictionary,preserved,
memos,60,esdb-inflection,inherited-from-lemma,memo
men,60,cleaned-dictionary,preserved,
menace,60,cleaned-dictionary,preserved,
menaced,60,esdb-inflection,inherited-from-lemma,menace
menaces,60,esdb-inflection,inherited-from-lemma,menace
mend,60,cleaned-dictionary,preserved,
mended,60,esdb-inflection,inherited-from-lemma,mend
mending,60,esdb-inflection,inherited-from-lemma,mend
mends,60,esdb-inflection,inherited-from-lemma,mend
menial,60,cleaned-dictionary,preserved,
menials,60,esdb-inflection,inherited-from-lemma,menial
meninx,60,cleaned-dictionary,preserved,
mensch,60,cleaned-dictionary,preserved,
mental,60,cleaned-dictionary,preserved,
mention,60,cleaned-dictionary,preserved,
mentor,60,cleaned-dictionary,preserved,
mentors,60,esdb-inflection,inherited-from-lemma,mentor
menu,60,cleaned-dictionary,preserved,
menus,60,esdb-inflection,inherited-from-lemma,menu
meow,60,cleaned-dictionary,preserved,
meowed,60,esdb-inflection,inherited-from-lemma,meow
meowing,60,esdb-inflection,inherited-from-lemma,meow
meows,60,esdb-inflection,inherited-from-lemma,meow
mercies,60,esdb-inflection,inherited-from-lemma,mercy
mercury,60,cleaned-dictionary,preserved,
mercy,60,cleaned-dictionary,preserved,
mere,60,cleaned-dictionary,preserved,
merely,60,cleaned-dictionary,preserved,
meres,60,esdb-inflection,inherited-from-lemma,mere
merest,60,esdb-inflection,inherited-from-lemma,mere
merge,60,cleaned-dictionary,preserved,
merged,60,esdb-inflection,inherited-from-lemma,merge
merger,60,cleaned-dictionary,preserved,
mergers,60,esdb-inflection,inherited-from-lemma,merger
merges,60,esdb-inflection,inherited-from-lemma,merge
merging,60,esdb-inflection,inherited-from-lemma,merge
merit,60,cleaned-dictionary,preserved,
merited,60,esdb-inflection,inherited-from-lemma,merit
merits,60,cleaned-dictionary,preserved,
mermaid,60,cleaned-dictionary,preserved,
merrier,60,esdb-inflection,inherited-from-lemma,merry
merry,60,cleaned-dictionary,preserved,
mesa,60,cleaned-dictionary,preserved,
mesas,60,esdb-inflection,inherited-from-lemma,mesa
mesh,60,cleaned-dictionary,preserved,
meshed,60,esdb-inflection,inherited-from-lemma,mesh
meshes,60,esdb-inflection,inherited-from-lemma,mesh
meshing,60,esdb-inflection,inherited-from-lemma,mesh
meson,60,cleaned-dictionary,preserved,
mesons,60,esdb-inflection,inherited-from-lemma,meson
mess,60,cleaned-dictionary,preserved,
message,60,cleaned-dictionary,preserved,
messed,60,esdb-inflection,inherited-from-lemma,mess
messes,60,esdb-inflection,inherited-from-lemma,mess
messiah,60,cleaned-dictionary,preserved,
messier,60,esdb-inflection,inherited-from-lemma,messy
messing,60,esdb-inflection,inherited-from-lemma,mess
messy,60,cleaned-dictionary,preserved,
mestizo,60,cleaned-dictionary,preserved,
met,60,cleaned-dictionary,preserved,
metal,60,cleaned-dictionary,preserved,
metaled,60,esdb-inflection,inherited-from-lemma,metal
metals,60,cleaned-dictionary,preserved,
mete,60,cleaned-dictionary,preserved,
meted,60,esdb-inflection,inherited-from-lemma,mete
meteor,60,cleaned-dictionary,preserved,
meteors,60,esdb-inflection,inherited-from-lemma,meteor
meter,60,cleaned-dictionary,preserved,
metered,60,esdb-inflection,inherited-from-lemma,meter
meters,60,cleaned-dictionary,preserved,
metes,60,esdb-inflection,inherited-from-lemma,mete
meth,60,cleaned-dictionary,preserved,
methane,60,cleaned-dictionary,preserved,
method,60,cleaned-dictionary,preserved,
methods,60,cleaned-dictionary,preserved,
meths,60,cleaned-dictionary,preserved,
methyl,60,cleaned-dictionary,preserved,
meting,60,esdb-inflection,inherited-from-lemma,mete
metric,60,cleaned-dictionary,preserved,
metrics,60,esdb-inflection,inherited-from-lemma,metric
metro,60,cleaned-dictionary,preserved,
metros,60,esdb-inflection,inherited-from-lemma,metro
mettle,60,cleaned-dictionary,preserved,
mew,60,cleaned-dictionary,preserved,
mewed,60,esdb-inflection,inherited-from-lemma,mew
mewing,60,esdb-inflection,inherited-from-lemma,mew
mews,60,cleaned-dictionary,preserved,
mezzo,60,cleaned-dictionary,preserved,
mezzos,60,esdb-inflection,inherited-from-lemma,mezzo
miasma,60,cleaned-dictionary,preserved,
miasmas,60,cleaned-dictionary,preserved,
mic,60,cleaned-dictionary,preserved,
mica,60,cleaned-dictionary,preserved,
mice,60,cleaned-dictionary,preserved,
mick,60,cleaned-dictionary,preserved,
micks,60,esdb-inflection,inherited-from-lemma,mick
micro,60,cleaned-dictionary,preserved,
microbe,60,cleaned-dictionary,preserved,
micron,60,cleaned-dictionary,preserved,
microns,60,esdb-inflection,inherited-from-lemma,micron
micros,60,esdb-inflection,inherited-from-lemma,micro
mics,60,esdb-inflection,inherited-from-lemma,mic
mid,60,cleaned-dictionary,preserved,
midday,60,cleaned-dictionary,preserved,
middle,60,cleaned-dictionary,preserved,
middles,60,esdb-inflection,inherited-from-lemma,middle
midge,60,cleaned-dictionary,preserved,
midges,60,esdb-inflection,inherited-from-lemma,midge
midget,60,cleaned-dictionary,preserved,
midgets,60,esdb-inflection,inherited-from-lemma,midget
midi,60,cleaned-dictionary,preserved,
midis,60,esdb-inflection,inherited-from-lemma,midi
midst,60,cleaned-dictionary,preserved,
midway,60,cleaned-dictionary,preserved,
midways,60,esdb-inflection,inherited-from-lemma,midway
midweek,60,cleaned-dictionary,preserved,
midwife,60,cleaned-dictionary,preserved,
mien,60,cleaned-dictionary,preserved,
miens,60,esdb-inflection,inherited-from-lemma,mien
might,60,cleaned-dictionary,preserved,
mighty,60,cleaned-dictionary,preserved,
migrant,60,cleaned-dictionary,preserved,
migrate,60,cleaned-dictionary,preserved,
mikado,60,cleaned-dictionary,preserved,
mikados,60,esdb-inflection,inherited-from-lemma,mikado
mike,60,cleaned-dictionary,preserved,
miked,60,esdb-inflection,inherited-from-lemma,mike
mikes,60,esdb-inflection,inherited-from-lemma,mike
miking,60,esdb-inflection,inherited-from-lemma,mike
mil,60,cleaned-dictionary,preserved,
mild,60,cleaned-dictionary,preserved,
milder,60,esdb-inflection,inherited-from-lemma,mild
mildest,60,esdb-inflection,inherited-from-lemma,mild
mildew,60,cleaned-dictionary,preserved,
mildews,60,esdb-inflection,inherited-from-lemma,mildew
mildly,60,cleaned-dictionary,preserved,
mile,60,cleaned-dictionary,preserved,
mileage,60,cleaned-dictionary,preserved,
miles,60,cleaned-dictionary,preserved,
milieu,60,cleaned-dictionary,preserved,
milieus,60,esdb-inflection,inherited-from-lemma,milieu
militia,60,cleaned-dictionary,preserved,
milk,60,cleaned-dictionary,preserved,
milked,60,esdb-inflection,inherited-from-lemma,milk
milkier,60,esdb-inflection,inherited-from-lemma,milky
milking,60,esdb-inflection,inherited-from-lemma,milk
milkman,60,cleaned-dictionary,preserved,
milkmen,60,esdb-inflection,inherited-from-lemma,milkman
milks,60,esdb-inflection,inherited-from-lemma,milk
milky,60,cleaned-dictionary,preserved,
mill,60,cleaned-dictionary,preserved,
milled,60,esdb-inflection,inherited-from-lemma,mill
millet,60,cleaned-dictionary,preserved,
milling,60,esdb-inflection,inherited-from-lemma,mill
million,60,cleaned-dictionary,preserved,
mills,60,cleaned-dictionary,preserved,
mils,60,esdb-inflection,inherited-from-lemma,mil
milt,60,cleaned-dictionary,preserved,
milted,60,esdb-inflection,inherited-from-lemma,milt
milting,60,esdb-inflection,inherited-from-lemma,milt
milts,60,esdb-inflection,inherited-from-lemma,milt
mime,60,cleaned-dictionary,preserved,
mimed,60,esdb-inflection,inherited-from-lemma,mime
mimes,60,esdb-inflection,inherited-from-lemma,mime
mimic,60,cleaned-dictionary,preserved,
mimics,60,esdb-inflection,inherited-from-lemma,mimic
miming,60,esdb-inflection,inherited-from-lemma,mime
minaret,60,cleaned-dictionary,preserved,
mince,60,cleaned-dictionary,preserved,
minced,60,esdb-inflection,inherited-from-lemma,mince
minces,60,esdb-inflection,inherited-from-lemma,mince
mincing,60,esdb-inflection,inherited-from-lemma,mince
mind,60,cleaned-dictionary,preserved,
minded,60,esdb-inflection,inherited-from-lemma,mind
minder,60,cleaned-dictionary,preserved,
minders,60,esdb-inflection,inherited-from-lemma,minder
mindful,60,cleaned-dictionary,preserved,
minding,60,esdb-inflection,inherited-from-lemma,mind
minds,60,cleaned-dictionary,preserved,
mine,60,cleaned-dictionary,preserved,
mined,60,esdb-inflection,inherited-from-lemma,mine
miner,60,cleaned-dictionary,preserved,
mineral,60,cleaned-dictionary,preserved,
miners,60,esdb-inflection,inherited-from-lemma,miner
mines,60,cleaned-dictionary,preserved,
mingle,60,cleaned-dictionary,preserved,
mingled,60,cleaned-dictionary,preserved,
mingles,60,esdb-inflection,inherited-from-lemma,mingle
mini,60,cleaned-dictionary,preserved,
minim,60,cleaned-dictionary,preserved,
minima,60,esdb-inflection,inherited-from-lemma,minimum
minimal,60,cleaned-dictionary,preserved,
minims,60,esdb-inflection,inherited-from-lemma,minim
minimum,60,cleaned-dictionary,preserved,
mining,60,cleaned-dictionary,preserved,
minion,60,cleaned-dictionary,preserved,
minions,60,esdb-inflection,inherited-from-lemma,minion
minis,60,esdb-inflection,inherited-from-lemma,mini
mink,60,cleaned-dictionary,preserved,
minks,60,esdb-inflection,inherited-from-lemma,mink
minnow,60,cleaned-dictionary,preserved,
minnows,60,esdb-inflection,inherited-from-lemma,minnow
minor,60,cleaned-dictionary,preserved,
minored,60,esdb-inflection,inherited-from-lemma,minor
mint,60,cleaned-dictionary,preserved,
minted,60,esdb-inflection,inherited-from-lemma,mint
minter,60,cleaned-dictionary,preserved,
minters,60,esdb-inflection,inherited-from-lemma,minter
minting,60,esdb-inflection,inherited-from-lemma,mint
mints,60,esdb-inflection,inherited-from-lemma,mint
minuend,60,cleaned-dictionary,preserved,
minuet,60,cleaned-dictionary,preserved,
minuets,60,esdb-inflection,inherited-from-lemma,minuet
minus,60,cleaned-dictionary,preserved,
minuses,60,esdb-inflection,inherited-from-lemma,minus
minute,60,cleaned-dictionary,preserved,
minuted,60,esdb-inflection,inherited-from-lemma,minute
minuter,60,esdb-inflection,inherited-from-lemma,minute
minutes,60,cleaned-dictionary,preserved,
minutia,60,cleaned-dictionary,preserved,
minx,60,cleaned-dictionary,preserved,
minxes,60,esdb-inflection,inherited-from-lemma,minx
miracle,60,cleaned-dictionary,preserved,
mirage,60,cleaned-dictionary,preserved,
mirages,60,esdb-inflection,inherited-from-lemma,mirage
mire,60,cleaned-dictionary,preserved,
mired,60,esdb-inflection,inherited-from-lemma,mire
mires,60,esdb-inflection,inherited-from-lemma,mire
mirier,60,cleaned-dictionary,preserved,
miring,60,esdb-inflection,inherited-from-lemma,mire
mirror,60,cleaned-dictionary,preserved,
mirrors,60,cleaned-dictionary,preserved,
mirth,60,cleaned-dictionary,preserved,
misdeal,60,cleaned-dictionary,preserved,
miserly,60,cleaned-dictionary,preserved,
misery,60,cleaned-dictionary,preserved,
misfit,60,cleaned-dictionary,preserved,
misfits,60,esdb-inflection,inherited-from-lemma,misfit
mishap,60,cleaned-dictionary,preserved,
mishaps,60,esdb-inflection,inherited-from-lemma,mishap
mishear,60,cleaned-dictionary,preserved,
mislaid,60,cleaned-dictionary,preserved,
mislay,60,cleaned-dictionary,preserved,
mislays,60,esdb-inflection,inherited-from-lemma,mislay
mislead,60,cleaned-dictionary,preserved,
misled,60,cleaned-dictionary,preserved,
miso,60,cleaned-dictionary,preserved,
misos,60,esdb-inflection,inherited-from-lemma,miso
misread,60,cleaned-dictionary,preserved,
misrule,60,cleaned-dictionary,preserved,
miss,60,cleaned-dictionary,preserved,
missed,60,cleaned-dictionary,preserved,
misses,60,esdb-inflection,inherited-from-lemma,miss
missile,60,cleaned-dictionary,preserved,
missing,60,cleaned-dictionary,preserved,
mission,60,cleaned-dictionary,preserved,
missive,60,cleaned-dictionary,preserved,
misstep,60,cleaned-dictionary,preserved,
missus,60,cleaned-dictionary,preserved,
mist,60,cleaned-dictionary,preserved,
mistake,60,cleaned-dictionary,preserved,
misted,60,esdb-inflection,inherited-from-lemma,mist
mister,60,cleaned-dictionary,preserved,
misters,60,esdb-inflection,inherited-from-lemma,mister
misting,60,esdb-inflection,inherited-from-lemma,mist
mistook,60,cleaned-dictionary,preserved,
mists,60,esdb-inflection,inherited-from-lemma,mist
misuse,60,cleaned-dictionary,preserved,
misused,60,esdb-inflection,inherited-from-lemma,misuse
misuses,60,esdb-inflection,inherited-from-lemma,misuse
mite,60,cleaned-dictionary,preserved,
mites,60,esdb-inflection,inherited-from-lemma,mite
mitosis,60,cleaned-dictionary,preserved,
mitral,60,cleaned-dictionary,preserved,
mitt,60,cleaned-dictionary,preserved,
mitten,60,cleaned-dictionary,preserved,
mittens,60,esdb-inflection,inherited-from-lemma,mitten
mitts,60,esdb-inflection,inherited-from-lemma,mitt
mix,60,cleaned-dictionary,preserved,
mixed,60,cleaned-dictionary,preserved,
mixer,60,cleaned-dictionary,preserved,
mixers,60,esdb-inflection,inherited-from-lemma,mixer
mixes,60,esdb-inflection,inherited-from-lemma,mix
mixing,60,cleaned-dictionary,preserved,
mixture,60,cleaned-dictionary,preserved,
mizzen,60,cleaned-dictionary,preserved,
mizzens,60,esdb-inflection,inherited-from-lemma,mizzen
moat,60,cleaned-dictionary,preserved,
moats,60,esdb-inflection,inherited-from-lemma,moat
mob,60,cleaned-dictionary,preserved,
mobbed,60,esdb-inflection,inherited-from-lemma,mob
mobbing,60,esdb-inflection,inherited-from-lemma,mob
mobile,60,cleaned-dictionary,preserved,
mobiles,60,esdb-inflection,inherited-from-lemma,mobile
mobs,60,esdb-inflection,inherited-from-lemma,mob
mocha,60,cleaned-dictionary,preserved,
mochas,60,esdb-inflection,inherited-from-lemma,mocha
mock,60,cleaned-dictionary,preserved,
mocked,60,esdb-inflection,inherited-from-lemma,mock
mocking,60,esdb-inflection,inherited-from-lemma,mock
mocks,60,esdb-inflection,inherited-from-lemma,mock
mod,60,cleaned-dictionary,preserved,
mode,60,cleaned-dictionary,preserved,
model,60,cleaned-dictionary,preserved,
modeled,60,esdb-inflection,inherited-from-lemma,model
models,60,cleaned-dictionary,preserved,
modem,60,cleaned-dictionary,preserved,
modems,60,esdb-inflection,inherited-from-lemma,modem
modern,60,cleaned-dictionary,preserved,
moderns,60,esdb-inflection,inherited-from-lemma,modern
modes,60,cleaned-dictionary,preserved,
modest,60,cleaned-dictionary,preserved,
modesty,60,cleaned-dictionary,preserved,
modicum,60,cleaned-dictionary,preserved,
modify,60,cleaned-dictionary,preserved,
modish,60,cleaned-dictionary,preserved,
mods,60,esdb-inflection,inherited-from-lemma,mod
modular,60,cleaned-dictionary,preserved,
module,60,cleaned-dictionary,preserved,
modules,60,cleaned-dictionary,preserved,
modulus,60,cleaned-dictionary,preserved,
moggy,60,cleaned-dictionary,preserved,
mogul,60,cleaned-dictionary,preserved,
moguls,60,esdb-inflection,inherited-from-lemma,mogul
moi,60,cleaned-dictionary,preserved,
moiety,60,cleaned-dictionary,preserved,
moil,60,cleaned-dictionary,preserved,
moiled,60,esdb-inflection,inherited-from-lemma,moil
moiling,60,esdb-inflection,inherited-from-lemma,moil
moils,60,esdb-inflection,inherited-from-lemma,moil
moire,60,cleaned-dictionary,preserved,
moires,60,esdb-inflection,inherited-from-lemma,moire
moist,60,cleaned-dictionary,preserved,
moisten,60,cleaned-dictionary,preserved,
moister,60,esdb-inflection,inherited-from-lemma,moist
mojo,60,cleaned-dictionary,preserved,
molar,60,cleaned-dictionary,preserved,
molars,60,esdb-inflection,inherited-from-lemma,molar
mold,60,cleaned-dictionary,preserved,
molded,60,esdb-inflection,inherited-from-lemma,mold
moldier,60,esdb-inflection,inherited-from-lemma,moldy
molding,60,cleaned-dictionary,preserved,
molds,60,esdb-inflection,inherited-from-lemma,mold
moldy,60,cleaned-dictionary,preserved,
mole,60,cleaned-dictionary,preserved,
moles,60,esdb-inflection,inherited-from-lemma,mole
molest,60,cleaned-dictionary,preserved,
molests,60,esdb-inflection,inherited-from-lemma,molest
moll,60,cleaned-dictionary,preserved,
mollies,60,esdb-inflection,inherited-from-lemma,molly
mollify,60,cleaned-dictionary,preserved,
molls,60,esdb-inflection,inherited-from-lemma,moll
mollusk,60,cleaned-dictionary,preserved,
molly,60,cleaned-dictionary,preserved,
molt,60,cleaned-dictionary,preserved,
molted,60,esdb-inflection,inherited-from-lemma,molt
molten,60,cleaned-dictionary,preserved,
molter,60,cleaned-dictionary,preserved,
molters,60,esdb-inflection,inherited-from-lemma,molter
molting,60,esdb-inflection,inherited-from-lemma,molt
molts,60,esdb-inflection,inherited-from-lemma,molt
mom,60,cleaned-dictionary,preserved,
moment,60,cleaned-dictionary,preserved,
moments,60,cleaned-dictionary,preserved,
mommies,60,esdb-inflection,inherited-from-lemma,mommy
mommy,60,cleaned-dictionary,preserved,
moms,60,esdb-inflection,inherited-from-lemma,mom
monad,60,cleaned-dictionary,preserved,
monads,60,esdb-inflection,inherited-from-lemma,monad
monarch,60,cleaned-dictionary,preserved,
money,60,cleaned-dictionary,preserved,
moneys,60,esdb-inflection,inherited-from-lemma,money
monger,60,cleaned-dictionary,preserved,
mongers,60,esdb-inflection,inherited-from-lemma,monger
mongrel,60,cleaned-dictionary,preserved,
moniker,60,cleaned-dictionary,preserved,
monism,60,cleaned-dictionary,preserved,
monitor,60,cleaned-dictionary,preserved,
monk,60,cleaned-dictionary,preserved,
monkey,60,cleaned-dictionary,preserved,
monkeys,60,cleaned-dictionary,preserved,
monks,60,cleaned-dictionary,preserved,
mono,60,cleaned-dictionary,preserved,
monocle,60,cleaned-dictionary,preserved,
monody,60,cleaned-dictionary,preserved,
monomer,60,cleaned-dictionary,preserved,
monsoon,60,cleaned-dictionary,preserved,
monster,60,cleaned-dictionary,preserved,
montage,60,cleaned-dictionary,preserved,
month,60,cleaned-dictionary,preserved,
monthly,60,cleaned-dictionary,preserved,
months,60,cleaned-dictionary,preserved,
moo,60,cleaned-dictionary,preserved,
mooch,60,cleaned-dictionary,preserved,
mooched,60,esdb-inflection,inherited-from-lemma,mooch
mooches,60,esdb-inflection,inherited-from-lemma,mooch
mood,60,cleaned-dictionary,preserved,
moodily,60,cleaned-dictionary,preserved,
moods,60,esdb-inflection,inherited-from-lemma,mood
mooed,60,esdb-inflection,inherited-from-lemma,moo
mooing,60,esdb-inflection,inherited-from-lemma,moo
moon,60,cleaned-dictionary,preserved,
mooned,60,esdb-inflection,inherited-from-lemma,moon
mooning,60,esdb-inflection,inherited-from-lemma,moon
moons,60,esdb-inflection,inherited-from-lemma,moon
moor,60,cleaned-dictionary,preserved,
moored,60,esdb-inflection,inherited-from-lemma,moor
mooring,60,esdb-inflection,inherited-from-lemma,moor
moors,60,esdb-inflection,inherited-from-lemma,moor
moos,60,esdb-inflection,inherited-from-lemma,moo
moose,60,cleaned-dictionary,preserved,
moot,60,cleaned-dictionary,preserved,
mooted,60,esdb-inflection,inherited-from-lemma,moot
mooting,60,esdb-inflection,inherited-from-lemma,moot
moots,60,esdb-inflection,inherited-from-lemma,moot
mop,60,cleaned-dictionary,preserved,
mope,60,cleaned-dictionary,preserved,
moped,60,cleaned-dictionary,preserved,
mopeds,60,esdb-inflection,inherited-from-lemma,moped
mopes,60,esdb-inflection,inherited-from-lemma,mope
moping,60,esdb-inflection,inherited-from-lemma,mope
mopped,60,esdb-inflection,inherited-from-lemma,mop
mopping,60,esdb-inflection,inherited-from-lemma,mop
mops,60,esdb-inflection,inherited-from-lemma,mop
moral,60,cleaned-dictionary,preserved,
morally,60,cleaned-dictionary,preserved,
morals,60,cleaned-dictionary,preserved,
morass,60,cleaned-dictionary,preserved,
moray,60,cleaned-dictionary,preserved,
morays,60,esdb-inflection,inherited-from-lemma,moray
morbid,60,cleaned-dictionary,preserved,
mordant,60,cleaned-dictionary,preserved,
more,60,cleaned-dictionary,preserved,
morel,60,cleaned-dictionary,preserved,
morels,60,esdb-inflection,inherited-from-lemma,morel
mores,60,cleaned-dictionary,preserved,
morgue,60,cleaned-dictionary,preserved,
morgues,60,esdb-inflection,inherited-from-lemma,morgue
morn,60,cleaned-dictionary,preserved,
morning,60,cleaned-dictionary,preserved,
morns,60,esdb-inflection,inherited-from-lemma,morn
morocco,60,cleaned-dictionary,preserved,
moron,60,cleaned-dictionary,preserved,
moronic,60,cleaned-dictionary,preserved,
morons,60,esdb-inflection,inherited-from-lemma,moron
morose,60,cleaned-dictionary,preserved,
morph,60,cleaned-dictionary,preserved,
morphed,60,esdb-inflection,inherited-from-lemma,morph
morphia,60,cleaned-dictionary,preserved,
morphs,60,esdb-inflection,inherited-from-lemma,morph
morrow,60,cleaned-dictionary,preserved,
morrows,60,esdb-inflection,inherited-from-lemma,morrow
morsel,60,cleaned-dictionary,preserved,
morsels,60,esdb-inflection,inherited-from-lemma,morsel
mortal,60,cleaned-dictionary,preserved,
mortals,60,esdb-inflection,inherited-from-lemma,mortal
mortar,60,cleaned-dictionary,preserved,
mortars,60,esdb-inflection,inherited-from-lemma,mortar
mortise,60,cleaned-dictionary,preserved,
mosh,60,cleaned-dictionary,preserved,
moshed,60,esdb-inflection,inherited-from-lemma,mosh
moshes,60,esdb-inflection,inherited-from-lemma,mosh
moshing,60,esdb-inflection,inherited-from-lemma,mosh
mosque,60,cleaned-dictionary,preserved,
mosques,60,esdb-inflection,inherited-from-lemma,mosque
moss,60,cleaned-dictionary,preserved,
mosses,60,esdb-inflection,inherited-from-lemma,moss
most,60,cleaned-dictionary,preserved,
mostly,60,cleaned-dictionary,preserved,
mot,60,cleaned-dictionary,preserved,
mote,60,cleaned-dictionary,preserved,
motel,60,cleaned-dictionary,preserved,
motels,60,esdb-inflection,inherited-from-lemma,motel
motes,60,esdb-inflection,inherited-from-lemma,mote
motet,60,cleaned-dictionary,preserved,
motets,60,esdb-inflection,inherited-from-lemma,motet
moth,60,cleaned-dictionary,preserved,
mother,60,cleaned-dictionary,preserved,
mothers,60,cleaned-dictionary,preserved,
moths,60,esdb-inflection,inherited-from-lemma,moth
motif,60,cleaned-dictionary,preserved,
motifs,60,esdb-inflection,inherited-from-lemma,motif
motile,60,cleaned-dictionary,preserved,
motion,60,cleaned-dictionary,preserved,
motions,60,cleaned-dictionary,preserved,
motive,60,cleaned-dictionary,preserved,
motives,60,cleaned-dictionary,preserved,
motley,60,cleaned-dictionary,preserved,
motleys,60,esdb-inflection,inherited-from-lemma,motley
motlier,60,esdb-inflection,inherited-from-lemma,motley
motor,60,cleaned-dictionary,preserved,
motored,60,esdb-inflection,inherited-from-lemma,motor
motors,60,esdb-inflection,inherited-from-lemma,motor
mots,60,cleaned-dictionary,preserved,
mottle,60,cleaned-dictionary,preserved,
mottled,60,esdb-inflection,inherited-from-lemma,mottle
mottles,60,esdb-inflection,inherited-from-lemma,mottle
motto,60,cleaned-dictionary,preserved,
mottoes,60,esdb-inflection,inherited-from-lemma,motto
mound,60,cleaned-dictionary,preserved,
mounded,60,esdb-inflection,inherited-from-lemma,mound
mounds,60,esdb-inflection,inherited-from-lemma,mound
mount,60,cleaned-dictionary,preserved,
mounted,60,cleaned-dictionary,preserved,
mounts,60,esdb-inflection,inherited-from-lemma,mount
mourn,60,cleaned-dictionary,preserved,
mourned,60,esdb-inflection,inherited-from-lemma,mourn
mourner,60,cleaned-dictionary,preserved,
mourns,60,esdb-inflection,inherited-from-lemma,mourn
mouse,60,cleaned-dictionary,preserved,
moused,60,esdb-inflection,inherited-from-lemma,mouse
mouser,60,cleaned-dictionary,preserved,
mousers,60,esdb-inflection,inherited-from-lemma,mouser
mouses,60,cleaned-dictionary,preserved,
mousier,60,esdb-inflection,inherited-from-lemma,mousy
mousing,60,esdb-inflection,inherited-from-lemma,mouse
mousy,60,cleaned-dictionary,preserved,
mouth,60,cleaned-dictionary,preserved,
mouthed,60,esdb-inflection,inherited-from-lemma,mouth
mouths,60,cleaned-dictionary,preserved,
mouton,60,cleaned-dictionary,preserved,
move,60,cleaned-dictionary,preserved,
moved,60,cleaned-dictionary,preserved,
moves,60,esdb-inflection,inherited-from-lemma,move
movie,60,cleaned-dictionary,preserved,
movies,60,cleaned-dictionary,preserved,
moving,60,cleaned-dictionary,preserved,
mow,60,cleaned-dictionary,preserved,
mowed,60,esdb-inflection,inherited-from-lemma,mow
mowing,60,esdb-inflection,inherited-from-lemma,mow
mown,60,cleaned-dictionary,preserved,
mows,60,esdb-inflection,inherited-from-lemma,mow
moxie,60,cleaned-dictionary,preserved,
much,60,cleaned-dictionary,preserved,
muck,60,cleaned-dictionary,preserved,
mucked,60,esdb-inflection,inherited-from-lemma,muck
muckier,60,esdb-inflection,inherited-from-lemma,mucky
mucking,60,esdb-inflection,inherited-from-lemma,muck
mucks,60,esdb-inflection,inherited-from-lemma,muck
mucky,60,cleaned-dictionary,preserved,
mucosa,60,cleaned-dictionary,preserved,
mucus,60,cleaned-dictionary,preserved,
mud,60,cleaned-dictionary,preserved,
muddied,60,esdb-inflection,inherited-from-lemma,muddy
muddier,60,esdb-inflection,inherited-from-lemma,muddy
muddies,60,esdb-inflection,inherited-from-lemma,muddy
muddle,60,cleaned-dictionary,preserved,
muddled,60,esdb-inflection,inherited-from-lemma,muddle
muddles,60,esdb-inflection,inherited-from-lemma,muddle
muddy,60,cleaned-dictionary,preserved,
mudflow,60,cleaned-dictionary,preserved,
muezzin,60,cleaned-dictionary,preserved,
muff,60,cleaned-dictionary,preserved,
muffed,60,esdb-inflection,inherited-from-lemma,muff
muffin,60,cleaned-dictionary,preserved,
muffing,60,esdb-inflection,inherited-from-lemma,muff
muffins,60,esdb-inflection,inherited-from-lemma,muffin
muffle,60,cleaned-dictionary,preserved,
muffled,60,cleaned-dictionary,preserved,
muffler,60,cleaned-dictionary,preserved,
muffles,60,esdb-inflection,inherited-from-lemma,muffle
muffs,60,esdb-inflection,inherited-from-lemma,muff
mufti,60,cleaned-dictionary,preserved,
muftis,60,esdb-inflection,inherited-from-lemma,mufti
mug,60,cleaned-dictionary,preserved,
mugged,60,esdb-inflection,inherited-from-lemma,mug
mugger,60,cleaned-dictionary,preserved,
muggers,60,esdb-inflection,inherited-from-lemma,mugger
muggier,60,esdb-inflection,inherited-from-lemma,muggy
mugging,60,cleaned-dictionary,preserved,
muggle,60,cleaned-dictionary,preserved,
muggles,60,esdb-inflection,inherited-from-lemma,muggle
muggy,60,cleaned-dictionary,preserved,
mugs,60,esdb-inflection,inherited-from-lemma,mug
mukluk,60,cleaned-dictionary,preserved,
mukluks,60,esdb-inflection,inherited-from-lemma,mukluk
mulatto,60,cleaned-dictionary,preserved,
mulch,60,cleaned-dictionary,preserved,
mulched,60,esdb-inflection,inherited-from-lemma,mulch
mulches,60,esdb-inflection,inherited-from-lemma,mulch
mulct,60,cleaned-dictionary,preserved,
mulcted,60,esdb-inflection,inherited-from-lemma,mulct
mulcts,60,esdb-inflection,inherited-from-lemma,mulct
mule,60,cleaned-dictionary,preserved,
mules,60,esdb-inflection,inherited-from-lemma,mule
mull,60,cleaned-dictionary,preserved,
mullah,60,cleaned-dictionary,preserved,
mullahs,60,esdb-inflection,inherited-from-lemma,mullah
mulled,60,esdb-inflection,inherited-from-lemma,mull
mullet,60,cleaned-dictionary,preserved,
mullets,60,esdb-inflection,inherited-from-lemma,mullet
mulling,60,esdb-inflection,inherited-from-lemma,mull
mulls,60,esdb-inflection,inherited-from-lemma,mull
mum,60,cleaned-dictionary,preserved,
mumble,60,cleaned-dictionary,preserved,
mumbled,60,cleaned-dictionary,preserved,
mumbles,60,esdb-inflection,inherited-from-lemma,mumble
mummies,60,esdb-inflection,inherited-from-lemma,mummy
mummy,60,cleaned-dictionary,preserved,
mumps,60,cleaned-dictionary,preserved,
munch,60,cleaned-dictionary,preserved,
munched,60,esdb-inflection,inherited-from-lemma,munch
munches,60,esdb-inflection,inherited-from-lemma,munch
munchie,60,cleaned-dictionary,preserved,
mundane,60,cleaned-dictionary,preserved,
mural,60,cleaned-dictionary,preserved,
murals,60,esdb-inflection,inherited-from-lemma,mural
murder,60,cleaned-dictionary,preserved,
murders,60,cleaned-dictionary,preserved,
murk,60,cleaned-dictionary,preserved,
murkier,60,esdb-inflection,inherited-from-lemma,murky
murks,60,esdb-inflection,inherited-from-lemma,murk
murky,60,cleaned-dictionary,preserved,
murmur,60,cleaned-dictionary,preserved,
murmurs,60,esdb-inflection,inherited-from-lemma,murmur
muscle,60,cleaned-dictionary,preserved,
muscled,60,cleaned-dictionary,preserved,
muscles,60,cleaned-dictionary,preserved,
muse,60,cleaned-dictionary,preserved,
mused,60,esdb-inflection,inherited-from-lemma,muse
muses,60,esdb-inflection,inherited-from-lemma,muse
museum,60,cleaned-dictionary,preserved,
museums,60,cleaned-dictionary,preserved,
mush,60,cleaned-dictionary,preserved,
mushed,60,esdb-inflection,inherited-from-lemma,mush
musher,60,cleaned-dictionary,preserved,
mushers,60,esdb-inflection,inherited-from-lemma,musher
mushes,60,esdb-inflection,inherited-from-lemma,mush
mushier,60,esdb-inflection,inherited-from-lemma,mushy
mushing,60,cleaned-dictionary,preserved,
mushy,60,cleaned-dictionary,preserved,
music,60,cleaned-dictionary,preserved,
musical,60,cleaned-dictionary,preserved,
musing,60,esdb-inflection,inherited-from-lemma,muse
musk,60,cleaned-dictionary,preserved,
musket,60,cleaned-dictionary,preserved,
muskets,60,esdb-inflection,inherited-from-lemma,musket
muskrat,60,cleaned-dictionary,preserved,
mussel,60,cleaned-dictionary,preserved,
mussels,60,esdb-inflection,inherited-from-lemma,mussel
must,60,cleaned-dictionary,preserved,
mustard,60,cleaned-dictionary,preserved,
muster,60,cleaned-dictionary,preserved,
musters,60,esdb-inflection,inherited-from-lemma,muster
musts,60,esdb-inflection,inherited-from-lemma,must
mutable,60,cleaned-dictionary,preserved,
mutant,60,cleaned-dictionary,preserved,
mutants,60,esdb-inflection,inherited-from-lemma,mutant
mutate,60,cleaned-dictionary,preserved,
mutated,60,esdb-inflection,inherited-from-lemma,mutate
mutates,60,esdb-inflection,inherited-from-lemma,mutate
mute,60,cleaned-dictionary,preserved,
muted,60,esdb-inflection,inherited-from-lemma,mute
muter,60,esdb-inflection,inherited-from-lemma,mute
mutest,60,esdb-inflection,inherited-from-lemma,mute
muting,60,esdb-inflection,inherited-from-lemma,mute
mutiny,60,cleaned-dictionary,preserved,
mutt,60,cleaned-dictionary,preserved,
mutter,60,cleaned-dictionary,preserved,
mutters,60,esdb-inflection,inherited-from-lemma,mutter
mutton,60,cleaned-dictionary,preserved,
mutts,60,esdb-inflection,inherited-from-lemma,mutt
mutual,60,cleaned-dictionary,preserved,
muzzle,60,cleaned-dictionary,preserved,
muzzled,60,esdb-inflection,inherited-from-lemma,muzzle
muzzles,60,esdb-inflection,inherited-from-lemma,muzzle
myna,60,cleaned-dictionary,preserved,
mynas,60,esdb-inflection,inherited-from-lemma,myna
myopia,60,cleaned-dictionary,preserved,
myopic,60,cleaned-dictionary,preserved,
myriad,60,cleaned-dictionary,preserved,
myriads,60,esdb-inflection,inherited-from-lemma,myriad
myself,60,cleaned-dictionary,preserved,
mystery,60,cleaned-dictionary,preserved,
mystify,60,cleaned-dictionary,preserved,
myth,60,cleaned-dictionary,preserved,
myths,60,cleaned-dictionary,preserved,
naan,60,cleaned-dictionary,preserved,
naans,60,esdb-inflection,inherited-from-lemma,naan
nab,60,cleaned-dictionary,preserved,
nabbed,60,esdb-inflection,inherited-from-lemma,nab
nabbing,60,esdb-inflection,inherited-from-lemma,nab
nabs,60,esdb-inflection,inherited-from-lemma,nab
nacre,60,cleaned-dictionary,preserved,
nadir,60,cleaned-dictionary,preserved,
nadirs,60,esdb-inflection,inherited-from-lemma,nadir
naff,60,cleaned-dictionary,preserved,
naffer,60,esdb-inflection,inherited-from-lemma,naff
naffest,60,esdb-inflection,inherited-from-lemma,naff
nag,60,cleaned-dictionary,preserved,
nagged,60,esdb-inflection,inherited-from-lemma,nag
nagging,60,esdb-inflection,inherited-from-lemma,nag
nags,60,esdb-inflection,inherited-from-lemma,nag
nail,60,cleaned-dictionary,preserved,
nailed,60,esdb-inflection,inherited-from-lemma,nail
nailing,60,esdb-inflection,inherited-from-lemma,nail
nails,60,cleaned-dictionary,preserved,
naive,60,cleaned-dictionary,preserved,
naiver,60,esdb-inflection,inherited-from-lemma,naive
naivest,60,esdb-inflection,inherited-from-lemma,naive
naked,60,cleaned-dictionary,preserved,
name,60,cleaned-dictionary,preserved,
named,60,esdb-inflection,inherited-from-lemma,name
namely,60,cleaned-dictionary,preserved,
names,60,cleaned-dictionary,preserved,
naming,60,esdb-inflection,inherited-from-lemma,name
nannies,60,esdb-inflection,inherited-from-lemma,nanny
nanny,60,cleaned-dictionary,preserved,
nanobot,60,cleaned-dictionary,preserved,
nap,60,cleaned-dictionary,preserved,
napalm,60,cleaned-dictionary,preserved,
napalms,60,esdb-inflection,inherited-from-lemma,napalm
nape,60,cleaned-dictionary,preserved,
napes,60,esdb-inflection,inherited-from-lemma,nape
napped,60,esdb-inflection,inherited-from-lemma,nap
nappier,60,esdb-inflection,inherited-from-lemma,nappy
nappies,60,esdb-inflection,inherited-from-lemma,nappy
napping,60,esdb-inflection,inherited-from-lemma,nap
nappy,60,cleaned-dictionary,preserved,
naps,60,cleaned-dictionary,preserved,
narc,60,cleaned-dictionary,preserved,
narcs,60,esdb-inflection,inherited-from-lemma,narc
nark,60,cleaned-dictionary,preserved,
narrate,60,cleaned-dictionary,preserved,
narrow,60,cleaned-dictionary,preserved,
narwhal,60,cleaned-dictionary,preserved,
nary,60,cleaned-dictionary,preserved,
nasal,60,cleaned-dictionary,preserved,
nasals,60,esdb-inflection,inherited-from-lemma,nasal
nascent,60,cleaned-dictionary,preserved,
nastier,60,esdb-inflection,inherited-from-lemma,nasty
nasty,60,cleaned-dictionary,preserved,
natal,60,cleaned-dictionary,preserved,
natch,60,cleaned-dictionary,preserved,
nation,60,cleaned-dictionary,preserved,
nations,60,cleaned-dictionary,preserved,
native,60,cleaned-dictionary,preserved,
natives,60,cleaned-dictionary,preserved,
natter,60,cleaned-dictionary,preserved,
natters,60,esdb-inflection,inherited-from-lemma,natter
nattier,60,esdb-inflection,inherited-from-lemma,natty
natty,60,cleaned-dictionary,preserved,
natural,60,cleaned-dictionary,preserved,
nature,60,cleaned-dictionary,preserved,
natures,60,esdb-inflection,inherited-from-lemma,nature
naught,60,cleaned-dictionary,preserved,
naughts,60,esdb-inflection,inherited-from-lemma,naught
naughty,60,cleaned-dictionary,preserved,
nausea,60,cleaned-dictionary,preserved,
naval,60,cleaned-dictionary,preserved,
nave,60,cleaned-dictionary,preserved,
navel,60,cleaned-dictionary,preserved,
navels,60,esdb-inflection,inherited-from-lemma,navel
naves,60,esdb-inflection,inherited-from-lemma,nave
navies,60,esdb-inflection,inherited-from-lemma,navy
navvies,60,esdb-inflection,inherited-from-lemma,navvy
navvy,60,cleaned-dictionary,preserved,
navy,60,cleaned-dictionary,preserved,
nay,60,cleaned-dictionary,preserved,
nays,60,esdb-inflection,inherited-from-lemma,nay
neap,60,cleaned-dictionary,preserved,
neaps,60,esdb-inflection,inherited-from-lemma,neap
near,60,cleaned-dictionary,preserved,
nearby,60,cleaned-dictionary,preserved,
neared,60,esdb-inflection,inherited-from-lemma,near
nearer,60,cleaned-dictionary,preserved,
nearest,60,cleaned-dictionary,preserved,
nearing,60,esdb-inflection,inherited-from-lemma,near
nearly,60,cleaned-dictionary,preserved,
nears,60,esdb-inflection,inherited-from-lemma,near
neat,60,cleaned-dictionary,preserved,
neater,60,esdb-inflection,inherited-from-lemma,neat
neatest,60,esdb-inflection,inherited-from-lemma,neat
neath,60,cleaned-dictionary,preserved,
neatly,60,cleaned-dictionary,preserved,
nebula,60,cleaned-dictionary,preserved,
nebulae,60,esdb-inflection,inherited-from-lemma,nebula
neck,60,cleaned-dictionary,preserved,
necked,60,esdb-inflection,inherited-from-lemma,neck
necking,60,esdb-inflection,inherited-from-lemma,neck
necks,60,esdb-inflection,inherited-from-lemma,neck
nee,60,cleaned-dictionary,preserved,
need,60,cleaned-dictionary,preserved,
needed,60,esdb-inflection,inherited-from-lemma,need
needing,60,cleaned-dictionary,preserved,
needle,60,cleaned-dictionary,preserved,
needled,60,esdb-inflection,inherited-from-lemma,needle
needles,60,cleaned-dictionary,preserved,
needs,60,cleaned-dictionary,preserved,
negate,60,cleaned-dictionary,preserved,
negated,60,esdb-inflection,inherited-from-lemma,negate
negates,60,esdb-inflection,inherited-from-lemma,negate
neglect,60,cleaned-dictionary,preserved,
negro,60,cleaned-dictionary,preserved,
neigh,60,cleaned-dictionary,preserved,
neighed,60,esdb-inflection,inherited-from-lemma,neigh
neighs,60,esdb-inflection,inherited-from-lemma,neigh
neither,60,cleaned-dictionary,preserved,
nelson,60,cleaned-dictionary,preserved,
nelsons,60,esdb-inflection,inherited-from-lemma,nelson
nemeses,60,cleaned-dictionary,preserved,
nemesis,60,cleaned-dictionary,preserved,
neon,60,cleaned-dictionary,preserved,
nephew,60,cleaned-dictionary,preserved,
nephews,60,esdb-inflection,inherited-from-lemma,nephew
nerd,60,cleaned-dictionary,preserved,
nerdier,60,esdb-inflection,inherited-from-lemma,nerdy
nerds,60,esdb-inflection,inherited-from-lemma,nerd
nerdy,60,cleaned-dictionary,preserved,
nerve,60,cleaned-dictionary,preserved,
nerved,60,esdb-inflection,inherited-from-lemma,nerve
nerves,60,cleaned-dictionary,preserved,
nerving,60,esdb-inflection,inherited-from-lemma,nerve
nervous,60,cleaned-dictionary,preserved,
nest,60,cleaned-dictionary,preserved,
nested,60,esdb-inflection,inherited-from-lemma,nest
nesting,60,esdb-inflection,inherited-from-lemma,nest
nests,60,esdb-inflection,inherited-from-lemma,nest
net,60,cleaned-dictionary,preserved,
netizen,60,cleaned-dictionary,preserved,
nets,60,cleaned-dictionary,preserved,
netted,60,esdb-inflection,inherited-from-lemma,net
netting,60,esdb-inflection,inherited-from-lemma,net
nettle,60,cleaned-dictionary,preserved,
nettled,60,esdb-inflection,inherited-from-lemma,nettle
nettles,60,esdb-inflection,inherited-from-lemma,nettle
network,60,cleaned-dictionary,preserved,
neural,60,cleaned-dictionary,preserved,
neuron,60,cleaned-dictionary,preserved,
neurons,60,cleaned-dictionary,preserved,
neuter,60,cleaned-dictionary,preserved,
neutral,60,cleaned-dictionary,preserved,
neutron,60,cleaned-dictionary,preserved,
never,60,cleaned-dictionary,preserved,
new,60,cleaned-dictionary,preserved,
newbie,60,cleaned-dictionary,preserved,
newbies,60,esdb-inflection,inherited-from-lemma,newbie
newborn,60,cleaned-dictionary,preserved,
newel,60,cleaned-dictionary,preserved,
newels,60,esdb-inflection,inherited-from-lemma,newel
newer,60,esdb-inflection,inherited-from-lemma,new
newest,60,esdb-inflection,inherited-from-lemma,new
newly,60,cleaned-dictionary,preserved,
news,60,cleaned-dictionary,preserved,
newt,60,cleaned-dictionary,preserved,
newton,60,cleaned-dictionary,preserved,
newtons,60,esdb-inflection,inherited-from-lemma,newton
newts,60,esdb-inflection,inherited-from-lemma,newt
next,60,cleaned-dictionary,preserved,
nexus,60,cleaned-dictionary,preserved,
nexuses,60,esdb-inflection,inherited-from-lemma,nexus
niacin,60,cleaned-dictionary,preserved,
nib,60,cleaned-dictionary,preserved,
nibble,60,cleaned-dictionary,preserved,
nibbled,60,esdb-inflection,inherited-from-lemma,nibble
nibbles,60,esdb-inflection,inherited-from-lemma,nibble
nibs,60,esdb-inflection,inherited-from-lemma,nib
nice,60,cleaned-dictionary,preserved,
nicely,60,cleaned-dictionary,preserved,
nicer,60,cleaned-dictionary,preserved,
nicest,60,cleaned-dictionary,preserved,
niche,60,cleaned-dictionary,preserved,
niches,60,esdb-inflection,inherited-from-lemma,niche
nick,60,cleaned-dictionary,preserved,
nicked,60,esdb-inflection,inherited-from-lemma,nick
nickel,60,cleaned-dictionary,preserved,
nickels,60,esdb-inflection,inherited-from-lemma,nickel
nicker,60,cleaned-dictionary,preserved,
nickers,60,esdb-inflection,inherited-from-lemma,nicker
nicking,60,esdb-inflection,inherited-from-lemma,nick
nicks,60,esdb-inflection,inherited-from-lemma,nick
niece,60,cleaned-dictionary,preserved,
nieces,60,cleaned-dictionary,preserved,
niffy,60,cleaned-dictionary,preserved,
niggle,60,cleaned-dictionary,preserved,
niggled,60,esdb-inflection,inherited-from-lemma,niggle
niggles,60,esdb-inflection,inherited-from-lemma,niggle
nigh,60,cleaned-dictionary,preserved,
nigher,60,esdb-inflection,inherited-from-lemma,nigh
nighest,60,esdb-inflection,inherited-from-lemma,nigh
night,60,cleaned-dictionary,preserved,
nightie,60,cleaned-dictionary,preserved,
nightly,60,cleaned-dictionary,preserved,
nights,60,cleaned-dictionary,preserved,
nil,60,cleaned-dictionary,preserved,
nimble,60,cleaned-dictionary,preserved,
nimbler,60,esdb-inflection,inherited-from-lemma,nimble
nimby,60,cleaned-dictionary,preserved,
nine,60,cleaned-dictionary,preserved,
nines,60,esdb-inflection,inherited-from-lemma,nine
ninety,60,cleaned-dictionary,preserved,
ninja,60,cleaned-dictionary,preserved,
ninjas,60,esdb-inflection,inherited-from-lemma,ninja
ninnies,60,esdb-inflection,inherited-from-lemma,ninny
ninny,60,cleaned-dictionary,preserved,
ninth,60,cleaned-dictionary,preserved,
ninths,60,esdb-inflection,inherited-from-lemma,ninth
niobium,60,cleaned-dictionary,preserved,
nip,60,cleaned-dictionary,preserved,
nipped,60,esdb-inflection,inherited-from-lemma,nip
nipper,60,cleaned-dictionary,preserved,
nippers,60,esdb-inflection,inherited-from-lemma,nipper
nippier,60,esdb-inflection,inherited-from-lemma,nippy
nipping,60,esdb-inflection,inherited-from-lemma,nip
nipple,60,cleaned-dictionary,preserved,
nipples,60,cleaned-dictionary,preserved,
nippy,60,cleaned-dictionary,preserved,
nips,60,esdb-inflection,inherited-from-lemma,nip
nirvana,60,cleaned-dictionary,preserved,
nit,60,cleaned-dictionary,preserved,
niter,60,cleaned-dictionary,preserved,
nitpick,60,cleaned-dictionary,preserved,
nitrate,60,cleaned-dictionary,preserved,
nitric,60,cleaned-dictionary,preserved,
nitrite,60,cleaned-dictionary,preserved,
nitro,60,cleaned-dictionary,preserved,
nits,60,esdb-inflection,inherited-from-lemma,nit
nitwit,60,cleaned-dictionary,preserved,
nitwits,60,esdb-inflection,inherited-from-lemma,nitwit
nix,60,cleaned-dictionary,preserved,
nixed,60,esdb-inflection,inherited-from-lemma,nix
nixes,60,esdb-inflection,inherited-from-lemma,nix
nixing,60,esdb-inflection,inherited-from-lemma,nix
nob,60,cleaned-dictionary,preserved,
nobble,60,cleaned-dictionary,preserved,
nobbled,60,esdb-inflection,inherited-from-lemma,nobble
nobbles,60,esdb-inflection,inherited-from-lemma,nobble
noble,60,cleaned-dictionary,preserved,
nobler,60,cleaned-dictionary,preserved,
nobles,60,cleaned-dictionary,preserved,
noblest,60,cleaned-dictionary,preserved,
nobody,60,cleaned-dictionary,preserved,
nobs,60,esdb-inflection,inherited-from-lemma,nob
nod,60,cleaned-dictionary,preserved,
nodal,60,cleaned-dictionary,preserved,
nodded,60,cleaned-dictionary,preserved,
nodding,60,cleaned-dictionary,preserved,
node,60,cleaned-dictionary,preserved,
nodes,60,cleaned-dictionary,preserved,
nods,60,esdb-inflection,inherited-from-lemma,nod
nodule,60,cleaned-dictionary,preserved,
nodules,60,esdb-inflection,inherited-from-lemma,nodule
noggin,60,cleaned-dictionary,preserved,
noggins,60,esdb-inflection,inherited-from-lemma,noggin
noir,60,cleaned-dictionary,preserved,
noirs,60,esdb-inflection,inherited-from-lemma,noir
noise,60,cleaned-dictionary,preserved,
noised,60,esdb-inflection,inherited-from-lemma,noise
noises,60,cleaned-dictionary,preserved,
noisier,60,esdb-inflection,inherited-from-lemma,noisy
noisily,60,cleaned-dictionary,preserved,
noising,60,esdb-inflection,inherited-from-lemma,noise
noisome,60,cleaned-dictionary,preserved,
noisy,60,cleaned-dictionary,preserved,
nominal,60,cleaned-dictionary,preserved,
nominee,60,cleaned-dictionary,preserved,
non,60,cleaned-dictionary,preserved,
nonage,60,cleaned-dictionary,preserved,
nonages,60,esdb-inflection,inherited-from-lemma,nonage
nonce,60,cleaned-dictionary,preserved,
none,60,cleaned-dictionary,preserved,
nonplus,60,cleaned-dictionary,preserved,
noodle,60,cleaned-dictionary,preserved,
noodled,60,esdb-inflection,inherited-from-lemma,noodle
noodles,60,cleaned-dictionary,preserved,
nook,60,cleaned-dictionary,preserved,
nookie,60,cleaned-dictionary,preserved,
nooks,60,esdb-inflection,inherited-from-lemma,nook
noon,60,cleaned-dictionary,preserved,
noose,60,cleaned-dictionary,preserved,
nooses,60,esdb-inflection,inherited-from-lemma,noose
nope,60,cleaned-dictionary,preserved,
nor,60,cleaned-dictionary,preserved,
norm,60,cleaned-dictionary,preserved,
normal,60,cleaned-dictionary,preserved,
norms,60,cleaned-dictionary,preserved,
north,60,cleaned-dictionary,preserved,
nose,60,cleaned-dictionary,preserved,
nosed,60,esdb-inflection,inherited-from-lemma,nose
nosegay,60,cleaned-dictionary,preserved,
noses,60,esdb-inflection,inherited-from-lemma,nose
nosing,60,esdb-inflection,inherited-from-lemma,nose
nostril,60,cleaned-dictionary,preserved,
nostrum,60,cleaned-dictionary,preserved,
not,60,cleaned-dictionary,preserved,
notable,60,cleaned-dictionary,preserved,
notably,60,cleaned-dictionary,preserved,
notate,60,cleaned-dictionary,preserved,
notated,60,esdb-inflection,inherited-from-lemma,notate
notates,60,esdb-inflection,inherited-from-lemma,notate
notch,60,cleaned-dictionary,preserved,
notched,60,esdb-inflection,inherited-from-lemma,notch
notches,60,esdb-inflection,inherited-from-lemma,notch
note,60,cleaned-dictionary,preserved,
noted,60,esdb-inflection,inherited-from-lemma,note
notes,60,cleaned-dictionary,preserved,
nothing,60,cleaned-dictionary,preserved,
notice,60,cleaned-dictionary,preserved,
noticed,60,esdb-inflection,inherited-from-lemma,notice
notices,60,cleaned-dictionary,preserved,
notify,60,cleaned-dictionary,preserved,
noting,60,esdb-inflection,inherited-from-lemma,note
notion,60,cleaned-dictionary,preserved,
notions,60,cleaned-dictionary,preserved,
noun,60,cleaned-dictionary,preserved,
nouns,60,esdb-inflection,inherited-from-lemma,noun
nourish,60,cleaned-dictionary,preserved,
nous,60,cleaned-dictionary,preserved,
nova,60,cleaned-dictionary,preserved,
novas,60,esdb-inflection,inherited-from-lemma,nova
novel,60,cleaned-dictionary,preserved,
novella,60,cleaned-dictionary,preserved,
novels,60,esdb-inflection,inherited-from-lemma,novel
novena,60,cleaned-dictionary,preserved,
novenas,60,esdb-inflection,inherited-from-lemma,novena
novene,60,esdb-inflection,inherited-from-lemma,novena
now,60,cleaned-dictionary,preserved,
nowhere,60,cleaned-dictionary,preserved,
nowise,60,cleaned-dictionary,preserved,
nowt,60,cleaned-dictionary,preserved,
noxious,60,cleaned-dictionary,preserved,
nozzle,60,cleaned-dictionary,preserved,
nozzles,60,esdb-inflection,inherited-from-lemma,nozzle
nth,60,cleaned-dictionary,preserved,
nuance,60,cleaned-dictionary,preserved,
nuances,60,esdb-inflection,inherited-from-lemma,nuance
nubbin,60,cleaned-dictionary,preserved,
nubbins,60,esdb-inflection,inherited-from-lemma,nubbin
nubile,60,cleaned-dictionary,preserved,
nuclear,60,cleaned-dictionary,preserved,
nuclei,60,cleaned-dictionary,preserved,
nucleon,60,cleaned-dictionary,preserved,
nucleus,60,cleaned-dictionary,preserved,
nude,60,cleaned-dictionary,preserved,
nuder,60,esdb-inflection,inherited-from-lemma,nude
nudes,60,esdb-inflection,inherited-from-lemma,nude
nudest,60,esdb-inflection,inherited-from-lemma,nude
nudge,60,cleaned-dictionary,preserved,
nudged,60,esdb-inflection,inherited-from-lemma,nudge
nudges,60,esdb-inflection,inherited-from-lemma,nudge
nudging,60,esdb-inflection,inherited-from-lemma,nudge
nudism,60,cleaned-dictionary,preserved,
nudist,60,cleaned-dictionary,preserved,
nudists,60,esdb-inflection,inherited-from-lemma,nudist
nudity,60,cleaned-dictionary,preserved,
nugget,60,cleaned-dictionary,preserved,
nuggets,60,esdb-inflection,inherited-from-lemma,nugget
nuke,60,cleaned-dictionary,preserved,
nuked,60,esdb-inflection,inherited-from-lemma,nuke
nukes,60,esdb-inflection,inherited-from-lemma,nuke
nuking,60,esdb-inflection,inherited-from-lemma,nuke
null,60,cleaned-dictionary,preserved,
nullify,60,cleaned-dictionary,preserved,
nulls,60,esdb-inflection,inherited-from-lemma,null
numb,60,cleaned-dictionary,preserved,
numbed,60,esdb-inflection,inherited-from-lemma,numb
number,60,cleaned-dictionary,preserved,
numbers,60,cleaned-dictionary,preserved,
numbest,60,esdb-inflection,inherited-from-lemma,numb
numbing,60,esdb-inflection,inherited-from-lemma,numb
numbs,60,esdb-inflection,inherited-from-lemma,numb
numeral,60,cleaned-dictionary,preserved,
numeric,60,cleaned-dictionary,preserved,
nun,60,cleaned-dictionary,preserved,
nunnery,60,cleaned-dictionary,preserved,
nuns,60,esdb-inflection,inherited-from-lemma,nun
nurse,60,cleaned-dictionary,preserved,
nursed,60,esdb-inflection,inherited-from-lemma,nurse
nurser,60,cleaned-dictionary,preserved,
nursers,60,esdb-inflection,inherited-from-lemma,nurser
nursery,60,cleaned-dictionary,preserved,
nurses,60,cleaned-dictionary,preserved,
nursing,60,esdb-inflection,inherited-from-lemma,nurse
nurture,60,cleaned-dictionary,preserved,
nut,60,cleaned-dictionary,preserved,
nutcase,60,cleaned-dictionary,preserved,
nutmeg,60,cleaned-dictionary,preserved,
nutmegs,60,esdb-inflection,inherited-from-lemma,nutmeg
nutria,60,cleaned-dictionary,preserved,
nutrias,60,esdb-inflection,inherited-from-lemma,nutria
nuts,60,cleaned-dictionary,preserved,
nutted,60,esdb-inflection,inherited-from-lemma,nut
nutter,60,cleaned-dictionary,preserved,
nutters,60,esdb-inflection,inherited-from-lemma,nutter
nutting,60,esdb-inflection,inherited-from-lemma,nut
nylon,60,cleaned-dictionary,preserved,
nymph,60,cleaned-dictionary,preserved,
nymphet,60,cleaned-dictionary,preserved,
nymphs,60,esdb-inflection,inherited-from-lemma,nymph
oaf,60,cleaned-dictionary,preserved,
oafs,60,esdb-inflection,inherited-from-lemma,oaf
oak,60,cleaned-dictionary,preserved,
oaken,60,cleaned-dictionary,preserved,
oaks,60,cleaned-dictionary,preserved,
oar,60,cleaned-dictionary,preserved,
oared,60,esdb-inflection,inherited-from-lemma,oar
oaring,60,esdb-inflection,inherited-from-lemma,oar
oars,60,esdb-inflection,inherited-from-lemma,oar
oarsman,60,cleaned-dictionary,preserved,
oarsmen,60,esdb-inflection,inherited-from-lemma,oarsman
oases,60,cleaned-dictionary,preserved,
oasis,60,cleaned-dictionary,preserved,
oat,60,cleaned-dictionary,preserved,
oath,60,cleaned-dictionary,preserved,
oaths,60,esdb-inflection,inherited-from-lemma,oath
oatmeal,60,cleaned-dictionary,preserved,
oats,60,cleaned-dictionary,preserved,
obelisk,60,cleaned-dictionary,preserved,
obese,60,cleaned-dictionary,preserved,
obesity,60,cleaned-dictionary,preserved,
obey,60,cleaned-dictionary,preserved,
obeyed,60,cleaned-dictionary,preserved,
obeying,60,esdb-inflection,inherited-from-lemma,obey
obeys,60,esdb-inflection,inherited-from-lemma,obey
obi,60,cleaned-dictionary,preserved,
obis,60,esdb-inflection,inherited-from-lemma,obi
object,60,cleaned-dictionary,preserved,
objects,60,cleaned-dictionary,preserved,
oblate,60,cleaned-dictionary,preserved,
oblige,60,cleaned-dictionary,preserved,
obliged,60,cleaned-dictionary,preserved,
obliges,60,esdb-inflection,inherited-from-lemma,oblige
oblique,60,cleaned-dictionary,preserved,
oblong,60,cleaned-dictionary,preserved,
oblongs,60,esdb-inflection,inherited-from-lemma,oblong
obloquy,60,cleaned-dictionary,preserved,
oboe,60,cleaned-dictionary,preserved,
oboes,60,esdb-inflection,inherited-from-lemma,oboe
oboist,60,cleaned-dictionary,preserved,
oboists,60,esdb-inflection,inherited-from-lemma,oboist
obscene,60,cleaned-dictionary,preserved,
obscure,60,cleaned-dictionary,preserved,
obsequy,60,cleaned-dictionary,preserved,
observe,60,cleaned-dictionary,preserved,
obsess,60,cleaned-dictionary,preserved,
obtain,60,cleaned-dictionary,preserved,
obtains,60,esdb-inflection,inherited-from-lemma,obtain
obtrude,60,cleaned-dictionary,preserved,
obtuse,60,cleaned-dictionary,preserved,
obtuser,60,esdb-inflection,inherited-from-lemma,obtuse
obverse,60,cleaned-dictionary,preserved,
obviate,60,cleaned-dictionary,preserved,
obvious,60,cleaned-dictionary,preserved,
ocarina,60,cleaned-dictionary,preserved,
occult,60,cleaned-dictionary,preserved,
occupy,60,cleaned-dictionary,preserved,
occur,60,cleaned-dictionary,preserved,
occurs,60,esdb-inflection,inherited-from-lemma,occur
ocean,60,cleaned-dictionary,preserved,
oceans,60,cleaned-dictionary,preserved,
ocelot,60,cleaned-dictionary,preserved,
ocelots,60,esdb-inflection,inherited-from-lemma,ocelot
ocker,60,cleaned-dictionary,preserved,
ockers,60,esdb-inflection,inherited-from-lemma,ocker
octagon,60,cleaned-dictionary,preserved,
octal,60,cleaned-dictionary,preserved,
octane,60,cleaned-dictionary,preserved,
octanes,60,esdb-inflection,inherited-from-lemma,octane
octave,60,cleaned-dictionary,preserved,
octaves,60,esdb-inflection,inherited-from-lemma,octave
octavo,60,cleaned-dictionary,preserved,
octavos,60,esdb-inflection,inherited-from-lemma,octavo
octet,60,cleaned-dictionary,preserved,
octets,60,esdb-inflection,inherited-from-lemma,octet
octopus,60,cleaned-dictionary,preserved,
ocular,60,cleaned-dictionary,preserved,
oculars,60,esdb-inflection,inherited-from-lemma,ocular
oculist,60,cleaned-dictionary,preserved,
odd,60,cleaned-dictionary,preserved,
oddball,60,cleaned-dictionary,preserved,
odder,60,esdb-inflection,inherited-from-lemma,odd
oddest,60,esdb-inflection,inherited-from-lemma,odd
oddity,60,cleaned-dictionary,preserved,
oddly,60,cleaned-dictionary,preserved,
oddness,60,cleaned-dictionary,preserved,
odds,60,cleaned-dictionary,preserved,
ode,60,cleaned-dictionary,preserved,
odes,60,esdb-inflection,inherited-from-lemma,ode
odious,60,cleaned-dictionary,preserved,
odium,60,cleaned-dictionary,preserved,
odor,60,cleaned-dictionary,preserved,
odorous,60,cleaned-dictionary,preserved,
odors,60,esdb-inflection,inherited-from-lemma,odor
odyssey,60,cleaned-dictionary,preserved,
oedipal,60,cleaned-dictionary,preserved,
off,60,cleaned-dictionary,preserved,
offal,60,cleaned-dictionary,preserved,
offbeat,60,cleaned-dictionary,preserved,
offed,60,esdb-inflection,inherited-from-lemma,off
offend,60,cleaned-dictionary,preserved,
offends,60,esdb-inflection,inherited-from-lemma,offend
offense,60,cleaned-dictionary,preserved,
offer,60,cleaned-dictionary,preserved,
offered,60,esdb-inflection,inherited-from-lemma,offer
offers,60,cleaned-dictionary,preserved,
office,60,cleaned-dictionary,preserved,
officer,60,cleaned-dictionary,preserved,
offices,60,cleaned-dictionary,preserved,
offing,60,cleaned-dictionary,preserved,
offings,60,esdb-inflection,inherited-from-lemma,offing
offs,60,esdb-inflection,inherited-from-lemma,off
offset,60,cleaned-dictionary,preserved,
offsets,60,esdb-inflection,inherited-from-lemma,offset
offside,60,cleaned-dictionary,preserved,
oft,60,cleaned-dictionary,preserved,
often,60,cleaned-dictionary,preserved,
oftener,60,esdb-inflection,inherited-from-lemma,often
ogle,60,cleaned-dictionary,preserved,
ogled,60,esdb-inflection,inherited-from-lemma,ogle
ogles,60,esdb-inflection,inherited-from-lemma,ogle
ogling,60,esdb-inflection,inherited-from-lemma,ogle
ogre,60,cleaned-dictionary,preserved,
ogres,60,esdb-inflection,inherited-from-lemma,ogre
ohm,60,cleaned-dictionary,preserved,
ohms,60,esdb-inflection,inherited-from-lemma,ohm
oil,60,cleaned-dictionary,preserved,
oiled,60,esdb-inflection,inherited-from-lemma,oil
oilier,60,esdb-inflection,inherited-from-lemma,oily
oiliest,60,esdb-inflection,inherited-from-lemma,oily
oiling,60,esdb-inflection,inherited-from-lemma,oil
oils,60,cleaned-dictionary,preserved,
oilskin,60,cleaned-dictionary,preserved,
oily,60,cleaned-dictionary,preserved,
oink,60,cleaned-dictionary,preserved,
oinked,60,esdb-inflection,inherited-from-lemma,oink
oinking,60,esdb-inflection,inherited-from-lemma,oink
oinks,60,esdb-inflection,inherited-from-lemma,oink
okapi,60,cleaned-dictionary,preserved,
okapis,60,esdb-inflection,inherited-from-lemma,okapi
okay,60,cleaned-dictionary,preserved,
okayed,60,esdb-inflection,inherited-from-lemma,okay
okaying,60,esdb-inflection,inherited-from-lemma,okay
okays,60,esdb-inflection,inherited-from-lemma,okay
old,60,cleaned-dictionary,preserved,
olden,60,cleaned-dictionary,preserved,
older,60,esdb-inflection,inherited-from-lemma,old
oldest,60,esdb-inflection,inherited-from-lemma,old
oleo,60,cleaned-dictionary,preserved,
olive,60,cleaned-dictionary,preserved,
olives,60,esdb-inflection,inherited-from-lemma,olive
omega,60,cleaned-dictionary,preserved,
omegas,60,esdb-inflection,inherited-from-lemma,omega
omelet,60,cleaned-dictionary,preserved,
omelets,60,esdb-inflection,inherited-from-lemma,omelet
omen,60,cleaned-dictionary,preserved,
omens,60,esdb-inflection,inherited-from-lemma,omen
omicron,60,cleaned-dictionary,preserved,
ominous,60,cleaned-dictionary,preserved,
omit,60,cleaned-dictionary,preserved,
omits,60,esdb-inflection,inherited-from-lemma,omit
omitted,60,cleaned-dictionary,preserved,
omnibus,60,cleaned-dictionary,preserved,
onboard,60,cleaned-dictionary,preserved,
once,60,cleaned-dictionary,preserved,
one,60,cleaned-dictionary,preserved,
oneness,60,cleaned-dictionary,preserved,
onerous,60,cleaned-dictionary,preserved,
ones,60,cleaned-dictionary,preserved,
oneself,60,cleaned-dictionary,preserved,
ongoing,60,cleaned-dictionary,preserved,
onion,60,cleaned-dictionary,preserved,
onions,60,cleaned-dictionary,preserved,
online,60,cleaned-dictionary,preserved,
only,60,cleaned-dictionary,preserved,
onset,60,cleaned-dictionary,preserved,
onsets,60,esdb-inflection,inherited-from-lemma,onset
onto,60,cleaned-dictionary,preserved,
onus,60,cleaned-dictionary,preserved,
onuses,60,esdb-inflection,inherited-from-lemma,onus
onward,60,cleaned-dictionary,preserved,
onyx,60,cleaned-dictionary,preserved,
onyxes,60,esdb-inflection,inherited-from-lemma,onyx
oodles,60,cleaned-dictionary,preserved,
oomph,60,cleaned-dictionary,preserved,
oops,60,cleaned-dictionary,preserved,
ooze,60,cleaned-dictionary,preserved,
oozed,60,esdb-inflection,inherited-from-lemma,ooze
oozes,60,esdb-inflection,inherited-from-lemma,ooze
oozing,60,esdb-inflection,inherited-from-lemma,ooze
opal,60,cleaned-dictionary,preserved,
opals,60,esdb-inflection,inherited-from-lemma,opal
opaque,60,cleaned-dictionary,preserved,
opaqued,60,esdb-inflection,inherited-from-lemma,opaque
opaquer,60,esdb-inflection,inherited-from-lemma,opaque
opaques,60,esdb-inflection,inherited-from-lemma,opaque
ope,60,cleaned-dictionary,preserved,
oped,60,esdb-inflection,inherited-from-lemma,ope
open,60,cleaned-dictionary,preserved,
opened,60,esdb-inflection,inherited-from-lemma,open
opener,60,cleaned-dictionary,preserved,
openers,60,esdb-inflection,inherited-from-lemma,opener
openest,60,esdb-inflection,inherited-from-lemma,open
opening,60,cleaned-dictionary,preserved,
openly,60,cleaned-dictionary,preserved,
opera,60,cleaned-dictionary,preserved,
operand,60,cleaned-dictionary,preserved,
operas,60,esdb-inflection,inherited-from-lemma,opera
operate,60,cleaned-dictionary,preserved,
opes,60,esdb-inflection,inherited-from-lemma,ope
opiate,60,cleaned-dictionary,preserved,
opiates,60,esdb-inflection,inherited-from-lemma,opiate
opine,60,cleaned-dictionary,preserved,
opined,60,esdb-inflection,inherited-from-lemma,opine
opines,60,esdb-inflection,inherited-from-lemma,opine
oping,60,esdb-inflection,inherited-from-lemma,ope
opining,60,esdb-inflection,inherited-from-lemma,opine
opinion,60,cleaned-dictionary,preserved,
opium,60,cleaned-dictionary,preserved,
opossum,60,cleaned-dictionary,preserved,
oppose,60,cleaned-dictionary,preserved,
opposed,60,cleaned-dictionary,preserved,
opposes,60,cleaned-dictionary,preserved,
oppress,60,cleaned-dictionary,preserved,
opt,60,cleaned-dictionary,preserved,
opted,60,esdb-inflection,inherited-from-lemma,opt
optic,60,cleaned-dictionary,preserved,
optical,60,cleaned-dictionary,preserved,
optics,60,cleaned-dictionary,preserved,
optima,60,cleaned-dictionary,preserved,
optimal,60,cleaned-dictionary,preserved,
optimum,60,cleaned-dictionary,preserved,
opting,60,esdb-inflection,inherited-from-lemma,opt
option,60,cleaned-dictionary,preserved,
options,60,cleaned-dictionary,preserved,
opts,60,esdb-inflection,inherited-from-lemma,opt
opulent,60,cleaned-dictionary,preserved,
opus,60,cleaned-dictionary,preserved,
oracle,60,cleaned-dictionary,preserved,
oracles,60,esdb-inflection,inherited-from-lemma,oracle
oral,60,cleaned-dictionary,preserved,
orals,60,esdb-inflection,inherited-from-lemma,oral
orange,60,cleaned-dictionary,preserved,
oranges,60,cleaned-dictionary,preserved,
orate,60,cleaned-dictionary,preserved,
orated,60,esdb-inflection,inherited-from-lemma,orate
orates,60,esdb-inflection,inherited-from-lemma,orate
orating,60,esdb-inflection,inherited-from-lemma,orate
oration,60,cleaned-dictionary,preserved,
orator,60,cleaned-dictionary,preserved,
orators,60,esdb-inflection,inherited-from-lemma,orator
oratory,60,cleaned-dictionary,preserved,
orb,60,cleaned-dictionary,preserved,
orbit,60,cleaned-dictionary,preserved,
orbital,60,cleaned-dictionary,preserved,
orbited,60,esdb-inflection,inherited-from-lemma,orbit
orbiter,60,cleaned-dictionary,preserved,
orbits,60,esdb-inflection,inherited-from-lemma,orbit
orbs,60,esdb-inflection,inherited-from-lemma,orb
orc,60,cleaned-dictionary,preserved,
orca,60,cleaned-dictionary,preserved,
orcas,60,esdb-inflection,inherited-from-lemma,orca
orchard,60,cleaned-dictionary,preserved,
orchid,60,cleaned-dictionary,preserved,
orchids,60,esdb-inflection,inherited-from-lemma,orchid
orcs,60,esdb-inflection,inherited-from-lemma,orc
ordain,60,cleaned-dictionary,preserved,
ordains,60,esdb-inflection,inherited-from-lemma,ordain
ordeal,60,cleaned-dictionary,preserved,
ordeals,60,esdb-inflection,inherited-from-lemma,ordeal
order,60,cleaned-dictionary,preserved,
ordered,60,esdb-inflection,inherited-from-lemma,order
orderly,60,cleaned-dictionary,preserved,
orders,60,cleaned-dictionary,preserved,
ordinal,60,cleaned-dictionary,preserved,
ordure,60,cleaned-dictionary,preserved,
ore,60,cleaned-dictionary,preserved,
oregano,60,cleaned-dictionary,preserved,
ores,60,esdb-inflection,inherited-from-lemma,ore
organ,60,cleaned-dictionary,preserved,
organic,60,cleaned-dictionary,preserved,
organs,60,cleaned-dictionary,preserved,
orgasm,60,cleaned-dictionary,preserved,
orgasms,60,esdb-inflection,inherited-from-lemma,orgasm
orgies,60,esdb-inflection,inherited-from-lemma,orgy
orgy,60,cleaned-dictionary,preserved,
oriel,60,cleaned-dictionary,preserved,
oriels,60,esdb-inflection,inherited-from-lemma,oriel
orient,60,cleaned-dictionary,preserved,
orients,60,esdb-inflection,inherited-from-lemma,orient
orifice,60,cleaned-dictionary,preserved,
origami,60,cleaned-dictionary,preserved,
origin,60,cleaned-dictionary,preserved,
origins,60,cleaned-dictionary,preserved,
oriole,60,cleaned-dictionary,preserved,
orioles,60,esdb-inflection,inherited-from-lemma,oriole
ormolu,60,cleaned-dictionary,preserved,
ornate,60,cleaned-dictionary,preserved,
ornery,60,cleaned-dictionary,preserved,
orotund,60,cleaned-dictionary,preserved,
orphan,60,cleaned-dictionary,preserved,
orphans,60,esdb-inflection,inherited-from-lemma,orphan
orzo,60,cleaned-dictionary,preserved,
osier,60,cleaned-dictionary,preserved,
osiers,60,esdb-inflection,inherited-from-lemma,osier
osmium,60,cleaned-dictionary,preserved,
osmosis,60,cleaned-dictionary,preserved,
osprey,60,cleaned-dictionary,preserved,
ospreys,60,esdb-inflection,inherited-from-lemma,osprey
ossify,60,cleaned-dictionary,preserved,
ostler,60,cleaned-dictionary,preserved,
ostlers,60,esdb-inflection,inherited-from-lemma,ostler
ostrich,60,cleaned-dictionary,preserved,
other,60,cleaned-dictionary,preserved,
others,60,cleaned-dictionary,preserved,
otiose,60,cleaned-dictionary,preserved,
otter,60,cleaned-dictionary,preserved,
otters,60,esdb-inflection,inherited-from-lemma,otter
ottoman,60,cleaned-dictionary,preserved,
ouch,60,cleaned-dictionary,preserved,
ought,60,cleaned-dictionary,preserved,
ounce,60,cleaned-dictionary,preserved,
ounces,60,cleaned-dictionary,preserved,
our,60,cleaned-dictionary,preserved,
ours,60,cleaned-dictionary,preserved,
ourself,60,cleaned-dictionary,preserved,
oust,60,cleaned-dictionary,preserved,
ousted,60,esdb-inflection,inherited-from-lemma,oust
ouster,60,cleaned-dictionary,preserved,
ousters,60,esdb-inflection,inherited-from-lemma,ouster
ousting,60,esdb-inflection,inherited-from-lemma,oust
ousts,60,esdb-inflection,inherited-from-lemma,oust
out,60,cleaned-dictionary,preserved,
outage,60,cleaned-dictionary,preserved,
outages,60,esdb-inflection,inherited-from-lemma,outage
outbid,60,cleaned-dictionary,preserved,
outbids,60,esdb-inflection,inherited-from-lemma,outbid
outcast,60,cleaned-dictionary,preserved,
outcome,60,cleaned-dictionary,preserved,
outcry,60,cleaned-dictionary,preserved,
outdid,60,cleaned-dictionary,preserved,
outdo,60,cleaned-dictionary,preserved,
outdoes,60,esdb-inflection,inherited-from-lemma,outdo
outdone,60,cleaned-dictionary,preserved,
outdoor,60,cleaned-dictionary,preserved,
outed,60,esdb-inflection,inherited-from-lemma,out
outer,60,cleaned-dictionary,preserved,
outfit,60,cleaned-dictionary,preserved,
outfits,60,esdb-inflection,inherited-from-lemma,outfit
outflow,60,cleaned-dictionary,preserved,
outfox,60,cleaned-dictionary,preserved,
outgrew,60,cleaned-dictionary,preserved,
outgrow,60,cleaned-dictionary,preserved,
outing,60,cleaned-dictionary,preserved,
outings,60,esdb-inflection,inherited-from-lemma,outing
outlaid,60,esdb-inflection,inherited-from-lemma,outlay
outlast,60,cleaned-dictionary,preserved,
outlaw,60,cleaned-dictionary,preserved,
outlaws,60,esdb-inflection,inherited-from-lemma,outlaw
outlay,60,cleaned-dictionary,preserved,
outlays,60,esdb-inflection,inherited-from-lemma,outlay
outlet,60,cleaned-dictionary,preserved,
outlets,60,esdb-inflection,inherited-from-lemma,outlet
outlier,60,cleaned-dictionary,preserved,
outline,60,cleaned-dictionary,preserved,
outlive,60,cleaned-dictionary,preserved,
outlook,60,cleaned-dictionary,preserved,
outpace,60,cleaned-dictionary,preserved,
outplay,60,cleaned-dictionary,preserved,
outpost,60,cleaned-dictionary,preserved,
output,60,cleaned-dictionary,preserved,
outputs,60,cleaned-dictionary,preserved,
outrage,60,cleaned-dictionary,preserved,
outran,60,cleaned-dictionary,preserved,
outrun,60,cleaned-dictionary,preserved,
outruns,60,esdb-inflection,inherited-from-lemma,outrun
outsell,60,cleaned-dictionary,preserved,
outset,60,cleaned-dictionary,preserved,
outsets,60,esdb-inflection,inherited-from-lemma,outset
outside,60,cleaned-dictionary,preserved,
outsize,60,cleaned-dictionary,preserved,
outsold,60,cleaned-dictionary,preserved,
outstay,60,cleaned-dictionary,preserved,
outta,60,cleaned-dictionary,preserved,
outward,60,cleaned-dictionary,preserved,
outwit,60,cleaned-dictionary,preserved,
outwith,60,cleaned-dictionary,preserved,
outwits,60,esdb-inflection,inherited-from-lemma,outwit
ouzo,60,cleaned-dictionary,preserved,
ouzos,60,esdb-inflection,inherited-from-lemma,ouzo
ova,60,esdb-inflection,inherited-from-lemma,ovum
oval,60,cleaned-dictionary,preserved,
ovals,60,esdb-inflection,inherited-from-lemma,oval
ovaries,60,esdb-inflection,inherited-from-lemma,ovary
ovary,60,cleaned-dictionary,preserved,
ovate,60,cleaned-dictionary,preserved,
ovation,60,cleaned-dictionary,preserved,
oven,60,cleaned-dictionary,preserved,
ovens,60,esdb-inflection,inherited-from-lemma,oven
over,60,cleaned-dictionary,preserved,
overall,60,cleaned-dictionary,preserved,
overate,60,cleaned-dictionary,preserved,
overdid,60,esdb-inflection,inherited-from-lemma,overdo
overdo,60,cleaned-dictionary,preserved,
overdub,60,cleaned-dictionary,preserved,
overdue,60,cleaned-dictionary,preserved,
overeat,60,cleaned-dictionary,preserved,
overlap,60,cleaned-dictionary,preserved,
overlay,60,cleaned-dictionary,preserved,
overlie,60,cleaned-dictionary,preserved,
overly,60,cleaned-dictionary,preserved,
overpay,60,cleaned-dictionary,preserved,
overran,60,cleaned-dictionary,preserved,
overrun,60,cleaned-dictionary,preserved,
overs,60,esdb-inflection,inherited-from-lemma,over
oversaw,60,cleaned-dictionary,preserved,
oversee,60,cleaned-dictionary,preserved,
overt,60,cleaned-dictionary,preserved,
oviduct,60,cleaned-dictionary,preserved,
ovoid,60,cleaned-dictionary,preserved,
ovoids,60,esdb-inflection,inherited-from-lemma,ovoid
ovulate,60,cleaned-dictionary,preserved,
ovule,60,cleaned-dictionary,preserved,
ovules,60,esdb-inflection,inherited-from-lemma,ovule
ovum,60,cleaned-dictionary,preserved,
owe,60,cleaned-dictionary,preserved,
owed,60,cleaned-dictionary,preserved,
owes,60,esdb-inflection,inherited-from-lemma,owe
owing,60,cleaned-dictionary,preserved,
owl,60,cleaned-dictionary,preserved,
owlet,60,cleaned-dictionary,preserved,
owlets,60,esdb-inflection,inherited-from-lemma,owlet
owlish,60,cleaned-dictionary,preserved,
owls,60,esdb-inflection,inherited-from-lemma,owl
own,60,cleaned-dictionary,preserved,
owned,60,esdb-inflection,inherited-from-lemma,own
owner,60,cleaned-dictionary,preserved,
owners,60,cleaned-dictionary,preserved,
owning,60,esdb-inflection,inherited-from-lemma,own
owns,60,esdb-inflection,inherited-from-lemma,own
oxalate,60,cleaned-dictionary,preserved,
oxblood,60,cleaned-dictionary,preserved,
oxen,60,cleaned-dictionary,preserved,
oxide,60,cleaned-dictionary,preserved,
oxides,60,esdb-inflection,inherited-from-lemma,oxide
oxidize,60,cleaned-dictionary,preserved,
oxtail,60,cleaned-dictionary,preserved,
oxtails,60,esdb-inflection,inherited-from-lemma,oxtail
oxygen,60,cleaned-dictionary,preserved,
oyster,60,cleaned-dictionary,preserved,
oysters,60,esdb-inflection,inherited-from-lemma,oyster
ozone,60,cleaned-dictionary,preserved,
pablum,60,cleaned-dictionary,preserved,
pabulum,60,cleaned-dictionary,preserved,
pace,60,cleaned-dictionary,preserved,
paced,60,cleaned-dictionary,preserved,
paces,60,cleaned-dictionary,preserved,
pacific,60,cleaned-dictionary,preserved,
pacify,60,cleaned-dictionary,preserved,
pacing,60,esdb-inflection,inherited-from-lemma,pace
pack,60,cleaned-dictionary,preserved,
package,60,cleaned-dictionary,preserved,
packed,60,cleaned-dictionary,preserved,
packer,60,cleaned-dictionary,preserved,
packers,60,esdb-inflection,inherited-from-lemma,packer
packet,60,cleaned-dictionary,preserved,
packets,60,esdb-inflection,inherited-from-lemma,packet
packing,60,esdb-inflection,inherited-from-lemma,pack
packs,60,esdb-inflection,inherited-from-lemma,pack
pact,60,cleaned-dictionary,preserved,
pacts,60,esdb-inflection,inherited-from-lemma,pact
pad,60,cleaned-dictionary,preserved,
padded,60,esdb-inflection,inherited-from-lemma,pad
paddies,60,esdb-inflection,inherited-from-lemma,paddy
padding,60,cleaned-dictionary,preserved,
paddle,60,cleaned-dictionary,preserved,
paddled,60,esdb-inflection,inherited-from-lemma,paddle
paddler,60,cleaned-dictionary,preserved,
paddles,60,esdb-inflection,inherited-from-lemma,paddle
paddock,60,cleaned-dictionary,preserved,
paddy,60,cleaned-dictionary,preserved,
padlock,60,cleaned-dictionary,preserved,
padre,60,cleaned-dictionary,preserved,
padres,60,cleaned-dictionary,preserved,
pads,60,esdb-inflection,inherited-from-lemma,pad
paean,60,cleaned-dictionary,preserved,
paeans,60,esdb-inflection,inherited-from-lemma,paean
pagan,60,cleaned-dictionary,preserved,
pagans,60,esdb-inflection,inherited-from-lemma,pagan
page,60,cleaned-dictionary,preserved,
paged,60,esdb-inflection,inherited-from-lemma,page
pager,60,cleaned-dictionary,preserved,
pagers,60,esdb-inflection,inherited-from-lemma,pager
pages,60,cleaned-dictionary,preserved,
paging,60,esdb-inflection,inherited-from-lemma,page
pagoda,60,cleaned-dictionary,preserved,
pagodas,60,esdb-inflection,inherited-from-lemma,pagoda
paid,60,cleaned-dictionary,preserved,
pail,60,cleaned-dictionary,preserved,
pails,60,esdb-inflection,inherited-from-lemma,pail
pain,60,cleaned-dictionary,preserved,
pained,60,esdb-inflection,inherited-from-lemma,pain
painful,60,cleaned-dictionary,preserved,
paining,60,esdb-inflection,inherited-from-lemma,pain
pains,60,cleaned-dictionary,preserved,
paint,60,cleaned-dictionary,preserved,
painted,60,cleaned-dictionary,preserved,
painter,60,cleaned-dictionary,preserved,
paints,60,esdb-inflection,inherited-from-lemma,paint
pair,60,cleaned-dictionary,preserved,
paired,60,esdb-inflection,inherited-from-lemma,pair
pairing,60,esdb-inflection,inherited-from-lemma,pair
pairs,60,cleaned-dictionary,preserved,
pajamas,60,cleaned-dictionary,preserved,
pal,60,cleaned-dictionary,preserved,
palace,60,cleaned-dictionary,preserved,
palaces,60,cleaned-dictionary,preserved,
paladin,60,cleaned-dictionary,preserved,
palatal,60,cleaned-dictionary,preserved,
palate,60,cleaned-dictionary,preserved,
palates,60,esdb-inflection,inherited-from-lemma,palate
palaver,60,cleaned-dictionary,preserved,
palazzi,60,esdb-inflection,inherited-from-lemma,palazzo
palazzo,60,cleaned-dictionary,preserved,
pale,60,cleaned-dictionary,preserved,
paled,60,esdb-inflection,inherited-from-lemma,pale
paler,60,esdb-inflection,inherited-from-lemma,pale
palest,60,esdb-inflection,inherited-from-lemma,pale
palette,60,cleaned-dictionary,preserved,
paling,60,esdb-inflection,inherited-from-lemma,pale
pall,60,cleaned-dictionary,preserved,
palled,60,esdb-inflection,inherited-from-lemma,pal
pallid,60,cleaned-dictionary,preserved,
palling,60,esdb-inflection,inherited-from-lemma,pal
pallor,60,cleaned-dictionary,preserved,
palls,60,esdb-inflection,inherited-from-lemma,pall
pally,60,cleaned-dictionary,preserved,
palm,60,cleaned-dictionary,preserved,
palmate,60,cleaned-dictionary,preserved,
palmed,60,esdb-inflection,inherited-from-lemma,palm
palming,60,esdb-inflection,inherited-from-lemma,palm
palms,60,cleaned-dictionary,preserved,
palmtop,60,cleaned-dictionary,preserved,
palpate,60,cleaned-dictionary,preserved,
pals,60,esdb-inflection,inherited-from-lemma,pal
palsied,60,esdb-inflection,inherited-from-lemma,palsy
palsies,60,esdb-inflection,inherited-from-lemma,palsy
palsy,60,cleaned-dictionary,preserved,
paltry,60,cleaned-dictionary,preserved,
pamper,60,cleaned-dictionary,preserved,
pampers,60,esdb-inflection,inherited-from-lemma,pamper
panacea,60,cleaned-dictionary,preserved,
panache,60,cleaned-dictionary,preserved,
pancake,60,cleaned-dictionary,preserved,
panda,60,cleaned-dictionary,preserved,
pandas,60,esdb-inflection,inherited-from-lemma,panda
pander,60,cleaned-dictionary,preserved,
panders,60,esdb-inflection,inherited-from-lemma,pander
pane,60,cleaned-dictionary,preserved,
panel,60,cleaned-dictionary,preserved,
paneled,60,esdb-inflection,inherited-from-lemma,panel
panels,60,cleaned-dictionary,preserved,
panes,60,esdb-inflection,inherited-from-lemma,pane
pang,60,cleaned-dictionary,preserved,
pangs,60,esdb-inflection,inherited-from-lemma,pang
panic,60,cleaned-dictionary,preserved,
pannier,60,cleaned-dictionary,preserved,
panoply,60,cleaned-dictionary,preserved,
pans,60,cleaned-dictionary,preserved,
pansies,60,cleaned-dictionary,preserved,
pansy,60,cleaned-dictionary,preserved,
pant,60,cleaned-dictionary,preserved,
panted,60,esdb-inflection,inherited-from-lemma,pant
panties,60,cleaned-dictionary,preserved,
panting,60,esdb-inflection,inherited-from-lemma,pant
panto,60,cleaned-dictionary,preserved,
pantos,60,esdb-inflection,inherited-from-lemma,panto
pantry,60,cleaned-dictionary,preserved,
pants,60,cleaned-dictionary,preserved,
pap,60,cleaned-dictionary,preserved,
papa,60,cleaned-dictionary,preserved,
papacy,60,cleaned-dictionary,preserved,
papal,60,cleaned-dictionary,preserved,
papas,60,esdb-inflection,inherited-from-lemma,papa
paper,60,cleaned-dictionary,preserved,
papered,60,esdb-inflection,inherited-from-lemma,paper
papers,60,cleaned-dictionary,preserved,
papoose,60,cleaned-dictionary,preserved,
pappies,60,esdb-inflection,inherited-from-lemma,pappy
pappy,60,cleaned-dictionary,preserved,
paprika,60,cleaned-dictionary,preserved,
paps,60,esdb-inflection,inherited-from-lemma,pap
papyri,60,esdb-inflection,inherited-from-lemma,papyrus
papyrus,60,cleaned-dictionary,preserved,
par,60,cleaned-dictionary,preserved,
para,60,cleaned-dictionary,preserved,
parable,60,cleaned-dictionary,preserved,
parade,60,cleaned-dictionary,preserved,
paraded,60,esdb-inflection,inherited-from-lemma,parade
parades,60,esdb-inflection,inherited-from-lemma,parade
paradox,60,cleaned-dictionary,preserved,
paragon,60,cleaned-dictionary,preserved,
parapet,60,cleaned-dictionary,preserved,
paras,60,esdb-inflection,inherited-from-lemma,para
parasol,60,cleaned-dictionary,preserved,
parcel,60,cleaned-dictionary,preserved,
parcels,60,esdb-inflection,inherited-from-lemma,parcel
parch,60,cleaned-dictionary,preserved,
parched,60,esdb-inflection,inherited-from-lemma,parch
parches,60,esdb-inflection,inherited-from-lemma,parch
pardon,60,cleaned-dictionary,preserved,
pardons,60,esdb-inflection,inherited-from-lemma,pardon
pare,60,cleaned-dictionary,preserved,
pared,60,cleaned-dictionary,preserved,
parent,60,cleaned-dictionary,preserved,
parents,60,cleaned-dictionary,preserved,
pares,60,cleaned-dictionary,preserved,
pariah,60,cleaned-dictionary,preserved,
pariahs,60,esdb-inflection,inherited-from-lemma,pariah
paring,60,esdb-inflection,inherited-from-lemma,pare
parish,60,cleaned-dictionary,preserved,
parity,60,cleaned-dictionary,preserved,
park,60,cleaned-dictionary,preserved,
parka,60,cleaned-dictionary,preserved,
parkas,60,esdb-inflection,inherited-from-lemma,parka
parked,60,esdb-inflection,inherited-from-lemma,park
parking,60,cleaned-dictionary,preserved,
parkour,60,cleaned-dictionary,preserved,
parks,60,cleaned-dictionary,preserved,
parkway,60,cleaned-dictionary,preserved,
parky,60,cleaned-dictionary,preserved,
parley,60,cleaned-dictionary,preserved,
parleys,60,esdb-inflection,inherited-from-lemma,parley
parlor,60,cleaned-dictionary,preserved,
parlors,60,esdb-inflection,inherited-from-lemma,parlor
parlous,60,cleaned-dictionary,preserved,
parody,60,cleaned-dictionary,preserved,
parole,60,cleaned-dictionary,preserved,
paroled,60,esdb-inflection,inherited-from-lemma,parole
paroles,60,esdb-inflection,inherited-from-lemma,parole
parred,60,esdb-inflection,inherited-from-lemma,par
parried,60,esdb-inflection,inherited-from-lemma,parry
parries,60,esdb-inflection,inherited-from-lemma,parry
parring,60,esdb-inflection,inherited-from-lemma,par
parrot,60,cleaned-dictionary,preserved,
parrots,60,esdb-inflection,inherited-from-lemma,parrot
parry,60,cleaned-dictionary,preserved,
pars,60,cleaned-dictionary,preserved,
parse,60,cleaned-dictionary,preserved,
parsec,60,cleaned-dictionary,preserved,
parsecs,60,esdb-inflection,inherited-from-lemma,parsec
parsed,60,esdb-inflection,inherited-from-lemma,parse
parser,60,cleaned-dictionary,preserved,
parses,60,esdb-inflection,inherited-from-lemma,parse
parsing,60,esdb-inflection,inherited-from-lemma,parse
parsley,60,cleaned-dictionary,preserved,
parsnip,60,cleaned-dictionary,preserved,
parson,60,cleaned-dictionary,preserved,
parsons,60,esdb-inflection,inherited-from-lemma,parson
part,60,cleaned-dictionary,preserved,
partake,60,cleaned-dictionary,preserved,
parted,60,cleaned-dictionary,preserved,
partial,60,cleaned-dictionary,preserved,
partied,60,esdb-inflection,inherited-from-lemma,party
parties,60,cleaned-dictionary,preserved,
parting,60,cleaned-dictionary,preserved,
partly,60,cleaned-dictionary,preserved,
partner,60,cleaned-dictionary,preserved,
partook,60,cleaned-dictionary,preserved,
parts,60,cleaned-dictionary,preserved,
party,60,cleaned-dictionary,preserved,
parvenu,60,cleaned-dictionary,preserved,
pas,60,cleaned-dictionary,preserved,
pascal,60,cleaned-dictionary,preserved,
pascals,60,esdb-inflection,inherited-from-lemma,pascal
pass,60,cleaned-dictionary,preserved,
passage,60,cleaned-dictionary,preserved,
passe,60,cleaned-dictionary,preserved,
passed,60,cleaned-dictionary,preserved,
passer,60,cleaned-dictionary,preserved,
passers,60,esdb-inflection,inherited-from-lemma,passer
passes,60,cleaned-dictionary,preserved,
passing,60,cleaned-dictionary,preserved,
passion,60,cleaned-dictionary,preserved,
passive,60,cleaned-dictionary,preserved,
past,60,cleaned-dictionary,preserved,
pasta,60,cleaned-dictionary,preserved,
pastas,60,esdb-inflection,inherited-from-lemma,pasta
paste,60,cleaned-dictionary,preserved,
pasted,60,esdb-inflection,inherited-from-lemma,paste
pastel,60,cleaned-dictionary,preserved,
pastels,60,esdb-inflection,inherited-from-lemma,pastel
pastes,60,esdb-inflection,inherited-from-lemma,paste
pastier,60,esdb-inflection,inherited-from-lemma,pasty
pasties,60,esdb-inflection,inherited-from-lemma,pasty
pastime,60,cleaned-dictionary,preserved,
pasting,60,esdb-inflection,inherited-from-lemma,paste
pastor,60,cleaned-dictionary,preserved,
pastors,60,esdb-inflection,inherited-from-lemma,pastor
pastry,60,cleaned-dictionary,preserved,
pasts,60,esdb-inflection,inherited-from-lemma,past
pasture,60,cleaned-dictionary,preserved,
pasty,60,cleaned-dictionary,preserved,
pat,60,cleaned-dictionary,preserved,
patch,60,cleaned-dictionary,preserved,
patched,60,esdb-inflection,inherited-from-lemma,patch
patches,60,cleaned-dictionary,preserved,
patchy,60,cleaned-dictionary,preserved,
pate,60,cleaned-dictionary,preserved,
patella,60,cleaned-dictionary,preserved,
patent,60,cleaned-dictionary,preserved,
patents,60,cleaned-dictionary,preserved,
pates,60,esdb-inflection,inherited-from-lemma,pate
path,60,cleaned-dictionary,preserved,
pathos,60,cleaned-dictionary,preserved,
paths,60,cleaned-dictionary,preserved,
pathway,60,cleaned-dictionary,preserved,
patient,60,cleaned-dictionary,preserved,
patina,60,cleaned-dictionary,preserved,
patinas,60,esdb-inflection,inherited-from-lemma,patina
patine,60,esdb-inflection,inherited-from-lemma,patina
patio,60,cleaned-dictionary,preserved,
patios,60,esdb-inflection,inherited-from-lemma,patio
patois,60,cleaned-dictionary,preserved,
patriot,60,cleaned-dictionary,preserved,
patrol,60,cleaned-dictionary,preserved,
patrols,60,esdb-inflection,inherited-from-lemma,patrol
patron,60,cleaned-dictionary,preserved,
patrons,60,esdb-inflection,inherited-from-lemma,patron
pats,60,esdb-inflection,inherited-from-lemma,pat
patted,60,esdb-inflection,inherited-from-lemma,pat
pattern,60,cleaned-dictionary,preserved,
patting,60,esdb-inflection,inherited-from-lemma,pat
paucity,60,cleaned-dictionary,preserved,
paunch,60,cleaned-dictionary,preserved,
paunchy,60,cleaned-dictionary,preserved,
pauper,60,cleaned-dictionary,preserved,
paupers,60,esdb-inflection,inherited-from-lemma,pauper
pause,60,cleaned-dictionary,preserved,
paused,60,cleaned-dictionary,preserved,
pauses,60,esdb-inflection,inherited-from-lemma,pause
pausing,60,esdb-inflection,inherited-from-lemma,pause
pave,60,cleaned-dictionary,preserved,
paved,60,cleaned-dictionary,preserved,
paver,60,cleaned-dictionary,preserved,
pavers,60,esdb-inflection,inherited-from-lemma,paver
paves,60,esdb-inflection,inherited-from-lemma,pave
paving,60,esdb-inflection,inherited-from-lemma,pave
paw,60,cleaned-dictionary,preserved,
pawed,60,esdb-inflection,inherited-from-lemma,paw
pawing,60,esdb-inflection,inherited-from-lemma,paw
pawl,60,cleaned-dictionary,preserved,
pawls,60,esdb-inflection,inherited-from-lemma,pawl
pawn,60,cleaned-dictionary,preserved,
pawned,60,esdb-inflection,inherited-from-lemma,pawn
pawning,60,esdb-inflection,inherited-from-lemma,pawn
pawns,60,esdb-inflection,inherited-from-lemma,pawn
paws,60,esdb-inflection,inherited-from-lemma,paw
pay,60,cleaned-dictionary,preserved,
payed,60,esdb-inflection,inherited-from-lemma,pay
payee,60,cleaned-dictionary,preserved,
payees,60,esdb-inflection,inherited-from-lemma,payee
payer,60,cleaned-dictionary,preserved,
payers,60,esdb-inflection,inherited-from-lemma,payer
paying,60,cleaned-dictionary,preserved,
payment,60,cleaned-dictionary,preserved,
payroll,60,cleaned-dictionary,preserved,
pays,60,cleaned-dictionary,preserved,
pea,60,cleaned-dictionary,preserved,
peace,60,cleaned-dictionary,preserved,
peaces,60,esdb-inflection,inherited-from-lemma,peace
peach,60,cleaned-dictionary,preserved,
peaches,60,esdb-inflection,inherited-from-lemma,peach
peachy,60,cleaned-dictionary,preserved,
peacock,60,cleaned-dictionary,preserved,
peafowl,60,cleaned-dictionary,preserved,
peahen,60,cleaned-dictionary,preserved,
peahens,60,esdb-inflection,inherited-from-lemma,peahen
peak,60,cleaned-dictionary,preserved,
peaked,60,cleaned-dictionary,preserved,
peaking,60,esdb-inflection,inherited-from-lemma,peak
peaks,60,cleaned-dictionary,preserved,
peaky,60,cleaned-dictionary,preserved,
peal,60,cleaned-dictionary,preserved,
pealed,60,esdb-inflection,inherited-from-lemma,peal
pealing,60,esdb-inflection,inherited-from-lemma,peal
peals,60,esdb-inflection,inherited-from-lemma,peal
peanut,60,cleaned-dictionary,preserved,
peanuts,60,cleaned-dictionary,preserved,
pear,60,cleaned-dictionary,preserved,
pearl,60,cleaned-dictionary,preserved,
pearled,60,esdb-inflection,inherited-from-lemma,pearl
pearls,60,esdb-inflection,inherited-from-lemma,pearl
pearly,60,cleaned-dictionary,preserved,
pears,60,esdb-inflection,inherited-from-lemma,pear
peas,60,cleaned-dictionary,preserved,
peasant,60,cleaned-dictionary,preserved,
peat,60,cleaned-dictionary,preserved,
pebble,60,cleaned-dictionary,preserved,
pebbled,60,esdb-inflection,inherited-from-lemma,pebble
pebbles,60,esdb-inflection,inherited-from-lemma,pebble
pecan,60,cleaned-dictionary,preserved,
pecans,60,esdb-inflection,inherited-from-lemma,pecan
peccary,60,cleaned-dictionary,preserved,
peck,60,cleaned-dictionary,preserved,
pecked,60,esdb-inflection,inherited-from-lemma,peck
pecking,60,esdb-inflection,inherited-from-lemma,peck
peckish,60,cleaned-dictionary,preserved,
pecks,60,esdb-inflection,inherited-from-lemma,peck
pedal,60,cleaned-dictionary,preserved,
pedaled,60,esdb-inflection,inherited-from-lemma,pedal
pedals,60,esdb-inflection,inherited-from-lemma,pedal
pedant,60,cleaned-dictionary,preserved,
pedants,60,esdb-inflection,inherited-from-lemma,pedant
peddle,60,cleaned-dictionary,preserved,
peddled,60,esdb-inflection,inherited-from-lemma,peddle
peddler,60,cleaned-dictionary,preserved,
peddles,60,esdb-inflection,inherited-from-lemma,peddle
pee,60,cleaned-dictionary,preserved,
peed,60,cleaned-dictionary,preserved,
peeing,60,esdb-inflection,inherited-from-lemma,pee
peek,60,cleaned-dictionary,preserved,
peeked,60,esdb-inflection,inherited-from-lemma,peek
peeking,60,esdb-inflection,inherited-from-lemma,peek
peeks,60,esdb-inflection,inherited-from-lemma,peek
peel,60,cleaned-dictionary,preserved,
peeled,60,cleaned-dictionary,preserved,
peeler,60,cleaned-dictionary,preserved,
peelers,60,esdb-inflection,inherited-from-lemma,peeler
peeling,60,esdb-inflection,inherited-from-lemma,peel
peels,60,esdb-inflection,inherited-from-lemma,peel
peen,60,cleaned-dictionary,preserved,
peens,60,esdb-inflection,inherited-from-lemma,peen
peep,60,cleaned-dictionary,preserved,
peeped,60,esdb-inflection,inherited-from-lemma,peep
peeping,60,esdb-inflection,inherited-from-lemma,peep
peeps,60,cleaned-dictionary,preserved,
peer,60,cleaned-dictionary,preserved,
peered,60,cleaned-dictionary,preserved,
peering,60,esdb-inflection,inherited-from-lemma,peer
peers,60,cleaned-dictionary,preserved,
pees,60,esdb-inflection,inherited-from-lemma,pee
peeve,60,cleaned-dictionary,preserved,
peeved,60,esdb-inflection,inherited-from-lemma,peeve
peeves,60,esdb-inflection,inherited-from-lemma,peeve
peeving,60,esdb-inflection,inherited-from-lemma,peeve
peevish,60,cleaned-dictionary,preserved,
peewee,60,cleaned-dictionary,preserved,
peewees,60,esdb-inflection,inherited-from-lemma,peewee
peg,60,cleaned-dictionary,preserved,
pegged,60,esdb-inflection,inherited-from-lemma,peg
pegging,60,esdb-inflection,inherited-from-lemma,peg
pegs,60,esdb-inflection,inherited-from-lemma,peg
pelagic,60,cleaned-dictionary,preserved,
pelf,60,cleaned-dictionary,preserved,
pelican,60,cleaned-dictionary,preserved,
pellet,60,cleaned-dictionary,preserved,
pellets,60,esdb-inflection,inherited-from-lemma,pellet
peloton,60,cleaned-dictionary,preserved,
pelt,60,cleaned-dictionary,preserved,
pelted,60,esdb-inflection,inherited-from-lemma,pelt
pelting,60,esdb-inflection,inherited-from-lemma,pelt
pelts,60,esdb-inflection,inherited-from-lemma,pelt
pelvic,60,cleaned-dictionary,preserved,
pelvis,60,cleaned-dictionary,preserved,
pen,60,cleaned-dictionary,preserved,
penal,60,cleaned-dictionary,preserved,
penalty,60,cleaned-dictionary,preserved,
penance,60,cleaned-dictionary,preserved,
pence,60,cleaned-dictionary,preserved,
pencil,60,cleaned-dictionary,preserved,
pencils,60,esdb-inflection,inherited-from-lemma,pencil
pend,60,cleaned-dictionary,preserved,
pendant,60,cleaned-dictionary,preserved,
pended,60,esdb-inflection,inherited-from-lemma,pend
pending,60,cleaned-dictionary,preserved,
pends,60,esdb-inflection,inherited-from-lemma,pend
penguin,60,cleaned-dictionary,preserved,
penile,60,cleaned-dictionary,preserved,
penis,60,cleaned-dictionary,preserved,
penises,60,esdb-inflection,inherited-from-lemma,penis
pennant,60,cleaned-dictionary,preserved,
penned,60,esdb-inflection,inherited-from-lemma,pen
pennies,60,cleaned-dictionary,preserved,
penning,60,esdb-inflection,inherited-from-lemma,pen
pennon,60,cleaned-dictionary,preserved,
pennons,60,esdb-inflection,inherited-from-lemma,pennon
penny,60,cleaned-dictionary,preserved,
pens,60,esdb-inflection,inherited-from-lemma,pen
pension,60,cleaned-dictionary,preserved,
pensive,60,cleaned-dictionary,preserved,
pent,60,cleaned-dictionary,preserved,
penury,60,cleaned-dictionary,preserved,
peonage,60,cleaned-dictionary,preserved,
peonies,60,esdb-inflection,inherited-from-lemma,peony
peony,60,cleaned-dictionary,preserved,
people,60,cleaned-dictionary,preserved,
peopled,60,esdb-inflection,inherited-from-lemma,people
peoples,60,cleaned-dictionary,preserved,
pep,60,cleaned-dictionary,preserved,
pepped,60,esdb-inflection,inherited-from-lemma,pep
pepper,60,cleaned-dictionary,preserved,
peppers,60,esdb-inflection,inherited-from-lemma,pepper
pepping,60,esdb-inflection,inherited-from-lemma,pep
peps,60,esdb-inflection,inherited-from-lemma,pep
peptide,60,cleaned-dictionary,preserved,
per,60,cleaned-dictionary,preserved,
percent,60,cleaned-dictionary,preserved,
perch,60,cleaned-dictionary,preserved,
perched,60,esdb-inflection,inherited-from-lemma,perch
perches,60,esdb-inflection,inherited-from-lemma,perch
perfect,60,cleaned-dictionary,preserved,
perfidy,60,cleaned-dictionary,preserved,
perform,60,cleaned-dictionary,preserved,
perfume,60,cleaned-dictionary,preserved,
perhaps,60,cleaned-dictionary,preserved,
perigee,60,cleaned-dictionary,preserved,
peril,60,cleaned-dictionary,preserved,
periled,60,esdb-inflection,inherited-from-lemma,peril
perils,60,cleaned-dictionary,preserved,
period,60,cleaned-dictionary,preserved,
periods,60,cleaned-dictionary,preserved,
perish,60,cleaned-dictionary,preserved,
perjury,60,cleaned-dictionary,preserved,
perk,60,cleaned-dictionary,preserved,
perked,60,esdb-inflection,inherited-from-lemma,perk
perkier,60,esdb-inflection,inherited-from-lemma,perky
perking,60,esdb-inflection,inherited-from-lemma,perk
perks,60,esdb-inflection,inherited-from-lemma,perk
perky,60,cleaned-dictionary,preserved,
perm,60,cleaned-dictionary,preserved,
permed,60,esdb-inflection,inherited-from-lemma,perm
perming,60,esdb-inflection,inherited-from-lemma,perm
permit,60,cleaned-dictionary,preserved,
permits,60,esdb-inflection,inherited-from-lemma,permit
perms,60,esdb-inflection,inherited-from-lemma,perm
permute,60,cleaned-dictionary,preserved,
perp,60,cleaned-dictionary,preserved,
perplex,60,cleaned-dictionary,preserved,
perps,60,esdb-inflection,inherited-from-lemma,perp
persist,60,cleaned-dictionary,preserved,
person,60,cleaned-dictionary,preserved,
persona,60,cleaned-dictionary,preserved,
persons,60,cleaned-dictionary,preserved,
pert,60,cleaned-dictionary,preserved,
pertain,60,cleaned-dictionary,preserved,
perter,60,esdb-inflection,inherited-from-lemma,pert
pertest,60,esdb-inflection,inherited-from-lemma,pert
perturb,60,cleaned-dictionary,preserved,
peruke,60,cleaned-dictionary,preserved,
perukes,60,esdb-inflection,inherited-from-lemma,peruke
perusal,60,cleaned-dictionary,preserved,
peruse,60,cleaned-dictionary,preserved,
perused,60,esdb-inflection,inherited-from-lemma,peruse
peruses,60,esdb-inflection,inherited-from-lemma,peruse
perv,60,cleaned-dictionary,preserved,
pervade,60,cleaned-dictionary,preserved,
pervert,60,cleaned-dictionary,preserved,
pervs,60,esdb-inflection,inherited-from-lemma,perv
peso,60,cleaned-dictionary,preserved,
pesos,60,esdb-inflection,inherited-from-lemma,peso
pessary,60,cleaned-dictionary,preserved,
pest,60,cleaned-dictionary,preserved,
pester,60,cleaned-dictionary,preserved,
pesters,60,esdb-inflection,inherited-from-lemma,pester
pestle,60,cleaned-dictionary,preserved,
pestled,60,esdb-inflection,inherited-from-lemma,pestle
pestles,60,esdb-inflection,inherited-from-lemma,pestle
pesto,60,cleaned-dictionary,preserved,
pests,60,esdb-inflection,inherited-from-lemma,pest
pet,60,cleaned-dictionary,preserved,
petal,60,cleaned-dictionary,preserved,
petals,60,esdb-inflection,inherited-from-lemma,petal
petard,60,cleaned-dictionary,preserved,
petards,60,esdb-inflection,inherited-from-lemma,petard
petcock,60,cleaned-dictionary,preserved,
peter,60,cleaned-dictionary,preserved,
petered,60,esdb-inflection,inherited-from-lemma,peter
peters,60,esdb-inflection,inherited-from-lemma,peter
petiole,60,cleaned-dictionary,preserved,
petite,60,cleaned-dictionary,preserved,
petites,60,esdb-inflection,inherited-from-lemma,petite
petrel,60,cleaned-dictionary,preserved,
petrels,60,esdb-inflection,inherited-from-lemma,petrel
petrify,60,cleaned-dictionary,preserved,
petrol,60,cleaned-dictionary,preserved,
pets,60,esdb-inflection,inherited-from-lemma,pet
petted,60,esdb-inflection,inherited-from-lemma,pet
pettier,60,esdb-inflection,inherited-from-lemma,petty
petting,60,cleaned-dictionary,preserved,
petty,60,cleaned-dictionary,preserved,
petunia,60,cleaned-dictionary,preserved,
pew,60,cleaned-dictionary,preserved,
pewee,60,cleaned-dictionary,preserved,
pewees,60,esdb-inflection,inherited-from-lemma,pewee
pews,60,esdb-inflection,inherited-from-lemma,pew
pewter,60,cleaned-dictionary,preserved,
pewters,60,esdb-inflection,inherited-from-lemma,pewter
peyote,60,cleaned-dictionary,preserved,
phaeton,60,cleaned-dictionary,preserved,
phalanx,60,cleaned-dictionary,preserved,
phalli,60,esdb-inflection,inherited-from-lemma,phallus
phallic,60,cleaned-dictionary,preserved,
phallus,60,cleaned-dictionary,preserved,
phantom,60,cleaned-dictionary,preserved,
pharaoh,60,cleaned-dictionary,preserved,
pharynx,60,cleaned-dictionary,preserved,
phase,60,cleaned-dictionary,preserved,
phased,60,esdb-inflection,inherited-from-lemma,phase
phases,60,cleaned-dictionary,preserved,
phasing,60,esdb-inflection,inherited-from-lemma,phase
phat,60,cleaned-dictionary,preserved,
phenol,60,cleaned-dictionary,preserved,
phenols,60,esdb-inflection,inherited-from-lemma,phenol
phew,60,editorial,provisional-editorial,
phi,60,cleaned-dictionary,preserved,
phial,60,cleaned-dictionary,preserved,
phials,60,esdb-inflection,inherited-from-lemma,phial
phis,60,esdb-inflection,inherited-from-lemma,phi
phish,60,cleaned-dictionary,preserved,
phisher,60,cleaned-dictionary,preserved,
phlegm,60,cleaned-dictionary,preserved,
phloem,60,cleaned-dictionary,preserved,
phlox,60,cleaned-dictionary,preserved,
phobia,60,cleaned-dictionary,preserved,
phobias,60,esdb-inflection,inherited-from-lemma,phobia
phobic,60,cleaned-dictionary,preserved,
phobics,60,esdb-inflection,inherited-from-lemma,phobic
phoebe,60,cleaned-dictionary,preserved,
phoebes,60,esdb-inflection,inherited-from-lemma,phoebe
phoenix,60,cleaned-dictionary,preserved,
phone,60,cleaned-dictionary,preserved,
phoned,60,esdb-inflection,inherited-from-lemma,phone
phoneme,60,cleaned-dictionary,preserved,
phones,60,cleaned-dictionary,preserved,
phonic,60,cleaned-dictionary,preserved,
phonics,60,cleaned-dictionary,preserved,
phonied,60,esdb-inflection,inherited-from-lemma,phony
phonier,60,esdb-inflection,inherited-from-lemma,phony
phonies,60,esdb-inflection,inherited-from-lemma,phony
phoning,60,esdb-inflection,inherited-from-lemma,phone
phonon,60,cleaned-dictionary,preserved,
phonons,60,esdb-inflection,inherited-from-lemma,phonon
phony,60,cleaned-dictionary,preserved,
photo,60,cleaned-dictionary,preserved,
photoed,60,esdb-inflection,inherited-from-lemma,photo
photon,60,cleaned-dictionary,preserved,
photons,60,esdb-inflection,inherited-from-lemma,photon
photos,60,cleaned-dictionary,preserved,
phrase,60,cleaned-dictionary,preserved,
phrased,60,esdb-inflection,inherited-from-lemma,phrase
phrases,60,cleaned-dictionary,preserved,
phyla,60,cleaned-dictionary,preserved,
phylum,60,cleaned-dictionary,preserved,
physics,60,cleaned-dictionary,preserved,
pianist,60,cleaned-dictionary,preserved,
piano,60,cleaned-dictionary,preserved,
pianos,60,esdb-inflection,inherited-from-lemma,piano
piazza,60,cleaned-dictionary,preserved,
piazzas,60,esdb-inflection,inherited-from-lemma,piazza
pic,60,cleaned-dictionary,preserved,
pica,60,cleaned-dictionary,preserved,
piccolo,60,cleaned-dictionary,preserved,
pick,60,cleaned-dictionary,preserved,
pickax,60,cleaned-dictionary,preserved,
picked,60,cleaned-dictionary,preserved,
pickier,60,esdb-inflection,inherited-from-lemma,picky
picking,60,esdb-inflection,inherited-from-lemma,pick
pickle,60,cleaned-dictionary,preserved,
pickled,60,esdb-inflection,inherited-from-lemma,pickle
pickles,60,esdb-inflection,inherited-from-lemma,pickle
picks,60,cleaned-dictionary,preserved,
picky,60,cleaned-dictionary,preserved,
picnic,60,cleaned-dictionary,preserved,
picnics,60,esdb-inflection,inherited-from-lemma,picnic
pics,60,esdb-inflection,inherited-from-lemma,pic
picture,60,cleaned-dictionary,preserved,
piddle,60,cleaned-dictionary,preserved,
piddled,60,esdb-inflection,inherited-from-lemma,piddle
piddles,60,esdb-inflection,inherited-from-lemma,piddle
pidgin,60,cleaned-dictionary,preserved,
pidgins,60,esdb-inflection,inherited-from-lemma,pidgin
pie,60,cleaned-dictionary,preserved,
piece,60,cleaned-dictionary,preserved,
pieced,60,esdb-inflection,inherited-from-lemma,piece
pieces,60,cleaned-dictionary,preserved,
piecing,60,esdb-inflection,inherited-from-lemma,piece
pied,60,cleaned-dictionary,preserved,
pier,60,cleaned-dictionary,preserved,
pierce,60,cleaned-dictionary,preserved,
pierced,60,cleaned-dictionary,preserved,
pierces,60,esdb-inflection,inherited-from-lemma,pierce
pierogi,60,cleaned-dictionary,preserved,
piers,60,esdb-inflection,inherited-from-lemma,pier
pies,60,cleaned-dictionary,preserved,
piety,60,cleaned-dictionary,preserved,
piffle,60,cleaned-dictionary,preserved,
pig,60,cleaned-dictionary,preserved,
pigeon,60,cleaned-dictionary,preserved,
pigeons,60,esdb-inflection,inherited-from-lemma,pigeon
pigged,60,esdb-inflection,inherited-from-lemma,pig
piggier,60,esdb-inflection,inherited-from-lemma,piggy
piggies,60,esdb-inflection,inherited-from-lemma,piggy
pigging,60,cleaned-dictionary,preserved,
piggy,60,cleaned-dictionary,preserved,
piglet,60,cleaned-dictionary,preserved,
piglets,60,esdb-inflection,inherited-from-lemma,piglet
pigment,60,cleaned-dictionary,preserved,
pigpen,60,cleaned-dictionary,preserved,
pigpens,60,esdb-inflection,inherited-from-lemma,pigpen
pigs,60,cleaned-dictionary,preserved,
pigsty,60,cleaned-dictionary,preserved,
pike,60,cleaned-dictionary,preserved,
piked,60,cleaned-dictionary,preserved,
piker,60,cleaned-dictionary,preserved,
pikers,60,esdb-inflection,inherited-from-lemma,piker
pikes,60,esdb-inflection,inherited-from-lemma,pike
piking,60,esdb-inflection,inherited-from-lemma,pike
pile,60,cleaned-dictionary,preserved,
piled,60,cleaned-dictionary,preserved,
piles,60,cleaned-dictionary,preserved,
pilfer,60,cleaned-dictionary,preserved,
pilfers,60,esdb-inflection,inherited-from-lemma,pilfer
pilgrim,60,cleaned-dictionary,preserved,
piling,60,esdb-inflection,inherited-from-lemma,pile
pill,60,cleaned-dictionary,preserved,
pillar,60,cleaned-dictionary,preserved,
pillars,60,cleaned-dictionary,preserved,
pilled,60,esdb-inflection,inherited-from-lemma,pill
pilling,60,esdb-inflection,inherited-from-lemma,pill
pillion,60,cleaned-dictionary,preserved,
pillow,60,cleaned-dictionary,preserved,
pillows,60,esdb-inflection,inherited-from-lemma,pillow
pills,60,cleaned-dictionary,preserved,
pilot,60,cleaned-dictionary,preserved,
piloted,60,esdb-inflection,inherited-from-lemma,pilot
pilots,60,cleaned-dictionary,preserved,
pimp,60,cleaned-dictionary,preserved,
pimped,60,esdb-inflection,inherited-from-lemma,pimp
pimping,60,esdb-inflection,inherited-from-lemma,pimp
pimple,60,cleaned-dictionary,preserved,
pimples,60,esdb-inflection,inherited-from-lemma,pimple
pimps,60,cleaned-dictionary,preserved,
pin,60,cleaned-dictionary,preserved,
pinata,60,cleaned-dictionary,preserved,
pinatas,60,esdb-inflection,inherited-from-lemma,pinata
pinball,60,cleaned-dictionary,preserved,
pinch,60,cleaned-dictionary,preserved,
pinched,60,esdb-inflection,inherited-from-lemma,pinch
pinches,60,esdb-inflection,inherited-from-lemma,pinch
pine,60,cleaned-dictionary,preserved,
pined,60,esdb-inflection,inherited-from-lemma,pine
pines,60,esdb-inflection,inherited-from-lemma,pine
ping,60,cleaned-dictionary,preserved,
pinged,60,esdb-inflection,inherited-from-lemma,ping
pinging,60,esdb-inflection,inherited-from-lemma,ping
pings,60,esdb-inflection,inherited-from-lemma,ping
pining,60,esdb-inflection,inherited-from-lemma,pine
pink,60,cleaned-dictionary,preserved,
pinked,60,esdb-inflection,inherited-from-lemma,pink
pinker,60,esdb-inflection,inherited-from-lemma,pink
pinkest,60,esdb-inflection,inherited-from-lemma,pink
pinkeye,60,cleaned-dictionary,preserved,
pinkie,60,cleaned-dictionary,preserved,
pinkies,60,esdb-inflection,inherited-from-lemma,pinkie
pinking,60,esdb-inflection,inherited-from-lemma,pink
pinko,60,cleaned-dictionary,preserved,
pinkos,60,esdb-inflection,inherited-from-lemma,pinko
pinks,60,esdb-inflection,inherited-from-lemma,pink
pinnate,60,cleaned-dictionary,preserved,
pinned,60,esdb-inflection,inherited-from-lemma,pin
pinnies,60,esdb-inflection,inherited-from-lemma,pinny
pinning,60,esdb-inflection,inherited-from-lemma,pin
pinny,60,cleaned-dictionary,preserved,
pins,60,cleaned-dictionary,preserved,
pint,60,cleaned-dictionary,preserved,
pints,60,esdb-inflection,inherited-from-lemma,pint
pinyin,60,cleaned-dictionary,preserved,
pioneer,60,cleaned-dictionary,preserved,
pious,60,cleaned-dictionary,preserved,
pip,60,cleaned-dictionary,preserved,
pipe,60,cleaned-dictionary,preserved,
piped,60,esdb-inflection,inherited-from-lemma,pipe
piper,60,cleaned-dictionary,preserved,
pipers,60,esdb-inflection,inherited-from-lemma,piper
pipes,60,cleaned-dictionary,preserved,
pipette,60,cleaned-dictionary,preserved,
piping,60,cleaned-dictionary,preserved,
pipped,60,esdb-inflection,inherited-from-lemma,pip
pipping,60,esdb-inflection,inherited-from-lemma,pip
pips,60,esdb-inflection,inherited-from-lemma,pip
piquant,60,cleaned-dictionary,preserved,
pique,60,cleaned-dictionary,preserved,
piqued,60,esdb-inflection,inherited-from-lemma,pique
piques,60,esdb-inflection,inherited-from-lemma,pique
piquing,60,esdb-inflection,inherited-from-lemma,pique
piracy,60,cleaned-dictionary,preserved,
piranha,60,cleaned-dictionary,preserved,
pirate,60,cleaned-dictionary,preserved,
pirated,60,esdb-inflection,inherited-from-lemma,pirate
pirates,60,cleaned-dictionary,preserved,
pirogi,60,cleaned-dictionary,preserved,
pis,60,cleaned-dictionary,preserved,
piste,60,cleaned-dictionary,preserved,
pistes,60,esdb-inflection,inherited-from-lemma,piste
pistil,60,cleaned-dictionary,preserved,
pistils,60,esdb-inflection,inherited-from-lemma,pistil
pistol,60,cleaned-dictionary,preserved,
pistols,60,esdb-inflection,inherited-from-lemma,pistol
piston,60,cleaned-dictionary,preserved,
pistons,60,esdb-inflection,inherited-from-lemma,piston
pit,60,cleaned-dictionary,preserved,
pita,60,cleaned-dictionary,preserved,
pitas,60,esdb-inflection,inherited-from-lemma,pita
pitch,60,cleaned-dictionary,preserved,
pitched,60,esdb-inflection,inherited-from-lemma,pitch
pitcher,60,cleaned-dictionary,preserved,
pitches,60,esdb-inflection,inherited-from-lemma,pitch
pitfall,60,cleaned-dictionary,preserved,
pith,60,cleaned-dictionary,preserved,
pithier,60,esdb-inflection,inherited-from-lemma,pithy
pithy,60,cleaned-dictionary,preserved,
pitied,60,cleaned-dictionary,preserved,
pities,60,esdb-inflection,inherited-from-lemma,pity
pitiful,60,cleaned-dictionary,preserved,
pits,60,esdb-inflection,inherited-from-lemma,pit
pitted,60,esdb-inflection,inherited-from-lemma,pit
pitting,60,esdb-inflection,inherited-from-lemma,pit
pity,60,cleaned-dictionary,preserved,
pitying,60,esdb-inflection,inherited-from-lemma,pity
pivot,60,cleaned-dictionary,preserved,
pivotal,60,cleaned-dictionary,preserved,
pivoted,60,esdb-inflection,inherited-from-lemma,pivot
pivots,60,esdb-inflection,inherited-from-lemma,pivot
pix,60,cleaned-dictionary,preserved,
pixel,60,cleaned-dictionary,preserved,
pixels,60,esdb-inflection,inherited-from-lemma,pixel
pixie,60,cleaned-dictionary,preserved,
pixies,60,esdb-inflection,inherited-from-lemma,pixie
pizza,60,cleaned-dictionary,preserved,
pizzas,60,esdb-inflection,inherited-from-lemma,pizza
placard,60,cleaned-dictionary,preserved,
placate,60,cleaned-dictionary,preserved,
place,60,cleaned-dictionary,preserved,
placebo,60,cleaned-dictionary,preserved,
placed,60,cleaned-dictionary,preserved,
placer,60,cleaned-dictionary,preserved,
placers,60,esdb-inflection,inherited-from-lemma,placer
places,60,cleaned-dictionary,preserved,
placid,60,cleaned-dictionary,preserved,
placing,60,cleaned-dictionary,preserved,
plague,60,cleaned-dictionary,preserved,
plagued,60,esdb-inflection,inherited-from-lemma,plague
plagues,60,esdb-inflection,inherited-from-lemma,plague
plaice,60,cleaned-dictionary,preserved,
plaid,60,cleaned-dictionary,preserved,
plaids,60,esdb-inflection,inherited-from-lemma,plaid
plain,60,cleaned-dictionary,preserved,
plainer,60,esdb-inflection,inherited-from-lemma,plain
plainly,60,cleaned-dictionary,preserved,
plains,60,cleaned-dictionary,preserved,
plait,60,cleaned-dictionary,preserved,
plaited,60,esdb-inflection,inherited-from-lemma,plait
plaits,60,esdb-inflection,inherited-from-lemma,plait
plan,60,cleaned-dictionary,preserved,
planar,60,cleaned-dictionary,preserved,
plane,60,cleaned-dictionary,preserved,
planed,60,cleaned-dictionary,preserved,
planer,60,cleaned-dictionary,preserved,
planers,60,esdb-inflection,inherited-from-lemma,planer
planes,60,cleaned-dictionary,preserved,
planet,60,cleaned-dictionary,preserved,
planets,60,cleaned-dictionary,preserved,
planing,60,esdb-inflection,inherited-from-lemma,plane
plank,60,cleaned-dictionary,preserved,
planked,60,esdb-inflection,inherited-from-lemma,plank
planks,60,esdb-inflection,inherited-from-lemma,plank
planned,60,esdb-inflection,inherited-from-lemma,plan
planner,60,cleaned-dictionary,preserved,
plans,60,cleaned-dictionary,preserved,
plant,60,cleaned-dictionary,preserved,
planted,60,cleaned-dictionary,preserved,
plants,60,cleaned-dictionary,preserved,
plaque,60,cleaned-dictionary,preserved,
plaques,60,esdb-inflection,inherited-from-lemma,plaque
plash,60,cleaned-dictionary,preserved,
plashed,60,esdb-inflection,inherited-from-lemma,plash
plashes,60,esdb-inflection,inherited-from-lemma,plash
plasma,60,cleaned-dictionary,preserved,
plasmas,60,esdb-inflection,inherited-from-lemma,plasma
plaster,60,cleaned-dictionary,preserved,
plastic,60,cleaned-dictionary,preserved,
plat,60,cleaned-dictionary,preserved,
plate,60,cleaned-dictionary,preserved,
plateau,60,cleaned-dictionary,preserved,
plated,60,esdb-inflection,inherited-from-lemma,plate
platen,60,cleaned-dictionary,preserved,
platens,60,esdb-inflection,inherited-from-lemma,platen
plates,60,cleaned-dictionary,preserved,
plating,60,esdb-inflection,inherited-from-lemma,plate
plats,60,cleaned-dictionary,preserved,
platted,60,esdb-inflection,inherited-from-lemma,plat
plaudit,60,cleaned-dictionary,preserved,
play,60,cleaned-dictionary,preserved,
playa,60,cleaned-dictionary,preserved,
playas,60,esdb-inflection,inherited-from-lemma,playa
playboy,60,cleaned-dictionary,preserved,
played,60,cleaned-dictionary,preserved,
player,60,cleaned-dictionary,preserved,
players,60,cleaned-dictionary,preserved,
playful,60,cleaned-dictionary,preserved,
playing,60,cleaned-dictionary,preserved,
plays,60,esdb-inflection,inherited-from-lemma,play
plaza,60,cleaned-dictionary,preserved,
plazas,60,esdb-inflection,inherited-from-lemma,plaza
plea,60,cleaned-dictionary,preserved,
plead,60,cleaned-dictionary,preserved,
pleaded,60,cleaned-dictionary,preserved,
pleads,60,esdb-inflection,inherited-from-lemma,plead
pleas,60,esdb-inflection,inherited-from-lemma,plea
please,60,cleaned-dictionary,preserved,
pleased,60,cleaned-dictionary,preserved,
pleases,60,esdb-inflection,inherited-from-lemma,please
pleat,60,cleaned-dictionary,preserved,
pleated,60,esdb-inflection,inherited-from-lemma,pleat
pleats,60,esdb-inflection,inherited-from-lemma,pleat
pleb,60,cleaned-dictionary,preserved,
plebe,60,cleaned-dictionary,preserved,
plebes,60,esdb-inflection,inherited-from-lemma,plebe
plebs,60,esdb-inflection,inherited-from-lemma,pleb
pledge,60,cleaned-dictionary,preserved,
pledged,60,cleaned-dictionary,preserved,
pledges,60,esdb-inflection,inherited-from-lemma,pledge
plenary,60,cleaned-dictionary,preserved,
plenty,60,cleaned-dictionary,preserved,
plenum,60,cleaned-dictionary,preserved,
plenums,60,esdb-inflection,inherited-from-lemma,plenum
pleura,60,cleaned-dictionary,preserved,
pleurae,60,esdb-inflection,inherited-from-lemma,pleura
plexus,60,cleaned-dictionary,preserved,
pliable,60,cleaned-dictionary,preserved,
pliant,60,cleaned-dictionary,preserved,
plied,60,esdb-inflection,inherited-from-lemma,ply
pliers,60,cleaned-dictionary,preserved,
plies,60,esdb-inflection,inherited-from-lemma,ply
plight,60,cleaned-dictionary,preserved,
plights,60,esdb-inflection,inherited-from-lemma,plight
plinth,60,cleaned-dictionary,preserved,
plinths,60,esdb-inflection,inherited-from-lemma,plinth
plod,60,cleaned-dictionary,preserved,
plodded,60,esdb-inflection,inherited-from-lemma,plod
plods,60,esdb-inflection,inherited-from-lemma,plod
plonk,60,cleaned-dictionary,preserved,
plonked,60,esdb-inflection,inherited-from-lemma,plonk
plonker,60,cleaned-dictionary,preserved,
plonks,60,esdb-inflection,inherited-from-lemma,plonk
plop,60,cleaned-dictionary,preserved,
plopped,60,esdb-inflection,inherited-from-lemma,plop
plops,60,esdb-inflection,inherited-from-lemma,plop
plosive,60,cleaned-dictionary,preserved,
plot,60,cleaned-dictionary,preserved,
plots,60,cleaned-dictionary,preserved,
plotted,60,esdb-inflection,inherited-from-lemma,plot
plover,60,cleaned-dictionary,preserved,
plovers,60,esdb-inflection,inherited-from-lemma,plover
plow,60,cleaned-dictionary,preserved,
plowed,60,esdb-inflection,inherited-from-lemma,plow
plowing,60,cleaned-dictionary,preserved,
plows,60,esdb-inflection,inherited-from-lemma,plow
ploy,60,cleaned-dictionary,preserved,
ploys,60,esdb-inflection,inherited-from-lemma,ploy
pluck,60,cleaned-dictionary,preserved,
plucked,60,esdb-inflection,inherited-from-lemma,pluck
plucks,60,esdb-inflection,inherited-from-lemma,pluck
plug,60,cleaned-dictionary,preserved,
plugged,60,esdb-inflection,inherited-from-lemma,plug
plugs,60,esdb-inflection,inherited-from-lemma,plug
plum,60,cleaned-dictionary,preserved,
plumage,60,cleaned-dictionary,preserved,
plumb,60,cleaned-dictionary,preserved,
plumbed,60,esdb-inflection,inherited-from-lemma,plumb
plumber,60,cleaned-dictionary,preserved,
plumbs,60,esdb-inflection,inherited-from-lemma,plumb
plume,60,cleaned-dictionary,preserved,
plumed,60,esdb-inflection,inherited-from-lemma,plume
plumes,60,esdb-inflection,inherited-from-lemma,plume
pluming,60,esdb-inflection,inherited-from-lemma,plume
plummet,60,cleaned-dictionary,preserved,
plump,60,cleaned-dictionary,preserved,
plumped,60,esdb-inflection,inherited-from-lemma,plump
plumper,60,esdb-inflection,inherited-from-lemma,plump
plums,60,esdb-inflection,inherited-from-lemma,plum
plunder,60,cleaned-dictionary,preserved,
plunge,60,cleaned-dictionary,preserved,
plunged,60,cleaned-dictionary,preserved,
plunges,60,esdb-inflection,inherited-from-lemma,plunge
plural,60,cleaned-dictionary,preserved,
plurals,60,esdb-inflection,inherited-from-lemma,plural
plus,60,cleaned-dictionary,preserved,
pluses,60,esdb-inflection,inherited-from-lemma,plus
plush,60,cleaned-dictionary,preserved,
plusher,60,esdb-inflection,inherited-from-lemma,plush
plushy,60,cleaned-dictionary,preserved,
ply,60,cleaned-dictionary,preserved,
plying,60,esdb-inflection,inherited-from-lemma,ply
plywood,60,cleaned-dictionary,preserved,
poach,60,cleaned-dictionary,preserved,
poached,60,cleaned-dictionary,preserved,
poaches,60,esdb-inflection,inherited-from-lemma,poach
pock,60,cleaned-dictionary,preserved,
pocket,60,cleaned-dictionary,preserved,
pockets,60,cleaned-dictionary,preserved,
pocks,60,esdb-inflection,inherited-from-lemma,pock
pod,60,cleaned-dictionary,preserved,
podcast,60,cleaned-dictionary,preserved,
podded,60,cleaned-dictionary,preserved,
podding,60,esdb-inflection,inherited-from-lemma,pod
podium,60,cleaned-dictionary,preserved,
podiums,60,esdb-inflection,inherited-from-lemma,podium
pods,60,esdb-inflection,inherited-from-lemma,pod
poem,60,cleaned-dictionary,preserved,
poems,60,cleaned-dictionary,preserved,
poet,60,cleaned-dictionary,preserved,
poetess,60,cleaned-dictionary,preserved,
poetic,60,cleaned-dictionary,preserved,
poetics,60,esdb-inflection,inherited-from-lemma,poetic
poetry,60,cleaned-dictionary,preserved,
poets,60,cleaned-dictionary,preserved,
pogrom,60,cleaned-dictionary,preserved,
pogroms,60,esdb-inflection,inherited-from-lemma,pogrom
poi,60,cleaned-dictionary,preserved,
point,60,cleaned-dictionary,preserved,
pointed,60,esdb-inflection,inherited-from-lemma,point
pointer,60,cleaned-dictionary,preserved,
points,60,cleaned-dictionary,preserved,
poise,60,cleaned-dictionary,preserved,
poised,60,esdb-inflection,inherited-from-lemma,poise
poises,60,esdb-inflection,inherited-from-lemma,poise
poising,60,esdb-inflection,inherited-from-lemma,poise
poison,60,cleaned-dictionary,preserved,
poisons,60,esdb-inflection,inherited-from-lemma,poison
poke,60,cleaned-dictionary,preserved,
poked,60,esdb-inflection,inherited-from-lemma,poke
poker,60,cleaned-dictionary,preserved,
pokers,60,esdb-inflection,inherited-from-lemma,poker
pokes,60,esdb-inflection,inherited-from-lemma,poke
pokey,60,cleaned-dictionary,preserved,
pokeys,60,esdb-inflection,inherited-from-lemma,pokey
poking,60,esdb-inflection,inherited-from-lemma,poke
pol,60,cleaned-dictionary,preserved,
polar,60,cleaned-dictionary,preserved,
pole,60,cleaned-dictionary,preserved,
polecat,60,cleaned-dictionary,preserved,
poled,60,esdb-inflection,inherited-from-lemma,pole
polemic,60,cleaned-dictionary,preserved,
poles,60,esdb-inflection,inherited-from-lemma,pole
police,60,cleaned-dictionary,preserved,
policed,60,esdb-inflection,inherited-from-lemma,police
polices,60,esdb-inflection,inherited-from-lemma,police
policy,60,cleaned-dictionary,preserved,
poling,60,cleaned-dictionary,preserved,
polio,60,cleaned-dictionary,preserved,
polios,60,esdb-inflection,inherited-from-lemma,polio
polish,60,cleaned-dictionary,preserved,
polite,60,cleaned-dictionary,preserved,
politer,60,esdb-inflection,inherited-from-lemma,polite
polity,60,cleaned-dictionary,preserved,
polka,60,cleaned-dictionary,preserved,
polkaed,60,esdb-inflection,inherited-from-lemma,polka
polkas,60,esdb-inflection,inherited-from-lemma,polka
poll,60,cleaned-dictionary,preserved,
pollack,60,cleaned-dictionary,preserved,
polled,60,esdb-inflection,inherited-from-lemma,poll
pollen,60,cleaned-dictionary,preserved,
polling,60,cleaned-dictionary,preserved,
polls,60,esdb-inflection,inherited-from-lemma,poll
pollute,60,cleaned-dictionary,preserved,
polo,60,cleaned-dictionary,preserved,
pols,60,esdb-inflection,inherited-from-lemma,pol
poly,60,cleaned-dictionary,preserved,
polygon,60,cleaned-dictionary,preserved,
polymer,60,cleaned-dictionary,preserved,
polys,60,esdb-inflection,inherited-from-lemma,poly
pom,60,cleaned-dictionary,preserved,
pomade,60,cleaned-dictionary,preserved,
pomaded,60,esdb-inflection,inherited-from-lemma,pomade
pomades,60,esdb-inflection,inherited-from-lemma,pomade
pommel,60,cleaned-dictionary,preserved,
pommels,60,esdb-inflection,inherited-from-lemma,pommel
pommies,60,esdb-inflection,inherited-from-lemma,pommy
pommy,60,cleaned-dictionary,preserved,
pomp,60,cleaned-dictionary,preserved,
pompous,60,cleaned-dictionary,preserved,
poms,60,esdb-inflection,inherited-from-lemma,pom
ponce,60,cleaned-dictionary,preserved,
ponced,60,esdb-inflection,inherited-from-lemma,ponce
ponces,60,esdb-inflection,inherited-from-lemma,ponce
poncing,60,esdb-inflection,inherited-from-lemma,ponce
pond,60,cleaned-dictionary,preserved,
ponder,60,cleaned-dictionary,preserved,
ponders,60,cleaned-dictionary,preserved,
ponds,60,esdb-inflection,inherited-from-lemma,pond
pone,60,cleaned-dictionary,preserved,
pones,60,esdb-inflection,inherited-from-lemma,pone
pong,60,cleaned-dictionary,preserved,
ponged,60,esdb-inflection,inherited-from-lemma,pong
ponging,60,esdb-inflection,inherited-from-lemma,pong
pongs,60,esdb-inflection,inherited-from-lemma,pong
ponied,60,esdb-inflection,inherited-from-lemma,pony
ponies,60,esdb-inflection,inherited-from-lemma,pony
pontiff,60,cleaned-dictionary,preserved,
pontoon,60,cleaned-dictionary,preserved,
pony,60,cleaned-dictionary,preserved,
ponying,60,esdb-inflection,inherited-from-lemma,pony
poo,60,cleaned-dictionary,preserved,
pooch,60,cleaned-dictionary,preserved,
pooches,60,esdb-inflection,inherited-from-lemma,pooch
poodle,60,cleaned-dictionary,preserved,
poodles,60,esdb-inflection,inherited-from-lemma,poodle
pooed,60,esdb-inflection,inherited-from-lemma,poo
poof,60,cleaned-dictionary,preserved,
poofs,60,esdb-inflection,inherited-from-lemma,poof
pooing,60,esdb-inflection,inherited-from-lemma,poo
pool,60,cleaned-dictionary,preserved,
pooled,60,esdb-inflection,inherited-from-lemma,pool
pooling,60,esdb-inflection,inherited-from-lemma,pool
pools,60,cleaned-dictionary,preserved,
poop,60,cleaned-dictionary,preserved,
pooped,60,esdb-inflection,inherited-from-lemma,poop
pooping,60,esdb-inflection,inherited-from-lemma,poop
poops,60,esdb-inflection,inherited-from-lemma,poop
poor,60,cleaned-dictionary,preserved,
poorer,60,esdb-inflection,inherited-from-lemma,poor
poorest,60,esdb-inflection,inherited-from-lemma,poor
poorly,60,cleaned-dictionary,preserved,
poos,60,esdb-inflection,inherited-from-lemma,poo
pop,60,cleaned-dictionary,preserved,
popcorn,60,cleaned-dictionary,preserved,
pope,60,cleaned-dictionary,preserved,
popes,60,esdb-inflection,inherited-from-lemma,pope
poplin,60,cleaned-dictionary,preserved,
popped,60,cleaned-dictionary,preserved,
popper,60,cleaned-dictionary,preserved,
poppers,60,esdb-inflection,inherited-from-lemma,popper
poppet,60,cleaned-dictionary,preserved,
poppets,60,esdb-inflection,inherited-from-lemma,poppet
poppies,60,esdb-inflection,inherited-from-lemma,poppy
popping,60,esdb-inflection,inherited-from-lemma,pop
poppy,60,cleaned-dictionary,preserved,
pops,60,esdb-inflection,inherited-from-lemma,pop
popular,60,cleaned-dictionary,preserved,
popup,60,cleaned-dictionary,preserved,
popups,60,esdb-inflection,inherited-from-lemma,popup
porch,60,cleaned-dictionary,preserved,
porches,60,esdb-inflection,inherited-from-lemma,porch
porcine,60,cleaned-dictionary,preserved,
pore,60,cleaned-dictionary,preserved,
pored,60,esdb-inflection,inherited-from-lemma,pore
pores,60,esdb-inflection,inherited-from-lemma,pore
poring,60,cleaned-dictionary,preserved,
pork,60,cleaned-dictionary,preserved,
porker,60,cleaned-dictionary,preserved,
porkers,60,esdb-inflection,inherited-from-lemma,porker
porkier,60,esdb-inflection,inherited-from-lemma,porky
porkies,60,esdb-inflection,inherited-from-lemma,porky
porky,60,cleaned-dictionary,preserved,
porn,60,cleaned-dictionary,preserved,
porno,60,cleaned-dictionary,preserved,
port,60,cleaned-dictionary,preserved,
portal,60,cleaned-dictionary,preserved,
portals,60,esdb-inflection,inherited-from-lemma,portal
ported,60,esdb-inflection,inherited-from-lemma,port
portend,60,cleaned-dictionary,preserved,
portent,60,cleaned-dictionary,preserved,
porter,60,cleaned-dictionary,preserved,
porters,60,esdb-inflection,inherited-from-lemma,porter
portico,60,cleaned-dictionary,preserved,
porting,60,esdb-inflection,inherited-from-lemma,port
portion,60,cleaned-dictionary,preserved,
portray,60,cleaned-dictionary,preserved,
ports,60,cleaned-dictionary,preserved,
pose,60,cleaned-dictionary,preserved,
posed,60,esdb-inflection,inherited-from-lemma,pose
poser,60,cleaned-dictionary,preserved,
posers,60,esdb-inflection,inherited-from-lemma,poser
poses,60,cleaned-dictionary,preserved,
poseur,60,cleaned-dictionary,preserved,
poseurs,60,esdb-inflection,inherited-from-lemma,poseur
posh,60,cleaned-dictionary,preserved,
posher,60,esdb-inflection,inherited-from-lemma,posh
poshest,60,esdb-inflection,inherited-from-lemma,posh
posies,60,esdb-inflection,inherited-from-lemma,posy
posing,60,esdb-inflection,inherited-from-lemma,pose
posit,60,cleaned-dictionary,preserved,
posited,60,esdb-inflection,inherited-from-lemma,posit
posits,60,esdb-inflection,inherited-from-lemma,posit
posse,60,cleaned-dictionary,preserved,
posses,60,cleaned-dictionary,preserved,
possess,60,cleaned-dictionary,preserved,
possum,60,cleaned-dictionary,preserved,
possums,60,esdb-inflection,inherited-from-lemma,possum
post,60,cleaned-dictionary,preserved,
postal,60,cleaned-dictionary,preserved,
posted,60,cleaned-dictionary,preserved,
poster,60,cleaned-dictionary,preserved,
posters,60,esdb-inflection,inherited-from-lemma,poster
postie,60,cleaned-dictionary,preserved,
posties,60,esdb-inflection,inherited-from-lemma,postie
posting,60,esdb-inflection,inherited-from-lemma,post
postman,60,cleaned-dictionary,preserved,
postmen,60,esdb-inflection,inherited-from-lemma,postman
posts,60,cleaned-dictionary,preserved,
posture,60,cleaned-dictionary,preserved,
posy,60,cleaned-dictionary,preserved,
pot,60,cleaned-dictionary,preserved,
potable,60,cleaned-dictionary,preserved,
potash,60,cleaned-dictionary,preserved,
potato,60,cleaned-dictionary,preserved,
potency,60,cleaned-dictionary,preserved,
potent,60,cleaned-dictionary,preserved,
pothead,60,cleaned-dictionary,preserved,
potion,60,cleaned-dictionary,preserved,
potions,60,esdb-inflection,inherited-from-lemma,potion
pots,60,cleaned-dictionary,preserved,
potshot,60,cleaned-dictionary,preserved,
potted,60,esdb-inflection,inherited-from-lemma,pot
potter,60,cleaned-dictionary,preserved,
potters,60,esdb-inflection,inherited-from-lemma,potter
pottery,60,cleaned-dictionary,preserved,
pottier,60,esdb-inflection,inherited-from-lemma,potty
potties,60,esdb-inflection,inherited-from-lemma,potty
potting,60,esdb-inflection,inherited-from-lemma,pot
potty,60,cleaned-dictionary,preserved,
pouch,60,cleaned-dictionary,preserved,
pouched,60,esdb-inflection,inherited-from-lemma,pouch
pouches,60,esdb-inflection,inherited-from-lemma,pouch
pouffe,60,cleaned-dictionary,preserved,
pouffes,60,esdb-inflection,inherited-from-lemma,pouffe
poultry,60,cleaned-dictionary,preserved,
pounce,60,cleaned-dictionary,preserved,
pounced,60,esdb-inflection,inherited-from-lemma,pounce
pounces,60,esdb-inflection,inherited-from-lemma,pounce
pound,60,cleaned-dictionary,preserved,
pounded,60,cleaned-dictionary,preserved,
pounds,60,cleaned-dictionary,preserved,
pour,60,cleaned-dictionary,preserved,
poured,60,cleaned-dictionary,preserved,
pouring,60,cleaned-dictionary,preserved,
pours,60,cleaned-dictionary,preserved,
pout,60,cleaned-dictionary,preserved,
pouted,60,esdb-inflection,inherited-from-lemma,pout
pouting,60,esdb-inflection,inherited-from-lemma,pout
pouts,60,esdb-inflection,inherited-from-lemma,pout
poverty,60,cleaned-dictionary,preserved,
pow,60,cleaned-dictionary,preserved,
powder,60,cleaned-dictionary,preserved,
powders,60,esdb-inflection,inherited-from-lemma,powder
power,60,cleaned-dictionary,preserved,
powered,60,esdb-inflection,inherited-from-lemma,power
powers,60,esdb-inflection,inherited-from-lemma,power
pox,60,cleaned-dictionary,preserved,
poxes,60,esdb-inflection,inherited-from-lemma,pox
prairie,60,cleaned-dictionary,preserved,
praise,60,cleaned-dictionary,preserved,
praised,60,cleaned-dictionary,preserved,
praises,60,esdb-inflection,inherited-from-lemma,praise
pram,60,cleaned-dictionary,preserved,
prams,60,esdb-inflection,inherited-from-lemma,pram
prang,60,cleaned-dictionary,preserved,
pranged,60,esdb-inflection,inherited-from-lemma,prang
prangs,60,esdb-inflection,inherited-from-lemma,prang
prank,60,cleaned-dictionary,preserved,
pranks,60,esdb-inflection,inherited-from-lemma,prank
prat,60,cleaned-dictionary,preserved,
prate,60,cleaned-dictionary,preserved,
prated,60,esdb-inflection,inherited-from-lemma,prate
prates,60,esdb-inflection,inherited-from-lemma,prate
prating,60,esdb-inflection,inherited-from-lemma,prate
prats,60,esdb-inflection,inherited-from-lemma,prat
prattle,60,cleaned-dictionary,preserved,
prawn,60,cleaned-dictionary,preserved,
prawned,60,esdb-inflection,inherited-from-lemma,prawn
prawns,60,esdb-inflection,inherited-from-lemma,prawn
praxis,60,cleaned-dictionary,preserved,
pray,60,cleaned-dictionary,preserved,
prayed,60,cleaned-dictionary,preserved,
prayer,60,cleaned-dictionary,preserved,
prayers,60,cleaned-dictionary,preserved,
praying,60,cleaned-dictionary,preserved,
prays,60,esdb-inflection,inherited-from-lemma,pray
preach,60,cleaned-dictionary,preserved,
precede,60,cleaned-dictionary,preserved,
precept,60,cleaned-dictionary,preserved,
precis,60,cleaned-dictionary,preserved,
precise,60,cleaned-dictionary,preserved,
predawn,60,cleaned-dictionary,preserved,
predict,60,cleaned-dictionary,preserved,
preempt,60,cleaned-dictionary,preserved,
preen,60,cleaned-dictionary,preserved,
preened,60,esdb-inflection,inherited-from-lemma,preen
preens,60,esdb-inflection,inherited-from-lemma,preen
prefab,60,cleaned-dictionary,preserved,
preface,60,cleaned-dictionary,preserved,
prefect,60,cleaned-dictionary,preserved,
prefer,60,cleaned-dictionary,preserved,
prefers,60,esdb-inflection,inherited-from-lemma,prefer
prefix,60,cleaned-dictionary,preserved,
prelacy,60,cleaned-dictionary,preserved,
prelate,60,cleaned-dictionary,preserved,
prelude,60,cleaned-dictionary,preserved,
premier,60,cleaned-dictionary,preserved,
premise,60,cleaned-dictionary,preserved,
premium,60,cleaned-dictionary,preserved,
prenup,60,cleaned-dictionary,preserved,
prenups,60,esdb-inflection,inherited-from-lemma,prenup
prep,60,cleaned-dictionary,preserved,
prepare,60,cleaned-dictionary,preserved,
prepend,60,cleaned-dictionary,preserved,
prepped,60,esdb-inflection,inherited-from-lemma,prep
preps,60,esdb-inflection,inherited-from-lemma,prep
prepuce,60,cleaned-dictionary,preserved,
prequel,60,cleaned-dictionary,preserved,
present,60,cleaned-dictionary,preserved,
press,60,cleaned-dictionary,preserved,
pressed,60,esdb-inflection,inherited-from-lemma,press
presses,60,esdb-inflection,inherited-from-lemma,press
presto,60,cleaned-dictionary,preserved,
prestos,60,esdb-inflection,inherited-from-lemma,presto
presume,60,cleaned-dictionary,preserved,
pretend,60,cleaned-dictionary,preserved,
pretext,60,cleaned-dictionary,preserved,
pretty,60,cleaned-dictionary,preserved,
pretzel,60,cleaned-dictionary,preserved,
prevail,60,cleaned-dictionary,preserved,
prevent,60,cleaned-dictionary,preserved,
prewar,60,cleaned-dictionary,preserved,
prey,60,cleaned-dictionary,preserved,
preyed,60,esdb-inflection,inherited-from-lemma,prey
preying,60,esdb-inflection,inherited-from-lemma,prey
preys,60,esdb-inflection,inherited-from-lemma,prey
price,60,cleaned-dictionary,preserved,
priced,60,esdb-inflection,inherited-from-lemma,price
prices,60,cleaned-dictionary,preserved,
pricing,60,cleaned-dictionary,preserved,
prick,60,cleaned-dictionary,preserved,
pricked,60,esdb-inflection,inherited-from-lemma,prick
pricker,60,cleaned-dictionary,preserved,
pricks,60,esdb-inflection,inherited-from-lemma,prick
pride,60,cleaned-dictionary,preserved,
prided,60,esdb-inflection,inherited-from-lemma,pride
prides,60,esdb-inflection,inherited-from-lemma,pride
priding,60,esdb-inflection,inherited-from-lemma,pride
pried,60,esdb-inflection,inherited-from-lemma,pry
pries,60,esdb-inflection,inherited-from-lemma,pry
priest,60,cleaned-dictionary,preserved,
priests,60,cleaned-dictionary,preserved,
prig,60,cleaned-dictionary,preserved,
prigs,60,esdb-inflection,inherited-from-lemma,prig
prim,60,cleaned-dictionary,preserved,
primacy,60,cleaned-dictionary,preserved,
primal,60,cleaned-dictionary,preserved,
primary,60,cleaned-dictionary,preserved,
primate,60,cleaned-dictionary,preserved,
prime,60,cleaned-dictionary,preserved,
primed,60,esdb-inflection,inherited-from-lemma,prime
primer,60,cleaned-dictionary,preserved,
primers,60,esdb-inflection,inherited-from-lemma,primer
priming,60,esdb-inflection,inherited-from-lemma,prime
primmer,60,esdb-inflection,inherited-from-lemma,prim
primp,60,cleaned-dictionary,preserved,
primped,60,esdb-inflection,inherited-from-lemma,primp
primps,60,esdb-inflection,inherited-from-lemma,primp
primula,60,cleaned-dictionary,preserved,
prince,60,cleaned-dictionary,preserved,
princes,60,cleaned-dictionary,preserved,
print,60,cleaned-dictionary,preserved,
printed,60,esdb-inflection,inherited-from-lemma,print
printer,60,cleaned-dictionary,preserved,
prints,60,cleaned-dictionary,preserved,
prion,60,cleaned-dictionary,preserved,
prions,60,esdb-inflection,inherited-from-lemma,prion
prior,60,cleaned-dictionary,preserved,
priors,60,esdb-inflection,inherited-from-lemma,prior
priory,60,cleaned-dictionary,preserved,
prism,60,cleaned-dictionary,preserved,
prisms,60,esdb-inflection,inherited-from-lemma,prism
prison,60,cleaned-dictionary,preserved,
prisons,60,cleaned-dictionary,preserved,
privacy,60,cleaned-dictionary,preserved,
private,60,cleaned-dictionary,preserved,
privier,60,esdb-inflection,inherited-from-lemma,privy
privies,60,esdb-inflection,inherited-from-lemma,privy
privy,60,cleaned-dictionary,preserved,
prize,60,cleaned-dictionary,preserved,
prized,60,esdb-inflection,inherited-from-lemma,prize
prizes,60,esdb-inflection,inherited-from-lemma,prize
prizing,60,esdb-inflection,inherited-from-lemma,prize
pro,60,cleaned-dictionary,preserved,
probe,60,cleaned-dictionary,preserved,
probed,60,esdb-inflection,inherited-from-lemma,probe
probes,60,esdb-inflection,inherited-from-lemma,probe
probing,60,esdb-inflection,inherited-from-lemma,probe
probity,60,cleaned-dictionary,preserved,
problem,60,cleaned-dictionary,preserved,
proceed,60,cleaned-dictionary,preserved,
process,60,cleaned-dictionary,preserved,
proctor,60,cleaned-dictionary,preserved,
procure,60,cleaned-dictionary,preserved,
prodigy,60,cleaned-dictionary,preserved,
produce,60,cleaned-dictionary,preserved,
product,60,cleaned-dictionary,preserved,
profane,60,cleaned-dictionary,preserved,
profess,60,cleaned-dictionary,preserved,
proffer,60,cleaned-dictionary,preserved,
profile,60,cleaned-dictionary,preserved,
profit,60,cleaned-dictionary,preserved,
profits,60,cleaned-dictionary,preserved,
profuse,60,cleaned-dictionary,preserved,
progeny,60,cleaned-dictionary,preserved,
program,60,cleaned-dictionary,preserved,
project,60,cleaned-dictionary,preserved,
prole,60,cleaned-dictionary,preserved,
proles,60,esdb-inflection,inherited-from-lemma,prole
prolix,60,cleaned-dictionary,preserved,
prolong,60,cleaned-dictionary,preserved,
prom,60,cleaned-dictionary,preserved,
promise,60,cleaned-dictionary,preserved,
promo,60,cleaned-dictionary,preserved,
promos,60,esdb-inflection,inherited-from-lemma,promo
promote,60,cleaned-dictionary,preserved,
prompt,60,cleaned-dictionary,preserved,
proms,60,esdb-inflection,inherited-from-lemma,prom
prone,60,cleaned-dictionary,preserved,
prong,60,cleaned-dictionary,preserved,
prongs,60,esdb-inflection,inherited-from-lemma,prong
pronoun,60,cleaned-dictionary,preserved,
pronto,60,cleaned-dictionary,preserved,
proof,60,cleaned-dictionary,preserved,
proofed,60,esdb-inflection,inherited-from-lemma,proof
proofs,60,cleaned-dictionary,preserved,
prop,60,cleaned-dictionary,preserved,
propane,60,cleaned-dictionary,preserved,
propel,60,cleaned-dictionary,preserved,
propels,60,esdb-inflection,inherited-from-lemma,propel
proper,60,cleaned-dictionary,preserved,
prophet,60,cleaned-dictionary,preserved,
propose,60,cleaned-dictionary,preserved,
propped,60,esdb-inflection,inherited-from-lemma,prop
props,60,cleaned-dictionary,preserved,
prorate,60,cleaned-dictionary,preserved,
pros,60,esdb-inflection,inherited-from-lemma,pro
prosaic,60,cleaned-dictionary,preserved,
prose,60,cleaned-dictionary,preserved,
prosier,60,esdb-inflection,inherited-from-lemma,prosy
prosper,60,cleaned-dictionary,preserved,
prosy,60,cleaned-dictionary,preserved,
protean,60,cleaned-dictionary,preserved,
protect,60,cleaned-dictionary,preserved,
protege,60,cleaned-dictionary,preserved,
protein,60,cleaned-dictionary,preserved,
protest,60,cleaned-dictionary,preserved,
proton,60,cleaned-dictionary,preserved,
protons,60,esdb-inflection,inherited-from-lemma,proton
proud,60,cleaned-dictionary,preserved,
prouder,60,esdb-inflection,inherited-from-lemma,proud
prove,60,cleaned-dictionary,preserved,
proved,60,cleaned-dictionary,preserved,
proven,60,cleaned-dictionary,preserved,
proverb,60,cleaned-dictionary,preserved,
proves,60,cleaned-dictionary,preserved,
provide,60,cleaned-dictionary,preserved,
proving,60,cleaned-dictionary,preserved,
provoke,60,cleaned-dictionary,preserved,
provost,60,cleaned-dictionary,preserved,
prow,60,cleaned-dictionary,preserved,
prows,60,esdb-inflection,inherited-from-lemma,prow
proxies,60,esdb-inflection,inherited-from-lemma,proxy
proxy,60,cleaned-dictionary,preserved,
prude,60,cleaned-dictionary,preserved,
prudent,60,cleaned-dictionary,preserved,
prudes,60,esdb-inflection,inherited-from-lemma,prude
prudish,60,cleaned-dictionary,preserved,
prune,60,cleaned-dictionary,preserved,
pruned,60,esdb-inflection,inherited-from-lemma,prune
prunes,60,esdb-inflection,inherited-from-lemma,prune
pruning,60,esdb-inflection,inherited-from-lemma,prune
pry,60,cleaned-dictionary,preserved,
prying,60,esdb-inflection,inherited-from-lemma,pry
psalm,60,cleaned-dictionary,preserved,
psalms,60,cleaned-dictionary,preserved,
pseudo,60,cleaned-dictionary,preserved,
pshaw,60,cleaned-dictionary,preserved,
pshaws,60,esdb-inflection,inherited-from-lemma,pshaw
psi,60,cleaned-dictionary,preserved,
psis,60,esdb-inflection,inherited-from-lemma,psi
psych,60,cleaned-dictionary,preserved,
psyche,60,cleaned-dictionary,preserved,
psyched,60,esdb-inflection,inherited-from-lemma,psych
psyches,60,esdb-inflection,inherited-from-lemma,psyche
psychic,60,cleaned-dictionary,preserved,
psycho,60,cleaned-dictionary,preserved,
psychos,60,esdb-inflection,inherited-from-lemma,psycho
psychs,60,esdb-inflection,inherited-from-lemma,psych
pub,60,cleaned-dictionary,preserved,
puberty,60,cleaned-dictionary,preserved,
pubes,60,cleaned-dictionary,preserved,
pubic,60,cleaned-dictionary,preserved,
pubis,60,cleaned-dictionary,preserved,
public,60,cleaned-dictionary,preserved,
publish,60,cleaned-dictionary,preserved,
pubs,60,esdb-inflection,inherited-from-lemma,pub
puce,60,cleaned-dictionary,preserved,
puck,60,cleaned-dictionary,preserved,
pucks,60,esdb-inflection,inherited-from-lemma,puck
pud,60,cleaned-dictionary,preserved,
pudding,60,cleaned-dictionary,preserved,
puds,60,esdb-inflection,inherited-from-lemma,pud
pueblo,60,cleaned-dictionary,preserved,
pueblos,60,esdb-inflection,inherited-from-lemma,pueblo
puerile,60,cleaned-dictionary,preserved,
puff,60,cleaned-dictionary,preserved,
puffed,60,cleaned-dictionary,preserved,
puffin,60,cleaned-dictionary,preserved,
puffing,60,esdb-inflection,inherited-from-lemma,puff
puffins,60,esdb-inflection,inherited-from-lemma,puffin
puffs,60,esdb-inflection,inherited-from-lemma,puff
pug,60,cleaned-dictionary,preserved,
pugs,60,esdb-inflection,inherited-from-lemma,pug
puke,60,cleaned-dictionary,preserved,
puked,60,esdb-inflection,inherited-from-lemma,puke
pukes,60,esdb-inflection,inherited-from-lemma,puke
puking,60,esdb-inflection,inherited-from-lemma,puke
pukka,60,cleaned-dictionary,preserved,
pule,60,cleaned-dictionary,preserved,
puled,60,esdb-inflection,inherited-from-lemma,pule
pules,60,esdb-inflection,inherited-from-lemma,pule
puling,60,esdb-inflection,inherited-from-lemma,pule
pull,60,cleaned-dictionary,preserved,
pulled,60,cleaned-dictionary,preserved,
pullet,60,cleaned-dictionary,preserved,
pullets,60,esdb-inflection,inherited-from-lemma,pullet
pulley,60,cleaned-dictionary,preserved,
pulleys,60,esdb-inflection,inherited-from-lemma,pulley
pulling,60,cleaned-dictionary,preserved,
pullout,60,cleaned-dictionary,preserved,
pulls,60,esdb-inflection,inherited-from-lemma,pull
pulp,60,cleaned-dictionary,preserved,
pulped,60,esdb-inflection,inherited-from-lemma,pulp
pulping,60,esdb-inflection,inherited-from-lemma,pulp
pulpit,60,cleaned-dictionary,preserved,
pulpits,60,esdb-inflection,inherited-from-lemma,pulpit
pulps,60,esdb-inflection,inherited-from-lemma,pulp
pulse,60,cleaned-dictionary,preserved,
pulsed,60,esdb-inflection,inherited-from-lemma,pulse
pulses,60,cleaned-dictionary,preserved,
pulsing,60,esdb-inflection,inherited-from-lemma,pulse
puma,60,cleaned-dictionary,preserved,
pumas,60,esdb-inflection,inherited-from-lemma,puma
pumice,60,cleaned-dictionary,preserved,
pumices,60,esdb-inflection,inherited-from-lemma,pumice
pump,60,cleaned-dictionary,preserved,
pumped,60,esdb-inflection,inherited-from-lemma,pump
pumping,60,esdb-inflection,inherited-from-lemma,pump
pumpkin,60,cleaned-dictionary,preserved,
pumps,60,cleaned-dictionary,preserved,
pun,60,cleaned-dictionary,preserved,
punch,60,cleaned-dictionary,preserved,
punched,60,esdb-inflection,inherited-from-lemma,punch
punches,60,esdb-inflection,inherited-from-lemma,punch
pundit,60,cleaned-dictionary,preserved,
pundits,60,esdb-inflection,inherited-from-lemma,pundit
pungent,60,cleaned-dictionary,preserved,
punier,60,esdb-inflection,inherited-from-lemma,puny
puniest,60,esdb-inflection,inherited-from-lemma,puny
punish,60,cleaned-dictionary,preserved,
punk,60,cleaned-dictionary,preserved,
punker,60,esdb-inflection,inherited-from-lemma,punk
punkest,60,esdb-inflection,inherited-from-lemma,punk
punks,60,esdb-inflection,inherited-from-lemma,punk
punned,60,esdb-inflection,inherited-from-lemma,pun
punnet,60,cleaned-dictionary,preserved,
punnets,60,esdb-inflection,inherited-from-lemma,punnet
punning,60,cleaned-dictionary,preserved,
puns,60,cleaned-dictionary,preserved,
punster,60,cleaned-dictionary,preserved,
punt,60,cleaned-dictionary,preserved,
punted,60,esdb-inflection,inherited-from-lemma,punt
punter,60,cleaned-dictionary,preserved,
punters,60,esdb-inflection,inherited-from-lemma,punter
punting,60,esdb-inflection,inherited-from-lemma,punt
punts,60,esdb-inflection,inherited-from-lemma,punt
puny,60,cleaned-dictionary,preserved,
pupa,60,cleaned-dictionary,preserved,
pupae,60,esdb-inflection,inherited-from-lemma,pupa
pupate,60,cleaned-dictionary,preserved,
pupated,60,esdb-inflection,inherited-from-lemma,pupate
pupates,60,esdb-inflection,inherited-from-lemma,pupate
pupil,60,cleaned-dictionary,preserved,
pupils,60,cleaned-dictionary,preserved,
puppet,60,cleaned-dictionary,preserved,
puppets,60,esdb-inflection,inherited-from-lemma,puppet
puppies,60,esdb-inflection,inherited-from-lemma,puppy
puppy,60,cleaned-dictionary,preserved,
purdah,60,cleaned-dictionary,preserved,
pure,60,cleaned-dictionary,preserved,
puree,60,cleaned-dictionary,preserved,
pureed,60,esdb-inflection,inherited-from-lemma,puree
purees,60,esdb-inflection,inherited-from-lemma,puree
purely,60,cleaned-dictionary,preserved,
purer,60,cleaned-dictionary,preserved,
purest,60,cleaned-dictionary,preserved,
purge,60,cleaned-dictionary,preserved,
purged,60,esdb-inflection,inherited-from-lemma,purge
purges,60,esdb-inflection,inherited-from-lemma,purge
purging,60,esdb-inflection,inherited-from-lemma,purge
purify,60,cleaned-dictionary,preserved,
purine,60,cleaned-dictionary,preserved,
purines,60,esdb-inflection,inherited-from-lemma,purine
puritan,60,cleaned-dictionary,preserved,
purity,60,cleaned-dictionary,preserved,
purl,60,cleaned-dictionary,preserved,
purled,60,esdb-inflection,inherited-from-lemma,purl
purlieu,60,cleaned-dictionary,preserved,
purling,60,esdb-inflection,inherited-from-lemma,purl
purloin,60,cleaned-dictionary,preserved,
purls,60,esdb-inflection,inherited-from-lemma,purl
purple,60,cleaned-dictionary,preserved,
purpler,60,esdb-inflection,inherited-from-lemma,purple
purples,60,esdb-inflection,inherited-from-lemma,purple
purport,60,cleaned-dictionary,preserved,
purpose,60,cleaned-dictionary,preserved,
purr,60,cleaned-dictionary,preserved,
purred,60,esdb-inflection,inherited-from-lemma,purr
purring,60,esdb-inflection,inherited-from-lemma,purr
purrs,60,esdb-inflection,inherited-from-lemma,purr
purse,60,cleaned-dictionary,preserved,
pursed,60,esdb-inflection,inherited-from-lemma,purse
purses,60,esdb-inflection,inherited-from-lemma,purse
pursing,60,esdb-inflection,inherited-from-lemma,purse
pursue,60,cleaned-dictionary,preserved,
pursued,60,cleaned-dictionary,preserved,
pursues,60,esdb-inflection,inherited-from-lemma,pursue
pursuit,60,cleaned-dictionary,preserved,
purvey,60,cleaned-dictionary,preserved,
purveys,60,esdb-inflection,inherited-from-lemma,purvey
purview,60,cleaned-dictionary,preserved,
pus,60,cleaned-dictionary,preserved,
push,60,cleaned-dictionary,preserved,
pushed,60,cleaned-dictionary,preserved,
pushes,60,esdb-inflection,inherited-from-lemma,push
pushier,60,esdb-inflection,inherited-from-lemma,pushy
pushing,60,cleaned-dictionary,preserved,
pushy,60,cleaned-dictionary,preserved,
puss,60,cleaned-dictionary,preserved,
pusses,60,esdb-inflection,inherited-from-lemma,puss
pustule,60,cleaned-dictionary,preserved,
put,60,cleaned-dictionary,preserved,
putrefy,60,cleaned-dictionary,preserved,
putrid,60,cleaned-dictionary,preserved,
puts,60,esdb-inflection,inherited-from-lemma,put
putsch,60,cleaned-dictionary,preserved,
putt,60,cleaned-dictionary,preserved,
putted,60,esdb-inflection,inherited-from-lemma,putt
putter,60,cleaned-dictionary,preserved,
putters,60,esdb-inflection,inherited-from-lemma,putter
putting,60,cleaned-dictionary,preserved,
putts,60,esdb-inflection,inherited-from-lemma,putt
putz,60,cleaned-dictionary,preserved,
putzes,60,esdb-inflection,inherited-from-lemma,putz
puzzle,60,cleaned-dictionary,preserved,
puzzled,60,cleaned-dictionary,preserved,
puzzles,60,cleaned-dictionary,preserved,
pygmies,60,esdb-inflection,inherited-from-lemma,pygmy
pygmy,60,cleaned-dictionary,preserved,
pylon,60,cleaned-dictionary,preserved,
pylons,60,esdb-inflection,inherited-from-lemma,pylon
pylori,60,esdb-inflection,inherited-from-lemma,pylorus
pylorus,60,cleaned-dictionary,preserved,
pyramid,60,cleaned-dictionary,preserved,
pyre,60,cleaned-dictionary,preserved,
pyres,60,esdb-inflection,inherited-from-lemma,pyre
pyrite,60,cleaned-dictionary,preserved,
pyrites,60,cleaned-dictionary,preserved,
python,60,cleaned-dictionary,preserved,
pythons,60,esdb-inflection,inherited-from-lemma,python
qua,60,cleaned-dictionary,preserved,
quack,60,cleaned-dictionary,preserved,
quacked,60,esdb-inflection,inherited-from-lemma,quack
quacks,60,esdb-inflection,inherited-from-lemma,quack
quad,60,cleaned-dictionary,preserved,
quads,60,esdb-inflection,inherited-from-lemma,quad
quaff,60,cleaned-dictionary,preserved,
quaffed,60,esdb-inflection,inherited-from-lemma,quaff
quaffs,60,esdb-inflection,inherited-from-lemma,quaff
quahog,60,cleaned-dictionary,preserved,
quahogs,60,esdb-inflection,inherited-from-lemma,quahog
quail,60,cleaned-dictionary,preserved,
quailed,60,esdb-inflection,inherited-from-lemma,quail
quails,60,esdb-inflection,inherited-from-lemma,quail
quaint,60,cleaned-dictionary,preserved,
quake,60,cleaned-dictionary,preserved,
quaked,60,esdb-inflection,inherited-from-lemma,quake
quakes,60,esdb-inflection,inherited-from-lemma,quake
quaking,60,esdb-inflection,inherited-from-lemma,quake
qualify,60,cleaned-dictionary,preserved,
quality,60,cleaned-dictionary,preserved,
qualm,60,cleaned-dictionary,preserved,
qualms,60,esdb-inflection,inherited-from-lemma,qualm
quango,60,cleaned-dictionary,preserved,
quangos,60,esdb-inflection,inherited-from-lemma,quango
quanta,60,cleaned-dictionary,preserved,
quantum,60,cleaned-dictionary,preserved,
quark,60,cleaned-dictionary,preserved,
quarks,60,esdb-inflection,inherited-from-lemma,quark
quarrel,60,cleaned-dictionary,preserved,
quarry,60,cleaned-dictionary,preserved,
quart,60,cleaned-dictionary,preserved,
quarter,60,cleaned-dictionary,preserved,
quartet,60,cleaned-dictionary,preserved,
quarto,60,cleaned-dictionary,preserved,
quartos,60,esdb-inflection,inherited-from-lemma,quarto
quarts,60,esdb-inflection,inherited-from-lemma,quart
quartz,60,cleaned-dictionary,preserved,
quasar,60,cleaned-dictionary,preserved,
quasars,60,esdb-inflection,inherited-from-lemma,quasar
quash,60,cleaned-dictionary,preserved,
quashed,60,esdb-inflection,inherited-from-lemma,quash
quashes,60,esdb-inflection,inherited-from-lemma,quash
quasi,60,cleaned-dictionary,preserved,
quaver,60,cleaned-dictionary,preserved,
quavers,60,esdb-inflection,inherited-from-lemma,quaver
quay,60,cleaned-dictionary,preserved,
quays,60,esdb-inflection,inherited-from-lemma,quay
qubit,60,cleaned-dictionary,preserved,
qubits,60,esdb-inflection,inherited-from-lemma,qubit
queasy,60,cleaned-dictionary,preserved,
queen,60,cleaned-dictionary,preserved,
queened,60,esdb-inflection,inherited-from-lemma,queen
queenly,60,cleaned-dictionary,preserved,
queens,60,esdb-inflection,inherited-from-lemma,queen
queer,60,cleaned-dictionary,preserved,
queered,60,esdb-inflection,inherited-from-lemma,queer
queerer,60,esdb-inflection,inherited-from-lemma,queer
quell,60,cleaned-dictionary,preserved,
quelled,60,esdb-inflection,inherited-from-lemma,quell
quells,60,esdb-inflection,inherited-from-lemma,quell
quench,60,cleaned-dictionary,preserved,
queried,60,esdb-inflection,inherited-from-lemma,query
queries,60,cleaned-dictionary,preserved,
query,60,cleaned-dictionary,preserved,
quest,60,cleaned-dictionary,preserved,
quested,60,esdb-inflection,inherited-from-lemma,quest
quests,60,esdb-inflection,inherited-from-lemma,quest
queue,60,cleaned-dictionary,preserved,
queued,60,esdb-inflection,inherited-from-lemma,queue
queues,60,esdb-inflection,inherited-from-lemma,queue
queuing,60,esdb-inflection,inherited-from-lemma,queue
quibble,60,cleaned-dictionary,preserved,
quiche,60,cleaned-dictionary,preserved,
quiches,60,esdb-inflection,inherited-from-lemma,quiche
quick,60,cleaned-dictionary,preserved,
quicken,60,cleaned-dictionary,preserved,
quicker,60,cleaned-dictionary,preserved,
quickie,60,cleaned-dictionary,preserved,
quickly,60,cleaned-dictionary,preserved,
quid,60,cleaned-dictionary,preserved,
quids,60,esdb-inflection,inherited-from-lemma,quid
quiet,60,cleaned-dictionary,preserved,
quieted,60,esdb-inflection,inherited-from-lemma,quiet
quieten,60,cleaned-dictionary,preserved,
quieter,60,esdb-inflection,inherited-from-lemma,quiet
quietly,60,cleaned-dictionary,preserved,
quiets,60,esdb-inflection,inherited-from-lemma,quiet
quietus,60,cleaned-dictionary,preserved,
quiff,60,cleaned-dictionary,preserved,
quiffs,60,esdb-inflection,inherited-from-lemma,quiff
quilt,60,cleaned-dictionary,preserved,
quilted,60,esdb-inflection,inherited-from-lemma,quilt
quilter,60,cleaned-dictionary,preserved,
quilts,60,esdb-inflection,inherited-from-lemma,quilt
quince,60,cleaned-dictionary,preserved,
quinces,60,esdb-inflection,inherited-from-lemma,quince
quinine,60,cleaned-dictionary,preserved,
quinoa,60,cleaned-dictionary,preserved,
quinsy,60,cleaned-dictionary,preserved,
quintet,60,cleaned-dictionary,preserved,
quip,60,cleaned-dictionary,preserved,
quipped,60,esdb-inflection,inherited-from-lemma,quip
quips,60,esdb-inflection,inherited-from-lemma,quip
quire,60,cleaned-dictionary,preserved,
quires,60,esdb-inflection,inherited-from-lemma,quire
quirk,60,cleaned-dictionary,preserved,
quirked,60,esdb-inflection,inherited-from-lemma,quirk
quirks,60,esdb-inflection,inherited-from-lemma,quirk
quirky,60,cleaned-dictionary,preserved,
quirt,60,cleaned-dictionary,preserved,
quirts,60,esdb-inflection,inherited-from-lemma,quirt
quit,60,cleaned-dictionary,preserved,
quite,60,cleaned-dictionary,preserved,
quits,60,esdb-inflection,inherited-from-lemma,quit
quitter,60,cleaned-dictionary,preserved,
quiver,60,cleaned-dictionary,preserved,
quivers,60,esdb-inflection,inherited-from-lemma,quiver
quiz,60,cleaned-dictionary,preserved,
quizzed,60,esdb-inflection,inherited-from-lemma,quiz
quizzes,60,esdb-inflection,inherited-from-lemma,quiz
quoin,60,cleaned-dictionary,preserved,
quoins,60,esdb-inflection,inherited-from-lemma,quoin
quondam,60,cleaned-dictionary,preserved,
quorate,60,cleaned-dictionary,preserved,
quorum,60,cleaned-dictionary,preserved,
quorums,60,esdb-inflection,inherited-from-lemma,quorum
quota,60,cleaned-dictionary,preserved,
quotas,60,esdb-inflection,inherited-from-lemma,quota
quote,60,cleaned-dictionary,preserved,
quoted,60,esdb-inflection,inherited-from-lemma,quote
quotes,60,cleaned-dictionary,preserved,
quoth,60,cleaned-dictionary,preserved,
quoting,60,esdb-inflection,inherited-from-lemma,quote
qwerty,60,cleaned-dictionary,preserved,
rabbet,60,cleaned-dictionary,preserved,
rabbets,60,esdb-inflection,inherited-from-lemma,rabbet
rabbi,60,cleaned-dictionary,preserved,
rabbis,60,esdb-inflection,inherited-from-lemma,rabbi
rabbit,60,cleaned-dictionary,preserved,
rabbits,60,esdb-inflection,inherited-from-lemma,rabbit
rabble,60,cleaned-dictionary,preserved,
rabbles,60,esdb-inflection,inherited-from-lemma,rabble
rabid,60,cleaned-dictionary,preserved,
rabies,60,cleaned-dictionary,preserved,
raccoon,60,cleaned-dictionary,preserved,
race,60,cleaned-dictionary,preserved,
raced,60,esdb-inflection,inherited-from-lemma,race
races,60,cleaned-dictionary,preserved,
racial,60,cleaned-dictionary,preserved,
racier,60,esdb-inflection,inherited-from-lemma,racy
raciest,60,esdb-inflection,inherited-from-lemma,racy
racing,60,esdb-inflection,inherited-from-lemma,race
racism,60,cleaned-dictionary,preserved,
racist,60,cleaned-dictionary,preserved,
racists,60,esdb-inflection,inherited-from-lemma,racist
rack,60,cleaned-dictionary,preserved,
racked,60,esdb-inflection,inherited-from-lemma,rack
racket,60,cleaned-dictionary,preserved,
rackets,60,esdb-inflection,inherited-from-lemma,racket
racking,60,esdb-inflection,inherited-from-lemma,rack
racks,60,esdb-inflection,inherited-from-lemma,rack
racy,60,cleaned-dictionary,preserved,
rad,60,cleaned-dictionary,preserved,
radar,60,cleaned-dictionary,preserved,
radars,60,esdb-inflection,inherited-from-lemma,radar
radian,60,cleaned-dictionary,preserved,
radians,60,cleaned-dictionary,preserved,
radiant,60,cleaned-dictionary,preserved,
radiate,60,cleaned-dictionary,preserved,
radical,60,cleaned-dictionary,preserved,
radii,60,cleaned-dictionary,preserved,
radio,60,cleaned-dictionary,preserved,
radioed,60,esdb-inflection,inherited-from-lemma,radio
radios,60,esdb-inflection,inherited-from-lemma,radio
radish,60,cleaned-dictionary,preserved,
radium,60,cleaned-dictionary,preserved,
radius,60,cleaned-dictionary,preserved,
radon,60,cleaned-dictionary,preserved,
rads,60,esdb-inflection,inherited-from-lemma,rad
raffia,60,cleaned-dictionary,preserved,
raffish,60,cleaned-dictionary,preserved,
raft,60,cleaned-dictionary,preserved,
rafted,60,esdb-inflection,inherited-from-lemma,raft
rafter,60,cleaned-dictionary,preserved,
rafters,60,esdb-inflection,inherited-from-lemma,rafter
rafting,60,esdb-inflection,inherited-from-lemma,raft
rafts,60,esdb-inflection,inherited-from-lemma,raft
rag,60,cleaned-dictionary,preserved,
raga,60,cleaned-dictionary,preserved,
ragas,60,esdb-inflection,inherited-from-lemma,raga
ragbag,60,cleaned-dictionary,preserved,
rage,60,cleaned-dictionary,preserved,
raged,60,esdb-inflection,inherited-from-lemma,rage
rages,60,esdb-inflection,inherited-from-lemma,rage
ragged,60,cleaned-dictionary,preserved,
ragging,60,esdb-inflection,inherited-from-lemma,rag
raging,60,cleaned-dictionary,preserved,
rags,60,esdb-inflection,inherited-from-lemma,rag
ragwort,60,cleaned-dictionary,preserved,
raid,60,cleaned-dictionary,preserved,
raided,60,esdb-inflection,inherited-from-lemma,raid
raider,60,cleaned-dictionary,preserved,
raiders,60,esdb-inflection,inherited-from-lemma,raider
raiding,60,esdb-inflection,inherited-from-lemma,raid
raids,60,esdb-inflection,inherited-from-lemma,raid
rail,60,cleaned-dictionary,preserved,
railed,60,esdb-inflection,inherited-from-lemma,rail
railing,60,cleaned-dictionary,preserved,
rails,60,esdb-inflection,inherited-from-lemma,rail
railway,60,cleaned-dictionary,preserved,
rain,60,cleaned-dictionary,preserved,
rainbow,60,cleaned-dictionary,preserved,
rained,60,esdb-inflection,inherited-from-lemma,rain
rainier,60,esdb-inflection,inherited-from-lemma,rainy
raining,60,esdb-inflection,inherited-from-lemma,rain
rains,60,esdb-inflection,inherited-from-lemma,rain
rainy,60,cleaned-dictionary,preserved,
raise,60,cleaned-dictionary,preserved,
raised,60,cleaned-dictionary,preserved,
raises,60,esdb-inflection,inherited-from-lemma,raise
raisin,60,cleaned-dictionary,preserved,
raising,60,cleaned-dictionary,preserved,
raisins,60,esdb-inflection,inherited-from-lemma,raisin
rajah,60,cleaned-dictionary,preserved,
rajahs,60,esdb-inflection,inherited-from-lemma,rajah
rake,60,cleaned-dictionary,preserved,
raked,60,esdb-inflection,inherited-from-lemma,rake
rakes,60,esdb-inflection,inherited-from-lemma,rake
raking,60,esdb-inflection,inherited-from-lemma,rake
rallied,60,esdb-inflection,inherited-from-lemma,rally
rallies,60,esdb-inflection,inherited-from-lemma,rally
rally,60,cleaned-dictionary,preserved,
ram,60,cleaned-dictionary,preserved,
ramble,60,cleaned-dictionary,preserved,
rambled,60,esdb-inflection,inherited-from-lemma,ramble
rambles,60,esdb-inflection,inherited-from-lemma,ramble
ramen,60,cleaned-dictionary,preserved,
ramify,60,cleaned-dictionary,preserved,
rammed,60,esdb-inflection,inherited-from-lemma,ram
ramming,60,esdb-inflection,inherited-from-lemma,ram
ramp,60,cleaned-dictionary,preserved,
rampage,60,cleaned-dictionary,preserved,
rampant,60,cleaned-dictionary,preserved,
ramping,60,esdb-inflection,inherited-from-lemma,ramp
ramps,60,esdb-inflection,inherited-from-lemma,ramp
ramrod,60,cleaned-dictionary,preserved,
ramrods,60,esdb-inflection,inherited-from-lemma,ramrod
rams,60,esdb-inflection,inherited-from-lemma,ram
ran,60,cleaned-dictionary,preserved,
ranch,60,cleaned-dictionary,preserved,
ranched,60,esdb-inflection,inherited-from-lemma,ranch
ranches,60,esdb-inflection,inherited-from-lemma,ranch
rancid,60,cleaned-dictionary,preserved,
rancor,60,cleaned-dictionary,preserved,
rand,60,cleaned-dictionary,preserved,
randier,60,esdb-inflection,inherited-from-lemma,randy
random,60,cleaned-dictionary,preserved,
rands,60,esdb-inflection,inherited-from-lemma,rand
randy,60,cleaned-dictionary,preserved,
ranee,60,cleaned-dictionary,preserved,
ranees,60,esdb-inflection,inherited-from-lemma,ranee
rang,60,cleaned-dictionary,preserved,
range,60,cleaned-dictionary,preserved,
ranged,60,cleaned-dictionary,preserved,
ranges,60,cleaned-dictionary,preserved,
ranging,60,cleaned-dictionary,preserved,
rank,60,cleaned-dictionary,preserved,
ranked,60,cleaned-dictionary,preserved,
ranker,60,esdb-inflection,inherited-from-lemma,rank
rankest,60,esdb-inflection,inherited-from-lemma,rank
ranking,60,cleaned-dictionary,preserved,
rankle,60,cleaned-dictionary,preserved,
rankled,60,esdb-inflection,inherited-from-lemma,rankle
rankles,60,esdb-inflection,inherited-from-lemma,rankle
ranks,60,cleaned-dictionary,preserved,
ransom,60,cleaned-dictionary,preserved,
ransoms,60,esdb-inflection,inherited-from-lemma,ransom
rant,60,cleaned-dictionary,preserved,
ranted,60,esdb-inflection,inherited-from-lemma,rant
ranter,60,cleaned-dictionary,preserved,
ranters,60,esdb-inflection,inherited-from-lemma,ranter
ranting,60,esdb-inflection,inherited-from-lemma,rant
rants,60,esdb-inflection,inherited-from-lemma,rant
rap,60,cleaned-dictionary,preserved,
rape,60,cleaned-dictionary,preserved,
raped,60,cleaned-dictionary,preserved,
rapes,60,esdb-inflection,inherited-from-lemma,rape
rapid,60,cleaned-dictionary,preserved,
rapider,60,esdb-inflection,inherited-from-lemma,rapid
rapidly,60,cleaned-dictionary,preserved,
rapids,60,esdb-inflection,inherited-from-lemma,rapid
rapier,60,cleaned-dictionary,preserved,
rapiers,60,esdb-inflection,inherited-from-lemma,rapier
raping,60,esdb-inflection,inherited-from-lemma,rape
rapist,60,cleaned-dictionary,preserved,
rapists,60,esdb-inflection,inherited-from-lemma,rapist
rapped,60,esdb-inflection,inherited-from-lemma,rap
rapper,60,cleaned-dictionary,preserved,
rappers,60,esdb-inflection,inherited-from-lemma,rapper
rapping,60,esdb-inflection,inherited-from-lemma,rap
rapport,60,cleaned-dictionary,preserved,
raps,60,esdb-inflection,inherited-from-lemma,rap
rapt,60,cleaned-dictionary,preserved,
raptor,60,cleaned-dictionary,preserved,
raptors,60,esdb-inflection,inherited-from-lemma,raptor
rapture,60,cleaned-dictionary,preserved,
rare,60,cleaned-dictionary,preserved,
rarebit,60,cleaned-dictionary,preserved,
rared,60,esdb-inflection,inherited-from-lemma,rare
rarefy,60,cleaned-dictionary,preserved,
rarely,60,cleaned-dictionary,preserved,
rarer,60,esdb-inflection,inherited-from-lemma,rare
rares,60,esdb-inflection,inherited-from-lemma,rare
rarest,60,esdb-inflection,inherited-from-lemma,rare
raring,60,esdb-inflection,inherited-from-lemma,rare
rarity,60,cleaned-dictionary,preserved,
rascal,60,cleaned-dictionary,preserved,
rascals,60,esdb-inflection,inherited-from-lemma,rascal
rash,60,cleaned-dictionary,preserved,
rasher,60,cleaned-dictionary,preserved,
rashers,60,esdb-inflection,inherited-from-lemma,rasher
rashes,60,esdb-inflection,inherited-from-lemma,rash
rashest,60,esdb-inflection,inherited-from-lemma,rash
rasp,60,cleaned-dictionary,preserved,
rasped,60,esdb-inflection,inherited-from-lemma,rasp
rasping,60,esdb-inflection,inherited-from-lemma,rasp
rasps,60,esdb-inflection,inherited-from-lemma,rasp
raster,60,cleaned-dictionary,preserved,
rat,60,cleaned-dictionary,preserved,
ratchet,60,cleaned-dictionary,preserved,
rate,60,cleaned-dictionary,preserved,
rated,60,esdb-inflection,inherited-from-lemma,rate
rater,60,cleaned-dictionary,preserved,
raters,60,esdb-inflection,inherited-from-lemma,rater
rates,60,cleaned-dictionary,preserved,
rather,60,cleaned-dictionary,preserved,
ratify,60,cleaned-dictionary,preserved,
rating,60,cleaned-dictionary,preserved,
ratings,60,esdb-inflection,inherited-from-lemma,rating
ratio,60,cleaned-dictionary,preserved,
ratios,60,cleaned-dictionary,preserved,
ratline,60,cleaned-dictionary,preserved,
rats,60,cleaned-dictionary,preserved,
ratted,60,esdb-inflection,inherited-from-lemma,rat
ratter,60,cleaned-dictionary,preserved,
ratters,60,esdb-inflection,inherited-from-lemma,ratter
ratting,60,esdb-inflection,inherited-from-lemma,rat
rattle,60,cleaned-dictionary,preserved,
rattled,60,esdb-inflection,inherited-from-lemma,rattle
rattler,60,cleaned-dictionary,preserved,
rattles,60,esdb-inflection,inherited-from-lemma,rattle
raucous,60,cleaned-dictionary,preserved,
ravage,60,cleaned-dictionary,preserved,
ravaged,60,esdb-inflection,inherited-from-lemma,ravage
ravages,60,esdb-inflection,inherited-from-lemma,ravage
rave,60,cleaned-dictionary,preserved,
raved,60,esdb-inflection,inherited-from-lemma,rave
ravel,60,cleaned-dictionary,preserved,
raveled,60,esdb-inflection,inherited-from-lemma,ravel
ravels,60,esdb-inflection,inherited-from-lemma,ravel
raven,60,cleaned-dictionary,preserved,
ravened,60,esdb-inflection,inherited-from-lemma,raven
ravens,60,esdb-inflection,inherited-from-lemma,raven
raver,60,cleaned-dictionary,preserved,
ravers,60,esdb-inflection,inherited-from-lemma,raver
raves,60,esdb-inflection,inherited-from-lemma,rave
ravine,60,cleaned-dictionary,preserved,
ravines,60,esdb-inflection,inherited-from-lemma,ravine
raving,60,esdb-inflection,inherited-from-lemma,rave
ravioli,60,cleaned-dictionary,preserved,
ravish,60,cleaned-dictionary,preserved,
raw,60,cleaned-dictionary,preserved,
rawer,60,esdb-inflection,inherited-from-lemma,raw
rawest,60,esdb-inflection,inherited-from-lemma,raw
ray,60,cleaned-dictionary,preserved,
rayon,60,cleaned-dictionary,preserved,
rays,60,cleaned-dictionary,preserved,
raze,60,cleaned-dictionary,preserved,
razed,60,esdb-inflection,inherited-from-lemma,raze
razes,60,esdb-inflection,inherited-from-lemma,raze
razing,60,esdb-inflection,inherited-from-lemma,raze
razor,60,cleaned-dictionary,preserved,
razors,60,esdb-inflection,inherited-from-lemma,razor
razz,60,cleaned-dictionary,preserved,
razzed,60,esdb-inflection,inherited-from-lemma,razz
razzes,60,esdb-inflection,inherited-from-lemma,razz
razzing,60,esdb-inflection,inherited-from-lemma,razz
reach,60,cleaned-dictionary,preserved,
reached,60,cleaned-dictionary,preserved,
reaches,60,esdb-inflection,inherited-from-lemma,reach
react,60,cleaned-dictionary,preserved,
reacted,60,cleaned-dictionary,preserved,
reactor,60,cleaned-dictionary,preserved,
reacts,60,esdb-inflection,inherited-from-lemma,react
read,60,cleaned-dictionary,preserved,
reader,60,cleaned-dictionary,preserved,
readers,60,cleaned-dictionary,preserved,
readied,60,cleaned-dictionary,preserved,
readier,60,esdb-inflection,inherited-from-lemma,ready
readies,60,esdb-inflection,inherited-from-lemma,ready
readily,60,cleaned-dictionary,preserved,
reading,60,cleaned-dictionary,preserved,
reads,60,esdb-inflection,inherited-from-lemma,read
ready,60,cleaned-dictionary,preserved,
reagent,60,cleaned-dictionary,preserved,
real,60,cleaned-dictionary,preserved,
realer,60,esdb-inflection,inherited-from-lemma,real
realest,60,esdb-inflection,inherited-from-lemma,real
realism,60,cleaned-dictionary,preserved,
reality,60,cleaned-dictionary,preserved,
realize,60,cleaned-dictionary,preserved,
really,60,cleaned-dictionary,preserved,
realm,60,cleaned-dictionary,preserved,
realms,60,esdb-inflection,inherited-from-lemma,realm
reals,60,esdb-inflection,inherited-from-lemma,real
realty,60,cleaned-dictionary,preserved,
ream,60,cleaned-dictionary,preserved,
reamed,60,esdb-inflection,inherited-from-lemma,ream
reaming,60,esdb-inflection,inherited-from-lemma,ream
reams,60,esdb-inflection,inherited-from-lemma,ream
reap,60,cleaned-dictionary,preserved,
reaped,60,esdb-inflection,inherited-from-lemma,reap
reaper,60,cleaned-dictionary,preserved,
reapers,60,esdb-inflection,inherited-from-lemma,reaper
reaping,60,esdb-inflection,inherited-from-lemma,reap
reaps,60,esdb-inflection,inherited-from-lemma,reap
rear,60,cleaned-dictionary,preserved,
reared,60,cleaned-dictionary,preserved,
rearing,60,esdb-inflection,inherited-from-lemma,rear
rearm,60,cleaned-dictionary,preserved,
rearmed,60,esdb-inflection,inherited-from-lemma,rearm
rearms,60,esdb-inflection,inherited-from-lemma,rearm
rears,60,esdb-inflection,inherited-from-lemma,rear
reason,60,cleaned-dictionary,preserved,
reasons,60,cleaned-dictionary,preserved,
rebate,60,cleaned-dictionary,preserved,
rebated,60,esdb-inflection,inherited-from-lemma,rebate
rebates,60,esdb-inflection,inherited-from-lemma,rebate
rebel,60,cleaned-dictionary,preserved,
rebels,60,cleaned-dictionary,preserved,
rebind,60,cleaned-dictionary,preserved,
rebinds,60,esdb-inflection,inherited-from-lemma,rebind
rebirth,60,cleaned-dictionary,preserved,
reboot,60,cleaned-dictionary,preserved,
reboots,60,esdb-inflection,inherited-from-lemma,reboot
reborn,60,cleaned-dictionary,preserved,
rebound,60,cleaned-dictionary,preserved,
rebuff,60,cleaned-dictionary,preserved,
rebuffs,60,esdb-inflection,inherited-from-lemma,rebuff
rebuild,60,cleaned-dictionary,preserved,
rebuilt,60,cleaned-dictionary,preserved,
rebuke,60,cleaned-dictionary,preserved,
rebuked,60,esdb-inflection,inherited-from-lemma,rebuke
rebukes,60,esdb-inflection,inherited-from-lemma,rebuke
rebus,60,cleaned-dictionary,preserved,
rebuses,60,esdb-inflection,inherited-from-lemma,rebus
rebut,60,cleaned-dictionary,preserved,
rebuts,60,esdb-inflection,inherited-from-lemma,rebut
recall,60,cleaned-dictionary,preserved,
recalls,60,esdb-inflection,inherited-from-lemma,recall
recant,60,cleaned-dictionary,preserved,
recants,60,esdb-inflection,inherited-from-lemma,recant
recap,60,cleaned-dictionary,preserved,
recaps,60,esdb-inflection,inherited-from-lemma,recap
recast,60,cleaned-dictionary,preserved,
recasts,60,esdb-inflection,inherited-from-lemma,recast
recede,60,cleaned-dictionary,preserved,
receded,60,esdb-inflection,inherited-from-lemma,recede
recedes,60,esdb-inflection,inherited-from-lemma,recede
receipt,60,cleaned-dictionary,preserved,
receive,60,cleaned-dictionary,preserved,
recent,60,cleaned-dictionary,preserved,
recess,60,cleaned-dictionary,preserved,
recipe,60,cleaned-dictionary,preserved,
recipes,60,cleaned-dictionary,preserved,
recital,60,cleaned-dictionary,preserved,
recite,60,cleaned-dictionary,preserved,
recited,60,esdb-inflection,inherited-from-lemma,recite
recites,60,esdb-inflection,inherited-from-lemma,recite
reckon,60,cleaned-dictionary,preserved,
reckons,60,esdb-inflection,inherited-from-lemma,reckon
recline,60,cleaned-dictionary,preserved,
recluse,60,cleaned-dictionary,preserved,
recoil,60,cleaned-dictionary,preserved,
recoils,60,esdb-inflection,inherited-from-lemma,recoil
record,60,cleaned-dictionary,preserved,
records,60,cleaned-dictionary,preserved,
recount,60,cleaned-dictionary,preserved,
recoup,60,cleaned-dictionary,preserved,
recoups,60,esdb-inflection,inherited-from-lemma,recoup
recover,60,cleaned-dictionary,preserved,
recruit,60,cleaned-dictionary,preserved,
rectal,60,cleaned-dictionary,preserved,
rectify,60,cleaned-dictionary,preserved,
recto,60,cleaned-dictionary,preserved,
rector,60,cleaned-dictionary,preserved,
rectors,60,esdb-inflection,inherited-from-lemma,rector
rectos,60,esdb-inflection,inherited-from-lemma,recto
rectum,60,cleaned-dictionary,preserved,
rectums,60,esdb-inflection,inherited-from-lemma,rectum
recur,60,cleaned-dictionary,preserved,
recurs,60,esdb-inflection,inherited-from-lemma,recur
recuse,60,cleaned-dictionary,preserved,
recused,60,esdb-inflection,inherited-from-lemma,recuse
recuses,60,esdb-inflection,inherited-from-lemma,recuse
recycle,60,cleaned-dictionary,preserved,
red,60,cleaned-dictionary,preserved,
redact,60,cleaned-dictionary,preserved,
redacts,60,esdb-inflection,inherited-from-lemma,redact
redcoat,60,cleaned-dictionary,preserved,
redden,60,cleaned-dictionary,preserved,
reddens,60,esdb-inflection,inherited-from-lemma,redden
redder,60,cleaned-dictionary,preserved,
reddest,60,cleaned-dictionary,preserved,
redeem,60,cleaned-dictionary,preserved,
redeems,60,esdb-inflection,inherited-from-lemma,redeem
redfish,60,cleaned-dictionary,preserved,
redhead,60,cleaned-dictionary,preserved,
redid,60,cleaned-dictionary,preserved,
redneck,60,cleaned-dictionary,preserved,
redo,60,cleaned-dictionary,preserved,
redoes,60,esdb-inflection,inherited-from-lemma,redo
redoing,60,esdb-inflection,inherited-from-lemma,redo
redone,60,cleaned-dictionary,preserved,
redound,60,cleaned-dictionary,preserved,
redress,60,cleaned-dictionary,preserved,
reds,60,esdb-inflection,inherited-from-lemma,red
redskin,60,cleaned-dictionary,preserved,
reduce,60,cleaned-dictionary,preserved,
reduced,60,cleaned-dictionary,preserved,
reduces,60,esdb-inflection,inherited-from-lemma,reduce
reed,60,cleaned-dictionary,preserved,
reeds,60,esdb-inflection,inherited-from-lemma,reed
reef,60,cleaned-dictionary,preserved,
reefed,60,esdb-inflection,inherited-from-lemma,reef
reefer,60,cleaned-dictionary,preserved,
reefers,60,esdb-inflection,inherited-from-lemma,reefer
reefing,60,esdb-inflection,inherited-from-lemma,reef
reefs,60,esdb-inflection,inherited-from-lemma,reef
reek,60,cleaned-dictionary,preserved,
reeked,60,esdb-inflection,inherited-from-lemma,reek
reeking,60,esdb-inflection,inherited-from-lemma,reek
reeks,60,esdb-inflection,inherited-from-lemma,reek
reel,60,cleaned-dictionary,preserved,
reeled,60,esdb-inflection,inherited-from-lemma,reel
reeling,60,esdb-inflection,inherited-from-lemma,reel
reels,60,esdb-inflection,inherited-from-lemma,reel
reeve,60,cleaned-dictionary,preserved,
reeves,60,esdb-inflection,inherited-from-lemma,reeve
reeving,60,esdb-inflection,inherited-from-lemma,reeve
ref,60,cleaned-dictionary,preserved,
refer,60,cleaned-dictionary,preserved,
referee,60,cleaned-dictionary,preserved,
refers,60,esdb-inflection,inherited-from-lemma,refer
reffed,60,esdb-inflection,inherited-from-lemma,ref
reffing,60,esdb-inflection,inherited-from-lemma,ref
refine,60,cleaned-dictionary,preserved,
refined,60,cleaned-dictionary,preserved,
refines,60,esdb-inflection,inherited-from-lemma,refine
reflect,60,cleaned-dictionary,preserved,
refold,60,cleaned-dictionary,preserved,
refolds,60,esdb-inflection,inherited-from-lemma,refold
reform,60,cleaned-dictionary,preserved,
reforms,60,cleaned-dictionary,preserved,
refract,60,cleaned-dictionary,preserved,
refrain,60,cleaned-dictionary,preserved,
refresh,60,cleaned-dictionary,preserved,
refs,60,esdb-inflection,inherited-from-lemma,ref
refuge,60,cleaned-dictionary,preserved,
refugee,60,cleaned-dictionary,preserved,
refuges,60,esdb-inflection,inherited-from-lemma,refuge
refund,60,cleaned-dictionary,preserved,
refunds,60,esdb-inflection,inherited-from-lemma,refund
refusal,60,cleaned-dictionary,preserved,
refuse,60,cleaned-dictionary,preserved,
refused,60,esdb-inflection,inherited-from-lemma,refuse
refuses,60,esdb-inflection,inherited-from-lemma,refuse
refute,60,cleaned-dictionary,preserved,
refuted,60,esdb-inflection,inherited-from-lemma,refute
refutes,60,esdb-inflection,inherited-from-lemma,refute
regain,60,cleaned-dictionary,preserved,
regains,60,esdb-inflection,inherited-from-lemma,regain
regal,60,cleaned-dictionary,preserved,
regalia,60,cleaned-dictionary,preserved,
regard,60,cleaned-dictionary,preserved,
regards,60,cleaned-dictionary,preserved,
regatta,60,cleaned-dictionary,preserved,
regent,60,cleaned-dictionary,preserved,
regents,60,esdb-inflection,inherited-from-lemma,regent
regex,60,cleaned-dictionary,preserved,
reggae,60,cleaned-dictionary,preserved,
regime,60,cleaned-dictionary,preserved,
regimes,60,cleaned-dictionary,preserved,
region,60,cleaned-dictionary,preserved,
regions,60,cleaned-dictionary,preserved,
regress,60,cleaned-dictionary,preserved,
regret,60,cleaned-dictionary,preserved,
regrets,60,esdb-inflection,inherited-from-lemma,regret
regular,60,cleaned-dictionary,preserved,
rehab,60,cleaned-dictionary,preserved,
rehabs,60,esdb-inflection,inherited-from-lemma,rehab
rehash,60,cleaned-dictionary,preserved,
reified,60,esdb-inflection,inherited-from-lemma,reify
reifies,60,esdb-inflection,inherited-from-lemma,reify
reify,60,cleaned-dictionary,preserved,
reign,60,cleaned-dictionary,preserved,
reigned,60,cleaned-dictionary,preserved,
reigns,60,esdb-inflection,inherited-from-lemma,reign
rein,60,cleaned-dictionary,preserved,
reined,60,esdb-inflection,inherited-from-lemma,rein
reining,60,esdb-inflection,inherited-from-lemma,rein
reins,60,esdb-inflection,inherited-from-lemma,rein
reject,60,cleaned-dictionary,preserved,
rejects,60,esdb-inflection,inherited-from-lemma,reject
rejoice,60,cleaned-dictionary,preserved,
rejoin,60,cleaned-dictionary,preserved,
rejoins,60,esdb-inflection,inherited-from-lemma,rejoin
relaid,60,esdb-inflection,inherited-from-lemma,relay
relapse,60,cleaned-dictionary,preserved,
relate,60,cleaned-dictionary,preserved,
related,60,cleaned-dictionary,preserved,
relates,60,esdb-inflection,inherited-from-lemma,relate
relax,60,cleaned-dictionary,preserved,
relaxed,60,cleaned-dictionary,preserved,
relaxes,60,esdb-inflection,inherited-from-lemma,relax
relay,60,cleaned-dictionary,preserved,
relayed,60,esdb-inflection,inherited-from-lemma,relay
relays,60,esdb-inflection,inherited-from-lemma,relay
release,60,cleaned-dictionary,preserved,
relent,60,cleaned-dictionary,preserved,
relents,60,esdb-inflection,inherited-from-lemma,relent
relic,60,cleaned-dictionary,preserved,
relics,60,esdb-inflection,inherited-from-lemma,relic
relied,60,cleaned-dictionary,preserved,
relief,60,cleaned-dictionary,preserved,
reliefs,60,esdb-inflection,inherited-from-lemma,relief
relies,60,esdb-inflection,inherited-from-lemma,rely
relieve,60,cleaned-dictionary,preserved,
relight,60,cleaned-dictionary,preserved,
relish,60,cleaned-dictionary,preserved,
relit,60,esdb-inflection,inherited-from-lemma,relight
rely,60,cleaned-dictionary,preserved,
relying,60,cleaned-dictionary,preserved,
rem,60,cleaned-dictionary,preserved,
remade,60,cleaned-dictionary,preserved,
remain,60,cleaned-dictionary,preserved,
remains,60,cleaned-dictionary,preserved,
remake,60,cleaned-dictionary,preserved,
remakes,60,esdb-inflection,inherited-from-lemma,remake
remark,60,cleaned-dictionary,preserved,
remarks,60,cleaned-dictionary,preserved,
remarry,60,cleaned-dictionary,preserved,
rematch,60,cleaned-dictionary,preserved,
remedy,60,cleaned-dictionary,preserved,
remind,60,cleaned-dictionary,preserved,
reminds,60,esdb-inflection,inherited-from-lemma,remind
remiss,60,cleaned-dictionary,preserved,
remit,60,cleaned-dictionary,preserved,
remits,60,esdb-inflection,inherited-from-lemma,remit
remnant,60,cleaned-dictionary,preserved,
remorse,60,cleaned-dictionary,preserved,
remote,60,cleaned-dictionary,preserved,
remoter,60,esdb-inflection,inherited-from-lemma,remote
remotes,60,esdb-inflection,inherited-from-lemma,remote
remount,60,cleaned-dictionary,preserved,
removal,60,cleaned-dictionary,preserved,
remove,60,cleaned-dictionary,preserved,
removed,60,cleaned-dictionary,preserved,
removes,60,esdb-inflection,inherited-from-lemma,remove
rems,60,esdb-inflection,inherited-from-lemma,rem
renal,60,cleaned-dictionary,preserved,
rename,60,cleaned-dictionary,preserved,
renamed,60,esdb-inflection,inherited-from-lemma,rename
renames,60,esdb-inflection,inherited-from-lemma,rename
rend,60,cleaned-dictionary,preserved,
render,60,cleaned-dictionary,preserved,
renders,60,esdb-inflection,inherited-from-lemma,render
rending,60,esdb-inflection,inherited-from-lemma,rend
rends,60,esdb-inflection,inherited-from-lemma,rend
renege,60,cleaned-dictionary,preserved,
reneged,60,esdb-inflection,inherited-from-lemma,renege
reneges,60,esdb-inflection,inherited-from-lemma,renege
renew,60,cleaned-dictionary,preserved,
renewed,60,cleaned-dictionary,preserved,
renews,60,esdb-inflection,inherited-from-lemma,renew
rennet,60,cleaned-dictionary,preserved,
renown,60,cleaned-dictionary,preserved,
rent,60,cleaned-dictionary,preserved,
rented,60,esdb-inflection,inherited-from-lemma,rent
renting,60,esdb-inflection,inherited-from-lemma,rent
rents,60,esdb-inflection,inherited-from-lemma,rent
reopen,60,cleaned-dictionary,preserved,
reopens,60,esdb-inflection,inherited-from-lemma,reopen
rep,60,cleaned-dictionary,preserved,
repaid,60,cleaned-dictionary,preserved,
repaint,60,cleaned-dictionary,preserved,
repair,60,cleaned-dictionary,preserved,
repairs,60,esdb-inflection,inherited-from-lemma,repair
repast,60,cleaned-dictionary,preserved,
repasts,60,esdb-inflection,inherited-from-lemma,repast
repay,60,cleaned-dictionary,preserved,
repays,60,esdb-inflection,inherited-from-lemma,repay
repeal,60,cleaned-dictionary,preserved,
repeals,60,esdb-inflection,inherited-from-lemma,repeal
repeat,60,cleaned-dictionary,preserved,
repeats,60,esdb-inflection,inherited-from-lemma,repeat
repel,60,cleaned-dictionary,preserved,
repels,60,esdb-inflection,inherited-from-lemma,repel
repent,60,cleaned-dictionary,preserved,
repents,60,esdb-inflection,inherited-from-lemma,repent
replace,60,cleaned-dictionary,preserved,
replant,60,cleaned-dictionary,preserved,
replay,60,cleaned-dictionary,preserved,
replays,60,esdb-inflection,inherited-from-lemma,replay
replete,60,cleaned-dictionary,preserved,
replica,60,cleaned-dictionary,preserved,
replied,60,cleaned-dictionary,preserved,
replies,60,cleaned-dictionary,preserved,
reply,60,cleaned-dictionary,preserved,
repo,60,cleaned-dictionary,preserved,
report,60,cleaned-dictionary,preserved,
reports,60,esdb-inflection,inherited-from-lemma,report
repos,60,esdb-inflection,inherited-from-lemma,repo
repose,60,cleaned-dictionary,preserved,
reposed,60,esdb-inflection,inherited-from-lemma,repose
reposes,60,esdb-inflection,inherited-from-lemma,repose
repress,60,cleaned-dictionary,preserved,
reproof,60,cleaned-dictionary,preserved,
reprove,60,cleaned-dictionary,preserved,
reps,60,esdb-inflection,inherited-from-lemma,rep
reptile,60,cleaned-dictionary,preserved,
repute,60,cleaned-dictionary,preserved,
reputed,60,esdb-inflection,inherited-from-lemma,repute
reputes,60,esdb-inflection,inherited-from-lemma,repute
request,60,cleaned-dictionary,preserved,
requiem,60,cleaned-dictionary,preserved,
require,60,cleaned-dictionary,preserved,
reran,60,cleaned-dictionary,preserved,
rerun,60,cleaned-dictionary,preserved,
reruns,60,esdb-inflection,inherited-from-lemma,rerun
rescue,60,cleaned-dictionary,preserved,
rescued,60,cleaned-dictionary,preserved,
rescues,60,esdb-inflection,inherited-from-lemma,rescue
resell,60,cleaned-dictionary,preserved,
resells,60,esdb-inflection,inherited-from-lemma,resell
resent,60,cleaned-dictionary,preserved,
resents,60,esdb-inflection,inherited-from-lemma,resent
reserve,60,cleaned-dictionary,preserved,
reset,60,cleaned-dictionary,preserved,
resets,60,esdb-inflection,inherited-from-lemma,reset
reside,60,cleaned-dictionary,preserved,
resided,60,esdb-inflection,inherited-from-lemma,reside
resides,60,esdb-inflection,inherited-from-lemma,reside
residue,60,cleaned-dictionary,preserved,
resign,60,cleaned-dictionary,preserved,
resigns,60,esdb-inflection,inherited-from-lemma,resign
resin,60,cleaned-dictionary,preserved,
resins,60,esdb-inflection,inherited-from-lemma,resin
resist,60,cleaned-dictionary,preserved,
resists,60,esdb-inflection,inherited-from-lemma,resist
resize,60,cleaned-dictionary,preserved,
resized,60,esdb-inflection,inherited-from-lemma,resize
resizes,60,esdb-inflection,inherited-from-lemma,resize
resold,60,cleaned-dictionary,preserved,
resolve,60,cleaned-dictionary,preserved,
resort,60,cleaned-dictionary,preserved,
resorts,60,esdb-inflection,inherited-from-lemma,resort
respect,60,cleaned-dictionary,preserved,
respond,60,cleaned-dictionary,preserved,
respray,60,cleaned-dictionary,preserved,
rest,60,cleaned-dictionary,preserved,
rested,60,esdb-inflection,inherited-from-lemma,rest
resting,60,esdb-inflection,inherited-from-lemma,rest
restive,60,cleaned-dictionary,preserved,
restore,60,cleaned-dictionary,preserved,
rests,60,cleaned-dictionary,preserved,
result,60,cleaned-dictionary,preserved,
results,60,esdb-inflection,inherited-from-lemma,result
resume,60,cleaned-dictionary,preserved,
resumed,60,cleaned-dictionary,preserved,
resumes,60,esdb-inflection,inherited-from-lemma,resume
retail,60,cleaned-dictionary,preserved,
retails,60,esdb-inflection,inherited-from-lemma,retail
retain,60,cleaned-dictionary,preserved,
retains,60,esdb-inflection,inherited-from-lemma,retain
retch,60,cleaned-dictionary,preserved,
retched,60,esdb-inflection,inherited-from-lemma,retch
retches,60,esdb-inflection,inherited-from-lemma,retch
retell,60,cleaned-dictionary,preserved,
retells,60,esdb-inflection,inherited-from-lemma,retell
rethink,60,cleaned-dictionary,preserved,
retina,60,cleaned-dictionary,preserved,
retinas,60,esdb-inflection,inherited-from-lemma,retina
retinue,60,cleaned-dictionary,preserved,
retire,60,cleaned-dictionary,preserved,
retired,60,cleaned-dictionary,preserved,
retires,60,esdb-inflection,inherited-from-lemma,retire
retold,60,esdb-inflection,inherited-from-lemma,retell
retool,60,cleaned-dictionary,preserved,
retools,60,esdb-inflection,inherited-from-lemma,retool
retort,60,cleaned-dictionary,preserved,
retorts,60,cleaned-dictionary,preserved,
retrace,60,cleaned-dictionary,preserved,
retrain,60,cleaned-dictionary,preserved,
retreat,60,cleaned-dictionary,preserved,
retried,60,esdb-inflection,inherited-from-lemma,retry
retries,60,esdb-inflection,inherited-from-lemma,retry
retro,60,cleaned-dictionary,preserved,
retros,60,esdb-inflection,inherited-from-lemma,retro
retry,60,cleaned-dictionary,preserved,
retsina,60,cleaned-dictionary,preserved,
return,60,cleaned-dictionary,preserved,
returns,60,cleaned-dictionary,preserved,
reunion,60,cleaned-dictionary,preserved,
reunite,60,cleaned-dictionary,preserved,
reuse,60,cleaned-dictionary,preserved,
reused,60,esdb-inflection,inherited-from-lemma,reuse
reuses,60,esdb-inflection,inherited-from-lemma,reuse
reusing,60,esdb-inflection,inherited-from-lemma,reuse
rev,60,cleaned-dictionary,preserved,
revamp,60,cleaned-dictionary,preserved,
revamps,60,esdb-inflection,inherited-from-lemma,revamp
reveal,60,cleaned-dictionary,preserved,
reveals,60,cleaned-dictionary,preserved,
revenge,60,cleaned-dictionary,preserved,
revenue,60,cleaned-dictionary,preserved,
reverie,60,cleaned-dictionary,preserved,
reverse,60,cleaned-dictionary,preserved,
revert,60,cleaned-dictionary,preserved,
reverts,60,esdb-inflection,inherited-from-lemma,revert
review,60,cleaned-dictionary,preserved,
reviews,60,cleaned-dictionary,preserved,
revise,60,cleaned-dictionary,preserved,
revised,60,cleaned-dictionary,preserved,
revises,60,esdb-inflection,inherited-from-lemma,revise
revisit,60,cleaned-dictionary,preserved,
revival,60,cleaned-dictionary,preserved,
revive,60,cleaned-dictionary,preserved,
revived,60,cleaned-dictionary,preserved,
revives,60,esdb-inflection,inherited-from-lemma,revive
revoke,60,cleaned-dictionary,preserved,
revoked,60,esdb-inflection,inherited-from-lemma,revoke
revokes,60,esdb-inflection,inherited-from-lemma,revoke
revolt,60,cleaned-dictionary,preserved,
revolts,60,esdb-inflection,inherited-from-lemma,revolt
revolve,60,cleaned-dictionary,preserved,
revs,60,esdb-inflection,inherited-from-lemma,rev
revved,60,esdb-inflection,inherited-from-lemma,rev
revving,60,esdb-inflection,inherited-from-lemma,rev
reward,60,cleaned-dictionary,preserved,
rewards,60,cleaned-dictionary,preserved,
rewind,60,cleaned-dictionary,preserved,
rewinds,60,esdb-inflection,inherited-from-lemma,rewind
rework,60,cleaned-dictionary,preserved,
reworks,60,esdb-inflection,inherited-from-lemma,rework
rewound,60,cleaned-dictionary,preserved,
rewrite,60,cleaned-dictionary,preserved,
rewrote,60,cleaned-dictionary,preserved,
rhea,60,cleaned-dictionary,preserved,
rheas,60,esdb-inflection,inherited-from-lemma,rhea
rhenium,60,cleaned-dictionary,preserved,
rhesus,60,cleaned-dictionary,preserved,
rheum,60,cleaned-dictionary,preserved,
rhino,60,cleaned-dictionary,preserved,
rhinos,60,esdb-inflection,inherited-from-lemma,rhino
rhizome,60,cleaned-dictionary,preserved,
rho,60,cleaned-dictionary,preserved,
rhodium,60,cleaned-dictionary,preserved,
rhombus,60,cleaned-dictionary,preserved,
rhos,60,esdb-inflection,inherited-from-lemma,rho
rhubarb,60,cleaned-dictionary,preserved,
rhyme,60,cleaned-dictionary,preserved,
rhymed,60,esdb-inflection,inherited-from-lemma,rhyme
rhymes,60,esdb-inflection,inherited-from-lemma,rhyme
rhyming,60,esdb-inflection,inherited-from-lemma,rhyme
rhythm,60,cleaned-dictionary,preserved,
rhythms,60,esdb-inflection,inherited-from-lemma,rhythm
rib,60,cleaned-dictionary,preserved,
ribald,60,cleaned-dictionary,preserved,
ribbed,60,esdb-inflection,inherited-from-lemma,rib
ribbing,60,cleaned-dictionary,preserved,
ribbon,60,cleaned-dictionary,preserved,
ribbons,60,esdb-inflection,inherited-from-lemma,ribbon
ribs,60,cleaned-dictionary,preserved,
rice,60,cleaned-dictionary,preserved,
riced,60,esdb-inflection,inherited-from-lemma,rice
ricer,60,cleaned-dictionary,preserved,
ricers,60,esdb-inflection,inherited-from-lemma,ricer
rices,60,esdb-inflection,inherited-from-lemma,rice
rich,60,cleaned-dictionary,preserved,
richer,60,cleaned-dictionary,preserved,
riches,60,cleaned-dictionary,preserved,
richest,60,cleaned-dictionary,preserved,
richly,60,cleaned-dictionary,preserved,
ricin,60,cleaned-dictionary,preserved,
ricing,60,esdb-inflection,inherited-from-lemma,rice
rick,60,cleaned-dictionary,preserved,
ricked,60,esdb-inflection,inherited-from-lemma,rick
rickets,60,cleaned-dictionary,preserved,
ricking,60,esdb-inflection,inherited-from-lemma,rick
ricks,60,esdb-inflection,inherited-from-lemma,rick
rid,60,cleaned-dictionary,preserved,
ridden,60,cleaned-dictionary,preserved,
ridding,60,esdb-inflection,inherited-from-lemma,rid
riddle,60,cleaned-dictionary,preserved,
riddled,60,esdb-inflection,inherited-from-lemma,riddle
riddles,60,esdb-inflection,inherited-from-lemma,riddle
ride,60,cleaned-dictionary,preserved,
rider,60,cleaned-dictionary,preserved,
riders,60,cleaned-dictionary,preserved,
rides,60,esdb-inflection,inherited-from-lemma,ride
ridge,60,cleaned-dictionary,preserved,
ridged,60,esdb-inflection,inherited-from-lemma,ridge
ridges,60,esdb-inflection,inherited-from-lemma,ridge
ridging,60,esdb-inflection,inherited-from-lemma,ridge
riding,60,cleaned-dictionary,preserved,
rids,60,esdb-inflection,inherited-from-lemma,rid
rife,60,cleaned-dictionary,preserved,
rifer,60,esdb-inflection,inherited-from-lemma,rife
rifest,60,esdb-inflection,inherited-from-lemma,rife
riffle,60,cleaned-dictionary,preserved,
riffled,60,esdb-inflection,inherited-from-lemma,riffle
riffles,60,esdb-inflection,inherited-from-lemma,riffle
rifle,60,cleaned-dictionary,preserved,
rifled,60,cleaned-dictionary,preserved,
rifler,60,cleaned-dictionary,preserved,
riflers,60,esdb-inflection,inherited-from-lemma,rifler
rifles,60,cleaned-dictionary,preserved,
rifling,60,cleaned-dictionary,preserved,
rig,60,cleaned-dictionary,preserved,
rigged,60,esdb-inflection,inherited-from-lemma,rig
rigger,60,cleaned-dictionary,preserved,
riggers,60,esdb-inflection,inherited-from-lemma,rigger
rigging,60,cleaned-dictionary,preserved,
right,60,cleaned-dictionary,preserved,
righted,60,esdb-inflection,inherited-from-lemma,right
righter,60,esdb-inflection,inherited-from-lemma,right
rightly,60,cleaned-dictionary,preserved,
rights,60,cleaned-dictionary,preserved,
rigid,60,cleaned-dictionary,preserved,
rigs,60,esdb-inflection,inherited-from-lemma,rig
rile,60,cleaned-dictionary,preserved,
riled,60,esdb-inflection,inherited-from-lemma,rile
riles,60,esdb-inflection,inherited-from-lemma,rile
riling,60,esdb-inflection,inherited-from-lemma,rile
rill,60,cleaned-dictionary,preserved,
rills,60,esdb-inflection,inherited-from-lemma,rill
rim,60,cleaned-dictionary,preserved,
rime,60,cleaned-dictionary,preserved,
rimed,60,esdb-inflection,inherited-from-lemma,rime
rimes,60,esdb-inflection,inherited-from-lemma,rime
riming,60,esdb-inflection,inherited-from-lemma,rime
rimmed,60,esdb-inflection,inherited-from-lemma,rim
rimming,60,esdb-inflection,inherited-from-lemma,rim
rims,60,esdb-inflection,inherited-from-lemma,rim
rind,60,cleaned-dictionary,preserved,
rinds,60,esdb-inflection,inherited-from-lemma,rind
ring,60,cleaned-dictionary,preserved,
ringed,60,esdb-inflection,inherited-from-lemma,ring
ringer,60,cleaned-dictionary,preserved,
ringers,60,esdb-inflection,inherited-from-lemma,ringer
ringgit,60,cleaned-dictionary,preserved,
ringing,60,esdb-inflection,inherited-from-lemma,ring
rings,60,cleaned-dictionary,preserved,
rink,60,cleaned-dictionary,preserved,
rinks,60,esdb-inflection,inherited-from-lemma,rink
riot,60,cleaned-dictionary,preserved,
rioted,60,esdb-inflection,inherited-from-lemma,riot
rioting,60,esdb-inflection,inherited-from-lemma,riot
riots,60,esdb-inflection,inherited-from-lemma,riot
rip,60,cleaned-dictionary,preserved,
ripe,60,cleaned-dictionary,preserved,
ripen,60,cleaned-dictionary,preserved,
ripened,60,esdb-inflection,inherited-from-lemma,ripen
ripens,60,esdb-inflection,inherited-from-lemma,ripen
riper,60,esdb-inflection,inherited-from-lemma,ripe
ripest,60,esdb-inflection,inherited-from-lemma,ripe
ripped,60,cleaned-dictionary,preserved,
ripper,60,cleaned-dictionary,preserved,
rippers,60,esdb-inflection,inherited-from-lemma,ripper
ripping,60,esdb-inflection,inherited-from-lemma,rip
rips,60,esdb-inflection,inherited-from-lemma,rip
rise,60,cleaned-dictionary,preserved,
risen,60,cleaned-dictionary,preserved,
rises,60,cleaned-dictionary,preserved,
risible,60,cleaned-dictionary,preserved,
rising,60,cleaned-dictionary,preserved,
risings,60,esdb-inflection,inherited-from-lemma,rising
risk,60,cleaned-dictionary,preserved,
risked,60,esdb-inflection,inherited-from-lemma,risk
riskier,60,esdb-inflection,inherited-from-lemma,risky
risking,60,esdb-inflection,inherited-from-lemma,risk
risks,60,cleaned-dictionary,preserved,
risky,60,cleaned-dictionary,preserved,
risotto,60,cleaned-dictionary,preserved,
rite,60,cleaned-dictionary,preserved,
rites,60,cleaned-dictionary,preserved,
ritual,60,cleaned-dictionary,preserved,
rituals,60,esdb-inflection,inherited-from-lemma,ritual
rival,60,cleaned-dictionary,preserved,
rivaled,60,esdb-inflection,inherited-from-lemma,rival
rivalry,60,cleaned-dictionary,preserved,
rivals,60,esdb-inflection,inherited-from-lemma,rival
rive,60,cleaned-dictionary,preserved,
rived,60,esdb-inflection,inherited-from-lemma,rive
riven,60,cleaned-dictionary,preserved,
river,60,cleaned-dictionary,preserved,
rivers,60,cleaned-dictionary,preserved,
rives,60,esdb-inflection,inherited-from-lemma,rive
rivet,60,cleaned-dictionary,preserved,
riveted,60,esdb-inflection,inherited-from-lemma,rivet
rivets,60,esdb-inflection,inherited-from-lemma,rivet
riving,60,esdb-inflection,inherited-from-lemma,rive
rivulet,60,cleaned-dictionary,preserved,
roach,60,cleaned-dictionary,preserved,
roaches,60,esdb-inflection,inherited-from-lemma,roach
road,60,cleaned-dictionary,preserved,
roads,60,cleaned-dictionary,preserved,
roam,60,cleaned-dictionary,preserved,
roamed,60,esdb-inflection,inherited-from-lemma,roam
roaming,60,esdb-inflection,inherited-from-lemma,roam
roams,60,esdb-inflection,inherited-from-lemma,roam
roar,60,cleaned-dictionary,preserved,
roared,60,cleaned-dictionary,preserved,
roaring,60,esdb-inflection,inherited-from-lemma,roar
roars,60,esdb-inflection,inherited-from-lemma,roar
roast,60,cleaned-dictionary,preserved,
roasted,60,esdb-inflection,inherited-from-lemma,roast
roasts,60,esdb-inflection,inherited-from-lemma,roast
rob,60,cleaned-dictionary,preserved,
robbed,60,cleaned-dictionary,preserved,
robber,60,cleaned-dictionary,preserved,
robbers,60,esdb-inflection,inherited-from-lemma,robber
robbery,60,cleaned-dictionary,preserved,
robbing,60,esdb-inflection,inherited-from-lemma,rob
robe,60,cleaned-dictionary,preserved,
robed,60,esdb-inflection,inherited-from-lemma,robe
robes,60,cleaned-dictionary,preserved,
robin,60,cleaned-dictionary,preserved,
robing,60,esdb-inflection,inherited-from-lemma,robe
robins,60,esdb-inflection,inherited-from-lemma,robin
robot,60,cleaned-dictionary,preserved,
robotic,60,cleaned-dictionary,preserved,
robots,60,cleaned-dictionary,preserved,
robs,60,esdb-inflection,inherited-from-lemma,rob
robust,60,cleaned-dictionary,preserved,
rock,60,cleaned-dictionary,preserved,
rocked,60,esdb-inflection,inherited-from-lemma,rock
rocket,60,cleaned-dictionary,preserved,
rockets,60,esdb-inflection,inherited-from-lemma,rocket
rockier,60,esdb-inflection,inherited-from-lemma,rocky
rocking,60,esdb-inflection,inherited-from-lemma,rock
rocks,60,cleaned-dictionary,preserved,
rocky,60,cleaned-dictionary,preserved,
rococo,60,cleaned-dictionary,preserved,
rod,60,cleaned-dictionary,preserved,
rode,60,cleaned-dictionary,preserved,
rodent,60,cleaned-dictionary,preserved,
rodents,60,esdb-inflection,inherited-from-lemma,rodent
rods,60,esdb-inflection,inherited-from-lemma,rod
roe,60,cleaned-dictionary,preserved,
roebuck,60,cleaned-dictionary,preserved,
roes,60,cleaned-dictionary,preserved,
roger,60,cleaned-dictionary,preserved,
rogered,60,esdb-inflection,inherited-from-lemma,roger
rogers,60,esdb-inflection,inherited-from-lemma,roger
rogue,60,cleaned-dictionary,preserved,
rogues,60,esdb-inflection,inherited-from-lemma,rogue
roguish,60,cleaned-dictionary,preserved,
roil,60,cleaned-dictionary,preserved,
roiled,60,esdb-inflection,inherited-from-lemma,roil
roiling,60,esdb-inflection,inherited-from-lemma,roil
roils,60,esdb-inflection,inherited-from-lemma,roil
role,60,cleaned-dictionary,preserved,
roles,60,cleaned-dictionary,preserved,
roll,60,cleaned-dictionary,preserved,
rolled,60,cleaned-dictionary,preserved,
roller,60,cleaned-dictionary,preserved,
rollers,60,esdb-inflection,inherited-from-lemma,roller
rolling,60,cleaned-dictionary,preserved,
rolls,60,esdb-inflection,inherited-from-lemma,roll
roman,60,cleaned-dictionary,preserved,
romance,60,cleaned-dictionary,preserved,
rondo,60,cleaned-dictionary,preserved,
rondos,60,esdb-inflection,inherited-from-lemma,rondo
rood,60,cleaned-dictionary,preserved,
roods,60,esdb-inflection,inherited-from-lemma,rood
roof,60,cleaned-dictionary,preserved,
roofed,60,esdb-inflection,inherited-from-lemma,roof
roofing,60,esdb-inflection,inherited-from-lemma,roof
roofs,60,esdb-inflection,inherited-from-lemma,roof
rook,60,cleaned-dictionary,preserved,
rooked,60,esdb-inflection,inherited-from-lemma,rook
rookie,60,cleaned-dictionary,preserved,
rookies,60,esdb-inflection,inherited-from-lemma,rookie
rooking,60,esdb-inflection,inherited-from-lemma,rook
rooks,60,esdb-inflection,inherited-from-lemma,rook
room,60,cleaned-dictionary,preserved,
roomed,60,esdb-inflection,inherited-from-lemma,room
roomie,60,cleaned-dictionary,preserved,
roomier,60,esdb-inflection,inherited-from-lemma,roomy
rooming,60,esdb-inflection,inherited-from-lemma,room
rooms,60,cleaned-dictionary,preserved,
roomy,60,cleaned-dictionary,preserved,
roost,60,cleaned-dictionary,preserved,
roosted,60,esdb-inflection,inherited-from-lemma,roost
rooster,60,cleaned-dictionary,preserved,
roosts,60,esdb-inflection,inherited-from-lemma,roost
root,60,cleaned-dictionary,preserved,
rooted,60,cleaned-dictionary,preserved,
rooter,60,cleaned-dictionary,preserved,
rooters,60,esdb-inflection,inherited-from-lemma,rooter
rooting,60,esdb-inflection,inherited-from-lemma,root
rootkit,60,cleaned-dictionary,preserved,
roots,60,cleaned-dictionary,preserved,
rope,60,cleaned-dictionary,preserved,
roped,60,cleaned-dictionary,preserved,
ropes,60,cleaned-dictionary,preserved,
roping,60,esdb-inflection,inherited-from-lemma,rope
rose,60,cleaned-dictionary,preserved,
roseate,60,cleaned-dictionary,preserved,
rosebud,60,cleaned-dictionary,preserved,
roses,60,cleaned-dictionary,preserved,
rosette,60,cleaned-dictionary,preserved,
rosier,60,esdb-inflection,inherited-from-lemma,rosy
rosiest,60,esdb-inflection,inherited-from-lemma,rosy
roster,60,cleaned-dictionary,preserved,
rosters,60,esdb-inflection,inherited-from-lemma,roster
rosy,60,cleaned-dictionary,preserved,
rot,60,cleaned-dictionary,preserved,
rota,60,cleaned-dictionary,preserved,
rotas,60,esdb-inflection,inherited-from-lemma,rota
rotate,60,cleaned-dictionary,preserved,
rotated,60,esdb-inflection,inherited-from-lemma,rotate
rotates,60,esdb-inflection,inherited-from-lemma,rotate
rote,60,cleaned-dictionary,preserved,
rotor,60,cleaned-dictionary,preserved,
rotors,60,esdb-inflection,inherited-from-lemma,rotor
rots,60,esdb-inflection,inherited-from-lemma,rot
rotted,60,esdb-inflection,inherited-from-lemma,rot
rotten,60,cleaned-dictionary,preserved,
rotting,60,esdb-inflection,inherited-from-lemma,rot
rotund,60,cleaned-dictionary,preserved,
rotunda,60,cleaned-dictionary,preserved,
rouge,60,cleaned-dictionary,preserved,
rouged,60,esdb-inflection,inherited-from-lemma,rouge
rouges,60,esdb-inflection,inherited-from-lemma,rouge
rough,60,cleaned-dictionary,preserved,
roughed,60,esdb-inflection,inherited-from-lemma,rough
roughen,60,cleaned-dictionary,preserved,
rougher,60,esdb-inflection,inherited-from-lemma,rough
roughly,60,cleaned-dictionary,preserved,
roughs,60,esdb-inflection,inherited-from-lemma,rough
rouging,60,esdb-inflection,inherited-from-lemma,rouge
round,60,cleaned-dictionary,preserved,
rounded,60,cleaned-dictionary,preserved,
roundel,60,cleaned-dictionary,preserved,
rounder,60,esdb-inflection,inherited-from-lemma,round
rounds,60,cleaned-dictionary,preserved,
roundup,60,cleaned-dictionary,preserved,
rouse,60,cleaned-dictionary,preserved,
roused,60,cleaned-dictionary,preserved,
rouses,60,esdb-inflection,inherited-from-lemma,rouse
rousing,60,cleaned-dictionary,preserved,
roust,60,cleaned-dictionary,preserved,
rousted,60,esdb-inflection,inherited-from-lemma,roust
rousts,60,esdb-inflection,inherited-from-lemma,roust
rout,60,cleaned-dictionary,preserved,
route,60,cleaned-dictionary,preserved,
routed,60,esdb-inflection,inherited-from-lemma,rout
router,60,cleaned-dictionary,preserved,
routers,60,esdb-inflection,inherited-from-lemma,router
routes,60,cleaned-dictionary,preserved,
routine,60,cleaned-dictionary,preserved,
routing,60,cleaned-dictionary,preserved,
routs,60,esdb-inflection,inherited-from-lemma,rout
roux,60,cleaned-dictionary,preserved,
rove,60,cleaned-dictionary,preserved,
roved,60,esdb-inflection,inherited-from-lemma,rove
roves,60,esdb-inflection,inherited-from-lemma,rove
roving,60,esdb-inflection,inherited-from-lemma,rove
row,60,cleaned-dictionary,preserved,
rowan,60,cleaned-dictionary,preserved,
rowans,60,esdb-inflection,inherited-from-lemma,rowan
rowed,60,esdb-inflection,inherited-from-lemma,row
rowing,60,cleaned-dictionary,preserved,
rows,60,cleaned-dictionary,preserved,
royal,60,cleaned-dictionary,preserved,
royals,60,esdb-inflection,inherited-from-lemma,royal
royalty,60,cleaned-dictionary,preserved,
rub,60,cleaned-dictionary,preserved,
rubbed,60,cleaned-dictionary,preserved,
rubber,60,cleaned-dictionary,preserved,
rubbers,60,esdb-inflection,inherited-from-lemma,rubber
rubbery,60,cleaned-dictionary,preserved,
rubbing,60,cleaned-dictionary,preserved,
rubbish,60,cleaned-dictionary,preserved,
rubble,60,cleaned-dictionary,preserved,
rube,60,cleaned-dictionary,preserved,
rubella,60,cleaned-dictionary,preserved,
rubes,60,esdb-inflection,inherited-from-lemma,rube
rubier,60,esdb-inflection,inherited-from-lemma,ruby
rubies,60,esdb-inflection,inherited-from-lemma,ruby
rubiest,60,esdb-inflection,inherited-from-lemma,ruby
ruble,60,cleaned-dictionary,preserved,
rubles,60,esdb-inflection,inherited-from-lemma,ruble
rubs,60,esdb-inflection,inherited-from-lemma,rub
ruby,60,cleaned-dictionary,preserved,
ruck,60,cleaned-dictionary,preserved,
rucked,60,esdb-inflection,inherited-from-lemma,ruck
rucking,60,esdb-inflection,inherited-from-lemma,ruck
rucks,60,esdb-inflection,inherited-from-lemma,ruck
ruckus,60,cleaned-dictionary,preserved,
rudder,60,cleaned-dictionary,preserved,
rudders,60,esdb-inflection,inherited-from-lemma,rudder
ruddier,60,esdb-inflection,inherited-from-lemma,ruddy
ruddy,60,cleaned-dictionary,preserved,
rude,60,cleaned-dictionary,preserved,
rudely,60,cleaned-dictionary,preserved,
ruder,60,esdb-inflection,inherited-from-lemma,rude
rudest,60,esdb-inflection,inherited-from-lemma,rude
rue,60,cleaned-dictionary,preserved,
rued,60,esdb-inflection,inherited-from-lemma,rue
rues,60,esdb-inflection,inherited-from-lemma,rue
ruff,60,cleaned-dictionary,preserved,
ruffed,60,esdb-inflection,inherited-from-lemma,ruff
ruffing,60,esdb-inflection,inherited-from-lemma,ruff
ruffle,60,cleaned-dictionary,preserved,
ruffled,60,esdb-inflection,inherited-from-lemma,ruffle
ruffles,60,esdb-inflection,inherited-from-lemma,ruffle
ruffs,60,esdb-inflection,inherited-from-lemma,ruff
rug,60,cleaned-dictionary,preserved,
rugby,60,cleaned-dictionary,preserved,
rugged,60,cleaned-dictionary,preserved,
rugger,60,cleaned-dictionary,preserved,
rugs,60,esdb-inflection,inherited-from-lemma,rug
ruin,60,cleaned-dictionary,preserved,
ruined,60,cleaned-dictionary,preserved,
ruing,60,esdb-inflection,inherited-from-lemma,rue
ruining,60,esdb-inflection,inherited-from-lemma,ruin
ruinous,60,cleaned-dictionary,preserved,
ruins,60,cleaned-dictionary,preserved,
rule,60,cleaned-dictionary,preserved,
ruled,60,esdb-inflection,inherited-from-lemma,rule
ruler,60,cleaned-dictionary,preserved,
rulers,60,cleaned-dictionary,preserved,
rules,60,cleaned-dictionary,preserved,
ruling,60,cleaned-dictionary,preserved,
rulings,60,esdb-inflection,inherited-from-lemma,ruling
rum,60,cleaned-dictionary,preserved,
rumba,60,cleaned-dictionary,preserved,
rumbaed,60,esdb-inflection,inherited-from-lemma,rumba
rumbas,60,esdb-inflection,inherited-from-lemma,rumba
rummage,60,cleaned-dictionary,preserved,
rummer,60,cleaned-dictionary,preserved,
rummest,60,esdb-inflection,inherited-from-lemma,rum
rummy,60,cleaned-dictionary,preserved,
rumor,60,cleaned-dictionary,preserved,
rumored,60,esdb-inflection,inherited-from-lemma,rumor
rumors,60,cleaned-dictionary,preserved,
rump,60,cleaned-dictionary,preserved,
rumps,60,esdb-inflection,inherited-from-lemma,rump
rumpus,60,cleaned-dictionary,preserved,
rums,60,esdb-inflection,inherited-from-lemma,rum
run,60,cleaned-dictionary,preserved,
runaway,60,cleaned-dictionary,preserved,
rundown,60,cleaned-dictionary,preserved,
rune,60,cleaned-dictionary,preserved,
runes,60,esdb-inflection,inherited-from-lemma,rune
rung,60,cleaned-dictionary,preserved,
rungs,60,esdb-inflection,inherited-from-lemma,rung
runner,60,cleaned-dictionary,preserved,
runners,60,esdb-inflection,inherited-from-lemma,runner
runnier,60,esdb-inflection,inherited-from-lemma,runny
running,60,cleaned-dictionary,preserved,
runny,60,cleaned-dictionary,preserved,
runoff,60,cleaned-dictionary,preserved,
runoffs,60,esdb-inflection,inherited-from-lemma,runoff
runs,60,cleaned-dictionary,preserved,
runt,60,cleaned-dictionary,preserved,
runts,60,esdb-inflection,inherited-from-lemma,runt
runway,60,cleaned-dictionary,preserved,
runways,60,esdb-inflection,inherited-from-lemma,runway
rupee,60,cleaned-dictionary,preserved,
rupees,60,esdb-inflection,inherited-from-lemma,rupee
rupture,60,cleaned-dictionary,preserved,
rural,60,cleaned-dictionary,preserved,
ruse,60,cleaned-dictionary,preserved,
ruses,60,esdb-inflection,inherited-from-lemma,ruse
rush,60,cleaned-dictionary,preserved,
rushed,60,cleaned-dictionary,preserved,
rushes,60,cleaned-dictionary,preserved,
rushing,60,cleaned-dictionary,preserved,
rusk,60,cleaned-dictionary,preserved,
rusks,60,esdb-inflection,inherited-from-lemma,rusk
russet,60,cleaned-dictionary,preserved,
russets,60,esdb-inflection,inherited-from-lemma,russet
rust,60,cleaned-dictionary,preserved,
rusted,60,cleaned-dictionary,preserved,
rustic,60,cleaned-dictionary,preserved,
rustics,60,esdb-inflection,inherited-from-lemma,rustic
rustier,60,esdb-inflection,inherited-from-lemma,rusty
rusting,60,esdb-inflection,inherited-from-lemma,rust
rustle,60,cleaned-dictionary,preserved,
rustled,60,esdb-inflection,inherited-from-lemma,rustle
rustles,60,esdb-inflection,inherited-from-lemma,rustle
rusts,60,esdb-inflection,inherited-from-lemma,rust
rusty,60,cleaned-dictionary,preserved,
rut,60,cleaned-dictionary,preserved,
ruts,60,esdb-inflection,inherited-from-lemma,rut
rutted,60,esdb-inflection,inherited-from-lemma,rut
ruttier,60,esdb-inflection,inherited-from-lemma,rutty
rutting,60,cleaned-dictionary,preserved,
rutty,60,cleaned-dictionary,preserved,
rye,60,cleaned-dictionary,preserved,
sabbath,60,cleaned-dictionary,preserved,
saber,60,cleaned-dictionary,preserved,
sabers,60,esdb-inflection,inherited-from-lemma,saber
sable,60,cleaned-dictionary,preserved,
sables,60,esdb-inflection,inherited-from-lemma,sable
sabot,60,cleaned-dictionary,preserved,
sabots,60,esdb-inflection,inherited-from-lemma,sabot
sac,60,cleaned-dictionary,preserved,
sachem,60,cleaned-dictionary,preserved,
sachems,60,esdb-inflection,inherited-from-lemma,sachem
sack,60,cleaned-dictionary,preserved,
sacked,60,esdb-inflection,inherited-from-lemma,sack
sacker,60,cleaned-dictionary,preserved,
sackers,60,esdb-inflection,inherited-from-lemma,sacker
sacking,60,esdb-inflection,inherited-from-lemma,sack
sacks,60,esdb-inflection,inherited-from-lemma,sack
sacra,60,cleaned-dictionary,preserved,
sacred,60,cleaned-dictionary,preserved,
sacrum,60,cleaned-dictionary,preserved,
sacs,60,esdb-inflection,inherited-from-lemma,sac
sad,60,cleaned-dictionary,preserved,
sadder,60,esdb-inflection,inherited-from-lemma,sad
saddest,60,esdb-inflection,inherited-from-lemma,sad
saddle,60,cleaned-dictionary,preserved,
saddled,60,cleaned-dictionary,preserved,
saddles,60,esdb-inflection,inherited-from-lemma,saddle
sadism,60,cleaned-dictionary,preserved,
sadist,60,cleaned-dictionary,preserved,
sadists,60,esdb-inflection,inherited-from-lemma,sadist
sadly,60,cleaned-dictionary,preserved,
sadness,60,cleaned-dictionary,preserved,
safari,60,cleaned-dictionary,preserved,
safaris,60,esdb-inflection,inherited-from-lemma,safari
safe,60,cleaned-dictionary,preserved,
safely,60,cleaned-dictionary,preserved,
safer,60,esdb-inflection,inherited-from-lemma,safe
safes,60,esdb-inflection,inherited-from-lemma,safe
safest,60,esdb-inflection,inherited-from-lemma,safe
safety,60,cleaned-dictionary,preserved,
saffron,60,cleaned-dictionary,preserved,
sag,60,cleaned-dictionary,preserved,
saga,60,cleaned-dictionary,preserved,
sagas,60,esdb-inflection,inherited-from-lemma,saga
sage,60,cleaned-dictionary,preserved,
sager,60,esdb-inflection,inherited-from-lemma,sage
sages,60,esdb-inflection,inherited-from-lemma,sage
sagest,60,esdb-inflection,inherited-from-lemma,sage
sagged,60,esdb-inflection,inherited-from-lemma,sag
saggier,60,esdb-inflection,inherited-from-lemma,saggy
sagging,60,esdb-inflection,inherited-from-lemma,sag
saggy,60,cleaned-dictionary,preserved,
sago,60,cleaned-dictionary,preserved,
sags,60,esdb-inflection,inherited-from-lemma,sag
said,60,cleaned-dictionary,preserved,
sail,60,cleaned-dictionary,preserved,
sailed,60,cleaned-dictionary,preserved,
sailing,60,cleaned-dictionary,preserved,
sailor,60,cleaned-dictionary,preserved,
sailors,60,cleaned-dictionary,preserved,
sails,60,esdb-inflection,inherited-from-lemma,sail
saint,60,cleaned-dictionary,preserved,
saintly,60,cleaned-dictionary,preserved,
saints,60,cleaned-dictionary,preserved,
saith,60,esdb-inflection,inherited-from-lemma,say
sake,60,cleaned-dictionary,preserved,
sakes,60,esdb-inflection,inherited-from-lemma,sake
salable,60,cleaned-dictionary,preserved,
salad,60,cleaned-dictionary,preserved,
salads,60,esdb-inflection,inherited-from-lemma,salad
salami,60,cleaned-dictionary,preserved,
salamis,60,esdb-inflection,inherited-from-lemma,salami
salary,60,cleaned-dictionary,preserved,
sale,60,cleaned-dictionary,preserved,
sales,60,cleaned-dictionary,preserved,
salient,60,cleaned-dictionary,preserved,
saliva,60,cleaned-dictionary,preserved,
sallied,60,esdb-inflection,inherited-from-lemma,sally
sallies,60,esdb-inflection,inherited-from-lemma,sally
sallow,60,cleaned-dictionary,preserved,
sally,60,cleaned-dictionary,preserved,
salmon,60,cleaned-dictionary,preserved,
salmons,60,esdb-inflection,inherited-from-lemma,salmon
saloon,60,cleaned-dictionary,preserved,
saloons,60,esdb-inflection,inherited-from-lemma,saloon
salsa,60,cleaned-dictionary,preserved,
salsas,60,esdb-inflection,inherited-from-lemma,salsa
salt,60,cleaned-dictionary,preserved,
salted,60,esdb-inflection,inherited-from-lemma,salt
salter,60,esdb-inflection,inherited-from-lemma,salt
saltest,60,esdb-inflection,inherited-from-lemma,salt
saltier,60,esdb-inflection,inherited-from-lemma,salty
salting,60,esdb-inflection,inherited-from-lemma,salt
salts,60,esdb-inflection,inherited-from-lemma,salt
salty,60,cleaned-dictionary,preserved,
salute,60,cleaned-dictionary,preserved,
saluted,60,cleaned-dictionary,preserved,
salutes,60,esdb-inflection,inherited-from-lemma,salute
salve,60,cleaned-dictionary,preserved,
salved,60,esdb-inflection,inherited-from-lemma,salve
salves,60,esdb-inflection,inherited-from-lemma,salve
salving,60,esdb-inflection,inherited-from-lemma,salve
salvo,60,cleaned-dictionary,preserved,
salvos,60,esdb-inflection,inherited-from-lemma,salvo
samba,60,cleaned-dictionary,preserved,
sambaed,60,esdb-inflection,inherited-from-lemma,samba
sambas,60,esdb-inflection,inherited-from-lemma,samba
same,60,cleaned-dictionary,preserved,
sampan,60,cleaned-dictionary,preserved,
sampans,60,esdb-inflection,inherited-from-lemma,sampan
sample,60,cleaned-dictionary,preserved,
sampled,60,esdb-inflection,inherited-from-lemma,sample
samples,60,cleaned-dictionary,preserved,
samurai,60,cleaned-dictionary,preserved,
sand,60,cleaned-dictionary,preserved,
sandal,60,cleaned-dictionary,preserved,
sandals,60,esdb-inflection,inherited-from-lemma,sandal
sandbox,60,cleaned-dictionary,preserved,
sanded,60,esdb-inflection,inherited-from-lemma,sand
sandier,60,esdb-inflection,inherited-from-lemma,sandy
sanding,60,esdb-inflection,inherited-from-lemma,sand
sands,60,esdb-inflection,inherited-from-lemma,sand
sandy,60,cleaned-dictionary,preserved,
sane,60,cleaned-dictionary,preserved,
saner,60,esdb-inflection,inherited-from-lemma,sane
sanest,60,esdb-inflection,inherited-from-lemma,sane
sang,60,cleaned-dictionary,preserved,
sanity,60,cleaned-dictionary,preserved,
sank,60,cleaned-dictionary,preserved,
sans,60,cleaned-dictionary,preserved,
sap,60,cleaned-dictionary,preserved,
sapiens,60,cleaned-dictionary,preserved,
sapient,60,cleaned-dictionary,preserved,
sapling,60,cleaned-dictionary,preserved,
sapped,60,esdb-inflection,inherited-from-lemma,sap
sapper,60,cleaned-dictionary,preserved,
sappers,60,esdb-inflection,inherited-from-lemma,sapper
sapping,60,esdb-inflection,inherited-from-lemma,sap
saps,60,esdb-inflection,inherited-from-lemma,sap
saran,60,cleaned-dictionary,preserved,
sarcasm,60,cleaned-dictionary,preserved,
sarcoma,60,cleaned-dictionary,preserved,
sardine,60,cleaned-dictionary,preserved,
sarge,60,cleaned-dictionary,preserved,
sarges,60,esdb-inflection,inherited-from-lemma,sarge
sari,60,cleaned-dictionary,preserved,
saris,60,esdb-inflection,inherited-from-lemma,sari
sarky,60,cleaned-dictionary,preserved,
sarnie,60,cleaned-dictionary,preserved,
sarnies,60,esdb-inflection,inherited-from-lemma,sarnie
sarong,60,cleaned-dictionary,preserved,
sarongs,60,esdb-inflection,inherited-from-lemma,sarong
sash,60,cleaned-dictionary,preserved,
sashay,60,cleaned-dictionary,preserved,
sashays,60,esdb-inflection,inherited-from-lemma,sashay
sashes,60,esdb-inflection,inherited-from-lemma,sash
sashimi,60,cleaned-dictionary,preserved,
sass,60,cleaned-dictionary,preserved,
sassed,60,esdb-inflection,inherited-from-lemma,sass
sasses,60,esdb-inflection,inherited-from-lemma,sass
sassier,60,esdb-inflection,inherited-from-lemma,sassy
sassing,60,esdb-inflection,inherited-from-lemma,sass
sassy,60,cleaned-dictionary,preserved,
sat,60,cleaned-dictionary,preserved,
sate,60,cleaned-dictionary,preserved,
sated,60,cleaned-dictionary,preserved,
sates,60,esdb-inflection,inherited-from-lemma,sate
satiate,60,cleaned-dictionary,preserved,
sating,60,esdb-inflection,inherited-from-lemma,sate
satire,60,cleaned-dictionary,preserved,
satires,60,esdb-inflection,inherited-from-lemma,satire
satiric,60,cleaned-dictionary,preserved,
satisfy,60,cleaned-dictionary,preserved,
satrap,60,cleaned-dictionary,preserved,
satraps,60,esdb-inflection,inherited-from-lemma,satrap
satsuma,60,cleaned-dictionary,preserved,
satyr,60,cleaned-dictionary,preserved,
satyrs,60,esdb-inflection,inherited-from-lemma,satyr
sauce,60,cleaned-dictionary,preserved,
sauced,60,esdb-inflection,inherited-from-lemma,sauce
sauces,60,esdb-inflection,inherited-from-lemma,sauce
saucing,60,esdb-inflection,inherited-from-lemma,sauce
sauna,60,cleaned-dictionary,preserved,
saunaed,60,esdb-inflection,inherited-from-lemma,sauna
saunas,60,esdb-inflection,inherited-from-lemma,sauna
saunter,60,cleaned-dictionary,preserved,
sausage,60,cleaned-dictionary,preserved,
savage,60,cleaned-dictionary,preserved,
savaged,60,esdb-inflection,inherited-from-lemma,savage
savager,60,esdb-inflection,inherited-from-lemma,savage
savages,60,cleaned-dictionary,preserved,
savanna,60,cleaned-dictionary,preserved,
savant,60,cleaned-dictionary,preserved,
savants,60,esdb-inflection,inherited-from-lemma,savant
save,60,cleaned-dictionary,preserved,
saved,60,cleaned-dictionary,preserved,
saves,60,esdb-inflection,inherited-from-lemma,save
saving,60,cleaned-dictionary,preserved,
savings,60,cleaned-dictionary,preserved,
savory,60,cleaned-dictionary,preserved,
savvied,60,esdb-inflection,inherited-from-lemma,savvy
savvier,60,esdb-inflection,inherited-from-lemma,savvy
savvies,60,esdb-inflection,inherited-from-lemma,savvy
savvy,60,cleaned-dictionary,preserved,
saw,60,cleaned-dictionary,preserved,
sawbuck,60,cleaned-dictionary,preserved,
sawed,60,esdb-inflection,inherited-from-lemma,saw
sawing,60,esdb-inflection,inherited-from-lemma,saw
saws,60,esdb-inflection,inherited-from-lemma,saw
sax,60,cleaned-dictionary,preserved,
saxes,60,esdb-inflection,inherited-from-lemma,sax
say,60,cleaned-dictionary,preserved,
saying,60,cleaned-dictionary,preserved,
sayings,60,esdb-inflection,inherited-from-lemma,saying
says,60,cleaned-dictionary,preserved,
scab,60,cleaned-dictionary,preserved,
scabbed,60,esdb-inflection,inherited-from-lemma,scab
scabby,60,cleaned-dictionary,preserved,
scabies,60,cleaned-dictionary,preserved,
scabs,60,esdb-inflection,inherited-from-lemma,scab
scalar,60,cleaned-dictionary,preserved,
scalars,60,esdb-inflection,inherited-from-lemma,scalar
scale,60,cleaned-dictionary,preserved,
scaled,60,esdb-inflection,inherited-from-lemma,scale
scalene,60,cleaned-dictionary,preserved,
scales,60,cleaned-dictionary,preserved,
scalier,60,esdb-inflection,inherited-from-lemma,scaly
scaling,60,esdb-inflection,inherited-from-lemma,scale
scalp,60,cleaned-dictionary,preserved,
scalped,60,esdb-inflection,inherited-from-lemma,scalp
scalps,60,esdb-inflection,inherited-from-lemma,scalp
scaly,60,cleaned-dictionary,preserved,
scam,60,cleaned-dictionary,preserved,
scammed,60,esdb-inflection,inherited-from-lemma,scam
scammer,60,cleaned-dictionary,preserved,
scamper,60,cleaned-dictionary,preserved,
scams,60,esdb-inflection,inherited-from-lemma,scam
scan,60,cleaned-dictionary,preserved,
scandal,60,cleaned-dictionary,preserved,
scanned,60,cleaned-dictionary,preserved,
scanner,60,cleaned-dictionary,preserved,
scans,60,esdb-inflection,inherited-from-lemma,scan
scant,60,cleaned-dictionary,preserved,
scanted,60,esdb-inflection,inherited-from-lemma,scant
scanter,60,esdb-inflection,inherited-from-lemma,scant
scants,60,esdb-inflection,inherited-from-lemma,scant
scanty,60,cleaned-dictionary,preserved,
scapula,60,cleaned-dictionary,preserved,
scar,60,cleaned-dictionary,preserved,
scarab,60,cleaned-dictionary,preserved,
scarabs,60,esdb-inflection,inherited-from-lemma,scarab
scarce,60,cleaned-dictionary,preserved,
scarcer,60,esdb-inflection,inherited-from-lemma,scarce
scare,60,cleaned-dictionary,preserved,
scared,60,cleaned-dictionary,preserved,
scares,60,esdb-inflection,inherited-from-lemma,scare
scarf,60,cleaned-dictionary,preserved,
scarfed,60,esdb-inflection,inherited-from-lemma,scarf
scarfs,60,esdb-inflection,inherited-from-lemma,scarf
scarier,60,esdb-inflection,inherited-from-lemma,scary
scaring,60,esdb-inflection,inherited-from-lemma,scare
scarlet,60,cleaned-dictionary,preserved,
scarp,60,cleaned-dictionary,preserved,
scarped,60,esdb-inflection,inherited-from-lemma,scarp
scarps,60,esdb-inflection,inherited-from-lemma,scarp
scarred,60,cleaned-dictionary,preserved,
scars,60,cleaned-dictionary,preserved,
scarves,60,esdb-inflection,inherited-from-lemma,scarf
scary,60,cleaned-dictionary,preserved,
scat,60,cleaned-dictionary,preserved,
scats,60,esdb-inflection,inherited-from-lemma,scat
scatted,60,esdb-inflection,inherited-from-lemma,scat
scatter,60,cleaned-dictionary,preserved,
scene,60,cleaned-dictionary,preserved,
scenery,60,cleaned-dictionary,preserved,
scenes,60,cleaned-dictionary,preserved,
scenic,60,cleaned-dictionary,preserved,
scent,60,cleaned-dictionary,preserved,
scented,60,esdb-inflection,inherited-from-lemma,scent
scents,60,esdb-inflection,inherited-from-lemma,scent
scepter,60,cleaned-dictionary,preserved,
schema,60,cleaned-dictionary,preserved,
scheme,60,cleaned-dictionary,preserved,
schemed,60,esdb-inflection,inherited-from-lemma,scheme
schemes,60,cleaned-dictionary,preserved,
scherzo,60,cleaned-dictionary,preserved,
schism,60,cleaned-dictionary,preserved,
schisms,60,esdb-inflection,inherited-from-lemma,schism
schist,60,cleaned-dictionary,preserved,
schlep,60,cleaned-dictionary,preserved,
schleps,60,esdb-inflection,inherited-from-lemma,schlep
schlock,60,cleaned-dictionary,preserved,
schmo,60,cleaned-dictionary,preserved,
schmoes,60,esdb-inflection,inherited-from-lemma,schmo
schmuck,60,cleaned-dictionary,preserved,
schnoz,60,cleaned-dictionary,preserved,
scholar,60,cleaned-dictionary,preserved,
school,60,cleaned-dictionary,preserved,
schools,60,cleaned-dictionary,preserved,
schwa,60,cleaned-dictionary,preserved,
schwas,60,esdb-inflection,inherited-from-lemma,schwa
science,60,cleaned-dictionary,preserved,
scion,60,cleaned-dictionary,preserved,
scions,60,esdb-inflection,inherited-from-lemma,scion
scoff,60,cleaned-dictionary,preserved,
scoffed,60,esdb-inflection,inherited-from-lemma,scoff
scoffs,60,esdb-inflection,inherited-from-lemma,scoff
scold,60,cleaned-dictionary,preserved,
scolded,60,esdb-inflection,inherited-from-lemma,scold
scolds,60,esdb-inflection,inherited-from-lemma,scold
scone,60,cleaned-dictionary,preserved,
scones,60,esdb-inflection,inherited-from-lemma,scone
scoop,60,cleaned-dictionary,preserved,
scooped,60,esdb-inflection,inherited-from-lemma,scoop
scoops,60,esdb-inflection,inherited-from-lemma,scoop
scoot,60,cleaned-dictionary,preserved,
scooted,60,esdb-inflection,inherited-from-lemma,scoot
scoots,60,esdb-inflection,inherited-from-lemma,scoot
scope,60,cleaned-dictionary,preserved,
scoped,60,cleaned-dictionary,preserved,
scopes,60,esdb-inflection,inherited-from-lemma,scope
scoping,60,esdb-inflection,inherited-from-lemma,scope
scorch,60,cleaned-dictionary,preserved,
score,60,cleaned-dictionary,preserved,
scored,60,esdb-inflection,inherited-from-lemma,score
scores,60,cleaned-dictionary,preserved,
scoring,60,esdb-inflection,inherited-from-lemma,score
scorn,60,cleaned-dictionary,preserved,
scorned,60,cleaned-dictionary,preserved,
scorns,60,esdb-inflection,inherited-from-lemma,scorn
scotch,60,cleaned-dictionary,preserved,
scour,60,cleaned-dictionary,preserved,
scoured,60,esdb-inflection,inherited-from-lemma,scour
scourge,60,cleaned-dictionary,preserved,
scours,60,esdb-inflection,inherited-from-lemma,scour
scout,60,cleaned-dictionary,preserved,
scouted,60,esdb-inflection,inherited-from-lemma,scout
scouts,60,esdb-inflection,inherited-from-lemma,scout
scow,60,cleaned-dictionary,preserved,
scowl,60,cleaned-dictionary,preserved,
scowled,60,esdb-inflection,inherited-from-lemma,scowl
scowls,60,esdb-inflection,inherited-from-lemma,scowl
scows,60,esdb-inflection,inherited-from-lemma,scow
scraggy,60,cleaned-dictionary,preserved,
scram,60,cleaned-dictionary,preserved,
scrams,60,esdb-inflection,inherited-from-lemma,scram
scrap,60,cleaned-dictionary,preserved,
scrape,60,cleaned-dictionary,preserved,
scraped,60,cleaned-dictionary,preserved,
scraper,60,cleaned-dictionary,preserved,
scrapes,60,esdb-inflection,inherited-from-lemma,scrape
scrapie,60,cleaned-dictionary,preserved,
scrappy,60,cleaned-dictionary,preserved,
scraps,60,esdb-inflection,inherited-from-lemma,scrap
scrawl,60,cleaned-dictionary,preserved,
scrawls,60,esdb-inflection,inherited-from-lemma,scrawl
scream,60,cleaned-dictionary,preserved,
screams,60,cleaned-dictionary,preserved,
scree,60,cleaned-dictionary,preserved,
screech,60,cleaned-dictionary,preserved,
screed,60,cleaned-dictionary,preserved,
screeds,60,esdb-inflection,inherited-from-lemma,screed
screen,60,cleaned-dictionary,preserved,
screens,60,cleaned-dictionary,preserved,
screes,60,esdb-inflection,inherited-from-lemma,scree
screw,60,cleaned-dictionary,preserved,
screwed,60,esdb-inflection,inherited-from-lemma,screw
screws,60,esdb-inflection,inherited-from-lemma,screw
scribe,60,cleaned-dictionary,preserved,
scribes,60,esdb-inflection,inherited-from-lemma,scribe
scrim,60,cleaned-dictionary,preserved,
scrimp,60,cleaned-dictionary,preserved,
scrimps,60,esdb-inflection,inherited-from-lemma,scrimp
scrims,60,esdb-inflection,inherited-from-lemma,scrim
script,60,cleaned-dictionary,preserved,
scripts,60,esdb-inflection,inherited-from-lemma,script
scroll,60,cleaned-dictionary,preserved,
scrolls,60,esdb-inflection,inherited-from-lemma,scroll
scrooge,60,cleaned-dictionary,preserved,
scrota,60,cleaned-dictionary,preserved,
scrotal,60,cleaned-dictionary,preserved,
scrotum,60,cleaned-dictionary,preserved,
scrub,60,cleaned-dictionary,preserved,
scrubs,60,cleaned-dictionary,preserved,
scrum,60,cleaned-dictionary,preserved,
scrums,60,esdb-inflection,inherited-from-lemma,scrum
scruple,60,cleaned-dictionary,preserved,
scuba,60,cleaned-dictionary,preserved,
scubaed,60,esdb-inflection,inherited-from-lemma,scuba
scubas,60,esdb-inflection,inherited-from-lemma,scuba
scud,60,cleaned-dictionary,preserved,
scudded,60,esdb-inflection,inherited-from-lemma,scud
scuds,60,esdb-inflection,inherited-from-lemma,scud
scuffle,60,cleaned-dictionary,preserved,
scull,60,cleaned-dictionary,preserved,
sculled,60,esdb-inflection,inherited-from-lemma,scull
sculls,60,esdb-inflection,inherited-from-lemma,scull
scum,60,cleaned-dictionary,preserved,
scummed,60,esdb-inflection,inherited-from-lemma,scum
scums,60,esdb-inflection,inherited-from-lemma,scum
scupper,60,cleaned-dictionary,preserved,
scurf,60,cleaned-dictionary,preserved,
scurvy,60,cleaned-dictionary,preserved,
scuttle,60,cleaned-dictionary,preserved,
scythe,60,cleaned-dictionary,preserved,
scythed,60,esdb-inflection,inherited-from-lemma,scythe
scythes,60,esdb-inflection,inherited-from-lemma,scythe
sea,60,cleaned-dictionary,preserved,
seabed,60,cleaned-dictionary,preserved,
seabeds,60,esdb-inflection,inherited-from-lemma,seabed
seabird,60,cleaned-dictionary,preserved,
seafood,60,cleaned-dictionary,preserved,
seagull,60,cleaned-dictionary,preserved,
seal,60,cleaned-dictionary,preserved,
sealed,60,cleaned-dictionary,preserved,
sealing,60,cleaned-dictionary,preserved,
seals,60,cleaned-dictionary,preserved,
seam,60,cleaned-dictionary,preserved,
seaman,60,cleaned-dictionary,preserved,
seamed,60,esdb-inflection,inherited-from-lemma,seam
seamen,60,cleaned-dictionary,preserved,
seaming,60,esdb-inflection,inherited-from-lemma,seam
seams,60,esdb-inflection,inherited-from-lemma,seam
seaport,60,cleaned-dictionary,preserved,
sear,60,cleaned-dictionary,preserved,
search,60,cleaned-dictionary,preserved,
seared,60,esdb-inflection,inherited-from-lemma,sear
searing,60,esdb-inflection,inherited-from-lemma,sear
seas,60,cleaned-dictionary,preserved,
season,60,cleaned-dictionary,preserved,
seasons,60,cleaned-dictionary,preserved,
seat,60,cleaned-dictionary,preserved,
seated,60,esdb-inflection,inherited-from-lemma,seat
seating,60,esdb-inflection,inherited-from-lemma,seat
seats,60,cleaned-dictionary,preserved,
seaway,60,cleaned-dictionary,preserved,
seaways,60,esdb-inflection,inherited-from-lemma,seaway
seaweed,60,cleaned-dictionary,preserved,
sebum,60,cleaned-dictionary,preserved,
sec,60,cleaned-dictionary,preserved,
secant,60,cleaned-dictionary,preserved,
secants,60,esdb-inflection,inherited-from-lemma,secant
secede,60,cleaned-dictionary,preserved,
seceded,60,esdb-inflection,inherited-from-lemma,secede
secedes,60,esdb-inflection,inherited-from-lemma,secede
second,60,cleaned-dictionary,preserved,
seconds,60,cleaned-dictionary,preserved,
secrecy,60,cleaned-dictionary,preserved,
secret,60,cleaned-dictionary,preserved,
secrete,60,cleaned-dictionary,preserved,
secrets,60,cleaned-dictionary,preserved,
secs,60,esdb-inflection,inherited-from-lemma,sec
sect,60,cleaned-dictionary,preserved,
section,60,cleaned-dictionary,preserved,
sector,60,cleaned-dictionary,preserved,
sectors,60,cleaned-dictionary,preserved,
sects,60,esdb-inflection,inherited-from-lemma,sect
secular,60,cleaned-dictionary,preserved,
secure,60,cleaned-dictionary,preserved,
secured,60,cleaned-dictionary,preserved,
securer,60,cleaned-dictionary,preserved,
secures,60,cleaned-dictionary,preserved,
sedan,60,cleaned-dictionary,preserved,
sedans,60,esdb-inflection,inherited-from-lemma,sedan
sedate,60,cleaned-dictionary,preserved,
sedated,60,esdb-inflection,inherited-from-lemma,sedate
sedater,60,esdb-inflection,inherited-from-lemma,sedate
sedates,60,esdb-inflection,inherited-from-lemma,sedate
sedge,60,cleaned-dictionary,preserved,
sedges,60,esdb-inflection,inherited-from-lemma,sedge
seduce,60,cleaned-dictionary,preserved,
seduced,60,esdb-inflection,inherited-from-lemma,seduce
seducer,60,cleaned-dictionary,preserved,
seduces,60,esdb-inflection,inherited-from-lemma,seduce
see,60,cleaned-dictionary,preserved,
seed,60,cleaned-dictionary,preserved,
seeded,60,esdb-inflection,inherited-from-lemma,seed
seedier,60,esdb-inflection,inherited-from-lemma,seedy
seeding,60,esdb-inflection,inherited-from-lemma,seed
seeds,60,cleaned-dictionary,preserved,
seedy,60,cleaned-dictionary,preserved,
seeing,60,cleaned-dictionary,preserved,
seek,60,cleaned-dictionary,preserved,
seeker,60,cleaned-dictionary,preserved,
seekers,60,esdb-inflection,inherited-from-lemma,seeker
seeking,60,cleaned-dictionary,preserved,
seeks,60,esdb-inflection,inherited-from-lemma,seek
seem,60,cleaned-dictionary,preserved,
seemed,60,cleaned-dictionary,preserved,
seeming,60,cleaned-dictionary,preserved,
seems,60,cleaned-dictionary,preserved,
seen,60,cleaned-dictionary,preserved,
seep,60,cleaned-dictionary,preserved,
seeped,60,esdb-inflection,inherited-from-lemma,seep
seeping,60,esdb-inflection,inherited-from-lemma,seep
seeps,60,esdb-inflection,inherited-from-lemma,seep
sees,60,cleaned-dictionary,preserved,
segue,60,cleaned-dictionary,preserved,
segued,60,esdb-inflection,inherited-from-lemma,segue
segues,60,esdb-inflection,inherited-from-lemma,segue
seguing,60,esdb-inflection,inherited-from-lemma,segue
seine,60,cleaned-dictionary,preserved,
seined,60,esdb-inflection,inherited-from-lemma,seine
seines,60,esdb-inflection,inherited-from-lemma,seine
seining,60,esdb-inflection,inherited-from-lemma,seine
seismic,60,cleaned-dictionary,preserved,
seize,60,cleaned-dictionary,preserved,
seized,60,cleaned-dictionary,preserved,
seizes,60,esdb-inflection,inherited-from-lemma,seize
seizing,60,cleaned-dictionary,preserved,
seldom,60,cleaned-dictionary,preserved,
select,60,cleaned-dictionary,preserved,
selects,60,esdb-inflection,inherited-from-lemma,select
self,60,cleaned-dictionary,preserved,
selfish,60,cleaned-dictionary,preserved,
sell,60,cleaned-dictionary,preserved,
seller,60,cleaned-dictionary,preserved,
sellers,60,esdb-inflection,inherited-from-lemma,seller
selling,60,cleaned-dictionary,preserved,
sellout,60,cleaned-dictionary,preserved,
sells,60,esdb-inflection,inherited-from-lemma,sell
selves,60,esdb-inflection,inherited-from-lemma,self
semen,60,cleaned-dictionary,preserved,
semi,60,cleaned-dictionary,preserved,
seminal,60,cleaned-dictionary,preserved,
seminar,60,cleaned-dictionary,preserved,
semis,60,esdb-inflection,inherited-from-lemma,semi
senate,60,cleaned-dictionary,preserved,
senates,60,esdb-inflection,inherited-from-lemma,senate
senator,60,cleaned-dictionary,preserved,
send,60,cleaned-dictionary,preserved,
sending,60,cleaned-dictionary,preserved,
sends,60,cleaned-dictionary,preserved,
senile,60,cleaned-dictionary,preserved,
senior,60,cleaned-dictionary,preserved,
seniors,60,esdb-inflection,inherited-from-lemma,senior
sense,60,cleaned-dictionary,preserved,
sensed,60,cleaned-dictionary,preserved,
sensei,60,cleaned-dictionary,preserved,
senses,60,cleaned-dictionary,preserved,
sensing,60,esdb-inflection,inherited-from-lemma,sense
sensor,60,cleaned-dictionary,preserved,
sensors,60,cleaned-dictionary,preserved,
sensory,60,cleaned-dictionary,preserved,
sensual,60,cleaned-dictionary,preserved,
sent,60,cleaned-dictionary,preserved,
sentry,60,cleaned-dictionary,preserved,
sepal,60,cleaned-dictionary,preserved,
sepals,60,esdb-inflection,inherited-from-lemma,sepal
sepia,60,cleaned-dictionary,preserved,
sepsis,60,cleaned-dictionary,preserved,
septa,60,esdb-inflection,inherited-from-lemma,septum
septet,60,cleaned-dictionary,preserved,
septets,60,esdb-inflection,inherited-from-lemma,septet
septic,60,cleaned-dictionary,preserved,
septum,60,cleaned-dictionary,preserved,
sequel,60,cleaned-dictionary,preserved,
sequels,60,esdb-inflection,inherited-from-lemma,sequel
sequin,60,cleaned-dictionary,preserved,
sequins,60,esdb-inflection,inherited-from-lemma,sequin
sequoia,60,cleaned-dictionary,preserved,
seraph,60,cleaned-dictionary,preserved,
seraphs,60,esdb-inflection,inherited-from-lemma,seraph
serene,60,cleaned-dictionary,preserved,
serener,60,esdb-inflection,inherited-from-lemma,serene
serf,60,cleaned-dictionary,preserved,
serfs,60,esdb-inflection,inherited-from-lemma,serf
serial,60,cleaned-dictionary,preserved,
serials,60,esdb-inflection,inherited-from-lemma,serial
series,60,cleaned-dictionary,preserved,
serif,60,cleaned-dictionary,preserved,
serifs,60,esdb-inflection,inherited-from-lemma,serif
serine,60,cleaned-dictionary,preserved,
serious,60,cleaned-dictionary,preserved,
sermon,60,cleaned-dictionary,preserved,
sermons,60,esdb-inflection,inherited-from-lemma,sermon
serous,60,cleaned-dictionary,preserved,
serpent,60,cleaned-dictionary,preserved,
serum,60,cleaned-dictionary,preserved,
serums,60,esdb-inflection,inherited-from-lemma,serum
servant,60,cleaned-dictionary,preserved,
serve,60,cleaned-dictionary,preserved,
served,60,cleaned-dictionary,preserved,
server,60,cleaned-dictionary,preserved,
servers,60,cleaned-dictionary,preserved,
serves,60,cleaned-dictionary,preserved,
service,60,cleaned-dictionary,preserved,
servile,60,cleaned-dictionary,preserved,
serving,60,cleaned-dictionary,preserved,
servo,60,cleaned-dictionary,preserved,
servos,60,esdb-inflection,inherited-from-lemma,servo
sesame,60,cleaned-dictionary,preserved,
sesames,60,esdb-inflection,inherited-from-lemma,sesame
session,60,cleaned-dictionary,preserved,
set,60,cleaned-dictionary,preserved,
setback,60,cleaned-dictionary,preserved,
sets,60,cleaned-dictionary,preserved,
sett,60,cleaned-dictionary,preserved,
settee,60,cleaned-dictionary,preserved,
settees,60,esdb-inflection,inherited-from-lemma,settee
setting,60,cleaned-dictionary,preserved,
settle,60,cleaned-dictionary,preserved,
settled,60,cleaned-dictionary,preserved,
settler,60,cleaned-dictionary,preserved,
settles,60,esdb-inflection,inherited-from-lemma,settle
setts,60,esdb-inflection,inherited-from-lemma,sett
setup,60,cleaned-dictionary,preserved,
setups,60,esdb-inflection,inherited-from-lemma,setup
seven,60,cleaned-dictionary,preserved,
sevens,60,esdb-inflection,inherited-from-lemma,seven
seventh,60,cleaned-dictionary,preserved,
seventy,60,cleaned-dictionary,preserved,
sever,60,cleaned-dictionary,preserved,
severe,60,cleaned-dictionary,preserved,
severed,60,esdb-inflection,inherited-from-lemma,sever
severer,60,esdb-inflection,inherited-from-lemma,severe
severs,60,esdb-inflection,inherited-from-lemma,sever
sew,60,cleaned-dictionary,preserved,
sewage,60,cleaned-dictionary,preserved,
sewed,60,cleaned-dictionary,preserved,
sewer,60,cleaned-dictionary,preserved,
sewers,60,esdb-inflection,inherited-from-lemma,sewer
sewing,60,cleaned-dictionary,preserved,
sewn,60,cleaned-dictionary,preserved,
sews,60,esdb-inflection,inherited-from-lemma,sew
sex,60,cleaned-dictionary,preserved,
sexed,60,esdb-inflection,inherited-from-lemma,sex
sexes,60,cleaned-dictionary,preserved,
sexier,60,esdb-inflection,inherited-from-lemma,sexy
sexiest,60,esdb-inflection,inherited-from-lemma,sexy
sexing,60,esdb-inflection,inherited-from-lemma,sex
sexism,60,cleaned-dictionary,preserved,
sexist,60,cleaned-dictionary,preserved,
sexists,60,esdb-inflection,inherited-from-lemma,sexist
sexpot,60,cleaned-dictionary,preserved,
sexpots,60,esdb-inflection,inherited-from-lemma,sexpot
sextant,60,cleaned-dictionary,preserved,
sextet,60,cleaned-dictionary,preserved,
sextets,60,esdb-inflection,inherited-from-lemma,sextet
sexton,60,cleaned-dictionary,preserved,
sextons,60,esdb-inflection,inherited-from-lemma,sexton
sexual,60,cleaned-dictionary,preserved,
sexy,60,cleaned-dictionary,preserved,
shabby,60,cleaned-dictionary,preserved,
shack,60,cleaned-dictionary,preserved,
shacked,60,esdb-inflection,inherited-from-lemma,shack
shackle,60,cleaned-dictionary,preserved,
shacks,60,esdb-inflection,inherited-from-lemma,shack
shad,60,cleaned-dictionary,preserved,
shade,60,cleaned-dictionary,preserved,
shaded,60,esdb-inflection,inherited-from-lemma,shade
shades,60,cleaned-dictionary,preserved,
shadier,60,esdb-inflection,inherited-from-lemma,shady
shading,60,esdb-inflection,inherited-from-lemma,shade
shadow,60,cleaned-dictionary,preserved,
shadows,60,cleaned-dictionary,preserved,
shads,60,esdb-inflection,inherited-from-lemma,shad
shady,60,cleaned-dictionary,preserved,
shaft,60,cleaned-dictionary,preserved,
shafted,60,esdb-inflection,inherited-from-lemma,shaft
shafts,60,esdb-inflection,inherited-from-lemma,shaft
shag,60,cleaned-dictionary,preserved,
shagged,60,esdb-inflection,inherited-from-lemma,shag
shaggy,60,cleaned-dictionary,preserved,
shags,60,esdb-inflection,inherited-from-lemma,shag
shah,60,cleaned-dictionary,preserved,
shahs,60,esdb-inflection,inherited-from-lemma,shah
shake,60,cleaned-dictionary,preserved,
shaken,60,cleaned-dictionary,preserved,
shaker,60,cleaned-dictionary,preserved,
shakers,60,esdb-inflection,inherited-from-lemma,shaker
shakes,60,esdb-inflection,inherited-from-lemma,shake
shakier,60,esdb-inflection,inherited-from-lemma,shaky
shaking,60,cleaned-dictionary,preserved,
shaky,60,cleaned-dictionary,preserved,
shale,60,cleaned-dictionary,preserved,
shall,60,cleaned-dictionary,preserved,
shallot,60,cleaned-dictionary,preserved,
shallow,60,cleaned-dictionary,preserved,
shalom,60,cleaned-dictionary,preserved,
shalt,60,cleaned-dictionary,preserved,
sham,60,cleaned-dictionary,preserved,
shame,60,cleaned-dictionary,preserved,
shamed,60,esdb-inflection,inherited-from-lemma,shame
shames,60,esdb-inflection,inherited-from-lemma,shame
shaming,60,esdb-inflection,inherited-from-lemma,shame
shammed,60,esdb-inflection,inherited-from-lemma,sham
shampoo,60,cleaned-dictionary,preserved,
shandy,60,cleaned-dictionary,preserved,
shank,60,cleaned-dictionary,preserved,
shanks,60,esdb-inflection,inherited-from-lemma,shank
shanty,60,cleaned-dictionary,preserved,
shape,60,cleaned-dictionary,preserved,
shaped,60,esdb-inflection,inherited-from-lemma,shape
shapely,60,cleaned-dictionary,preserved,
shapes,60,cleaned-dictionary,preserved,
shaping,60,cleaned-dictionary,preserved,
shard,60,cleaned-dictionary,preserved,
shards,60,esdb-inflection,inherited-from-lemma,shard
share,60,cleaned-dictionary,preserved,
shared,60,cleaned-dictionary,preserved,
shares,60,cleaned-dictionary,preserved,
sharia,60,cleaned-dictionary,preserved,
sharing,60,cleaned-dictionary,preserved,
shark,60,cleaned-dictionary,preserved,
sharks,60,esdb-inflection,inherited-from-lemma,shark
sharp,60,cleaned-dictionary,preserved,
sharped,60,esdb-inflection,inherited-from-lemma,sharp
sharpen,60,cleaned-dictionary,preserved,
sharper,60,esdb-inflection,inherited-from-lemma,sharp
sharply,60,cleaned-dictionary,preserved,
shatter,60,cleaned-dictionary,preserved,
shave,60,cleaned-dictionary,preserved,
shaved,60,cleaned-dictionary,preserved,
shaven,60,cleaned-dictionary,preserved,
shaver,60,cleaned-dictionary,preserved,
shavers,60,esdb-inflection,inherited-from-lemma,shaver
shaves,60,esdb-inflection,inherited-from-lemma,shave
shaving,60,cleaned-dictionary,preserved,
shawl,60,cleaned-dictionary,preserved,
shawls,60,esdb-inflection,inherited-from-lemma,shawl
shay,60,cleaned-dictionary,preserved,
shays,60,esdb-inflection,inherited-from-lemma,shay
she,60,cleaned-dictionary,preserved,
sheaf,60,cleaned-dictionary,preserved,
shear,60,cleaned-dictionary,preserved,
sheared,60,cleaned-dictionary,preserved,
shears,60,esdb-inflection,inherited-from-lemma,shear
sheath,60,cleaned-dictionary,preserved,
sheathe,60,cleaned-dictionary,preserved,
sheaths,60,esdb-inflection,inherited-from-lemma,sheath
sheave,60,cleaned-dictionary,preserved,
sheaved,60,esdb-inflection,inherited-from-lemma,sheave
sheaves,60,esdb-inflection,inherited-from-lemma,sheaf
shebang,60,cleaned-dictionary,preserved,
shebeen,60,cleaned-dictionary,preserved,
shed,60,cleaned-dictionary,preserved,
sheds,60,esdb-inflection,inherited-from-lemma,shed
sheen,60,cleaned-dictionary,preserved,
sheep,60,cleaned-dictionary,preserved,
sheer,60,cleaned-dictionary,preserved,
sheered,60,esdb-inflection,inherited-from-lemma,sheer
sheerer,60,esdb-inflection,inherited-from-lemma,sheer
sheet,60,cleaned-dictionary,preserved,
sheets,60,cleaned-dictionary,preserved,
sheila,60,cleaned-dictionary,preserved,
sheilas,60,esdb-inflection,inherited-from-lemma,sheila
shekel,60,cleaned-dictionary,preserved,
shekels,60,esdb-inflection,inherited-from-lemma,shekel
shelf,60,cleaned-dictionary,preserved,
shell,60,cleaned-dictionary,preserved,
shelled,60,esdb-inflection,inherited-from-lemma,shell
shells,60,cleaned-dictionary,preserved,
shelter,60,cleaned-dictionary,preserved,
shelve,60,cleaned-dictionary,preserved,
shelved,60,esdb-inflection,inherited-from-lemma,shelve
shelves,60,cleaned-dictionary,preserved,
sheriff,60,cleaned-dictionary,preserved,
sherry,60,cleaned-dictionary,preserved,
shew,60,cleaned-dictionary,preserved,
shewed,60,esdb-inflection,inherited-from-lemma,shew
shewing,60,esdb-inflection,inherited-from-lemma,shew
shewn,60,cleaned-dictionary,preserved,
shews,60,esdb-inflection,inherited-from-lemma,shew
shh,60,cleaned-dictionary,preserved,
shied,60,esdb-inflection,inherited-from-lemma,shy
shield,60,cleaned-dictionary,preserved,
shields,60,esdb-inflection,inherited-from-lemma,shield
shift,60,cleaned-dictionary,preserved,
shifted,60,esdb-inflection,inherited-from-lemma,shift
shifts,60,cleaned-dictionary,preserved,
shill,60,cleaned-dictionary,preserved,
shilled,60,esdb-inflection,inherited-from-lemma,shill
shills,60,esdb-inflection,inherited-from-lemma,shill
shim,60,cleaned-dictionary,preserved,
shimmed,60,esdb-inflection,inherited-from-lemma,shim
shimmy,60,cleaned-dictionary,preserved,
shims,60,esdb-inflection,inherited-from-lemma,shim
shin,60,cleaned-dictionary,preserved,
shindig,60,cleaned-dictionary,preserved,
shine,60,cleaned-dictionary,preserved,
shined,60,cleaned-dictionary,preserved,
shiner,60,cleaned-dictionary,preserved,
shiners,60,esdb-inflection,inherited-from-lemma,shiner
shines,60,esdb-inflection,inherited-from-lemma,shine
shingle,60,cleaned-dictionary,preserved,
shinier,60,esdb-inflection,inherited-from-lemma,shiny
shining,60,cleaned-dictionary,preserved,
shinned,60,esdb-inflection,inherited-from-lemma,shin
shinny,60,cleaned-dictionary,preserved,
shins,60,esdb-inflection,inherited-from-lemma,shin
shiny,60,cleaned-dictionary,preserved,
ship,60,cleaned-dictionary,preserved,
shipped,60,esdb-inflection,inherited-from-lemma,ship
ships,60,cleaned-dictionary,preserved,
shire,60,cleaned-dictionary,preserved,
shires,60,esdb-inflection,inherited-from-lemma,shire
shirk,60,cleaned-dictionary,preserved,
shirked,60,esdb-inflection,inherited-from-lemma,shirk
shirks,60,esdb-inflection,inherited-from-lemma,shirk
shirt,60,cleaned-dictionary,preserved,
shirts,60,cleaned-dictionary,preserved,
shirty,60,cleaned-dictionary,preserved,
shiv,60,cleaned-dictionary,preserved,
shiver,60,cleaned-dictionary,preserved,
shivers,60,esdb-inflection,inherited-from-lemma,shiver
shivs,60,esdb-inflection,inherited-from-lemma,shiv
shoal,60,cleaned-dictionary,preserved,
shoaled,60,esdb-inflection,inherited-from-lemma,shoal
shoals,60,esdb-inflection,inherited-from-lemma,shoal
shock,60,cleaned-dictionary,preserved,
shocked,60,cleaned-dictionary,preserved,
shocks,60,esdb-inflection,inherited-from-lemma,shock
shod,60,esdb-inflection,inherited-from-lemma,shoe
shoddy,60,cleaned-dictionary,preserved,
shoe,60,cleaned-dictionary,preserved,
shoeing,60,esdb-inflection,inherited-from-lemma,shoe
shoes,60,cleaned-dictionary,preserved,
shogun,60,cleaned-dictionary,preserved,
shoguns,60,esdb-inflection,inherited-from-lemma,shogun
shone,60,cleaned-dictionary,preserved,
shoo,60,cleaned-dictionary,preserved,
shooed,60,esdb-inflection,inherited-from-lemma,shoo
shooing,60,esdb-inflection,inherited-from-lemma,shoo
shook,60,cleaned-dictionary,preserved,
shoos,60,esdb-inflection,inherited-from-lemma,shoo
shoot,60,cleaned-dictionary,preserved,
shoots,60,esdb-inflection,inherited-from-lemma,shoot
shop,60,cleaned-dictionary,preserved,
shopped,60,esdb-inflection,inherited-from-lemma,shop
shops,60,cleaned-dictionary,preserved,
shore,60,cleaned-dictionary,preserved,
shored,60,esdb-inflection,inherited-from-lemma,shore
shores,60,cleaned-dictionary,preserved,
shoring,60,esdb-inflection,inherited-from-lemma,shore
shorn,60,cleaned-dictionary,preserved,
short,60,cleaned-dictionary,preserved,
shorted,60,esdb-inflection,inherited-from-lemma,short
shorten,60,cleaned-dictionary,preserved,
shorter,60,esdb-inflection,inherited-from-lemma,short
shortly,60,cleaned-dictionary,preserved,
shorts,60,cleaned-dictionary,preserved,
shot,60,cleaned-dictionary,preserved,
shotgun,60,cleaned-dictionary,preserved,
shots,60,esdb-inflection,inherited-from-lemma,shot
should,60,cleaned-dictionary,preserved,
shout,60,cleaned-dictionary,preserved,
shouted,60,cleaned-dictionary,preserved,
shouts,60,cleaned-dictionary,preserved,
shove,60,cleaned-dictionary,preserved,
shoved,60,cleaned-dictionary,preserved,
shovel,60,cleaned-dictionary,preserved,
shovels,60,esdb-inflection,inherited-from-lemma,shovel
shoves,60,esdb-inflection,inherited-from-lemma,shove
shoving,60,esdb-inflection,inherited-from-lemma,shove
show,60,cleaned-dictionary,preserved,
showed,60,cleaned-dictionary,preserved,
shower,60,cleaned-dictionary,preserved,
showers,60,esdb-inflection,inherited-from-lemma,shower
showier,60,esdb-inflection,inherited-from-lemma,showy
showing,60,cleaned-dictionary,preserved,
shown,60,cleaned-dictionary,preserved,
shows,60,esdb-inflection,inherited-from-lemma,show
showy,60,cleaned-dictionary,preserved,
shrank,60,esdb-inflection,inherited-from-lemma,shrink
shred,60,cleaned-dictionary,preserved,
shreds,60,esdb-inflection,inherited-from-lemma,shred
shrew,60,cleaned-dictionary,preserved,
shrewd,60,cleaned-dictionary,preserved,
shrews,60,esdb-inflection,inherited-from-lemma,shrew
shriek,60,cleaned-dictionary,preserved,
shrieks,60,esdb-inflection,inherited-from-lemma,shriek
shrike,60,cleaned-dictionary,preserved,
shrikes,60,esdb-inflection,inherited-from-lemma,shrike
shrill,60,cleaned-dictionary,preserved,
shrills,60,esdb-inflection,inherited-from-lemma,shrill
shrimp,60,cleaned-dictionary,preserved,
shrimps,60,esdb-inflection,inherited-from-lemma,shrimp
shrine,60,cleaned-dictionary,preserved,
shrines,60,esdb-inflection,inherited-from-lemma,shrine
shrink,60,cleaned-dictionary,preserved,
shrinks,60,esdb-inflection,inherited-from-lemma,shrink
shrive,60,cleaned-dictionary,preserved,
shrived,60,esdb-inflection,inherited-from-lemma,shrive
shrivel,60,cleaned-dictionary,preserved,
shriven,60,esdb-inflection,inherited-from-lemma,shrive
shrives,60,esdb-inflection,inherited-from-lemma,shrive
shroud,60,cleaned-dictionary,preserved,
shrouds,60,esdb-inflection,inherited-from-lemma,shroud
shrub,60,cleaned-dictionary,preserved,
shrubs,60,esdb-inflection,inherited-from-lemma,shrub
shrug,60,cleaned-dictionary,preserved,
shrugs,60,esdb-inflection,inherited-from-lemma,shrug
shrunk,60,cleaned-dictionary,preserved,
shtick,60,cleaned-dictionary,preserved,
shticks,60,esdb-inflection,inherited-from-lemma,shtick
shuck,60,cleaned-dictionary,preserved,
shucked,60,esdb-inflection,inherited-from-lemma,shuck
shucks,60,esdb-inflection,inherited-from-lemma,shuck
shuffle,60,cleaned-dictionary,preserved,
shun,60,cleaned-dictionary,preserved,
shunned,60,esdb-inflection,inherited-from-lemma,shun
shuns,60,esdb-inflection,inherited-from-lemma,shun
shunt,60,cleaned-dictionary,preserved,
shunted,60,esdb-inflection,inherited-from-lemma,shunt
shunts,60,esdb-inflection,inherited-from-lemma,shunt
shut,60,cleaned-dictionary,preserved,
shuteye,60,cleaned-dictionary,preserved,
shuts,60,esdb-inflection,inherited-from-lemma,shut
shuttle,60,cleaned-dictionary,preserved,
shy,60,cleaned-dictionary,preserved,
shyer,60,esdb-inflection,inherited-from-lemma,shy
shyest,60,esdb-inflection,inherited-from-lemma,shy
shying,60,esdb-inflection,inherited-from-lemma,shy
shyster,60,cleaned-dictionary,preserved,
sibling,60,cleaned-dictionary,preserved,
sibyl,60,cleaned-dictionary,preserved,
sibyls,60,esdb-inflection,inherited-from-lemma,sibyl
sic,60,cleaned-dictionary,preserved,
sick,60,cleaned-dictionary,preserved,
sicked,60,esdb-inflection,inherited-from-lemma,sic
sicker,60,esdb-inflection,inherited-from-lemma,sick
sickest,60,esdb-inflection,inherited-from-lemma,sick
sicking,60,esdb-inflection,inherited-from-lemma,sic
sickle,60,cleaned-dictionary,preserved,
sickles,60,esdb-inflection,inherited-from-lemma,sickle
sicks,60,esdb-inflection,inherited-from-lemma,sick
sics,60,esdb-inflection,inherited-from-lemma,sic
side,60,cleaned-dictionary,preserved,
sidearm,60,cleaned-dictionary,preserved,
sidecar,60,cleaned-dictionary,preserved,
sided,60,esdb-inflection,inherited-from-lemma,side
sides,60,cleaned-dictionary,preserved,
siding,60,esdb-inflection,inherited-from-lemma,side
sidle,60,cleaned-dictionary,preserved,
sidled,60,esdb-inflection,inherited-from-lemma,sidle
sidles,60,esdb-inflection,inherited-from-lemma,sidle
sidling,60,esdb-inflection,inherited-from-lemma,sidle
siege,60,cleaned-dictionary,preserved,
sieges,60,esdb-inflection,inherited-from-lemma,siege
sienna,60,cleaned-dictionary,preserved,
sierra,60,cleaned-dictionary,preserved,
sierras,60,esdb-inflection,inherited-from-lemma,sierra
siesta,60,cleaned-dictionary,preserved,
siestas,60,esdb-inflection,inherited-from-lemma,siesta
sieve,60,cleaned-dictionary,preserved,
sieved,60,esdb-inflection,inherited-from-lemma,sieve
sieves,60,esdb-inflection,inherited-from-lemma,sieve
sieving,60,esdb-inflection,inherited-from-lemma,sieve
sift,60,cleaned-dictionary,preserved,
sifted,60,esdb-inflection,inherited-from-lemma,sift
sifter,60,cleaned-dictionary,preserved,
sifters,60,esdb-inflection,inherited-from-lemma,sifter
sifting,60,esdb-inflection,inherited-from-lemma,sift
sifts,60,esdb-inflection,inherited-from-lemma,sift
sigh,60,cleaned-dictionary,preserved,
sighed,60,cleaned-dictionary,preserved,
sighing,60,esdb-inflection,inherited-from-lemma,sigh
sighs,60,esdb-inflection,inherited-from-lemma,sigh
sight,60,cleaned-dictionary,preserved,
sighted,60,esdb-inflection,inherited-from-lemma,sight
sights,60,cleaned-dictionary,preserved,
sigma,60,cleaned-dictionary,preserved,
sigmas,60,esdb-inflection,inherited-from-lemma,sigma
sign,60,cleaned-dictionary,preserved,
signage,60,cleaned-dictionary,preserved,
signal,60,cleaned-dictionary,preserved,
signals,60,cleaned-dictionary,preserved,
signed,60,esdb-inflection,inherited-from-lemma,sign
signify,60,cleaned-dictionary,preserved,
signing,60,esdb-inflection,inherited-from-lemma,sign
signora,60,cleaned-dictionary,preserved,
signs,60,cleaned-dictionary,preserved,
silage,60,cleaned-dictionary,preserved,
silence,60,cleaned-dictionary,preserved,
silent,60,cleaned-dictionary,preserved,
silents,60,esdb-inflection,inherited-from-lemma,silent
silica,60,cleaned-dictionary,preserved,
silicon,60,cleaned-dictionary,preserved,
silk,60,cleaned-dictionary,preserved,
silken,60,cleaned-dictionary,preserved,
silkier,60,esdb-inflection,inherited-from-lemma,silky
silks,60,esdb-inflection,inherited-from-lemma,silk
silky,60,cleaned-dictionary,preserved,
sill,60,cleaned-dictionary,preserved,
sillier,60,esdb-inflection,inherited-from-lemma,silly
sillies,60,esdb-inflection,inherited-from-lemma,silly
sills,60,esdb-inflection,inherited-from-lemma,sill
silly,60,cleaned-dictionary,preserved,
silo,60,cleaned-dictionary,preserved,
silos,60,esdb-inflection,inherited-from-lemma,silo
silt,60,cleaned-dictionary,preserved,
silted,60,esdb-inflection,inherited-from-lemma,silt
silting,60,esdb-inflection,inherited-from-lemma,silt
silts,60,esdb-inflection,inherited-from-lemma,silt
silver,60,cleaned-dictionary,preserved,
silvers,60,esdb-inflection,inherited-from-lemma,silver
simian,60,cleaned-dictionary,preserved,
simians,60,esdb-inflection,inherited-from-lemma,simian
similar,60,cleaned-dictionary,preserved,
simile,60,cleaned-dictionary,preserved,
similes,60,esdb-inflection,inherited-from-lemma,simile
simmer,60,cleaned-dictionary,preserved,
simmers,60,esdb-inflection,inherited-from-lemma,simmer
simony,60,cleaned-dictionary,preserved,
simp,60,cleaned-dictionary,preserved,
simper,60,cleaned-dictionary,preserved,
simpers,60,esdb-inflection,inherited-from-lemma,simper
simple,60,cleaned-dictionary,preserved,
simpler,60,esdb-inflection,inherited-from-lemma,simple
simplex,60,cleaned-dictionary,preserved,
simply,60,cleaned-dictionary,preserved,
simps,60,esdb-inflection,inherited-from-lemma,simp
sin,60,cleaned-dictionary,preserved,
since,60,cleaned-dictionary,preserved,
sincere,60,cleaned-dictionary,preserved,
sine,60,cleaned-dictionary,preserved,
sines,60,esdb-inflection,inherited-from-lemma,sine
sinew,60,cleaned-dictionary,preserved,
sinews,60,esdb-inflection,inherited-from-lemma,sinew
sinewy,60,cleaned-dictionary,preserved,
sinful,60,cleaned-dictionary,preserved,
sing,60,cleaned-dictionary,preserved,
singe,60,cleaned-dictionary,preserved,
singed,60,esdb-inflection,inherited-from-lemma,singe
singer,60,cleaned-dictionary,preserved,
singers,60,esdb-inflection,inherited-from-lemma,singer
singes,60,esdb-inflection,inherited-from-lemma,singe
singing,60,cleaned-dictionary,preserved,
single,60,cleaned-dictionary,preserved,
singled,60,esdb-inflection,inherited-from-lemma,single
singles,60,cleaned-dictionary,preserved,
sings,60,cleaned-dictionary,preserved,
sink,60,cleaned-dictionary,preserved,
sinker,60,cleaned-dictionary,preserved,
sinkers,60,esdb-inflection,inherited-from-lemma,sinker
sinking,60,cleaned-dictionary,preserved,
sinks,60,esdb-inflection,inherited-from-lemma,sink
sinned,60,esdb-inflection,inherited-from-lemma,sin
sinner,60,cleaned-dictionary,preserved,
sinners,60,esdb-inflection,inherited-from-lemma,sinner
sinning,60,esdb-inflection,inherited-from-lemma,sin
sins,60,cleaned-dictionary,preserved,
sinuous,60,cleaned-dictionary,preserved,
sinus,60,cleaned-dictionary,preserved,
sinuses,60,esdb-inflection,inherited-from-lemma,sinus
sip,60,cleaned-dictionary,preserved,
sipped,60,esdb-inflection,inherited-from-lemma,sip
sipping,60,esdb-inflection,inherited-from-lemma,sip
sips,60,esdb-inflection,inherited-from-lemma,sip
sir,60,cleaned-dictionary,preserved,
sire,60,cleaned-dictionary,preserved,
sired,60,esdb-inflection,inherited-from-lemma,sire
siren,60,cleaned-dictionary,preserved,
sirens,60,esdb-inflection,inherited-from-lemma,siren
sires,60,esdb-inflection,inherited-from-lemma,sire
siring,60,esdb-inflection,inherited-from-lemma,sire
sirrah,60,cleaned-dictionary,preserved,
sirs,60,esdb-inflection,inherited-from-lemma,sir
sisal,60,cleaned-dictionary,preserved,
sissier,60,esdb-inflection,inherited-from-lemma,sissy
sissies,60,esdb-inflection,inherited-from-lemma,sissy
sissy,60,cleaned-dictionary,preserved,
sister,60,cleaned-dictionary,preserved,
sisters,60,cleaned-dictionary,preserved,
sit,60,cleaned-dictionary,preserved,
sitar,60,cleaned-dictionary,preserved,
sitars,60,esdb-inflection,inherited-from-lemma,sitar
sitcom,60,cleaned-dictionary,preserved,
sitcoms,60,esdb-inflection,inherited-from-lemma,sitcom
site,60,cleaned-dictionary,preserved,
sited,60,esdb-inflection,inherited-from-lemma,site
sites,60,cleaned-dictionary,preserved,
siting,60,esdb-inflection,inherited-from-lemma,site
sits,60,esdb-inflection,inherited-from-lemma,sit
sitting,60,cleaned-dictionary,preserved,
situate,60,cleaned-dictionary,preserved,
six,60,cleaned-dictionary,preserved,
sixes,60,esdb-inflection,inherited-from-lemma,six
sixteen,60,cleaned-dictionary,preserved,
sixth,60,cleaned-dictionary,preserved,
sixths,60,esdb-inflection,inherited-from-lemma,sixth
sixties,60,esdb-inflection,inherited-from-lemma,sixty
sixty,60,cleaned-dictionary,preserved,
size,60,cleaned-dictionary,preserved,
sized,60,cleaned-dictionary,preserved,
sizes,60,cleaned-dictionary,preserved,
sizing,60,cleaned-dictionary,preserved,
sizzle,60,cleaned-dictionary,preserved,
sizzled,60,esdb-inflection,inherited-from-lemma,sizzle
sizzles,60,esdb-inflection,inherited-from-lemma,sizzle
ska,60,cleaned-dictionary,preserved,
skate,60,cleaned-dictionary,preserved,
skated,60,esdb-inflection,inherited-from-lemma,skate
skater,60,cleaned-dictionary,preserved,
skaters,60,esdb-inflection,inherited-from-lemma,skater
skates,60,esdb-inflection,inherited-from-lemma,skate
skating,60,esdb-inflection,inherited-from-lemma,skate
skeet,60,cleaned-dictionary,preserved,
skein,60,cleaned-dictionary,preserved,
skeins,60,esdb-inflection,inherited-from-lemma,skein
skeptic,60,cleaned-dictionary,preserved,
sketch,60,cleaned-dictionary,preserved,
sketchy,60,cleaned-dictionary,preserved,
skew,60,cleaned-dictionary,preserved,
skewed,60,esdb-inflection,inherited-from-lemma,skew
skewer,60,cleaned-dictionary,preserved,
skewers,60,esdb-inflection,inherited-from-lemma,skewer
skewing,60,esdb-inflection,inherited-from-lemma,skew
skews,60,esdb-inflection,inherited-from-lemma,skew
ski,60,cleaned-dictionary,preserved,
skid,60,cleaned-dictionary,preserved,
skidded,60,esdb-inflection,inherited-from-lemma,skid
skids,60,esdb-inflection,inherited-from-lemma,skid
skied,60,esdb-inflection,inherited-from-lemma,ski
skier,60,cleaned-dictionary,preserved,
skiers,60,esdb-inflection,inherited-from-lemma,skier
skies,60,cleaned-dictionary,preserved,
skiffle,60,cleaned-dictionary,preserved,
skiing,60,cleaned-dictionary,preserved,
skill,60,cleaned-dictionary,preserved,
skilled,60,cleaned-dictionary,preserved,
skillet,60,cleaned-dictionary,preserved,
skills,60,cleaned-dictionary,preserved,
skim,60,cleaned-dictionary,preserved,
skimmed,60,esdb-inflection,inherited-from-lemma,skim
skimp,60,cleaned-dictionary,preserved,
skimped,60,esdb-inflection,inherited-from-lemma,skimp
skimps,60,esdb-inflection,inherited-from-lemma,skimp
skims,60,esdb-inflection,inherited-from-lemma,skim
skin,60,cleaned-dictionary,preserved,
skinned,60,esdb-inflection,inherited-from-lemma,skin
skinny,60,cleaned-dictionary,preserved,
skins,60,esdb-inflection,inherited-from-lemma,skin
skint,60,cleaned-dictionary,preserved,
skip,60,cleaned-dictionary,preserved,
skipped,60,esdb-inflection,inherited-from-lemma,skip
skipper,60,cleaned-dictionary,preserved,
skips,60,esdb-inflection,inherited-from-lemma,skip
skirt,60,cleaned-dictionary,preserved,
skirted,60,esdb-inflection,inherited-from-lemma,skirt
skirts,60,esdb-inflection,inherited-from-lemma,skirt
skis,60,esdb-inflection,inherited-from-lemma,ski
skit,60,cleaned-dictionary,preserved,
skits,60,esdb-inflection,inherited-from-lemma,skit
skitter,60,cleaned-dictionary,preserved,
skittle,60,cleaned-dictionary,preserved,
skive,60,cleaned-dictionary,preserved,
skived,60,esdb-inflection,inherited-from-lemma,skive
skives,60,esdb-inflection,inherited-from-lemma,skive
skiving,60,esdb-inflection,inherited-from-lemma,skive
skull,60,cleaned-dictionary,preserved,
skulls,60,esdb-inflection,inherited-from-lemma,skull
skunk,60,cleaned-dictionary,preserved,
skunked,60,esdb-inflection,inherited-from-lemma,skunk
skunks,60,esdb-inflection,inherited-from-lemma,skunk
sky,60,cleaned-dictionary,preserved,
skydive,60,cleaned-dictionary,preserved,
skying,60,esdb-inflection,inherited-from-lemma,sky
skylark,60,cleaned-dictionary,preserved,
slack,60,cleaned-dictionary,preserved,
slacked,60,esdb-inflection,inherited-from-lemma,slack
slacker,60,cleaned-dictionary,preserved,
slacks,60,esdb-inflection,inherited-from-lemma,slack
slag,60,cleaned-dictionary,preserved,
slagged,60,esdb-inflection,inherited-from-lemma,slag
slags,60,esdb-inflection,inherited-from-lemma,slag
slain,60,cleaned-dictionary,preserved,
slake,60,cleaned-dictionary,preserved,
slaked,60,esdb-inflection,inherited-from-lemma,slake
slakes,60,esdb-inflection,inherited-from-lemma,slake
slaking,60,esdb-inflection,inherited-from-lemma,slake
slalom,60,cleaned-dictionary,preserved,
slaloms,60,esdb-inflection,inherited-from-lemma,slalom
slam,60,cleaned-dictionary,preserved,
slammed,60,cleaned-dictionary,preserved,
slammer,60,cleaned-dictionary,preserved,
slams,60,esdb-inflection,inherited-from-lemma,slam
slander,60,cleaned-dictionary,preserved,
slang,60,cleaned-dictionary,preserved,
slap,60,cleaned-dictionary,preserved,
slapped,60,esdb-inflection,inherited-from-lemma,slap
slapper,60,cleaned-dictionary,preserved,
slaps,60,esdb-inflection,inherited-from-lemma,slap
slash,60,cleaned-dictionary,preserved,
slashed,60,esdb-inflection,inherited-from-lemma,slash
slashes,60,esdb-inflection,inherited-from-lemma,slash
slat,60,cleaned-dictionary,preserved,
slate,60,cleaned-dictionary,preserved,
slated,60,esdb-inflection,inherited-from-lemma,slate
slates,60,esdb-inflection,inherited-from-lemma,slate
slather,60,cleaned-dictionary,preserved,
slating,60,esdb-inflection,inherited-from-lemma,slate
slats,60,esdb-inflection,inherited-from-lemma,slat
slave,60,cleaned-dictionary,preserved,
slaved,60,esdb-inflection,inherited-from-lemma,slave
slavery,60,cleaned-dictionary,preserved,
slaves,60,cleaned-dictionary,preserved,
slaving,60,esdb-inflection,inherited-from-lemma,slave
slavish,60,cleaned-dictionary,preserved,
slaw,60,cleaned-dictionary,preserved,
slay,60,cleaned-dictionary,preserved,
slayer,60,cleaned-dictionary,preserved,
slayers,60,esdb-inflection,inherited-from-lemma,slayer
slaying,60,esdb-inflection,inherited-from-lemma,slay
slays,60,esdb-inflection,inherited-from-lemma,slay
sleaze,60,cleaned-dictionary,preserved,
sleazes,60,esdb-inflection,inherited-from-lemma,sleaze
sled,60,cleaned-dictionary,preserved,
sledded,60,esdb-inflection,inherited-from-lemma,sled
sledge,60,cleaned-dictionary,preserved,
sledged,60,esdb-inflection,inherited-from-lemma,sledge
sledges,60,esdb-inflection,inherited-from-lemma,sledge
sleds,60,esdb-inflection,inherited-from-lemma,sled
sleek,60,cleaned-dictionary,preserved,
sleeked,60,esdb-inflection,inherited-from-lemma,sleek
sleeker,60,esdb-inflection,inherited-from-lemma,sleek
sleeks,60,esdb-inflection,inherited-from-lemma,sleek
sleep,60,cleaned-dictionary,preserved,
sleeper,60,cleaned-dictionary,preserved,
sleeps,60,esdb-inflection,inherited-from-lemma,sleep
sleepy,60,cleaned-dictionary,preserved,
sleet,60,cleaned-dictionary,preserved,
sleeted,60,esdb-inflection,inherited-from-lemma,sleet
sleets,60,esdb-inflection,inherited-from-lemma,sleet
sleeve,60,cleaned-dictionary,preserved,
sleeves,60,esdb-inflection,inherited-from-lemma,sleeve
sleigh,60,cleaned-dictionary,preserved,
sleighs,60,esdb-inflection,inherited-from-lemma,sleigh
sleight,60,cleaned-dictionary,preserved,
slender,60,cleaned-dictionary,preserved,
slept,60,cleaned-dictionary,preserved,
slew,60,cleaned-dictionary,preserved,
slewed,60,cleaned-dictionary,preserved,
slewing,60,esdb-inflection,inherited-from-lemma,slew
slews,60,esdb-inflection,inherited-from-lemma,slew
slice,60,cleaned-dictionary,preserved,
sliced,60,cleaned-dictionary,preserved,
slices,60,cleaned-dictionary,preserved,
slicing,60,esdb-inflection,inherited-from-lemma,slice
slick,60,cleaned-dictionary,preserved,
slicked,60,esdb-inflection,inherited-from-lemma,slick
slicker,60,esdb-inflection,inherited-from-lemma,slick
slid,60,cleaned-dictionary,preserved,
slide,60,cleaned-dictionary,preserved,
slider,60,cleaned-dictionary,preserved,
sliders,60,esdb-inflection,inherited-from-lemma,slider
slides,60,esdb-inflection,inherited-from-lemma,slide
sliding,60,cleaned-dictionary,preserved,
slier,60,esdb-inflection,inherited-from-lemma,sly
sliest,60,esdb-inflection,inherited-from-lemma,sly
slight,60,cleaned-dictionary,preserved,
slim,60,cleaned-dictionary,preserved,
slime,60,cleaned-dictionary,preserved,
slimier,60,esdb-inflection,inherited-from-lemma,slimy
slimmed,60,esdb-inflection,inherited-from-lemma,slim
slimmer,60,esdb-inflection,inherited-from-lemma,slim
slims,60,esdb-inflection,inherited-from-lemma,slim
slimy,60,cleaned-dictionary,preserved,
sling,60,cleaned-dictionary,preserved,
slings,60,esdb-inflection,inherited-from-lemma,sling
slinky,60,cleaned-dictionary,preserved,
slip,60,cleaned-dictionary,preserved,
slipped,60,cleaned-dictionary,preserved,
slipper,60,cleaned-dictionary,preserved,
slips,60,esdb-inflection,inherited-from-lemma,slip
slit,60,cleaned-dictionary,preserved,
slits,60,esdb-inflection,inherited-from-lemma,slit
sliver,60,cleaned-dictionary,preserved,
slivers,60,esdb-inflection,inherited-from-lemma,sliver
slob,60,cleaned-dictionary,preserved,
slobbed,60,esdb-inflection,inherited-from-lemma,slob
slobber,60,cleaned-dictionary,preserved,
slobs,60,esdb-inflection,inherited-from-lemma,slob
sloe,60,cleaned-dictionary,preserved,
sloes,60,esdb-inflection,inherited-from-lemma,sloe
slog,60,cleaned-dictionary,preserved,
slogan,60,cleaned-dictionary,preserved,
slogans,60,esdb-inflection,inherited-from-lemma,slogan
slogged,60,esdb-inflection,inherited-from-lemma,slog
slogs,60,esdb-inflection,inherited-from-lemma,slog
sloop,60,cleaned-dictionary,preserved,
sloops,60,esdb-inflection,inherited-from-lemma,sloop
slop,60,cleaned-dictionary,preserved,
slope,60,cleaned-dictionary,preserved,
sloped,60,cleaned-dictionary,preserved,
slopes,60,cleaned-dictionary,preserved,
sloping,60,cleaned-dictionary,preserved,
slopped,60,esdb-inflection,inherited-from-lemma,slop
sloppy,60,cleaned-dictionary,preserved,
slops,60,esdb-inflection,inherited-from-lemma,slop
slot,60,cleaned-dictionary,preserved,
sloth,60,cleaned-dictionary,preserved,
sloths,60,esdb-inflection,inherited-from-lemma,sloth
slots,60,esdb-inflection,inherited-from-lemma,slot
slotted,60,esdb-inflection,inherited-from-lemma,slot
slouch,60,cleaned-dictionary,preserved,
slough,60,cleaned-dictionary,preserved,
sloughs,60,esdb-inflection,inherited-from-lemma,slough
sloven,60,cleaned-dictionary,preserved,
slovens,60,esdb-inflection,inherited-from-lemma,sloven
slow,60,cleaned-dictionary,preserved,
slowed,60,esdb-inflection,inherited-from-lemma,slow
slower,60,esdb-inflection,inherited-from-lemma,slow
slowest,60,esdb-inflection,inherited-from-lemma,slow
slowing,60,esdb-inflection,inherited-from-lemma,slow
slowly,60,cleaned-dictionary,preserved,
slows,60,esdb-inflection,inherited-from-lemma,slow
slug,60,cleaned-dictionary,preserved,
slugged,60,esdb-inflection,inherited-from-lemma,slug
slugs,60,esdb-inflection,inherited-from-lemma,slug
slumber,60,cleaned-dictionary,preserved,
slump,60,cleaned-dictionary,preserved,
slumped,60,esdb-inflection,inherited-from-lemma,slump
slumps,60,esdb-inflection,inherited-from-lemma,slump
slung,60,cleaned-dictionary,preserved,
slur,60,cleaned-dictionary,preserved,
slurp,60,cleaned-dictionary,preserved,
slurped,60,esdb-inflection,inherited-from-lemma,slurp
slurps,60,esdb-inflection,inherited-from-lemma,slurp
slurred,60,esdb-inflection,inherited-from-lemma,slur
slurry,60,cleaned-dictionary,preserved,
slurs,60,esdb-inflection,inherited-from-lemma,slur
slut,60,cleaned-dictionary,preserved,
sluts,60,esdb-inflection,inherited-from-lemma,slut
slutty,60,cleaned-dictionary,preserved,
sly,60,cleaned-dictionary,preserved,
smack,60,cleaned-dictionary,preserved,
smacked,60,esdb-inflection,inherited-from-lemma,smack
smacker,60,cleaned-dictionary,preserved,
smacks,60,esdb-inflection,inherited-from-lemma,smack
small,60,cleaned-dictionary,preserved,
smaller,60,cleaned-dictionary,preserved,
smalls,60,cleaned-dictionary,preserved,
smarmy,60,cleaned-dictionary,preserved,
smart,60,cleaned-dictionary,preserved,
smarted,60,esdb-inflection,inherited-from-lemma,smart
smarter,60,esdb-inflection,inherited-from-lemma,smart
smarts,60,esdb-inflection,inherited-from-lemma,smart
smash,60,cleaned-dictionary,preserved,
smashed,60,cleaned-dictionary,preserved,
smashes,60,esdb-inflection,inherited-from-lemma,smash
smear,60,cleaned-dictionary,preserved,
smeared,60,esdb-inflection,inherited-from-lemma,smear
smears,60,esdb-inflection,inherited-from-lemma,smear
smell,60,cleaned-dictionary,preserved,
smelled,60,cleaned-dictionary,preserved,
smells,60,cleaned-dictionary,preserved,
smelly,60,cleaned-dictionary,preserved,
smelt,60,cleaned-dictionary,preserved,
smelted,60,esdb-inflection,inherited-from-lemma,smelt
smelts,60,esdb-inflection,inherited-from-lemma,smelt
smidgen,60,cleaned-dictionary,preserved,
smile,60,cleaned-dictionary,preserved,
smiled,60,cleaned-dictionary,preserved,
smiles,60,cleaned-dictionary,preserved,
smiley,60,cleaned-dictionary,preserved,
smileys,60,esdb-inflection,inherited-from-lemma,smiley
smiling,60,cleaned-dictionary,preserved,
smite,60,cleaned-dictionary,preserved,
smites,60,esdb-inflection,inherited-from-lemma,smite
smith,60,cleaned-dictionary,preserved,
smiths,60,esdb-inflection,inherited-from-lemma,smith
smiting,60,esdb-inflection,inherited-from-lemma,smite
smitten,60,cleaned-dictionary,preserved,
smock,60,cleaned-dictionary,preserved,
smocked,60,esdb-inflection,inherited-from-lemma,smock
smocks,60,esdb-inflection,inherited-from-lemma,smock
smog,60,cleaned-dictionary,preserved,
smogs,60,esdb-inflection,inherited-from-lemma,smog
smoke,60,cleaned-dictionary,preserved,
smoked,60,cleaned-dictionary,preserved,
smoker,60,cleaned-dictionary,preserved,
smokers,60,esdb-inflection,inherited-from-lemma,smoker
smokes,60,esdb-inflection,inherited-from-lemma,smoke
smoking,60,cleaned-dictionary,preserved,
smolder,60,cleaned-dictionary,preserved,
smooch,60,cleaned-dictionary,preserved,
smooth,60,cleaned-dictionary,preserved,
smooths,60,esdb-inflection,inherited-from-lemma,smooth
smote,60,cleaned-dictionary,preserved,
smudge,60,cleaned-dictionary,preserved,
smudged,60,esdb-inflection,inherited-from-lemma,smudge
smudges,60,esdb-inflection,inherited-from-lemma,smudge
smug,60,cleaned-dictionary,preserved,
smugger,60,esdb-inflection,inherited-from-lemma,smug
smuggle,60,cleaned-dictionary,preserved,
smut,60,cleaned-dictionary,preserved,
smuts,60,esdb-inflection,inherited-from-lemma,smut
snack,60,cleaned-dictionary,preserved,
snacked,60,esdb-inflection,inherited-from-lemma,snack
snacks,60,esdb-inflection,inherited-from-lemma,snack
snaffle,60,cleaned-dictionary,preserved,
snafu,60,cleaned-dictionary,preserved,
snafus,60,esdb-inflection,inherited-from-lemma,snafu
snag,60,cleaned-dictionary,preserved,
snagged,60,esdb-inflection,inherited-from-lemma,snag
snags,60,esdb-inflection,inherited-from-lemma,snag
snail,60,cleaned-dictionary,preserved,
snails,60,esdb-inflection,inherited-from-lemma,snail
snake,60,cleaned-dictionary,preserved,
snaked,60,esdb-inflection,inherited-from-lemma,snake
snakes,60,cleaned-dictionary,preserved,
snaking,60,esdb-inflection,inherited-from-lemma,snake
snap,60,cleaned-dictionary,preserved,
snapped,60,cleaned-dictionary,preserved,
snaps,60,esdb-inflection,inherited-from-lemma,snap
snare,60,cleaned-dictionary,preserved,
snared,60,esdb-inflection,inherited-from-lemma,snare
snares,60,esdb-inflection,inherited-from-lemma,snare
snaring,60,esdb-inflection,inherited-from-lemma,snare
snarky,60,cleaned-dictionary,preserved,
snarl,60,cleaned-dictionary,preserved,
snarled,60,esdb-inflection,inherited-from-lemma,snarl
snarls,60,esdb-inflection,inherited-from-lemma,snarl
snatch,60,cleaned-dictionary,preserved,
sneak,60,cleaned-dictionary,preserved,
sneaked,60,esdb-inflection,inherited-from-lemma,sneak
sneaker,60,cleaned-dictionary,preserved,
sneaks,60,esdb-inflection,inherited-from-lemma,sneak
sneer,60,cleaned-dictionary,preserved,
sneered,60,esdb-inflection,inherited-from-lemma,sneer
sneers,60,esdb-inflection,inherited-from-lemma,sneer
sneeze,60,cleaned-dictionary,preserved,
sneezed,60,esdb-inflection,inherited-from-lemma,sneeze
sneezes,60,esdb-inflection,inherited-from-lemma,sneeze
snick,60,cleaned-dictionary,preserved,
snicked,60,esdb-inflection,inherited-from-lemma,snick
snicker,60,cleaned-dictionary,preserved,
snicks,60,esdb-inflection,inherited-from-lemma,snick
snide,60,cleaned-dictionary,preserved,
snider,60,cleaned-dictionary,preserved,
snidest,60,esdb-inflection,inherited-from-lemma,snide
sniff,60,cleaned-dictionary,preserved,
sniffed,60,esdb-inflection,inherited-from-lemma,sniff
sniffs,60,esdb-inflection,inherited-from-lemma,sniff
snigger,60,cleaned-dictionary,preserved,
snipe,60,cleaned-dictionary,preserved,
sniped,60,esdb-inflection,inherited-from-lemma,snipe
sniper,60,cleaned-dictionary,preserved,
snipers,60,esdb-inflection,inherited-from-lemma,sniper
snipes,60,esdb-inflection,inherited-from-lemma,snipe
sniping,60,esdb-inflection,inherited-from-lemma,snipe
snippet,60,cleaned-dictionary,preserved,
snit,60,cleaned-dictionary,preserved,
snitch,60,cleaned-dictionary,preserved,
snits,60,esdb-inflection,inherited-from-lemma,snit
snob,60,cleaned-dictionary,preserved,
snobby,60,cleaned-dictionary,preserved,
snobs,60,esdb-inflection,inherited-from-lemma,snob
snog,60,cleaned-dictionary,preserved,
snogged,60,esdb-inflection,inherited-from-lemma,snog
snogs,60,esdb-inflection,inherited-from-lemma,snog
snood,60,cleaned-dictionary,preserved,
snoods,60,esdb-inflection,inherited-from-lemma,snood
snooker,60,cleaned-dictionary,preserved,
snooze,60,cleaned-dictionary,preserved,
snoozed,60,esdb-inflection,inherited-from-lemma,snooze
snoozes,60,esdb-inflection,inherited-from-lemma,snooze
snore,60,cleaned-dictionary,preserved,
snored,60,esdb-inflection,inherited-from-lemma,snore
snores,60,esdb-inflection,inherited-from-lemma,snore
snoring,60,esdb-inflection,inherited-from-lemma,snore
snorkel,60,cleaned-dictionary,preserved,
snort,60,cleaned-dictionary,preserved,
snorted,60,cleaned-dictionary,preserved,
snorts,60,cleaned-dictionary,preserved,
snot,60,cleaned-dictionary,preserved,
snots,60,esdb-inflection,inherited-from-lemma,snot
snout,60,cleaned-dictionary,preserved,
snouts,60,esdb-inflection,inherited-from-lemma,snout
snow,60,cleaned-dictionary,preserved,
snowed,60,esdb-inflection,inherited-from-lemma,snow
snowing,60,esdb-inflection,inherited-from-lemma,snow
snowman,60,cleaned-dictionary,preserved,
snowmen,60,esdb-inflection,inherited-from-lemma,snowman
snows,60,esdb-inflection,inherited-from-lemma,snow
snub,60,cleaned-dictionary,preserved,
snubbed,60,esdb-inflection,inherited-from-lemma,snub
snuffle,60,cleaned-dictionary,preserved,
snug,60,cleaned-dictionary,preserved,
snugged,60,esdb-inflection,inherited-from-lemma,snug
snugger,60,esdb-inflection,inherited-from-lemma,snug
snuggle,60,cleaned-dictionary,preserved,
soak,60,cleaned-dictionary,preserved,
soaked,60,cleaned-dictionary,preserved,
soaking,60,esdb-inflection,inherited-from-lemma,soak
soaks,60,esdb-inflection,inherited-from-lemma,soak
soap,60,cleaned-dictionary,preserved,
soapbox,60,cleaned-dictionary,preserved,
soaped,60,esdb-inflection,inherited-from-lemma,soap
soaping,60,esdb-inflection,inherited-from-lemma,soap
soaps,60,esdb-inflection,inherited-from-lemma,soap
soar,60,cleaned-dictionary,preserved,
soared,60,esdb-inflection,inherited-from-lemma,soar
soaring,60,esdb-inflection,inherited-from-lemma,soar
soars,60,esdb-inflection,inherited-from-lemma,soar
sobbing,60,cleaned-dictionary,preserved,
sober,60,cleaned-dictionary,preserved,
sobered,60,esdb-inflection,inherited-from-lemma,sober
soberer,60,esdb-inflection,inherited-from-lemma,sober
sobers,60,esdb-inflection,inherited-from-lemma,sober
soccer,60,cleaned-dictionary,preserved,
social,60,cleaned-dictionary,preserved,
socials,60,esdb-inflection,inherited-from-lemma,social
society,60,cleaned-dictionary,preserved,
sock,60,cleaned-dictionary,preserved,
socked,60,esdb-inflection,inherited-from-lemma,sock
socket,60,cleaned-dictionary,preserved,
sockets,60,esdb-inflection,inherited-from-lemma,socket
socking,60,esdb-inflection,inherited-from-lemma,sock
socks,60,cleaned-dictionary,preserved,
sod,60,cleaned-dictionary,preserved,
soda,60,cleaned-dictionary,preserved,
sodas,60,esdb-inflection,inherited-from-lemma,soda
sodded,60,esdb-inflection,inherited-from-lemma,sod
sodding,60,esdb-inflection,inherited-from-lemma,sod
sodium,60,cleaned-dictionary,preserved,
sodomy,60,cleaned-dictionary,preserved,
sods,60,esdb-inflection,inherited-from-lemma,sod
soever,60,cleaned-dictionary,preserved,
sofa,60,cleaned-dictionary,preserved,
sofas,60,esdb-inflection,inherited-from-lemma,sofa
soft,60,cleaned-dictionary,preserved,
soften,60,cleaned-dictionary,preserved,
softens,60,esdb-inflection,inherited-from-lemma,soften
softer,60,esdb-inflection,inherited-from-lemma,soft
softest,60,esdb-inflection,inherited-from-lemma,soft
softies,60,esdb-inflection,inherited-from-lemma,softy
softly,60,cleaned-dictionary,preserved,
softy,60,cleaned-dictionary,preserved,
soigne,60,cleaned-dictionary,preserved,
soil,60,cleaned-dictionary,preserved,
soiled,60,cleaned-dictionary,preserved,
soiling,60,esdb-inflection,inherited-from-lemma,soil
soils,60,cleaned-dictionary,preserved,
soiree,60,cleaned-dictionary,preserved,
soirees,60,esdb-inflection,inherited-from-lemma,soiree
sojourn,60,cleaned-dictionary,preserved,
sol,60,cleaned-dictionary,preserved,
solace,60,cleaned-dictionary,preserved,
solaced,60,esdb-inflection,inherited-from-lemma,solace
solaces,60,esdb-inflection,inherited-from-lemma,solace
solar,60,cleaned-dictionary,preserved,
sold,60,cleaned-dictionary,preserved,
solder,60,cleaned-dictionary,preserved,
solders,60,esdb-inflection,inherited-from-lemma,solder
soldier,60,cleaned-dictionary,preserved,
sole,60,cleaned-dictionary,preserved,
soled,60,esdb-inflection,inherited-from-lemma,sole
solely,60,cleaned-dictionary,preserved,
solemn,60,cleaned-dictionary,preserved,
soles,60,esdb-inflection,inherited-from-lemma,sole
solicit,60,cleaned-dictionary,preserved,
solid,60,cleaned-dictionary,preserved,
solider,60,esdb-inflection,inherited-from-lemma,solid
solidi,60,esdb-inflection,inherited-from-lemma,solidus
solids,60,esdb-inflection,inherited-from-lemma,solid
solidus,60,cleaned-dictionary,preserved,
soling,60,esdb-inflection,inherited-from-lemma,sole
solo,60,cleaned-dictionary,preserved,
soloed,60,esdb-inflection,inherited-from-lemma,solo
soloing,60,esdb-inflection,inherited-from-lemma,solo
solos,60,esdb-inflection,inherited-from-lemma,solo
sols,60,esdb-inflection,inherited-from-lemma,sol
soluble,60,cleaned-dictionary,preserved,
solute,60,cleaned-dictionary,preserved,
solutes,60,esdb-inflection,inherited-from-lemma,solute
solve,60,cleaned-dictionary,preserved,
solved,60,cleaned-dictionary,preserved,
solvent,60,cleaned-dictionary,preserved,
solves,60,esdb-inflection,inherited-from-lemma,solve
solving,60,cleaned-dictionary,preserved,
somatic,60,cleaned-dictionary,preserved,
some,60,cleaned-dictionary,preserved,
someday,60,cleaned-dictionary,preserved,
somehow,60,cleaned-dictionary,preserved,
someone,60,cleaned-dictionary,preserved,
son,60,cleaned-dictionary,preserved,
sonar,60,cleaned-dictionary,preserved,
sonars,60,esdb-inflection,inherited-from-lemma,sonar
song,60,cleaned-dictionary,preserved,
songs,60,cleaned-dictionary,preserved,
sonnet,60,cleaned-dictionary,preserved,
sonnets,60,esdb-inflection,inherited-from-lemma,sonnet
sons,60,cleaned-dictionary,preserved,
soon,60,cleaned-dictionary,preserved,
sooner,60,cleaned-dictionary,preserved,
soonest,60,esdb-inflection,inherited-from-lemma,soon
soot,60,cleaned-dictionary,preserved,
soothe,60,cleaned-dictionary,preserved,
soothed,60,esdb-inflection,inherited-from-lemma,soothe
soothes,60,esdb-inflection,inherited-from-lemma,soothe
sootier,60,esdb-inflection,inherited-from-lemma,sooty
sooty,60,cleaned-dictionary,preserved,
sop,60,cleaned-dictionary,preserved,
sophist,60,cleaned-dictionary,preserved,
sopped,60,esdb-inflection,inherited-from-lemma,sop
sopping,60,esdb-inflection,inherited-from-lemma,sop
soprano,60,cleaned-dictionary,preserved,
sops,60,esdb-inflection,inherited-from-lemma,sop
sorbet,60,cleaned-dictionary,preserved,
sorbets,60,esdb-inflection,inherited-from-lemma,sorbet
sorcery,60,cleaned-dictionary,preserved,
sordid,60,cleaned-dictionary,preserved,
sore,60,cleaned-dictionary,preserved,
sorely,60,cleaned-dictionary,preserved,
sorer,60,esdb-inflection,inherited-from-lemma,sore
sores,60,esdb-inflection,inherited-from-lemma,sore
sorest,60,esdb-inflection,inherited-from-lemma,sore
sorghum,60,cleaned-dictionary,preserved,
sorrel,60,cleaned-dictionary,preserved,
sorrels,60,esdb-inflection,inherited-from-lemma,sorrel
sorrier,60,esdb-inflection,inherited-from-lemma,sorry
sorrow,60,cleaned-dictionary,preserved,
sorrows,60,cleaned-dictionary,preserved,
sorry,60,cleaned-dictionary,preserved,
sort,60,cleaned-dictionary,preserved,
sorted,60,cleaned-dictionary,preserved,
sortie,60,cleaned-dictionary,preserved,
sortied,60,esdb-inflection,inherited-from-lemma,sortie
sorties,60,esdb-inflection,inherited-from-lemma,sortie
sorting,60,esdb-inflection,inherited-from-lemma,sort
sorts,60,cleaned-dictionary,preserved,
sot,60,cleaned-dictionary,preserved,
sots,60,esdb-inflection,inherited-from-lemma,sot
sou,60,cleaned-dictionary,preserved,
sough,60,cleaned-dictionary,preserved,
soughed,60,esdb-inflection,inherited-from-lemma,sough
soughs,60,esdb-inflection,inherited-from-lemma,sough
sought,60,cleaned-dictionary,preserved,
soul,60,cleaned-dictionary,preserved,
souls,60,cleaned-dictionary,preserved,
sound,60,cleaned-dictionary,preserved,
sounded,60,esdb-inflection,inherited-from-lemma,sound
sounder,60,esdb-inflection,inherited-from-lemma,sound
soup,60,cleaned-dictionary,preserved,
souped,60,esdb-inflection,inherited-from-lemma,soup
souping,60,esdb-inflection,inherited-from-lemma,soup
soups,60,esdb-inflection,inherited-from-lemma,soup
sour,60,cleaned-dictionary,preserved,
source,60,cleaned-dictionary,preserved,
sourced,60,esdb-inflection,inherited-from-lemma,source
sources,60,cleaned-dictionary,preserved,
soured,60,esdb-inflection,inherited-from-lemma,sour
sourer,60,esdb-inflection,inherited-from-lemma,sour
sourest,60,esdb-inflection,inherited-from-lemma,sour
souring,60,esdb-inflection,inherited-from-lemma,sour
sous,60,cleaned-dictionary,preserved,
souse,60,cleaned-dictionary,preserved,
soused,60,esdb-inflection,inherited-from-lemma,souse
souses,60,esdb-inflection,inherited-from-lemma,souse
sousing,60,esdb-inflection,inherited-from-lemma,souse
south,60,cleaned-dictionary,preserved,
soviet,60,cleaned-dictionary,preserved,
soviets,60,esdb-inflection,inherited-from-lemma,soviet
sow,60,cleaned-dictionary,preserved,
sowed,60,esdb-inflection,inherited-from-lemma,sow
sowing,60,esdb-inflection,inherited-from-lemma,sow
sown,60,esdb-inflection,inherited-from-lemma,sow
sows,60,esdb-inflection,inherited-from-lemma,sow
soy,60,cleaned-dictionary,preserved,
soybean,60,cleaned-dictionary,preserved,
sozzled,60,cleaned-dictionary,preserved,
spa,60,cleaned-dictionary,preserved,
space,60,cleaned-dictionary,preserved,
spaced,60,esdb-inflection,inherited-from-lemma,space
spacer,60,cleaned-dictionary,preserved,
spacers,60,esdb-inflection,inherited-from-lemma,spacer
spaces,60,cleaned-dictionary,preserved,
spacial,60,cleaned-dictionary,preserved,
spacing,60,esdb-inflection,inherited-from-lemma,space
spade,60,cleaned-dictionary,preserved,
spaded,60,esdb-inflection,inherited-from-lemma,spade
spades,60,cleaned-dictionary,preserved,
spading,60,esdb-inflection,inherited-from-lemma,spade
spam,60,cleaned-dictionary,preserved,
spammed,60,esdb-inflection,inherited-from-lemma,spam
spammer,60,cleaned-dictionary,preserved,
spams,60,esdb-inflection,inherited-from-lemma,spam
span,60,cleaned-dictionary,preserved,
spank,60,cleaned-dictionary,preserved,
spanked,60,esdb-inflection,inherited-from-lemma,spank
spanks,60,esdb-inflection,inherited-from-lemma,spank
spanned,60,esdb-inflection,inherited-from-lemma,span
spanner,60,cleaned-dictionary,preserved,
spans,60,esdb-inflection,inherited-from-lemma,span
spar,60,cleaned-dictionary,preserved,
spare,60,cleaned-dictionary,preserved,
spared,60,cleaned-dictionary,preserved,
sparer,60,esdb-inflection,inherited-from-lemma,spare
sparest,60,esdb-inflection,inherited-from-lemma,spare
sparing,60,esdb-inflection,inherited-from-lemma,spare
spark,60,cleaned-dictionary,preserved,
sparked,60,esdb-inflection,inherited-from-lemma,spark
sparkle,60,cleaned-dictionary,preserved,
sparks,60,esdb-inflection,inherited-from-lemma,spark
sparred,60,esdb-inflection,inherited-from-lemma,spar
sparrow,60,cleaned-dictionary,preserved,
spars,60,esdb-inflection,inherited-from-lemma,spar
spas,60,esdb-inflection,inherited-from-lemma,spa
spasm,60,cleaned-dictionary,preserved,
spasms,60,esdb-inflection,inherited-from-lemma,spasm
spastic,60,cleaned-dictionary,preserved,
spat,60,cleaned-dictionary,preserved,
spate,60,cleaned-dictionary,preserved,
spates,60,esdb-inflection,inherited-from-lemma,spate
spatial,60,cleaned-dictionary,preserved,
spats,60,esdb-inflection,inherited-from-lemma,spat
spatted,60,esdb-inflection,inherited-from-lemma,spat
spatula,60,cleaned-dictionary,preserved,
spavin,60,cleaned-dictionary,preserved,
spawn,60,cleaned-dictionary,preserved,
spawned,60,esdb-inflection,inherited-from-lemma,spawn
spawns,60,esdb-inflection,inherited-from-lemma,spawn
spay,60,cleaned-dictionary,preserved,
spayed,60,esdb-inflection,inherited-from-lemma,spay
spaying,60,esdb-inflection,inherited-from-lemma,spay
spays,60,esdb-inflection,inherited-from-lemma,spay
speak,60,cleaned-dictionary,preserved,
speaker,60,cleaned-dictionary,preserved,
speaks,60,esdb-inflection,inherited-from-lemma,speak
spear,60,cleaned-dictionary,preserved,
speared,60,esdb-inflection,inherited-from-lemma,spear
spears,60,esdb-inflection,inherited-from-lemma,spear
spec,60,cleaned-dictionary,preserved,
specced,60,esdb-inflection,inherited-from-lemma,spec
special,60,cleaned-dictionary,preserved,
specie,60,cleaned-dictionary,preserved,
species,60,cleaned-dictionary,preserved,
specify,60,cleaned-dictionary,preserved,
speck,60,cleaned-dictionary,preserved,
specked,60,esdb-inflection,inherited-from-lemma,speck
specks,60,esdb-inflection,inherited-from-lemma,speck
specs,60,cleaned-dictionary,preserved,
specter,60,cleaned-dictionary,preserved,
sped,60,cleaned-dictionary,preserved,
speech,60,cleaned-dictionary,preserved,
speed,60,cleaned-dictionary,preserved,
speeds,60,cleaned-dictionary,preserved,
speedy,60,cleaned-dictionary,preserved,
spell,60,cleaned-dictionary,preserved,
spelled,60,cleaned-dictionary,preserved,
spells,60,esdb-inflection,inherited-from-lemma,spell
spend,60,cleaned-dictionary,preserved,
spends,60,esdb-inflection,inherited-from-lemma,spend
spent,60,cleaned-dictionary,preserved,
sperm,60,cleaned-dictionary,preserved,
sperms,60,esdb-inflection,inherited-from-lemma,sperm
spew,60,cleaned-dictionary,preserved,
spewed,60,esdb-inflection,inherited-from-lemma,spew
spewing,60,esdb-inflection,inherited-from-lemma,spew
spews,60,esdb-inflection,inherited-from-lemma,spew
sphere,60,cleaned-dictionary,preserved,
spheres,60,cleaned-dictionary,preserved,
sphinx,60,cleaned-dictionary,preserved,
spice,60,cleaned-dictionary,preserved,
spiced,60,esdb-inflection,inherited-from-lemma,spice
spices,60,esdb-inflection,inherited-from-lemma,spice
spicier,60,esdb-inflection,inherited-from-lemma,spicy
spicing,60,esdb-inflection,inherited-from-lemma,spice
spicy,60,cleaned-dictionary,preserved,
spider,60,cleaned-dictionary,preserved,
spiders,60,esdb-inflection,inherited-from-lemma,spider
spied,60,esdb-inflection,inherited-from-lemma,spy
spiel,60,cleaned-dictionary,preserved,
spieled,60,esdb-inflection,inherited-from-lemma,spiel
spiels,60,esdb-inflection,inherited-from-lemma,spiel
spies,60,cleaned-dictionary,preserved,
spiff,60,cleaned-dictionary,preserved,
spiffed,60,esdb-inflection,inherited-from-lemma,spiff
spiffs,60,esdb-inflection,inherited-from-lemma,spiff
spiffy,60,cleaned-dictionary,preserved,
spigot,60,cleaned-dictionary,preserved,
spigots,60,esdb-inflection,inherited-from-lemma,spigot
spike,60,cleaned-dictionary,preserved,
spiked,60,esdb-inflection,inherited-from-lemma,spike
spikes,60,esdb-inflection,inherited-from-lemma,spike
spiking,60,esdb-inflection,inherited-from-lemma,spike
spill,60,cleaned-dictionary,preserved,
spilled,60,cleaned-dictionary,preserved,
spills,60,esdb-inflection,inherited-from-lemma,spill
spin,60,cleaned-dictionary,preserved,
spinach,60,cleaned-dictionary,preserved,
spinal,60,cleaned-dictionary,preserved,
spinals,60,esdb-inflection,inherited-from-lemma,spinal
spindle,60,cleaned-dictionary,preserved,
spine,60,cleaned-dictionary,preserved,
spines,60,esdb-inflection,inherited-from-lemma,spine
spinet,60,cleaned-dictionary,preserved,
spinets,60,esdb-inflection,inherited-from-lemma,spinet
spinier,60,esdb-inflection,inherited-from-lemma,spiny
spins,60,esdb-inflection,inherited-from-lemma,spin
spiny,60,cleaned-dictionary,preserved,
spiral,60,cleaned-dictionary,preserved,
spirals,60,esdb-inflection,inherited-from-lemma,spiral
spire,60,cleaned-dictionary,preserved,
spires,60,esdb-inflection,inherited-from-lemma,spire
spirit,60,cleaned-dictionary,preserved,
spirits,60,cleaned-dictionary,preserved,
spit,60,cleaned-dictionary,preserved,
spite,60,cleaned-dictionary,preserved,
spited,60,esdb-inflection,inherited-from-lemma,spite
spites,60,esdb-inflection,inherited-from-lemma,spite
spiting,60,esdb-inflection,inherited-from-lemma,spite
spits,60,esdb-inflection,inherited-from-lemma,spit
spitted,60,esdb-inflection,inherited-from-lemma,spit
spittle,60,cleaned-dictionary,preserved,
splash,60,cleaned-dictionary,preserved,
splat,60,cleaned-dictionary,preserved,
splats,60,esdb-inflection,inherited-from-lemma,splat
splay,60,cleaned-dictionary,preserved,
splayed,60,esdb-inflection,inherited-from-lemma,splay
splays,60,esdb-inflection,inherited-from-lemma,splay
spleen,60,cleaned-dictionary,preserved,
spleens,60,esdb-inflection,inherited-from-lemma,spleen
splice,60,cleaned-dictionary,preserved,
spliced,60,esdb-inflection,inherited-from-lemma,splice
splices,60,esdb-inflection,inherited-from-lemma,splice
spliff,60,cleaned-dictionary,preserved,
spliffs,60,esdb-inflection,inherited-from-lemma,spliff
spline,60,cleaned-dictionary,preserved,
splines,60,esdb-inflection,inherited-from-lemma,spline
split,60,cleaned-dictionary,preserved,
splits,60,esdb-inflection,inherited-from-lemma,split
splosh,60,cleaned-dictionary,preserved,
splurge,60,cleaned-dictionary,preserved,
spoil,60,cleaned-dictionary,preserved,
spoiled,60,cleaned-dictionary,preserved,
spoiler,60,cleaned-dictionary,preserved,
spoils,60,esdb-inflection,inherited-from-lemma,spoil
spoke,60,cleaned-dictionary,preserved,
spoken,60,cleaned-dictionary,preserved,
spokes,60,esdb-inflection,inherited-from-lemma,spoke
sponge,60,cleaned-dictionary,preserved,
sponged,60,esdb-inflection,inherited-from-lemma,sponge
sponges,60,esdb-inflection,inherited-from-lemma,sponge
spoof,60,cleaned-dictionary,preserved,
spoofed,60,cleaned-dictionary,preserved,
spoofs,60,esdb-inflection,inherited-from-lemma,spoof
spook,60,cleaned-dictionary,preserved,
spooked,60,esdb-inflection,inherited-from-lemma,spook
spooks,60,esdb-inflection,inherited-from-lemma,spook
spooky,60,cleaned-dictionary,preserved,
spool,60,cleaned-dictionary,preserved,
spooled,60,esdb-inflection,inherited-from-lemma,spool
spools,60,esdb-inflection,inherited-from-lemma,spool
spoon,60,cleaned-dictionary,preserved,
spooned,60,esdb-inflection,inherited-from-lemma,spoon
spoons,60,esdb-inflection,inherited-from-lemma,spoon
spoor,60,cleaned-dictionary,preserved,
spoored,60,esdb-inflection,inherited-from-lemma,spoor
spoors,60,esdb-inflection,inherited-from-lemma,spoor
spore,60,cleaned-dictionary,preserved,
spored,60,esdb-inflection,inherited-from-lemma,spore
spores,60,esdb-inflection,inherited-from-lemma,spore
sporing,60,esdb-inflection,inherited-from-lemma,spore
sporran,60,cleaned-dictionary,preserved,
sport,60,cleaned-dictionary,preserved,
sported,60,esdb-inflection,inherited-from-lemma,sport
sports,60,cleaned-dictionary,preserved,
spot,60,cleaned-dictionary,preserved,
spots,60,cleaned-dictionary,preserved,
spotted,60,cleaned-dictionary,preserved,
spouse,60,cleaned-dictionary,preserved,
spouses,60,esdb-inflection,inherited-from-lemma,spouse
spout,60,cleaned-dictionary,preserved,
spouted,60,esdb-inflection,inherited-from-lemma,spout
spouts,60,esdb-inflection,inherited-from-lemma,spout
sprain,60,cleaned-dictionary,preserved,
sprains,60,esdb-inflection,inherited-from-lemma,sprain
sprang,60,cleaned-dictionary,preserved,
sprat,60,cleaned-dictionary,preserved,
sprats,60,esdb-inflection,inherited-from-lemma,sprat
sprawl,60,cleaned-dictionary,preserved,
sprawls,60,esdb-inflection,inherited-from-lemma,sprawl
spread,60,cleaned-dictionary,preserved,
spreads,60,esdb-inflection,inherited-from-lemma,spread
spree,60,cleaned-dictionary,preserved,
sprees,60,esdb-inflection,inherited-from-lemma,spree
sprier,60,esdb-inflection,inherited-from-lemma,spry
spriest,60,esdb-inflection,inherited-from-lemma,spry
sprig,60,cleaned-dictionary,preserved,
sprigs,60,esdb-inflection,inherited-from-lemma,sprig
spring,60,cleaned-dictionary,preserved,
springs,60,esdb-inflection,inherited-from-lemma,spring
sprint,60,cleaned-dictionary,preserved,
sprints,60,esdb-inflection,inherited-from-lemma,sprint
sprite,60,cleaned-dictionary,preserved,
sprites,60,esdb-inflection,inherited-from-lemma,sprite
spritz,60,cleaned-dictionary,preserved,
sprog,60,cleaned-dictionary,preserved,
sprogs,60,esdb-inflection,inherited-from-lemma,sprog
sprout,60,cleaned-dictionary,preserved,
sprouts,60,esdb-inflection,inherited-from-lemma,sprout
spruce,60,cleaned-dictionary,preserved,
spruced,60,esdb-inflection,inherited-from-lemma,spruce
sprucer,60,esdb-inflection,inherited-from-lemma,spruce
spruces,60,esdb-inflection,inherited-from-lemma,spruce
sprung,60,cleaned-dictionary,preserved,
spry,60,cleaned-dictionary,preserved,
spud,60,cleaned-dictionary,preserved,
spuds,60,esdb-inflection,inherited-from-lemma,spud
spume,60,cleaned-dictionary,preserved,
spumed,60,esdb-inflection,inherited-from-lemma,spume
spumes,60,esdb-inflection,inherited-from-lemma,spume
spuming,60,esdb-inflection,inherited-from-lemma,spume
spun,60,cleaned-dictionary,preserved,
spunk,60,cleaned-dictionary,preserved,
spunks,60,esdb-inflection,inherited-from-lemma,spunk
spur,60,cleaned-dictionary,preserved,
spurred,60,esdb-inflection,inherited-from-lemma,spur
spurs,60,esdb-inflection,inherited-from-lemma,spur
spurt,60,cleaned-dictionary,preserved,
spurted,60,esdb-inflection,inherited-from-lemma,spurt
spurts,60,esdb-inflection,inherited-from-lemma,spurt
sputnik,60,cleaned-dictionary,preserved,
sputum,60,cleaned-dictionary,preserved,
spy,60,cleaned-dictionary,preserved,
spying,60,esdb-inflection,inherited-from-lemma,spy
spyware,60,cleaned-dictionary,preserved,
squab,60,cleaned-dictionary,preserved,
squabs,60,esdb-inflection,inherited-from-lemma,squab
squalid,60,cleaned-dictionary,preserved,
squall,60,cleaned-dictionary,preserved,
squalls,60,esdb-inflection,inherited-from-lemma,squall
squalor,60,cleaned-dictionary,preserved,
square,60,cleaned-dictionary,preserved,
squared,60,esdb-inflection,inherited-from-lemma,square
squares,60,cleaned-dictionary,preserved,
squash,60,cleaned-dictionary,preserved,
squat,60,cleaned-dictionary,preserved,
squawk,60,cleaned-dictionary,preserved,
squawks,60,esdb-inflection,inherited-from-lemma,squawk
squeak,60,cleaned-dictionary,preserved,
squeaks,60,esdb-inflection,inherited-from-lemma,squeak
squeal,60,cleaned-dictionary,preserved,
squeals,60,esdb-inflection,inherited-from-lemma,squeal
squeeze,60,cleaned-dictionary,preserved,
squelch,60,cleaned-dictionary,preserved,
squib,60,cleaned-dictionary,preserved,
squibs,60,esdb-inflection,inherited-from-lemma,squib
squid,60,cleaned-dictionary,preserved,
squids,60,esdb-inflection,inherited-from-lemma,squid
squiffy,60,cleaned-dictionary,preserved,
squint,60,cleaned-dictionary,preserved,
squints,60,esdb-inflection,inherited-from-lemma,squint
squire,60,cleaned-dictionary,preserved,
squired,60,esdb-inflection,inherited-from-lemma,squire
squires,60,esdb-inflection,inherited-from-lemma,squire
squirm,60,cleaned-dictionary,preserved,
squirms,60,esdb-inflection,inherited-from-lemma,squirm
squirt,60,cleaned-dictionary,preserved,
squirts,60,esdb-inflection,inherited-from-lemma,squirt
squish,60,cleaned-dictionary,preserved,
squishy,60,cleaned-dictionary,preserved,
stab,60,cleaned-dictionary,preserved,
stabbed,60,esdb-inflection,inherited-from-lemma,stab
stable,60,cleaned-dictionary,preserved,
stabled,60,esdb-inflection,inherited-from-lemma,stable
stabler,60,esdb-inflection,inherited-from-lemma,stable
stables,60,esdb-inflection,inherited-from-lemma,stable
stabs,60,esdb-inflection,inherited-from-lemma,stab
stack,60,cleaned-dictionary,preserved,
stacked,60,cleaned-dictionary,preserved,
stacks,60,esdb-inflection,inherited-from-lemma,stack
stadium,60,cleaned-dictionary,preserved,
staff,60,cleaned-dictionary,preserved,
staffed,60,esdb-inflection,inherited-from-lemma,staff
staffs,60,cleaned-dictionary,preserved,
stag,60,cleaned-dictionary,preserved,
stage,60,cleaned-dictionary,preserved,
staged,60,esdb-inflection,inherited-from-lemma,stage
stages,60,cleaned-dictionary,preserved,
stagger,60,cleaned-dictionary,preserved,
staging,60,esdb-inflection,inherited-from-lemma,stage
stags,60,esdb-inflection,inherited-from-lemma,stag
staid,60,cleaned-dictionary,preserved,
staider,60,esdb-inflection,inherited-from-lemma,staid
stain,60,cleaned-dictionary,preserved,
stained,60,cleaned-dictionary,preserved,
stains,60,esdb-inflection,inherited-from-lemma,stain
stair,60,cleaned-dictionary,preserved,
stairs,60,cleaned-dictionary,preserved,
stake,60,cleaned-dictionary,preserved,
staked,60,esdb-inflection,inherited-from-lemma,stake
stakes,60,cleaned-dictionary,preserved,
staking,60,esdb-inflection,inherited-from-lemma,stake
stale,60,cleaned-dictionary,preserved,
staled,60,esdb-inflection,inherited-from-lemma,stale
staler,60,esdb-inflection,inherited-from-lemma,stale
stales,60,esdb-inflection,inherited-from-lemma,stale
stalest,60,esdb-inflection,inherited-from-lemma,stale
staling,60,esdb-inflection,inherited-from-lemma,stale
stalk,60,cleaned-dictionary,preserved,
stalked,60,esdb-inflection,inherited-from-lemma,stalk
stalker,60,cleaned-dictionary,preserved,
stalks,60,esdb-inflection,inherited-from-lemma,stalk
stall,60,cleaned-dictionary,preserved,
stalled,60,esdb-inflection,inherited-from-lemma,stall
stalls,60,esdb-inflection,inherited-from-lemma,stall
stamen,60,cleaned-dictionary,preserved,
stamens,60,esdb-inflection,inherited-from-lemma,stamen
stamina,60,cleaned-dictionary,preserved,
stammer,60,cleaned-dictionary,preserved,
stamp,60,cleaned-dictionary,preserved,
stamped,60,esdb-inflection,inherited-from-lemma,stamp
stamps,60,esdb-inflection,inherited-from-lemma,stamp
stance,60,cleaned-dictionary,preserved,
stances,60,esdb-inflection,inherited-from-lemma,stance
stand,60,cleaned-dictionary,preserved,
standby,60,cleaned-dictionary,preserved,
standee,60,cleaned-dictionary,preserved,
stands,60,esdb-inflection,inherited-from-lemma,stand
stank,60,cleaned-dictionary,preserved,
stanza,60,cleaned-dictionary,preserved,
stanzas,60,esdb-inflection,inherited-from-lemma,stanza
staph,60,cleaned-dictionary,preserved,
staple,60,cleaned-dictionary,preserved,
stapled,60,esdb-inflection,inherited-from-lemma,staple
stapler,60,cleaned-dictionary,preserved,
staples,60,cleaned-dictionary,preserved,
star,60,cleaned-dictionary,preserved,
starch,60,cleaned-dictionary,preserved,
stare,60,cleaned-dictionary,preserved,
stared,60,cleaned-dictionary,preserved,
stares,60,esdb-inflection,inherited-from-lemma,stare
staring,60,cleaned-dictionary,preserved,
stark,60,cleaned-dictionary,preserved,
starker,60,esdb-inflection,inherited-from-lemma,stark
starred,60,cleaned-dictionary,preserved,
stars,60,cleaned-dictionary,preserved,
start,60,cleaned-dictionary,preserved,
started,60,esdb-inflection,inherited-from-lemma,start
starter,60,cleaned-dictionary,preserved,
startle,60,cleaned-dictionary,preserved,
starts,60,cleaned-dictionary,preserved,
starve,60,cleaned-dictionary,preserved,
starved,60,esdb-inflection,inherited-from-lemma,starve
starves,60,esdb-inflection,inherited-from-lemma,starve
stash,60,cleaned-dictionary,preserved,
stashed,60,esdb-inflection,inherited-from-lemma,stash
stashes,60,esdb-inflection,inherited-from-lemma,stash
stasis,60,cleaned-dictionary,preserved,
stat,60,cleaned-dictionary,preserved,
state,60,cleaned-dictionary,preserved,
stated,60,esdb-inflection,inherited-from-lemma,state
stately,60,cleaned-dictionary,preserved,
states,60,cleaned-dictionary,preserved,
static,60,cleaned-dictionary,preserved,
statics,60,esdb-inflection,inherited-from-lemma,static
stating,60,esdb-inflection,inherited-from-lemma,state
station,60,cleaned-dictionary,preserved,
stats,60,cleaned-dictionary,preserved,
statue,60,cleaned-dictionary,preserved,
statues,60,esdb-inflection,inherited-from-lemma,statue
stature,60,cleaned-dictionary,preserved,
status,60,cleaned-dictionary,preserved,
statute,60,cleaned-dictionary,preserved,
staunch,60,cleaned-dictionary,preserved,
stave,60,cleaned-dictionary,preserved,
staved,60,esdb-inflection,inherited-from-lemma,stave
staves,60,esdb-inflection,inherited-from-lemma,staff
staving,60,esdb-inflection,inherited-from-lemma,stave
stay,60,cleaned-dictionary,preserved,
stayed,60,cleaned-dictionary,preserved,
staying,60,cleaned-dictionary,preserved,
stays,60,esdb-inflection,inherited-from-lemma,stay
stead,60,cleaned-dictionary,preserved,
steads,60,esdb-inflection,inherited-from-lemma,stead
steady,60,cleaned-dictionary,preserved,
steak,60,cleaned-dictionary,preserved,
steaks,60,esdb-inflection,inherited-from-lemma,steak
steals,60,cleaned-dictionary,preserved,
stealth,60,cleaned-dictionary,preserved,
steam,60,cleaned-dictionary,preserved,
steamed,60,esdb-inflection,inherited-from-lemma,steam
steamer,60,cleaned-dictionary,preserved,
steams,60,esdb-inflection,inherited-from-lemma,steam
steed,60,cleaned-dictionary,preserved,
steeds,60,esdb-inflection,inherited-from-lemma,steed
steel,60,cleaned-dictionary,preserved,
steeled,60,esdb-inflection,inherited-from-lemma,steel
steels,60,esdb-inflection,inherited-from-lemma,steel
steep,60,cleaned-dictionary,preserved,
steeped,60,esdb-inflection,inherited-from-lemma,steep
steeper,60,esdb-inflection,inherited-from-lemma,steep
steer,60,cleaned-dictionary,preserved,
steered,60,esdb-inflection,inherited-from-lemma,steer
steers,60,esdb-inflection,inherited-from-lemma,steer
stein,60,cleaned-dictionary,preserved,
steins,60,esdb-inflection,inherited-from-lemma,stein
stellar,60,cleaned-dictionary,preserved,
stem,60,cleaned-dictionary,preserved,
stemmed,60,esdb-inflection,inherited-from-lemma,stem
stems,60,cleaned-dictionary,preserved,
stench,60,cleaned-dictionary,preserved,
stent,60,cleaned-dictionary,preserved,
stents,60,esdb-inflection,inherited-from-lemma,stent
step,60,cleaned-dictionary,preserved,
steppe,60,cleaned-dictionary,preserved,
stepped,60,cleaned-dictionary,preserved,
steppes,60,esdb-inflection,inherited-from-lemma,steppe
steps,60,cleaned-dictionary,preserved,
stepson,60,cleaned-dictionary,preserved,
stereo,60,cleaned-dictionary,preserved,
stereos,60,esdb-inflection,inherited-from-lemma,stereo
sterile,60,cleaned-dictionary,preserved,
stern,60,cleaned-dictionary,preserved,
sterner,60,esdb-inflection,inherited-from-lemma,stern
sternly,60,cleaned-dictionary,preserved,
sterns,60,esdb-inflection,inherited-from-lemma,stern
sternum,60,cleaned-dictionary,preserved,
steroid,60,cleaned-dictionary,preserved,
stet,60,cleaned-dictionary,preserved,
stets,60,esdb-inflection,inherited-from-lemma,stet
stetted,60,esdb-inflection,inherited-from-lemma,stet
stew,60,cleaned-dictionary,preserved,
steward,60,cleaned-dictionary,preserved,
stewed,60,cleaned-dictionary,preserved,
stewing,60,esdb-inflection,inherited-from-lemma,stew
stews,60,esdb-inflection,inherited-from-lemma,stew
stick,60,cleaned-dictionary,preserved,
sticker,60,cleaned-dictionary,preserved,
sticks,60,cleaned-dictionary,preserved,
stickup,60,cleaned-dictionary,preserved,
sticky,60,cleaned-dictionary,preserved,
sties,60,esdb-inflection,inherited-from-lemma,sty
stiff,60,cleaned-dictionary,preserved,
stiffed,60,esdb-inflection,inherited-from-lemma,stiff
stiffen,60,cleaned-dictionary,preserved,
stiffer,60,esdb-inflection,inherited-from-lemma,stiff
stifle,60,cleaned-dictionary,preserved,
stifled,60,esdb-inflection,inherited-from-lemma,stifle
stifles,60,esdb-inflection,inherited-from-lemma,stifle
stigma,60,cleaned-dictionary,preserved,
stigmas,60,esdb-inflection,inherited-from-lemma,stigma
stile,60,cleaned-dictionary,preserved,
stiles,60,esdb-inflection,inherited-from-lemma,stile
still,60,cleaned-dictionary,preserved,
stilled,60,esdb-inflection,inherited-from-lemma,still
stiller,60,esdb-inflection,inherited-from-lemma,still
stilt,60,cleaned-dictionary,preserved,
stilts,60,cleaned-dictionary,preserved,
stimuli,60,cleaned-dictionary,preserved,
sting,60,cleaned-dictionary,preserved,
stinger,60,cleaned-dictionary,preserved,
stings,60,esdb-inflection,inherited-from-lemma,sting
stingy,60,cleaned-dictionary,preserved,
stink,60,cleaned-dictionary,preserved,
stinker,60,cleaned-dictionary,preserved,
stinks,60,esdb-inflection,inherited-from-lemma,stink
stinky,60,cleaned-dictionary,preserved,
stipend,60,cleaned-dictionary,preserved,
stir,60,cleaned-dictionary,preserved,
stirred,60,cleaned-dictionary,preserved,
stirs,60,esdb-inflection,inherited-from-lemma,stir
stitch,60,cleaned-dictionary,preserved,
stoat,60,cleaned-dictionary,preserved,
stoats,60,esdb-inflection,inherited-from-lemma,stoat
stock,60,cleaned-dictionary,preserved,
stocked,60,esdb-inflection,inherited-from-lemma,stock
stocks,60,cleaned-dictionary,preserved,
stocky,60,cleaned-dictionary,preserved,
stodge,60,cleaned-dictionary,preserved,
stodgy,60,cleaned-dictionary,preserved,
stogie,60,cleaned-dictionary,preserved,
stogies,60,esdb-inflection,inherited-from-lemma,stogie
stoic,60,cleaned-dictionary,preserved,
stoical,60,cleaned-dictionary,preserved,
stoics,60,esdb-inflection,inherited-from-lemma,stoic
stoke,60,cleaned-dictionary,preserved,
stoked,60,esdb-inflection,inherited-from-lemma,stoke
stokes,60,esdb-inflection,inherited-from-lemma,stoke
stoking,60,esdb-inflection,inherited-from-lemma,stoke
stole,60,cleaned-dictionary,preserved,
stolen,60,cleaned-dictionary,preserved,
stoles,60,esdb-inflection,inherited-from-lemma,stole
stolid,60,cleaned-dictionary,preserved,
stomach,60,cleaned-dictionary,preserved,
stone,60,cleaned-dictionary,preserved,
stoned,60,cleaned-dictionary,preserved,
stoner,60,cleaned-dictionary,preserved,
stoners,60,esdb-inflection,inherited-from-lemma,stoner
stones,60,cleaned-dictionary,preserved,
stonier,60,esdb-inflection,inherited-from-lemma,stony
stoning,60,esdb-inflection,inherited-from-lemma,stone
stony,60,cleaned-dictionary,preserved,
stood,60,cleaned-dictionary,preserved,
stooge,60,cleaned-dictionary,preserved,
stooges,60,esdb-inflection,inherited-from-lemma,stooge
stool,60,cleaned-dictionary,preserved,
stools,60,esdb-inflection,inherited-from-lemma,stool
stoop,60,cleaned-dictionary,preserved,
stooped,60,cleaned-dictionary,preserved,
stoops,60,esdb-inflection,inherited-from-lemma,stoop
stop,60,cleaned-dictionary,preserved,
stopgap,60,cleaned-dictionary,preserved,
stopped,60,cleaned-dictionary,preserved,
stops,60,esdb-inflection,inherited-from-lemma,stop
storage,60,cleaned-dictionary,preserved,
store,60,cleaned-dictionary,preserved,
stored,60,esdb-inflection,inherited-from-lemma,store
stores,60,cleaned-dictionary,preserved,
storied,60,cleaned-dictionary,preserved,
stories,60,cleaned-dictionary,preserved,
storing,60,cleaned-dictionary,preserved,
stork,60,cleaned-dictionary,preserved,
storks,60,esdb-inflection,inherited-from-lemma,stork
storm,60,cleaned-dictionary,preserved,
stormed,60,esdb-inflection,inherited-from-lemma,storm
storms,60,cleaned-dictionary,preserved,
story,60,cleaned-dictionary,preserved,
stout,60,cleaned-dictionary,preserved,
stouter,60,esdb-inflection,inherited-from-lemma,stout
stouts,60,esdb-inflection,inherited-from-lemma,stout
stove,60,cleaned-dictionary,preserved,
stoves,60,esdb-inflection,inherited-from-lemma,stove
stow,60,cleaned-dictionary,preserved,
stowed,60,esdb-inflection,inherited-from-lemma,stow
stowing,60,esdb-inflection,inherited-from-lemma,stow
stows,60,esdb-inflection,inherited-from-lemma,stow
strafe,60,cleaned-dictionary,preserved,
strafed,60,esdb-inflection,inherited-from-lemma,strafe
strafes,60,esdb-inflection,inherited-from-lemma,strafe
strain,60,cleaned-dictionary,preserved,
strains,60,cleaned-dictionary,preserved,
strait,60,cleaned-dictionary,preserved,
straits,60,esdb-inflection,inherited-from-lemma,strait
strand,60,cleaned-dictionary,preserved,
strands,60,cleaned-dictionary,preserved,
strange,60,cleaned-dictionary,preserved,
strap,60,cleaned-dictionary,preserved,
straps,60,esdb-inflection,inherited-from-lemma,strap
strata,60,cleaned-dictionary,preserved,
stratum,60,cleaned-dictionary,preserved,
straw,60,cleaned-dictionary,preserved,
straws,60,esdb-inflection,inherited-from-lemma,straw
stray,60,cleaned-dictionary,preserved,
strayed,60,esdb-inflection,inherited-from-lemma,stray
strays,60,esdb-inflection,inherited-from-lemma,stray
streak,60,cleaned-dictionary,preserved,
streaks,60,esdb-inflection,inherited-from-lemma,streak
stream,60,cleaned-dictionary,preserved,
streams,60,cleaned-dictionary,preserved,
street,60,cleaned-dictionary,preserved,
streets,60,cleaned-dictionary,preserved,
stress,60,cleaned-dictionary,preserved,
stretch,60,cleaned-dictionary,preserved,
strew,60,cleaned-dictionary,preserved,
strewed,60,cleaned-dictionary,preserved,
strewn,60,cleaned-dictionary,preserved,
strews,60,esdb-inflection,inherited-from-lemma,strew
stria,60,cleaned-dictionary,preserved,
striae,60,cleaned-dictionary,preserved,
strict,60,cleaned-dictionary,preserved,
stride,60,cleaned-dictionary,preserved,
strides,60,esdb-inflection,inherited-from-lemma,stride
strife,60,cleaned-dictionary,preserved,
strike,60,cleaned-dictionary,preserved,
striker,60,cleaned-dictionary,preserved,
strikes,60,esdb-inflection,inherited-from-lemma,strike
string,60,cleaned-dictionary,preserved,
strings,60,cleaned-dictionary,preserved,
strip,60,cleaned-dictionary,preserved,
stripe,60,cleaned-dictionary,preserved,
striped,60,esdb-inflection,inherited-from-lemma,stripe
stripes,60,esdb-inflection,inherited-from-lemma,stripe
strips,60,cleaned-dictionary,preserved,
strive,60,cleaned-dictionary,preserved,
strived,60,cleaned-dictionary,preserved,
striven,60,cleaned-dictionary,preserved,
strives,60,esdb-inflection,inherited-from-lemma,strive
strode,60,cleaned-dictionary,preserved,
stroke,60,cleaned-dictionary,preserved,
stroked,60,esdb-inflection,inherited-from-lemma,stroke
strokes,60,cleaned-dictionary,preserved,
stroll,60,cleaned-dictionary,preserved,
strolls,60,esdb-inflection,inherited-from-lemma,stroll
strong,60,cleaned-dictionary,preserved,
strop,60,cleaned-dictionary,preserved,
stroppy,60,cleaned-dictionary,preserved,
strops,60,esdb-inflection,inherited-from-lemma,strop
strove,60,cleaned-dictionary,preserved,
struck,60,cleaned-dictionary,preserved,
strum,60,cleaned-dictionary,preserved,
strums,60,esdb-inflection,inherited-from-lemma,strum
strung,60,cleaned-dictionary,preserved,
stub,60,cleaned-dictionary,preserved,
stubbed,60,esdb-inflection,inherited-from-lemma,stub
stubble,60,cleaned-dictionary,preserved,
stubs,60,esdb-inflection,inherited-from-lemma,stub
stuck,60,cleaned-dictionary,preserved,
stud,60,cleaned-dictionary,preserved,
studded,60,esdb-inflection,inherited-from-lemma,stud
student,60,cleaned-dictionary,preserved,
studied,60,cleaned-dictionary,preserved,
studies,60,esdb-inflection,inherited-from-lemma,study
studio,60,cleaned-dictionary,preserved,
studios,60,esdb-inflection,inherited-from-lemma,studio
studs,60,esdb-inflection,inherited-from-lemma,stud
study,60,cleaned-dictionary,preserved,
stuff,60,cleaned-dictionary,preserved,
stuffed,60,cleaned-dictionary,preserved,
stuffs,60,esdb-inflection,inherited-from-lemma,stuff
stuffy,60,cleaned-dictionary,preserved,
stumble,60,cleaned-dictionary,preserved,
stump,60,cleaned-dictionary,preserved,
stumped,60,cleaned-dictionary,preserved,
stumps,60,cleaned-dictionary,preserved,
stun,60,cleaned-dictionary,preserved,
stung,60,cleaned-dictionary,preserved,
stunk,60,cleaned-dictionary,preserved,
stunned,60,cleaned-dictionary,preserved,
stunner,60,cleaned-dictionary,preserved,
stuns,60,esdb-inflection,inherited-from-lemma,stun
stunt,60,cleaned-dictionary,preserved,
stunted,60,esdb-inflection,inherited-from-lemma,stunt
stunts,60,esdb-inflection,inherited-from-lemma,stunt
stupa,60,cleaned-dictionary,preserved,
stupas,60,esdb-inflection,inherited-from-lemma,stupa
stupefy,60,cleaned-dictionary,preserved,
stupid,60,cleaned-dictionary,preserved,
stupids,60,esdb-inflection,inherited-from-lemma,stupid
stupor,60,cleaned-dictionary,preserved,
stupors,60,esdb-inflection,inherited-from-lemma,stupor
sturdy,60,cleaned-dictionary,preserved,
stutter,60,cleaned-dictionary,preserved,
sty,60,cleaned-dictionary,preserved,
style,60,cleaned-dictionary,preserved,
styled,60,esdb-inflection,inherited-from-lemma,style
styles,60,cleaned-dictionary,preserved,
styling,60,esdb-inflection,inherited-from-lemma,style
stylish,60,cleaned-dictionary,preserved,
stylus,60,cleaned-dictionary,preserved,
stymie,60,cleaned-dictionary,preserved,
stymied,60,esdb-inflection,inherited-from-lemma,stymie
stymies,60,esdb-inflection,inherited-from-lemma,stymie
suave,60,cleaned-dictionary,preserved,
suaver,60,esdb-inflection,inherited-from-lemma,suave
suavest,60,esdb-inflection,inherited-from-lemma,suave
sub,60,cleaned-dictionary,preserved,
subbed,60,esdb-inflection,inherited-from-lemma,sub
subbing,60,esdb-inflection,inherited-from-lemma,sub
subdue,60,cleaned-dictionary,preserved,
subdued,60,cleaned-dictionary,preserved,
subdues,60,esdb-inflection,inherited-from-lemma,subdue
subject,60,cleaned-dictionary,preserved,
sublime,60,cleaned-dictionary,preserved,
submit,60,cleaned-dictionary,preserved,
submits,60,esdb-inflection,inherited-from-lemma,submit
suborn,60,cleaned-dictionary,preserved,
suborns,60,esdb-inflection,inherited-from-lemma,suborn
subs,60,esdb-inflection,inherited-from-lemma,sub
subset,60,cleaned-dictionary,preserved,
subsets,60,esdb-inflection,inherited-from-lemma,subset
subside,60,cleaned-dictionary,preserved,
subsume,60,cleaned-dictionary,preserved,
subtext,60,cleaned-dictionary,preserved,
subtle,60,cleaned-dictionary,preserved,
subtler,60,esdb-inflection,inherited-from-lemma,subtle
suburb,60,cleaned-dictionary,preserved,
suburbs,60,esdb-inflection,inherited-from-lemma,suburb
subvert,60,cleaned-dictionary,preserved,
subway,60,cleaned-dictionary,preserved,
subways,60,esdb-inflection,inherited-from-lemma,subway
succeed,60,cleaned-dictionary,preserved,
success,60,cleaned-dictionary,preserved,
succumb,60,cleaned-dictionary,preserved,
such,60,cleaned-dictionary,preserved,
suck,60,cleaned-dictionary,preserved,
sucked,60,cleaned-dictionary,preserved,
sucker,60,cleaned-dictionary,preserved,
suckers,60,esdb-inflection,inherited-from-lemma,sucker
sucking,60,esdb-inflection,inherited-from-lemma,suck
sucks,60,esdb-inflection,inherited-from-lemma,suck
sucrose,60,cleaned-dictionary,preserved,
sudden,60,cleaned-dictionary,preserved,
sue,60,cleaned-dictionary,preserved,
sued,60,esdb-inflection,inherited-from-lemma,sue
suede,60,cleaned-dictionary,preserved,
sues,60,esdb-inflection,inherited-from-lemma,sue
suet,60,cleaned-dictionary,preserved,
suffer,60,cleaned-dictionary,preserved,
suffers,60,esdb-inflection,inherited-from-lemma,suffer
suffice,60,cleaned-dictionary,preserved,
suffix,60,cleaned-dictionary,preserved,
suffuse,60,cleaned-dictionary,preserved,
sugar,60,cleaned-dictionary,preserved,
sugared,60,esdb-inflection,inherited-from-lemma,sugar
sugars,60,cleaned-dictionary,preserved,
suggest,60,cleaned-dictionary,preserved,
suicide,60,cleaned-dictionary,preserved,
suing,60,esdb-inflection,inherited-from-lemma,sue
suit,60,cleaned-dictionary,preserved,
suite,60,cleaned-dictionary,preserved,
suited,60,esdb-inflection,inherited-from-lemma,suit
suites,60,esdb-inflection,inherited-from-lemma,suite
suiting,60,esdb-inflection,inherited-from-lemma,suit
suits,60,cleaned-dictionary,preserved,
sulfa,60,cleaned-dictionary,preserved,
sulfate,60,cleaned-dictionary,preserved,
sulfide,60,cleaned-dictionary,preserved,
sulfur,60,cleaned-dictionary,preserved,
sulfurs,60,esdb-inflection,inherited-from-lemma,sulfur
sulk,60,cleaned-dictionary,preserved,
sulked,60,esdb-inflection,inherited-from-lemma,sulk
sulkier,60,esdb-inflection,inherited-from-lemma,sulky
sulkies,60,esdb-inflection,inherited-from-lemma,sulky
sulking,60,esdb-inflection,inherited-from-lemma,sulk
sulks,60,esdb-inflection,inherited-from-lemma,sulk
sulky,60,cleaned-dictionary,preserved,
sullied,60,cleaned-dictionary,preserved,
sullies,60,esdb-inflection,inherited-from-lemma,sully
sully,60,cleaned-dictionary,preserved,
sultry,60,cleaned-dictionary,preserved,
sum,60,cleaned-dictionary,preserved,
sumac,60,cleaned-dictionary,preserved,
summary,60,cleaned-dictionary,preserved,
summed,60,cleaned-dictionary,preserved,
summer,60,cleaned-dictionary,preserved,
summers,60,esdb-inflection,inherited-from-lemma,summer
summery,60,cleaned-dictionary,preserved,
summing,60,esdb-inflection,inherited-from-lemma,sum
summit,60,cleaned-dictionary,preserved,
summits,60,esdb-inflection,inherited-from-lemma,summit
summon,60,cleaned-dictionary,preserved,
summons,60,esdb-inflection,inherited-from-lemma,summon
sumo,60,cleaned-dictionary,preserved,
sums,60,cleaned-dictionary,preserved,
sun,60,cleaned-dictionary,preserved,
sunbeam,60,cleaned-dictionary,preserved,
sundae,60,cleaned-dictionary,preserved,
sundaes,60,esdb-inflection,inherited-from-lemma,sundae
sunder,60,cleaned-dictionary,preserved,
sunders,60,esdb-inflection,inherited-from-lemma,sunder
sundial,60,cleaned-dictionary,preserved,
sundry,60,cleaned-dictionary,preserved,
sunfish,60,cleaned-dictionary,preserved,
sung,60,cleaned-dictionary,preserved,
sunk,60,cleaned-dictionary,preserved,
sunless,60,cleaned-dictionary,preserved,
sunned,60,esdb-inflection,inherited-from-lemma,sun
sunnier,60,esdb-inflection,inherited-from-lemma,sunny
sunning,60,esdb-inflection,inherited-from-lemma,sun
sunny,60,cleaned-dictionary,preserved,
sunrise,60,cleaned-dictionary,preserved,
sunroof,60,cleaned-dictionary,preserved,
suns,60,cleaned-dictionary,preserved,
sunset,60,cleaned-dictionary,preserved,
sunsets,60,esdb-inflection,inherited-from-lemma,sunset
sunspot,60,cleaned-dictionary,preserved,
sunup,60,cleaned-dictionary,preserved,
sup,60,cleaned-dictionary,preserved,
super,60,cleaned-dictionary,preserved,
superb,60,cleaned-dictionary,preserved,
supers,60,esdb-inflection,inherited-from-lemma,super
supine,60,cleaned-dictionary,preserved,
supped,60,esdb-inflection,inherited-from-lemma,sup
supper,60,cleaned-dictionary,preserved,
suppers,60,esdb-inflection,inherited-from-lemma,supper
supping,60,esdb-inflection,inherited-from-lemma,sup
supple,60,cleaned-dictionary,preserved,
suppler,60,esdb-inflection,inherited-from-lemma,supple
supply,60,cleaned-dictionary,preserved,
support,60,cleaned-dictionary,preserved,
suppose,60,cleaned-dictionary,preserved,
supra,60,cleaned-dictionary,preserved,
supreme,60,cleaned-dictionary,preserved,
sups,60,esdb-inflection,inherited-from-lemma,sup
sure,60,cleaned-dictionary,preserved,
surely,60,cleaned-dictionary,preserved,
surer,60,esdb-inflection,inherited-from-lemma,sure
surest,60,esdb-inflection,inherited-from-lemma,sure
surf,60,cleaned-dictionary,preserved,
surface,60,cleaned-dictionary,preserved,
surfed,60,esdb-inflection,inherited-from-lemma,surf
surfeit,60,cleaned-dictionary,preserved,
surfer,60,cleaned-dictionary,preserved,
surfers,60,esdb-inflection,inherited-from-lemma,surfer
surfing,60,cleaned-dictionary,preserved,
surfs,60,esdb-inflection,inherited-from-lemma,surf
surge,60,cleaned-dictionary,preserved,
surged,60,esdb-inflection,inherited-from-lemma,surge
surgeon,60,cleaned-dictionary,preserved,
surgery,60,cleaned-dictionary,preserved,
surges,60,esdb-inflection,inherited-from-lemma,surge
surging,60,esdb-inflection,inherited-from-lemma,surge
surlier,60,esdb-inflection,inherited-from-lemma,surly
surly,60,cleaned-dictionary,preserved,
surmise,60,cleaned-dictionary,preserved,
surname,60,cleaned-dictionary,preserved,
surpass,60,cleaned-dictionary,preserved,
surplus,60,cleaned-dictionary,preserved,
surreal,60,cleaned-dictionary,preserved,
surrey,60,cleaned-dictionary,preserved,
surreys,60,esdb-inflection,inherited-from-lemma,surrey
surtax,60,cleaned-dictionary,preserved,
survey,60,cleaned-dictionary,preserved,
surveys,60,cleaned-dictionary,preserved,
survive,60,cleaned-dictionary,preserved,
sushi,60,cleaned-dictionary,preserved,
suspect,60,cleaned-dictionary,preserved,
suspend,60,cleaned-dictionary,preserved,
suss,60,cleaned-dictionary,preserved,
sussed,60,cleaned-dictionary,preserved,
susses,60,esdb-inflection,inherited-from-lemma,suss
sussing,60,esdb-inflection,inherited-from-lemma,suss
sustain,60,cleaned-dictionary,preserved,
sutra,60,cleaned-dictionary,preserved,
sutras,60,esdb-inflection,inherited-from-lemma,sutra
suture,60,cleaned-dictionary,preserved,
sutured,60,esdb-inflection,inherited-from-lemma,suture
sutures,60,esdb-inflection,inherited-from-lemma,suture
svelte,60,cleaned-dictionary,preserved,
svelter,60,esdb-inflection,inherited-from-lemma,svelte
swab,60,cleaned-dictionary,preserved,
swabbed,60,esdb-inflection,inherited-from-lemma,swab
swabs,60,esdb-inflection,inherited-from-lemma,swab
swag,60,cleaned-dictionary,preserved,
swagged,60,esdb-inflection,inherited-from-lemma,swag
swagger,60,cleaned-dictionary,preserved,
swags,60,esdb-inflection,inherited-from-lemma,swag
swain,60,cleaned-dictionary,preserved,
swains,60,esdb-inflection,inherited-from-lemma,swain
swallow,60,cleaned-dictionary,preserved,
swam,60,cleaned-dictionary,preserved,
swami,60,cleaned-dictionary,preserved,
swamis,60,esdb-inflection,inherited-from-lemma,swami
swamp,60,cleaned-dictionary,preserved,
swamped,60,cleaned-dictionary,preserved,
swamps,60,esdb-inflection,inherited-from-lemma,swamp
swan,60,cleaned-dictionary,preserved,
swank,60,cleaned-dictionary,preserved,
swanked,60,esdb-inflection,inherited-from-lemma,swank
swanker,60,esdb-inflection,inherited-from-lemma,swank
swanky,60,cleaned-dictionary,preserved,
swanned,60,esdb-inflection,inherited-from-lemma,swan
swans,60,esdb-inflection,inherited-from-lemma,swan
swap,60,cleaned-dictionary,preserved,
swapped,60,esdb-inflection,inherited-from-lemma,swap
swaps,60,esdb-inflection,inherited-from-lemma,swap
sward,60,cleaned-dictionary,preserved,
swards,60,esdb-inflection,inherited-from-lemma,sward
swarm,60,cleaned-dictionary,preserved,
swarmed,60,esdb-inflection,inherited-from-lemma,swarm
swarms,60,esdb-inflection,inherited-from-lemma,swarm
swarthy,60,cleaned-dictionary,preserved,
swat,60,cleaned-dictionary,preserved,
swatch,60,cleaned-dictionary,preserved,
swathe,60,cleaned-dictionary,preserved,
swathed,60,esdb-inflection,inherited-from-lemma,swathe
swathes,60,esdb-inflection,inherited-from-lemma,swathe
swats,60,esdb-inflection,inherited-from-lemma,swat
swatted,60,esdb-inflection,inherited-from-lemma,swat
sway,60,cleaned-dictionary,preserved,
swayed,60,esdb-inflection,inherited-from-lemma,sway
swaying,60,esdb-inflection,inherited-from-lemma,sway
sways,60,esdb-inflection,inherited-from-lemma,sway
swear,60,cleaned-dictionary,preserved,
swears,60,esdb-inflection,inherited-from-lemma,swear
sweat,60,cleaned-dictionary,preserved,
sweated,60,esdb-inflection,inherited-from-lemma,sweat
sweater,60,cleaned-dictionary,preserved,
sweats,60,esdb-inflection,inherited-from-lemma,sweat
sweaty,60,cleaned-dictionary,preserved,
swede,60,cleaned-dictionary,preserved,
swedes,60,esdb-inflection,inherited-from-lemma,swede
sweep,60,cleaned-dictionary,preserved,
sweeper,60,cleaned-dictionary,preserved,
sweeps,60,cleaned-dictionary,preserved,
sweet,60,cleaned-dictionary,preserved,
sweeten,60,cleaned-dictionary,preserved,
sweeter,60,esdb-inflection,inherited-from-lemma,sweet
sweetie,60,cleaned-dictionary,preserved,
sweetly,60,cleaned-dictionary,preserved,
sweets,60,cleaned-dictionary,preserved,
swell,60,cleaned-dictionary,preserved,
swelled,60,cleaned-dictionary,preserved,
sweller,60,esdb-inflection,inherited-from-lemma,swell
swells,60,esdb-inflection,inherited-from-lemma,swell
swelter,60,cleaned-dictionary,preserved,
swept,60,cleaned-dictionary,preserved,
swerve,60,cleaned-dictionary,preserved,
swerved,60,esdb-inflection,inherited-from-lemma,swerve
swerves,60,esdb-inflection,inherited-from-lemma,swerve
swift,60,cleaned-dictionary,preserved,
swifter,60,esdb-inflection,inherited-from-lemma,swift
swiftly,60,cleaned-dictionary,preserved,
swifts,60,esdb-inflection,inherited-from-lemma,swift
swig,60,cleaned-dictionary,preserved,
swigged,60,esdb-inflection,inherited-from-lemma,swig
swigs,60,esdb-inflection,inherited-from-lemma,swig
swill,60,cleaned-dictionary,preserved,
swilled,60,esdb-inflection,inherited-from-lemma,swill
swills,60,esdb-inflection,inherited-from-lemma,swill
swim,60,cleaned-dictionary,preserved,
swims,60,esdb-inflection,inherited-from-lemma,swim
swindle,60,cleaned-dictionary,preserved,
swine,60,cleaned-dictionary,preserved,
swines,60,esdb-inflection,inherited-from-lemma,swine
swing,60,cleaned-dictionary,preserved,
swings,60,esdb-inflection,inherited-from-lemma,swing
swipe,60,cleaned-dictionary,preserved,
swiped,60,esdb-inflection,inherited-from-lemma,swipe
swipes,60,esdb-inflection,inherited-from-lemma,swipe
swiping,60,esdb-inflection,inherited-from-lemma,swipe
swish,60,cleaned-dictionary,preserved,
swished,60,esdb-inflection,inherited-from-lemma,swish
swisher,60,esdb-inflection,inherited-from-lemma,swish
switch,60,cleaned-dictionary,preserved,
swivel,60,cleaned-dictionary,preserved,
swivels,60,esdb-inflection,inherited-from-lemma,swivel
swollen,60,cleaned-dictionary,preserved,
swoop,60,cleaned-dictionary,preserved,
swooped,60,esdb-inflection,inherited-from-lemma,swoop
swoops,60,esdb-inflection,inherited-from-lemma,swoop
sword,60,cleaned-dictionary,preserved,
swords,60,cleaned-dictionary,preserved,
swore,60,cleaned-dictionary,preserved,
sworn,60,cleaned-dictionary,preserved,
swot,60,cleaned-dictionary,preserved,
swots,60,esdb-inflection,inherited-from-lemma,swot
swotted,60,esdb-inflection,inherited-from-lemma,swot
swum,60,cleaned-dictionary,preserved,
swung,60,cleaned-dictionary,preserved,
sylvan,60,cleaned-dictionary,preserved,
symbol,60,cleaned-dictionary,preserved,
symbols,60,cleaned-dictionary,preserved,
symptom,60,cleaned-dictionary,preserved,
synapse,60,cleaned-dictionary,preserved,
synergy,60,cleaned-dictionary,preserved,
synod,60,cleaned-dictionary,preserved,
synods,60,esdb-inflection,inherited-from-lemma,synod
synonym,60,cleaned-dictionary,preserved,
syntax,60,cleaned-dictionary,preserved,
syringe,60,cleaned-dictionary,preserved,
syrup,60,cleaned-dictionary,preserved,
syrups,60,esdb-inflection,inherited-from-lemma,syrup
syrupy,60,cleaned-dictionary,preserved,
system,60,cleaned-dictionary,preserved,
systems,60,cleaned-dictionary,preserved,
systole,60,cleaned-dictionary,preserved,
tab,60,cleaned-dictionary,preserved,
tabbed,60,esdb-inflection,inherited-from-lemma,tab
tabbies,60,esdb-inflection,inherited-from-lemma,tabby
tabbing,60,esdb-inflection,inherited-from-lemma,tab
tabby,60,cleaned-dictionary,preserved,
table,60,cleaned-dictionary,preserved,
tableau,60,cleaned-dictionary,preserved,
tabled,60,esdb-inflection,inherited-from-lemma,table
tables,60,cleaned-dictionary,preserved,
tablet,60,cleaned-dictionary,preserved,
tablets,60,cleaned-dictionary,preserved,
tabling,60,esdb-inflection,inherited-from-lemma,table
tabloid,60,cleaned-dictionary,preserved,
taboo,60,cleaned-dictionary,preserved,
tabooed,60,cleaned-dictionary,preserved,
taboos,60,esdb-inflection,inherited-from-lemma,taboo
tabor,60,cleaned-dictionary,preserved,
tabors,60,esdb-inflection,inherited-from-lemma,tabor
tabs,60,esdb-inflection,inherited-from-lemma,tab
tabular,60,cleaned-dictionary,preserved,
tachyon,60,cleaned-dictionary,preserved,
tacit,60,cleaned-dictionary,preserved,
tack,60,cleaned-dictionary,preserved,
tacked,60,esdb-inflection,inherited-from-lemma,tack
tackier,60,esdb-inflection,inherited-from-lemma,tacky
tacking,60,cleaned-dictionary,preserved,
tackle,60,cleaned-dictionary,preserved,
tackled,60,esdb-inflection,inherited-from-lemma,tackle
tackles,60,esdb-inflection,inherited-from-lemma,tackle
tacks,60,esdb-inflection,inherited-from-lemma,tack
tacky,60,cleaned-dictionary,preserved,
taco,60,cleaned-dictionary,preserved,
tacos,60,esdb-inflection,inherited-from-lemma,taco
tact,60,cleaned-dictionary,preserved,
tactic,60,cleaned-dictionary,preserved,
tactics,60,cleaned-dictionary,preserved,
tactile,60,cleaned-dictionary,preserved,
tad,60,cleaned-dictionary,preserved,
tadpole,60,cleaned-dictionary,preserved,
tads,60,esdb-inflection,inherited-from-lemma,tad
taffeta,60,cleaned-dictionary,preserved,
taffies,60,esdb-inflection,inherited-from-lemma,taffy
taffy,60,cleaned-dictionary,preserved,
tag,60,cleaned-dictionary,preserved,
tagged,60,esdb-inflection,inherited-from-lemma,tag
tagger,60,cleaned-dictionary,preserved,
taggers,60,esdb-inflection,inherited-from-lemma,tagger
tagging,60,esdb-inflection,inherited-from-lemma,tag
tags,60,cleaned-dictionary,preserved,
tail,60,cleaned-dictionary,preserved,
tailed,60,esdb-inflection,inherited-from-lemma,tail
tailing,60,esdb-inflection,inherited-from-lemma,tail
tailor,60,cleaned-dictionary,preserved,
tailors,60,esdb-inflection,inherited-from-lemma,tailor
tails,60,esdb-inflection,inherited-from-lemma,tail
taint,60,cleaned-dictionary,preserved,
tainted,60,cleaned-dictionary,preserved,
taints,60,esdb-inflection,inherited-from-lemma,taint
take,60,cleaned-dictionary,preserved,
taken,60,cleaned-dictionary,preserved,
takeoff,60,cleaned-dictionary,preserved,
takeout,60,cleaned-dictionary,preserved,
taker,60,cleaned-dictionary,preserved,
takers,60,esdb-inflection,inherited-from-lemma,taker
takes,60,cleaned-dictionary,preserved,
taking,60,cleaned-dictionary,preserved,
takings,60,cleaned-dictionary,preserved,
talc,60,cleaned-dictionary,preserved,
tale,60,cleaned-dictionary,preserved,
talent,60,cleaned-dictionary,preserved,
talents,60,cleaned-dictionary,preserved,
tales,60,cleaned-dictionary,preserved,
tali,60,cleaned-dictionary,preserved,
talk,60,cleaned-dictionary,preserved,
talked,60,cleaned-dictionary,preserved,
talker,60,cleaned-dictionary,preserved,
talkers,60,esdb-inflection,inherited-from-lemma,talker
talkie,60,cleaned-dictionary,preserved,
talkies,60,esdb-inflection,inherited-from-lemma,talkie
talking,60,cleaned-dictionary,preserved,
talks,60,cleaned-dictionary,preserved,
tall,60,cleaned-dictionary,preserved,
taller,60,esdb-inflection,inherited-from-lemma,tall
tallest,60,esdb-inflection,inherited-from-lemma,tall
tallied,60,esdb-inflection,inherited-from-lemma,tally
tallies,60,esdb-inflection,inherited-from-lemma,tally
tallow,60,cleaned-dictionary,preserved,
tally,60,cleaned-dictionary,preserved,
tallyho,60,cleaned-dictionary,preserved,
talon,60,cleaned-dictionary,preserved,
talons,60,esdb-inflection,inherited-from-lemma,talon
talus,60,cleaned-dictionary,preserved,
taluses,60,esdb-inflection,inherited-from-lemma,talus
tam,60,cleaned-dictionary,preserved,
tamale,60,cleaned-dictionary,preserved,
tamales,60,esdb-inflection,inherited-from-lemma,tamale
tame,60,cleaned-dictionary,preserved,
tamed,60,esdb-inflection,inherited-from-lemma,tame
tamer,60,cleaned-dictionary,preserved,
tamers,60,esdb-inflection,inherited-from-lemma,tamer
tames,60,esdb-inflection,inherited-from-lemma,tame
tamest,60,esdb-inflection,inherited-from-lemma,tame
taming,60,esdb-inflection,inherited-from-lemma,tame
tamp,60,cleaned-dictionary,preserved,
tamped,60,cleaned-dictionary,preserved,
tamper,60,cleaned-dictionary,preserved,
tampers,60,esdb-inflection,inherited-from-lemma,tamper
tamping,60,esdb-inflection,inherited-from-lemma,tamp
tampon,60,cleaned-dictionary,preserved,
tampons,60,esdb-inflection,inherited-from-lemma,tampon
tamps,60,esdb-inflection,inherited-from-lemma,tamp
tams,60,esdb-inflection,inherited-from-lemma,tam
tan,60,cleaned-dictionary,preserved,
tandem,60,cleaned-dictionary,preserved,
tandems,60,esdb-inflection,inherited-from-lemma,tandem
tang,60,cleaned-dictionary,preserved,
tangelo,60,cleaned-dictionary,preserved,
tangent,60,cleaned-dictionary,preserved,
tangier,60,esdb-inflection,inherited-from-lemma,tangy
tangle,60,cleaned-dictionary,preserved,
tangled,60,cleaned-dictionary,preserved,
tangles,60,esdb-inflection,inherited-from-lemma,tangle
tango,60,cleaned-dictionary,preserved,
tangoed,60,esdb-inflection,inherited-from-lemma,tango
tangos,60,esdb-inflection,inherited-from-lemma,tango
tangs,60,esdb-inflection,inherited-from-lemma,tang
tangy,60,cleaned-dictionary,preserved,
tank,60,cleaned-dictionary,preserved,
tankard,60,cleaned-dictionary,preserved,
tanked,60,esdb-inflection,inherited-from-lemma,tank
tanker,60,cleaned-dictionary,preserved,
tankers,60,esdb-inflection,inherited-from-lemma,tanker
tanking,60,esdb-inflection,inherited-from-lemma,tank
tanks,60,cleaned-dictionary,preserved,
tanned,60,cleaned-dictionary,preserved,
tanner,60,cleaned-dictionary,preserved,
tanners,60,esdb-inflection,inherited-from-lemma,tanner
tannest,60,esdb-inflection,inherited-from-lemma,tan
tannin,60,cleaned-dictionary,preserved,
tanning,60,esdb-inflection,inherited-from-lemma,tan
tannins,60,esdb-inflection,inherited-from-lemma,tannin
tans,60,esdb-inflection,inherited-from-lemma,tan
tantrum,60,cleaned-dictionary,preserved,
tap,60,cleaned-dictionary,preserved,
tapas,60,cleaned-dictionary,preserved,
tape,60,cleaned-dictionary,preserved,
taped,60,cleaned-dictionary,preserved,
taper,60,cleaned-dictionary,preserved,
tapered,60,esdb-inflection,inherited-from-lemma,taper
tapers,60,cleaned-dictionary,preserved,
tapes,60,esdb-inflection,inherited-from-lemma,tape
taping,60,esdb-inflection,inherited-from-lemma,tape
tapioca,60,cleaned-dictionary,preserved,
tapir,60,cleaned-dictionary,preserved,
tapirs,60,esdb-inflection,inherited-from-lemma,tapir
tapped,60,cleaned-dictionary,preserved,
tappet,60,cleaned-dictionary,preserved,
tappets,60,esdb-inflection,inherited-from-lemma,tappet
tapping,60,esdb-inflection,inherited-from-lemma,tap
taps,60,cleaned-dictionary,preserved,
tar,60,cleaned-dictionary,preserved,
tardier,60,esdb-inflection,inherited-from-lemma,tardy
tardy,60,cleaned-dictionary,preserved,
tare,60,cleaned-dictionary,preserved,
tared,60,cleaned-dictionary,preserved,
tares,60,esdb-inflection,inherited-from-lemma,tare
target,60,cleaned-dictionary,preserved,
targets,60,cleaned-dictionary,preserved,
tariff,60,cleaned-dictionary,preserved,
tariffs,60,esdb-inflection,inherited-from-lemma,tariff
taring,60,cleaned-dictionary,preserved,
tarmac,60,cleaned-dictionary,preserved,
tarmacs,60,esdb-inflection,inherited-from-lemma,tarmac
tarn,60,cleaned-dictionary,preserved,
tarnish,60,cleaned-dictionary,preserved,
tarns,60,esdb-inflection,inherited-from-lemma,tarn
tarot,60,cleaned-dictionary,preserved,
tarots,60,esdb-inflection,inherited-from-lemma,tarot
tarp,60,cleaned-dictionary,preserved,
tarpon,60,cleaned-dictionary,preserved,
tarpons,60,esdb-inflection,inherited-from-lemma,tarpon
tarps,60,esdb-inflection,inherited-from-lemma,tarp
tarred,60,esdb-inflection,inherited-from-lemma,tar
tarried,60,cleaned-dictionary,preserved,
tarring,60,esdb-inflection,inherited-from-lemma,tar
tars,60,esdb-inflection,inherited-from-lemma,tar
tarsal,60,cleaned-dictionary,preserved,
tarsals,60,esdb-inflection,inherited-from-lemma,tarsal
tarsi,60,esdb-inflection,inherited-from-lemma,tarsus
tarsus,60,cleaned-dictionary,preserved,
tart,60,cleaned-dictionary,preserved,
tartan,60,cleaned-dictionary,preserved,
tartans,60,esdb-inflection,inherited-from-lemma,tartan
tartar,60,cleaned-dictionary,preserved,
tartars,60,esdb-inflection,inherited-from-lemma,tartar
tarted,60,esdb-inflection,inherited-from-lemma,tart
tarter,60,esdb-inflection,inherited-from-lemma,tart
tartest,60,esdb-inflection,inherited-from-lemma,tart
tarting,60,esdb-inflection,inherited-from-lemma,tart
tarts,60,esdb-inflection,inherited-from-lemma,tart
taser,60,cleaned-dictionary,preserved,
tasered,60,esdb-inflection,inherited-from-lemma,taser
tasers,60,esdb-inflection,inherited-from-lemma,taser
task,60,cleaned-dictionary,preserved,
tasked,60,esdb-inflection,inherited-from-lemma,task
tasking,60,esdb-inflection,inherited-from-lemma,task
tasks,60,cleaned-dictionary,preserved,
tassel,60,cleaned-dictionary,preserved,
tassels,60,esdb-inflection,inherited-from-lemma,tassel
taste,60,cleaned-dictionary,preserved,
tasted,60,cleaned-dictionary,preserved,
taster,60,cleaned-dictionary,preserved,
tasters,60,esdb-inflection,inherited-from-lemma,taster
tastes,60,cleaned-dictionary,preserved,
tastier,60,esdb-inflection,inherited-from-lemma,tasty
tasting,60,esdb-inflection,inherited-from-lemma,taste
tasty,60,cleaned-dictionary,preserved,
tat,60,cleaned-dictionary,preserved,
tater,60,cleaned-dictionary,preserved,
taters,60,cleaned-dictionary,preserved,
tats,60,esdb-inflection,inherited-from-lemma,tat
tatted,60,esdb-inflection,inherited-from-lemma,tat
tatter,60,cleaned-dictionary,preserved,
tatters,60,esdb-inflection,inherited-from-lemma,tatter
tatting,60,cleaned-dictionary,preserved,
tattle,60,cleaned-dictionary,preserved,
tattled,60,esdb-inflection,inherited-from-lemma,tattle
tattles,60,esdb-inflection,inherited-from-lemma,tattle
tattoo,60,cleaned-dictionary,preserved,
tattoos,60,esdb-inflection,inherited-from-lemma,tattoo
tatty,60,cleaned-dictionary,preserved,
tau,60,cleaned-dictionary,preserved,
taught,60,cleaned-dictionary,preserved,
taunt,60,cleaned-dictionary,preserved,
taunted,60,esdb-inflection,inherited-from-lemma,taunt
taunts,60,esdb-inflection,inherited-from-lemma,taunt
taupe,60,cleaned-dictionary,preserved,
taus,60,esdb-inflection,inherited-from-lemma,tau
taut,60,cleaned-dictionary,preserved,
tauter,60,esdb-inflection,inherited-from-lemma,taut
tautest,60,esdb-inflection,inherited-from-lemma,taut
tavern,60,cleaned-dictionary,preserved,
taverns,60,esdb-inflection,inherited-from-lemma,tavern
tawdry,60,cleaned-dictionary,preserved,
tawnier,60,esdb-inflection,inherited-from-lemma,tawny
tawny,60,cleaned-dictionary,preserved,
tax,60,cleaned-dictionary,preserved,
taxa,60,esdb-inflection,inherited-from-lemma,taxon
taxable,60,cleaned-dictionary,preserved,
taxed,60,esdb-inflection,inherited-from-lemma,tax
taxes,60,cleaned-dictionary,preserved,
taxi,60,cleaned-dictionary,preserved,
taxicab,60,cleaned-dictionary,preserved,
taxied,60,esdb-inflection,inherited-from-lemma,taxi
taxiing,60,esdb-inflection,inherited-from-lemma,taxi
taxing,60,esdb-inflection,inherited-from-lemma,tax
taxis,60,esdb-inflection,inherited-from-lemma,taxi
taxman,60,cleaned-dictionary,preserved,
taxmen,60,esdb-inflection,inherited-from-lemma,taxman
taxon,60,cleaned-dictionary,preserved,
tea,60,cleaned-dictionary,preserved,
teach,60,cleaned-dictionary,preserved,
teacher,60,cleaned-dictionary,preserved,
teaches,60,esdb-inflection,inherited-from-lemma,teach
teacup,60,cleaned-dictionary,preserved,
teacups,60,esdb-inflection,inherited-from-lemma,teacup
teak,60,cleaned-dictionary,preserved,
teaks,60,esdb-inflection,inherited-from-lemma,teak
teal,60,cleaned-dictionary,preserved,
teals,60,esdb-inflection,inherited-from-lemma,teal
team,60,cleaned-dictionary,preserved,
teamed,60,esdb-inflection,inherited-from-lemma,team
teaming,60,esdb-inflection,inherited-from-lemma,team
teams,60,cleaned-dictionary,preserved,
teapot,60,cleaned-dictionary,preserved,
teapots,60,esdb-inflection,inherited-from-lemma,teapot
tear,60,cleaned-dictionary,preserved,
teared,60,esdb-inflection,inherited-from-lemma,tear
tearful,60,cleaned-dictionary,preserved,
teargas,60,cleaned-dictionary,preserved,
tearing,60,cleaned-dictionary,preserved,
tearoom,60,cleaned-dictionary,preserved,
tears,60,cleaned-dictionary,preserved,
teas,60,esdb-inflection,inherited-from-lemma,tea
tease,60,cleaned-dictionary,preserved,
teased,60,cleaned-dictionary,preserved,
teasel,60,cleaned-dictionary,preserved,
teasels,60,esdb-inflection,inherited-from-lemma,teasel
teases,60,esdb-inflection,inherited-from-lemma,tease
teasing,60,cleaned-dictionary,preserved,
teat,60,cleaned-dictionary,preserved,
teatime,60,cleaned-dictionary,preserved,
teats,60,esdb-inflection,inherited-from-lemma,teat
tech,60,cleaned-dictionary,preserved,
techie,60,cleaned-dictionary,preserved,
techies,60,esdb-inflection,inherited-from-lemma,techie
techno,60,cleaned-dictionary,preserved,
techs,60,esdb-inflection,inherited-from-lemma,tech
teddies,60,esdb-inflection,inherited-from-lemma,teddy
teddy,60,cleaned-dictionary,preserved,
tedious,60,cleaned-dictionary,preserved,
tedium,60,cleaned-dictionary,preserved,
tee,60,cleaned-dictionary,preserved,
teed,60,esdb-inflection,inherited-from-lemma,tee
teeing,60,esdb-inflection,inherited-from-lemma,tee
teem,60,cleaned-dictionary,preserved,
teemed,60,esdb-inflection,inherited-from-lemma,teem
teeming,60,esdb-inflection,inherited-from-lemma,teem
teems,60,esdb-inflection,inherited-from-lemma,teem
teen,60,cleaned-dictionary,preserved,
teenage,60,cleaned-dictionary,preserved,
teenier,60,esdb-inflection,inherited-from-lemma,teeny
teens,60,cleaned-dictionary,preserved,
teeny,60,cleaned-dictionary,preserved,
tees,60,esdb-inflection,inherited-from-lemma,tee
teeter,60,cleaned-dictionary,preserved,
teeters,60,esdb-inflection,inherited-from-lemma,teeter
teeth,60,cleaned-dictionary,preserved,
teethe,60,cleaned-dictionary,preserved,
teethed,60,esdb-inflection,inherited-from-lemma,teethe
teethes,60,esdb-inflection,inherited-from-lemma,teethe
telex,60,cleaned-dictionary,preserved,
telexed,60,esdb-inflection,inherited-from-lemma,telex
telexes,60,esdb-inflection,inherited-from-lemma,telex
tell,60,cleaned-dictionary,preserved,
teller,60,cleaned-dictionary,preserved,
tellers,60,esdb-inflection,inherited-from-lemma,teller
tellies,60,esdb-inflection,inherited-from-lemma,telly
telling,60,cleaned-dictionary,preserved,
tells,60,esdb-inflection,inherited-from-lemma,tell
telly,60,cleaned-dictionary,preserved,
temblor,60,cleaned-dictionary,preserved,
temp,60,cleaned-dictionary,preserved,
temped,60,esdb-inflection,inherited-from-lemma,temp
temper,60,cleaned-dictionary,preserved,
tempers,60,esdb-inflection,inherited-from-lemma,temper
tempest,60,cleaned-dictionary,preserved,
temping,60,esdb-inflection,inherited-from-lemma,temp
temple,60,cleaned-dictionary,preserved,
temples,60,cleaned-dictionary,preserved,
tempo,60,cleaned-dictionary,preserved,
tempos,60,esdb-inflection,inherited-from-lemma,tempo
temps,60,cleaned-dictionary,preserved,
tempt,60,cleaned-dictionary,preserved,
tempted,60,cleaned-dictionary,preserved,
tempts,60,esdb-inflection,inherited-from-lemma,tempt
ten,60,cleaned-dictionary,preserved,
tenable,60,cleaned-dictionary,preserved,
tenancy,60,cleaned-dictionary,preserved,
tenant,60,cleaned-dictionary,preserved,
tenants,60,cleaned-dictionary,preserved,
tench,60,cleaned-dictionary,preserved,
tend,60,cleaned-dictionary,preserved,
tended,60,cleaned-dictionary,preserved,
tender,60,cleaned-dictionary,preserved,
tending,60,cleaned-dictionary,preserved,
tendon,60,cleaned-dictionary,preserved,
tendons,60,esdb-inflection,inherited-from-lemma,tendon
tendril,60,cleaned-dictionary,preserved,
tends,60,cleaned-dictionary,preserved,
tenet,60,cleaned-dictionary,preserved,
tenets,60,esdb-inflection,inherited-from-lemma,tenet
tenfold,60,cleaned-dictionary,preserved,
tenner,60,cleaned-dictionary,preserved,
tenners,60,esdb-inflection,inherited-from-lemma,tenner
tennis,60,cleaned-dictionary,preserved,
tenon,60,cleaned-dictionary,preserved,
tenoned,60,esdb-inflection,inherited-from-lemma,tenon
tenons,60,esdb-inflection,inherited-from-lemma,tenon
tenor,60,cleaned-dictionary,preserved,
tenors,60,esdb-inflection,inherited-from-lemma,tenor
tenpin,60,cleaned-dictionary,preserved,
tenpins,60,esdb-inflection,inherited-from-lemma,tenpin
tens,60,cleaned-dictionary,preserved,
tense,60,cleaned-dictionary,preserved,
tensed,60,esdb-inflection,inherited-from-lemma,tense
tenser,60,esdb-inflection,inherited-from-lemma,tense
tenses,60,esdb-inflection,inherited-from-lemma,tense
tensest,60,esdb-inflection,inherited-from-lemma,tense
tensing,60,esdb-inflection,inherited-from-lemma,tense
tension,60,cleaned-dictionary,preserved,
tensor,60,cleaned-dictionary,preserved,
tensors,60,esdb-inflection,inherited-from-lemma,tensor
tent,60,cleaned-dictionary,preserved,
tented,60,esdb-inflection,inherited-from-lemma,tent
tenth,60,cleaned-dictionary,preserved,
tenths,60,esdb-inflection,inherited-from-lemma,tenth
tenting,60,esdb-inflection,inherited-from-lemma,tent
tents,60,cleaned-dictionary,preserved,
tenuous,60,cleaned-dictionary,preserved,
tenure,60,cleaned-dictionary,preserved,
tenured,60,esdb-inflection,inherited-from-lemma,tenure
tenures,60,esdb-inflection,inherited-from-lemma,tenure
tepee,60,cleaned-dictionary,preserved,
tepees,60,esdb-inflection,inherited-from-lemma,tepee
tepid,60,cleaned-dictionary,preserved,
tequila,60,cleaned-dictionary,preserved,
terbium,60,cleaned-dictionary,preserved,
term,60,cleaned-dictionary,preserved,
termed,60,esdb-inflection,inherited-from-lemma,term
terming,60,esdb-inflection,inherited-from-lemma,term
termite,60,cleaned-dictionary,preserved,
terms,60,cleaned-dictionary,preserved,
tern,60,cleaned-dictionary,preserved,
terns,60,esdb-inflection,inherited-from-lemma,tern
terrace,60,cleaned-dictionary,preserved,
terrain,60,cleaned-dictionary,preserved,
terror,60,cleaned-dictionary,preserved,
terrors,60,esdb-inflection,inherited-from-lemma,terror
terry,60,cleaned-dictionary,preserved,
terse,60,cleaned-dictionary,preserved,
terser,60,cleaned-dictionary,preserved,
tersest,60,esdb-inflection,inherited-from-lemma,terse
test,60,cleaned-dictionary,preserved,
testate,60,cleaned-dictionary,preserved,
tested,60,esdb-inflection,inherited-from-lemma,test
tester,60,cleaned-dictionary,preserved,
testers,60,esdb-inflection,inherited-from-lemma,tester
testes,60,cleaned-dictionary,preserved,
testier,60,esdb-inflection,inherited-from-lemma,testy
testify,60,cleaned-dictionary,preserved,
testing,60,esdb-inflection,inherited-from-lemma,test
testis,60,cleaned-dictionary,preserved,
tests,60,esdb-inflection,inherited-from-lemma,test
testy,60,cleaned-dictionary,preserved,
tetanus,60,cleaned-dictionary,preserved,
tether,60,cleaned-dictionary,preserved,
tethers,60,esdb-inflection,inherited-from-lemma,tether
tetra,60,cleaned-dictionary,preserved,
tetras,60,esdb-inflection,inherited-from-lemma,tetra
text,60,cleaned-dictionary,preserved,
texted,60,esdb-inflection,inherited-from-lemma,text
textile,60,cleaned-dictionary,preserved,
texting,60,esdb-inflection,inherited-from-lemma,text
texts,60,cleaned-dictionary,preserved,
textual,60,cleaned-dictionary,preserved,
texture,60,cleaned-dictionary,preserved,
than,60,cleaned-dictionary,preserved,
thane,60,cleaned-dictionary,preserved,
thanes,60,esdb-inflection,inherited-from-lemma,thane
thank,60,cleaned-dictionary,preserved,
thanked,60,cleaned-dictionary,preserved,
thanks,60,cleaned-dictionary,preserved,
that,60,cleaned-dictionary,preserved,
thatch,60,cleaned-dictionary,preserved,
thaw,60,cleaned-dictionary,preserved,
thawed,60,esdb-inflection,inherited-from-lemma,thaw
thawing,60,esdb-inflection,inherited-from-lemma,thaw
thaws,60,esdb-inflection,inherited-from-lemma,thaw
the,60,cleaned-dictionary,preserved,
theater,60,cleaned-dictionary,preserved,
thee,60,cleaned-dictionary,preserved,
theft,60,cleaned-dictionary,preserved,
thefts,60,esdb-inflection,inherited-from-lemma,theft
their,60,cleaned-dictionary,preserved,
theirs,60,cleaned-dictionary,preserved,
theism,60,cleaned-dictionary,preserved,
theist,60,cleaned-dictionary,preserved,
theists,60,esdb-inflection,inherited-from-lemma,theist
them,60,cleaned-dictionary,preserved,
theme,60,cleaned-dictionary,preserved,
themes,60,cleaned-dictionary,preserved,
then,60,cleaned-dictionary,preserved,
thence,60,cleaned-dictionary,preserved,
theorem,60,cleaned-dictionary,preserved,
theory,60,cleaned-dictionary,preserved,
therapy,60,cleaned-dictionary,preserved,
there,60,cleaned-dictionary,preserved,
thereat,60,cleaned-dictionary,preserved,
thereby,60,cleaned-dictionary,preserved,
therein,60,cleaned-dictionary,preserved,
thereof,60,cleaned-dictionary,preserved,
thereon,60,cleaned-dictionary,preserved,
thereto,60,cleaned-dictionary,preserved,
thermal,60,cleaned-dictionary,preserved,
these,60,cleaned-dictionary,preserved,
theses,60,cleaned-dictionary,preserved,
thesis,60,cleaned-dictionary,preserved,
theta,60,cleaned-dictionary,preserved,
thetas,60,esdb-inflection,inherited-from-lemma,theta
they,60,cleaned-dictionary,preserved,
thick,60,cleaned-dictionary,preserved,
thicken,60,cleaned-dictionary,preserved,
thicker,60,esdb-inflection,inherited-from-lemma,thick
thicket,60,cleaned-dictionary,preserved,
thickly,60,cleaned-dictionary,preserved,
thief,60,cleaned-dictionary,preserved,
thieve,60,cleaned-dictionary,preserved,
thieved,60,esdb-inflection,inherited-from-lemma,thieve
thieves,60,cleaned-dictionary,preserved,
thigh,60,cleaned-dictionary,preserved,
thighs,60,cleaned-dictionary,preserved,
thin,60,cleaned-dictionary,preserved,
thine,60,cleaned-dictionary,preserved,
thing,60,cleaned-dictionary,preserved,
things,60,cleaned-dictionary,preserved,
thingy,60,cleaned-dictionary,preserved,
think,60,cleaned-dictionary,preserved,
thinker,60,cleaned-dictionary,preserved,
thinks,60,esdb-inflection,inherited-from-lemma,think
thinned,60,esdb-inflection,inherited-from-lemma,thin
thinner,60,esdb-inflection,inherited-from-lemma,thin
thins,60,esdb-inflection,inherited-from-lemma,thin
third,60,cleaned-dictionary,preserved,
thirds,60,esdb-inflection,inherited-from-lemma,third
thirst,60,cleaned-dictionary,preserved,
thirsts,60,esdb-inflection,inherited-from-lemma,thirst
thirsty,60,cleaned-dictionary,preserved,
thirty,60,cleaned-dictionary,preserved,
this,60,cleaned-dictionary,preserved,
thither,60,cleaned-dictionary,preserved,
tho,60,cleaned-dictionary,preserved,
thong,60,cleaned-dictionary,preserved,
thongs,60,esdb-inflection,inherited-from-lemma,thong
thorax,60,cleaned-dictionary,preserved,
thorium,60,cleaned-dictionary,preserved,
thorn,60,cleaned-dictionary,preserved,
thorns,60,esdb-inflection,inherited-from-lemma,thorn
those,60,cleaned-dictionary,preserved,
thou,60,cleaned-dictionary,preserved,
though,60,cleaned-dictionary,preserved,
thought,60,cleaned-dictionary,preserved,
thrall,60,cleaned-dictionary,preserved,
thralls,60,esdb-inflection,inherited-from-lemma,thrall
thrash,60,cleaned-dictionary,preserved,
thread,60,cleaned-dictionary,preserved,
threads,60,cleaned-dictionary,preserved,
threat,60,cleaned-dictionary,preserved,
threats,60,cleaned-dictionary,preserved,
three,60,cleaned-dictionary,preserved,
threes,60,esdb-inflection,inherited-from-lemma,three
thresh,60,cleaned-dictionary,preserved,
threw,60,cleaned-dictionary,preserved,
thrice,60,cleaned-dictionary,preserved,
thrifty,60,cleaned-dictionary,preserved,
thrive,60,cleaned-dictionary,preserved,
thrived,60,esdb-inflection,inherited-from-lemma,thrive
thrives,60,esdb-inflection,inherited-from-lemma,thrive
throat,60,cleaned-dictionary,preserved,
throats,60,esdb-inflection,inherited-from-lemma,throat
throb,60,cleaned-dictionary,preserved,
throbs,60,esdb-inflection,inherited-from-lemma,throb
throe,60,cleaned-dictionary,preserved,
throes,60,esdb-inflection,inherited-from-lemma,throe
thrombi,60,cleaned-dictionary,preserved,
throne,60,cleaned-dictionary,preserved,
thrones,60,esdb-inflection,inherited-from-lemma,throne
throng,60,cleaned-dictionary,preserved,
throngs,60,esdb-inflection,inherited-from-lemma,throng
through,60,cleaned-dictionary,preserved,
throw,60,cleaned-dictionary,preserved,
thrower,60,cleaned-dictionary,preserved,
thrown,60,cleaned-dictionary,preserved,
throws,60,esdb-inflection,inherited-from-lemma,throw
thrum,60,cleaned-dictionary,preserved,
thrums,60,esdb-inflection,inherited-from-lemma,thrum
thrush,60,cleaned-dictionary,preserved,
thrust,60,cleaned-dictionary,preserved,
thrusts,60,esdb-inflection,inherited-from-lemma,thrust
thug,60,cleaned-dictionary,preserved,
thugs,60,esdb-inflection,inherited-from-lemma,thug
thulium,60,cleaned-dictionary,preserved,
thumb,60,cleaned-dictionary,preserved,
thumbed,60,esdb-inflection,inherited-from-lemma,thumb
thumbs,60,esdb-inflection,inherited-from-lemma,thumb
thunder,60,cleaned-dictionary,preserved,
thus,60,cleaned-dictionary,preserved,
thwack,60,cleaned-dictionary,preserved,
thwacks,60,esdb-inflection,inherited-from-lemma,thwack
thwart,60,cleaned-dictionary,preserved,
thy,60,cleaned-dictionary,preserved,
thyme,60,cleaned-dictionary,preserved,
thymine,60,cleaned-dictionary,preserved,
thyroid,60,cleaned-dictionary,preserved,
thyself,60,cleaned-dictionary,preserved,
tiara,60,cleaned-dictionary,preserved,
tiaras,60,esdb-inflection,inherited-from-lemma,tiara
tibia,60,cleaned-dictionary,preserved,
tibiae,60,esdb-inflection,inherited-from-lemma,tibia
tic,60,cleaned-dictionary,preserved,
tick,60,cleaned-dictionary,preserved,
ticked,60,esdb-inflection,inherited-from-lemma,tick
ticker,60,cleaned-dictionary,preserved,
tickers,60,esdb-inflection,inherited-from-lemma,ticker
ticket,60,cleaned-dictionary,preserved,
tickets,60,cleaned-dictionary,preserved,
ticking,60,esdb-inflection,inherited-from-lemma,tick
tickle,60,cleaned-dictionary,preserved,
tickled,60,esdb-inflection,inherited-from-lemma,tickle
tickles,60,esdb-inflection,inherited-from-lemma,tickle
ticks,60,esdb-inflection,inherited-from-lemma,tick
tics,60,esdb-inflection,inherited-from-lemma,tic
tidal,60,cleaned-dictionary,preserved,
tide,60,cleaned-dictionary,preserved,
tided,60,cleaned-dictionary,preserved,
tides,60,esdb-inflection,inherited-from-lemma,tide
tidied,60,esdb-inflection,inherited-from-lemma,tidy
tidier,60,esdb-inflection,inherited-from-lemma,tidy
tidiest,60,esdb-inflection,inherited-from-lemma,tidy
tiding,60,cleaned-dictionary,preserved,
tidings,60,esdb-inflection,inherited-from-lemma,tiding
tidy,60,cleaned-dictionary,preserved,
tidying,60,esdb-inflection,inherited-from-lemma,tidy
tie,60,cleaned-dictionary,preserved,
tieback,60,cleaned-dictionary,preserved,
tied,60,cleaned-dictionary,preserved,
tier,60,cleaned-dictionary,preserved,
tiers,60,esdb-inflection,inherited-from-lemma,tier
ties,60,cleaned-dictionary,preserved,
tiff,60,cleaned-dictionary,preserved,
tiffed,60,esdb-inflection,inherited-from-lemma,tiff
tiffing,60,esdb-inflection,inherited-from-lemma,tiff
tiffs,60,esdb-inflection,inherited-from-lemma,tiff
tiger,60,cleaned-dictionary,preserved,
tigers,60,esdb-inflection,inherited-from-lemma,tiger
tight,60,cleaned-dictionary,preserved,
tighten,60,cleaned-dictionary,preserved,
tighter,60,esdb-inflection,inherited-from-lemma,tight
tightly,60,cleaned-dictionary,preserved,
tights,60,cleaned-dictionary,preserved,
tigress,60,cleaned-dictionary,preserved,
til,60,cleaned-dictionary,preserved,
tilapia,60,cleaned-dictionary,preserved,
tilde,60,cleaned-dictionary,preserved,
tildes,60,esdb-inflection,inherited-from-lemma,tilde
tile,60,cleaned-dictionary,preserved,
tiled,60,esdb-inflection,inherited-from-lemma,tile
tiles,60,esdb-inflection,inherited-from-lemma,tile
tiling,60,esdb-inflection,inherited-from-lemma,tile
till,60,cleaned-dictionary,preserved,
tillage,60,cleaned-dictionary,preserved,
tilled,60,esdb-inflection,inherited-from-lemma,till
tiller,60,cleaned-dictionary,preserved,
tillers,60,esdb-inflection,inherited-from-lemma,tiller
tilling,60,esdb-inflection,inherited-from-lemma,till
tilt,60,cleaned-dictionary,preserved,
tilted,60,cleaned-dictionary,preserved,
tilting,60,esdb-inflection,inherited-from-lemma,tilt
tilts,60,esdb-inflection,inherited-from-lemma,tilt
timber,60,cleaned-dictionary,preserved,
timbers,60,esdb-inflection,inherited-from-lemma,timber
timbre,60,cleaned-dictionary,preserved,
timbres,60,esdb-inflection,inherited-from-lemma,timbre
time,60,cleaned-dictionary,preserved,
timed,60,esdb-inflection,inherited-from-lemma,time
timely,60,cleaned-dictionary,preserved,
timer,60,cleaned-dictionary,preserved,
timers,60,esdb-inflection,inherited-from-lemma,timer
times,60,cleaned-dictionary,preserved,
timid,60,cleaned-dictionary,preserved,
timider,60,esdb-inflection,inherited-from-lemma,timid
timing,60,esdb-inflection,inherited-from-lemma,time
timpani,60,cleaned-dictionary,preserved,
tin,60,cleaned-dictionary,preserved,
tinder,60,cleaned-dictionary,preserved,
tine,60,cleaned-dictionary,preserved,
tines,60,esdb-inflection,inherited-from-lemma,tine
tinier,60,esdb-inflection,inherited-from-lemma,tiny
tiniest,60,esdb-inflection,inherited-from-lemma,tiny
tinker,60,cleaned-dictionary,preserved,
tinkers,60,esdb-inflection,inherited-from-lemma,tinker
tinkle,60,cleaned-dictionary,preserved,
tinkled,60,esdb-inflection,inherited-from-lemma,tinkle
tinkles,60,esdb-inflection,inherited-from-lemma,tinkle
tinned,60,esdb-inflection,inherited-from-lemma,tin
tinning,60,esdb-inflection,inherited-from-lemma,tin
tins,60,cleaned-dictionary,preserved,
tinsel,60,cleaned-dictionary,preserved,
tinsels,60,esdb-inflection,inherited-from-lemma,tinsel
tint,60,cleaned-dictionary,preserved,
tinted,60,esdb-inflection,inherited-from-lemma,tint
tinting,60,esdb-inflection,inherited-from-lemma,tint
tints,60,esdb-inflection,inherited-from-lemma,tint
tiny,60,cleaned-dictionary,preserved,
tip,60,cleaned-dictionary,preserved,
tipped,60,esdb-inflection,inherited-from-lemma,tip
tipper,60,cleaned-dictionary,preserved,
tippers,60,esdb-inflection,inherited-from-lemma,tipper
tipping,60,esdb-inflection,inherited-from-lemma,tip
tipple,60,cleaned-dictionary,preserved,
tippled,60,esdb-inflection,inherited-from-lemma,tipple
tipples,60,esdb-inflection,inherited-from-lemma,tipple
tips,60,cleaned-dictionary,preserved,
tipsier,60,esdb-inflection,inherited-from-lemma,tipsy
tipster,60,cleaned-dictionary,preserved,
tipsy,60,cleaned-dictionary,preserved,
tiptoe,60,cleaned-dictionary,preserved,
tiptoed,60,esdb-inflection,inherited-from-lemma,tiptoe
tiptoes,60,esdb-inflection,inherited-from-lemma,tiptoe
tirade,60,cleaned-dictionary,preserved,
tirades,60,esdb-inflection,inherited-from-lemma,tirade
tire,60,cleaned-dictionary,preserved,
tired,60,cleaned-dictionary,preserved,
tireder,60,esdb-inflection,inherited-from-lemma,tired
tires,60,esdb-inflection,inherited-from-lemma,tire
tiring,60,cleaned-dictionary,preserved,
tissue,60,cleaned-dictionary,preserved,
tissues,60,cleaned-dictionary,preserved,
tit,60,cleaned-dictionary,preserved,
titan,60,cleaned-dictionary,preserved,
titanic,60,cleaned-dictionary,preserved,
titans,60,esdb-inflection,inherited-from-lemma,titan
titchy,60,cleaned-dictionary,preserved,
tithe,60,cleaned-dictionary,preserved,
tithed,60,esdb-inflection,inherited-from-lemma,tithe
tither,60,cleaned-dictionary,preserved,
tithers,60,esdb-inflection,inherited-from-lemma,tither
tithes,60,esdb-inflection,inherited-from-lemma,tithe
tithing,60,esdb-inflection,inherited-from-lemma,tithe
titian,60,cleaned-dictionary,preserved,
title,60,cleaned-dictionary,preserved,
titled,60,cleaned-dictionary,preserved,
titles,60,cleaned-dictionary,preserved,
titling,60,esdb-inflection,inherited-from-lemma,title
tits,60,esdb-inflection,inherited-from-lemma,tit
titter,60,cleaned-dictionary,preserved,
titters,60,esdb-inflection,inherited-from-lemma,titter
titties,60,cleaned-dictionary,preserved,
titty,60,cleaned-dictionary,preserved,
tmesis,70,cleaned-dictionary,preserved,
toad,60,cleaned-dictionary,preserved,
toadied,60,esdb-inflection,inherited-from-lemma,toady
toadies,60,esdb-inflection,inherited-from-lemma,toady
toads,60,esdb-inflection,inherited-from-lemma,toad
toady,60,cleaned-dictionary,preserved,
toast,60,cleaned-dictionary,preserved,
toasted,60,esdb-inflection,inherited-from-lemma,toast
toaster,60,cleaned-dictionary,preserved,
toasts,60,esdb-inflection,inherited-from-lemma,toast
tobacco,60,cleaned-dictionary,preserved,
tocsin,60,cleaned-dictionary,preserved,
tocsins,60,esdb-inflection,inherited-from-lemma,tocsin
today,60,cleaned-dictionary,preserved,
toddler,60,cleaned-dictionary,preserved,
toe,60,cleaned-dictionary,preserved,
toed,60,esdb-inflection,inherited-from-lemma,toe
toeing,60,esdb-inflection,inherited-from-lemma,toe
toenail,60,cleaned-dictionary,preserved,
toerag,60,cleaned-dictionary,preserved,
toerags,60,esdb-inflection,inherited-from-lemma,toerag
toes,60,cleaned-dictionary,preserved,
toff,60,cleaned-dictionary,preserved,
toffs,60,esdb-inflection,inherited-from-lemma,toff
tofu,60,cleaned-dictionary,preserved,
tog,60,cleaned-dictionary,preserved,
toga,60,cleaned-dictionary,preserved,
togas,60,esdb-inflection,inherited-from-lemma,toga
togged,60,cleaned-dictionary,preserved,
togging,60,esdb-inflection,inherited-from-lemma,tog
toggle,60,cleaned-dictionary,preserved,
toggled,60,esdb-inflection,inherited-from-lemma,toggle
toggles,60,esdb-inflection,inherited-from-lemma,toggle
togs,60,esdb-inflection,inherited-from-lemma,tog
toil,60,cleaned-dictionary,preserved,
toiled,60,esdb-inflection,inherited-from-lemma,toil
toilet,60,cleaned-dictionary,preserved,
toilets,60,esdb-inflection,inherited-from-lemma,toilet
toiling,60,esdb-inflection,inherited-from-lemma,toil
toils,60,esdb-inflection,inherited-from-lemma,toil
toke,60,cleaned-dictionary,preserved,
toked,60,esdb-inflection,inherited-from-lemma,toke
token,60,cleaned-dictionary,preserved,
tokens,60,esdb-inflection,inherited-from-lemma,token
tokes,60,esdb-inflection,inherited-from-lemma,toke
toking,60,esdb-inflection,inherited-from-lemma,toke
told,60,cleaned-dictionary,preserved,
toll,60,cleaned-dictionary,preserved,
tolled,60,esdb-inflection,inherited-from-lemma,toll
tolling,60,esdb-inflection,inherited-from-lemma,toll
tolls,60,esdb-inflection,inherited-from-lemma,toll
toluene,60,cleaned-dictionary,preserved,
tom,60,cleaned-dictionary,preserved,
tomato,60,cleaned-dictionary,preserved,
tomb,60,cleaned-dictionary,preserved,
tombed,60,esdb-inflection,inherited-from-lemma,tomb
tombing,60,esdb-inflection,inherited-from-lemma,tomb
tomboy,60,cleaned-dictionary,preserved,
tomboys,60,esdb-inflection,inherited-from-lemma,tomboy
tombs,60,esdb-inflection,inherited-from-lemma,tomb
tomcat,60,cleaned-dictionary,preserved,
tomcats,60,esdb-inflection,inherited-from-lemma,tomcat
tome,60,cleaned-dictionary,preserved,
tomes,60,esdb-inflection,inherited-from-lemma,tome
toms,60,esdb-inflection,inherited-from-lemma,tom
ton,60,cleaned-dictionary,preserved,
tonal,60,cleaned-dictionary,preserved,
tone,60,cleaned-dictionary,preserved,
toned,60,esdb-inflection,inherited-from-lemma,tone
tones,60,cleaned-dictionary,preserved,
tong,60,cleaned-dictionary,preserved,
tonged,60,esdb-inflection,inherited-from-lemma,tong
tonging,60,esdb-inflection,inherited-from-lemma,tong
tongs,60,cleaned-dictionary,preserved,
tongue,60,cleaned-dictionary,preserved,
tongued,60,esdb-inflection,inherited-from-lemma,tongue
tongues,60,cleaned-dictionary,preserved,
tonic,60,cleaned-dictionary,preserved,
tonics,60,esdb-inflection,inherited-from-lemma,tonic
tonight,60,cleaned-dictionary,preserved,
toning,60,esdb-inflection,inherited-from-lemma,tone
tonne,60,cleaned-dictionary,preserved,
tonnes,60,esdb-inflection,inherited-from-lemma,tonne
tons,60,cleaned-dictionary,preserved,
tonsil,60,cleaned-dictionary,preserved,
tonsils,60,esdb-inflection,inherited-from-lemma,tonsil
too,60,cleaned-dictionary,preserved,
took,60,cleaned-dictionary,preserved,
tool,60,cleaned-dictionary,preserved,
toolbox,60,cleaned-dictionary,preserved,
tooled,60,esdb-inflection,inherited-from-lemma,tool
tooling,60,esdb-inflection,inherited-from-lemma,tool
tools,60,cleaned-dictionary,preserved,
toot,60,cleaned-dictionary,preserved,
tooted,60,esdb-inflection,inherited-from-lemma,toot
tooter,60,cleaned-dictionary,preserved,
tooters,60,esdb-inflection,inherited-from-lemma,tooter
tooth,60,cleaned-dictionary,preserved,
tooting,60,esdb-inflection,inherited-from-lemma,toot
toots,60,cleaned-dictionary,preserved,
top,60,cleaned-dictionary,preserved,
topaz,60,cleaned-dictionary,preserved,
topazes,60,esdb-inflection,inherited-from-lemma,topaz
topee,60,cleaned-dictionary,preserved,
topees,60,esdb-inflection,inherited-from-lemma,topee
topic,60,cleaned-dictionary,preserved,
topics,60,esdb-inflection,inherited-from-lemma,topic
topless,60,cleaned-dictionary,preserved,
topped,60,cleaned-dictionary,preserved,
topping,60,esdb-inflection,inherited-from-lemma,top
topple,60,cleaned-dictionary,preserved,
toppled,60,esdb-inflection,inherited-from-lemma,topple
topples,60,esdb-inflection,inherited-from-lemma,topple
tops,60,cleaned-dictionary,preserved,
topsail,60,cleaned-dictionary,preserved,
toque,60,cleaned-dictionary,preserved,
toques,60,esdb-inflection,inherited-from-lemma,toque
tor,60,cleaned-dictionary,preserved,
torch,60,cleaned-dictionary,preserved,
torched,60,esdb-inflection,inherited-from-lemma,torch
torches,60,esdb-inflection,inherited-from-lemma,torch
tore,60,cleaned-dictionary,preserved,
torment,60,cleaned-dictionary,preserved,
torn,60,cleaned-dictionary,preserved,
tornado,60,cleaned-dictionary,preserved,
torpedo,60,cleaned-dictionary,preserved,
torpid,60,cleaned-dictionary,preserved,
torpor,60,cleaned-dictionary,preserved,
torque,60,cleaned-dictionary,preserved,
torqued,60,esdb-inflection,inherited-from-lemma,torque
torques,60,esdb-inflection,inherited-from-lemma,torque
torrid,60,cleaned-dictionary,preserved,
tors,60,esdb-inflection,inherited-from-lemma,tor
torsion,60,cleaned-dictionary,preserved,
torso,60,cleaned-dictionary,preserved,
torsos,60,esdb-inflection,inherited-from-lemma,torso
tort,60,cleaned-dictionary,preserved,
torte,60,cleaned-dictionary,preserved,
tortes,60,esdb-inflection,inherited-from-lemma,torte
torts,60,esdb-inflection,inherited-from-lemma,tort
torture,60,cleaned-dictionary,preserved,
torus,60,cleaned-dictionary,preserved,
tosh,60,cleaned-dictionary,preserved,
toss,60,cleaned-dictionary,preserved,
tossed,60,cleaned-dictionary,preserved,
tosser,60,cleaned-dictionary,preserved,
tossers,60,esdb-inflection,inherited-from-lemma,tosser
tosses,60,esdb-inflection,inherited-from-lemma,toss
tossing,60,esdb-inflection,inherited-from-lemma,toss
tossup,60,cleaned-dictionary,preserved,
tossups,60,esdb-inflection,inherited-from-lemma,tossup
tot,60,cleaned-dictionary,preserved,
total,60,cleaned-dictionary,preserved,
totaled,60,cleaned-dictionary,preserved,
totally,60,cleaned-dictionary,preserved,
totals,60,esdb-inflection,inherited-from-lemma,total
tots,60,esdb-inflection,inherited-from-lemma,tot
totted,60,esdb-inflection,inherited-from-lemma,tot
totter,60,cleaned-dictionary,preserved,
totters,60,esdb-inflection,inherited-from-lemma,totter
totting,60,esdb-inflection,inherited-from-lemma,tot
toucan,60,cleaned-dictionary,preserved,
toucans,60,esdb-inflection,inherited-from-lemma,toucan
touch,60,cleaned-dictionary,preserved,
touched,60,cleaned-dictionary,preserved,
touches,60,esdb-inflection,inherited-from-lemma,touch
touchy,60,cleaned-dictionary,preserved,
tough,60,cleaned-dictionary,preserved,
toughed,60,esdb-inflection,inherited-from-lemma,tough
toughen,60,cleaned-dictionary,preserved,
tougher,60,esdb-inflection,inherited-from-lemma,tough
toughie,60,cleaned-dictionary,preserved,
toughs,60,esdb-inflection,inherited-from-lemma,tough
toupee,60,cleaned-dictionary,preserved,
toupees,60,esdb-inflection,inherited-from-lemma,toupee
tour,60,cleaned-dictionary,preserved,
toured,60,esdb-inflection,inherited-from-lemma,tour
touring,60,cleaned-dictionary,preserved,
tourism,60,cleaned-dictionary,preserved,
tourist,60,cleaned-dictionary,preserved,
tours,60,cleaned-dictionary,preserved,
tousle,60,cleaned-dictionary,preserved,
tousled,60,esdb-inflection,inherited-from-lemma,tousle
tousles,60,esdb-inflection,inherited-from-lemma,tousle
tout,60,cleaned-dictionary,preserved,
touted,60,esdb-inflection,inherited-from-lemma,tout
touting,60,esdb-inflection,inherited-from-lemma,tout
touts,60,esdb-inflection,inherited-from-lemma,tout
tow,60,cleaned-dictionary,preserved,
toward,60,cleaned-dictionary,preserved,
towed,60,esdb-inflection,inherited-from-lemma,tow
towel,60,cleaned-dictionary,preserved,
toweled,60,esdb-inflection,inherited-from-lemma,towel
towels,60,esdb-inflection,inherited-from-lemma,towel
tower,60,cleaned-dictionary,preserved,
towered,60,esdb-inflection,inherited-from-lemma,tower
towers,60,cleaned-dictionary,preserved,
towhee,60,cleaned-dictionary,preserved,
towhees,60,esdb-inflection,inherited-from-lemma,towhee
towing,60,esdb-inflection,inherited-from-lemma,tow
town,60,cleaned-dictionary,preserved,
townie,60,cleaned-dictionary,preserved,
townies,60,esdb-inflection,inherited-from-lemma,townie
towns,60,cleaned-dictionary,preserved,
tows,60,esdb-inflection,inherited-from-lemma,tow
toxic,60,cleaned-dictionary,preserved,
toxin,60,cleaned-dictionary,preserved,
toxins,60,esdb-inflection,inherited-from-lemma,toxin
toy,60,cleaned-dictionary,preserved,
toyboy,60,cleaned-dictionary,preserved,
toyboys,60,esdb-inflection,inherited-from-lemma,toyboy
toyed,60,esdb-inflection,inherited-from-lemma,toy
toying,60,esdb-inflection,inherited-from-lemma,toy
toys,60,cleaned-dictionary,preserved,
trace,60,cleaned-dictionary,preserved,
traced,60,cleaned-dictionary,preserved,
tracer,60,cleaned-dictionary,preserved,
tracers,60,esdb-inflection,inherited-from-lemma,tracer
traces,60,cleaned-dictionary,preserved,
trachea,60,cleaned-dictionary,preserved,
tracing,60,cleaned-dictionary,preserved,
track,60,cleaned-dictionary,preserved,
tracked,60,esdb-inflection,inherited-from-lemma,track
tracker,60,cleaned-dictionary,preserved,
tracks,60,cleaned-dictionary,preserved,
tract,60,cleaned-dictionary,preserved,
tractor,60,cleaned-dictionary,preserved,
tracts,60,esdb-inflection,inherited-from-lemma,tract
trade,60,cleaned-dictionary,preserved,
traded,60,esdb-inflection,inherited-from-lemma,trade
trader,60,cleaned-dictionary,preserved,
traders,60,cleaned-dictionary,preserved,
trades,60,cleaned-dictionary,preserved,
trading,60,cleaned-dictionary,preserved,
traduce,60,cleaned-dictionary,preserved,
traffic,60,cleaned-dictionary,preserved,
tragedy,60,cleaned-dictionary,preserved,
tragic,60,cleaned-dictionary,preserved,
trail,60,cleaned-dictionary,preserved,
trailed,60,esdb-inflection,inherited-from-lemma,trail
trailer,60,cleaned-dictionary,preserved,
trails,60,esdb-inflection,inherited-from-lemma,trail
train,60,cleaned-dictionary,preserved,
trained,60,esdb-inflection,inherited-from-lemma,train
trainee,60,cleaned-dictionary,preserved,
trainer,60,cleaned-dictionary,preserved,
trains,60,cleaned-dictionary,preserved,
trait,60,cleaned-dictionary,preserved,
traitor,60,cleaned-dictionary,preserved,
traits,60,cleaned-dictionary,preserved,
tram,60,cleaned-dictionary,preserved,
trammed,60,esdb-inflection,inherited-from-lemma,tram
trammel,60,cleaned-dictionary,preserved,
tramp,60,cleaned-dictionary,preserved,
tramped,60,esdb-inflection,inherited-from-lemma,tramp
tramps,60,esdb-inflection,inherited-from-lemma,tramp
trams,60,esdb-inflection,inherited-from-lemma,tram
trance,60,cleaned-dictionary,preserved,
trances,60,esdb-inflection,inherited-from-lemma,trance
tranche,60,cleaned-dictionary,preserved,
trans,60,cleaned-dictionary,preserved,
transit,60,cleaned-dictionary,preserved,
transom,60,cleaned-dictionary,preserved,
trap,60,cleaned-dictionary,preserved,
trapeze,60,cleaned-dictionary,preserved,
trapped,60,esdb-inflection,inherited-from-lemma,trap
trapper,60,cleaned-dictionary,preserved,
traps,60,esdb-inflection,inherited-from-lemma,trap
trash,60,cleaned-dictionary,preserved,
trashed,60,cleaned-dictionary,preserved,
trashes,60,esdb-inflection,inherited-from-lemma,trash
trauma,60,cleaned-dictionary,preserved,
traumas,60,esdb-inflection,inherited-from-lemma,trauma
travail,60,cleaned-dictionary,preserved,
travel,60,cleaned-dictionary,preserved,
travels,60,cleaned-dictionary,preserved,
trawl,60,cleaned-dictionary,preserved,
trawled,60,esdb-inflection,inherited-from-lemma,trawl
trawler,60,cleaned-dictionary,preserved,
trawls,60,esdb-inflection,inherited-from-lemma,trawl
tray,60,cleaned-dictionary,preserved,
trays,60,esdb-inflection,inherited-from-lemma,tray
treacle,60,cleaned-dictionary,preserved,
tread,60,cleaned-dictionary,preserved,
treads,60,esdb-inflection,inherited-from-lemma,tread
treason,60,cleaned-dictionary,preserved,
treat,60,cleaned-dictionary,preserved,
treated,60,cleaned-dictionary,preserved,
treats,60,esdb-inflection,inherited-from-lemma,treat
treaty,60,cleaned-dictionary,preserved,
treble,60,cleaned-dictionary,preserved,
trebled,60,esdb-inflection,inherited-from-lemma,treble
tree,60,cleaned-dictionary,preserved,
treed,60,esdb-inflection,inherited-from-lemma,tree
treeing,60,esdb-inflection,inherited-from-lemma,tree
trees,60,cleaned-dictionary,preserved,
trek,60,cleaned-dictionary,preserved,
trekked,60,esdb-inflection,inherited-from-lemma,trek
treks,60,esdb-inflection,inherited-from-lemma,trek
trellis,60,cleaned-dictionary,preserved,
tremble,60,cleaned-dictionary,preserved,
tremolo,60,cleaned-dictionary,preserved,
tremor,60,cleaned-dictionary,preserved,
tremors,60,esdb-inflection,inherited-from-lemma,tremor
trench,60,cleaned-dictionary,preserved,
trend,60,cleaned-dictionary,preserved,
trended,60,esdb-inflection,inherited-from-lemma,trend
trends,60,cleaned-dictionary,preserved,
tress,60,cleaned-dictionary,preserved,
tresses,60,esdb-inflection,inherited-from-lemma,tress
trestle,60,cleaned-dictionary,preserved,
triad,60,cleaned-dictionary,preserved,
triads,60,esdb-inflection,inherited-from-lemma,triad
triage,60,cleaned-dictionary,preserved,
triaged,60,esdb-inflection,inherited-from-lemma,triage
triages,60,esdb-inflection,inherited-from-lemma,triage
trial,60,cleaned-dictionary,preserved,
trialed,60,esdb-inflection,inherited-from-lemma,trial
trials,60,cleaned-dictionary,preserved,
tribal,60,cleaned-dictionary,preserved,
tribe,60,cleaned-dictionary,preserved,
tribes,60,cleaned-dictionary,preserved,
tribute,60,cleaned-dictionary,preserved,
trice,60,cleaned-dictionary,preserved,
triceps,60,cleaned-dictionary,preserved,
trick,60,cleaned-dictionary,preserved,
tricked,60,esdb-inflection,inherited-from-lemma,trick
trickle,60,cleaned-dictionary,preserved,
tricks,60,cleaned-dictionary,preserved,
tricky,60,cleaned-dictionary,preserved,
trident,60,cleaned-dictionary,preserved,
tried,60,cleaned-dictionary,preserved,
tries,60,cleaned-dictionary,preserved,
trifle,60,cleaned-dictionary,preserved,
trifled,60,cleaned-dictionary,preserved,
trifles,60,cleaned-dictionary,preserved,
trig,60,cleaned-dictionary,preserved,
trigger,60,esdb-inflection,inherited-from-lemma,trig
trike,60,cleaned-dictionary,preserved,
trikes,60,esdb-inflection,inherited-from-lemma,trike
trill,60,cleaned-dictionary,preserved,
trilled,60,esdb-inflection,inherited-from-lemma,trill
trills,60,esdb-inflection,inherited-from-lemma,trill
trilogy,60,cleaned-dictionary,preserved,
trim,60,cleaned-dictionary,preserved,
trimmed,60,esdb-inflection,inherited-from-lemma,trim
trimmer,60,esdb-inflection,inherited-from-lemma,trim
trims,60,esdb-inflection,inherited-from-lemma,trim
trinity,60,cleaned-dictionary,preserved,
trinket,60,cleaned-dictionary,preserved,
trio,60,cleaned-dictionary,preserved,
trios,60,esdb-inflection,inherited-from-lemma,trio
trip,60,cleaned-dictionary,preserved,
tripe,60,cleaned-dictionary,preserved,
triple,60,cleaned-dictionary,preserved,
tripled,60,esdb-inflection,inherited-from-lemma,triple
triplet,60,cleaned-dictionary,preserved,
tripod,60,cleaned-dictionary,preserved,
tripods,60,esdb-inflection,inherited-from-lemma,tripod
tripped,60,esdb-inflection,inherited-from-lemma,trip
trips,60,cleaned-dictionary,preserved,
trireme,60,cleaned-dictionary,preserved,
trite,60,cleaned-dictionary,preserved,
triter,60,esdb-inflection,inherited-from-lemma,trite
tritest,60,esdb-inflection,inherited-from-lemma,trite
tritium,60,cleaned-dictionary,preserved,
triumph,60,cleaned-dictionary,preserved,
trivet,60,cleaned-dictionary,preserved,
trivets,60,esdb-inflection,inherited-from-lemma,trivet
trivia,60,cleaned-dictionary,preserved,
trivial,60,cleaned-dictionary,preserved,
trivium,60,cleaned-dictionary,preserved,
trochee,60,cleaned-dictionary,preserved,
trod,60,cleaned-dictionary,preserved,
trodden,60,cleaned-dictionary,preserved,
troika,60,cleaned-dictionary,preserved,
troikas,60,esdb-inflection,inherited-from-lemma,troika
troll,60,cleaned-dictionary,preserved,
trolled,60,esdb-inflection,inherited-from-lemma,troll
trollop,60,cleaned-dictionary,preserved,
trolls,60,esdb-inflection,inherited-from-lemma,troll
troop,60,cleaned-dictionary,preserved,
trooped,60,esdb-inflection,inherited-from-lemma,troop
trooper,60,cleaned-dictionary,preserved,
troops,60,cleaned-dictionary,preserved,
trope,60,cleaned-dictionary,preserved,
tropes,60,esdb-inflection,inherited-from-lemma,trope
trophy,60,cleaned-dictionary,preserved,
trot,60,cleaned-dictionary,preserved,
trots,60,cleaned-dictionary,preserved,
trotted,60,esdb-inflection,inherited-from-lemma,trot
trotter,60,cleaned-dictionary,preserved,
trouble,60,cleaned-dictionary,preserved,
trough,60,cleaned-dictionary,preserved,
troughs,60,esdb-inflection,inherited-from-lemma,trough
trounce,60,cleaned-dictionary,preserved,
troupe,60,cleaned-dictionary,preserved,
trouped,60,esdb-inflection,inherited-from-lemma,troupe
trouper,60,cleaned-dictionary,preserved,
troupes,60,esdb-inflection,inherited-from-lemma,troupe
trouser,60,cleaned-dictionary,preserved,
trout,60,cleaned-dictionary,preserved,
trouts,60,esdb-inflection,inherited-from-lemma,trout
trowel,60,cleaned-dictionary,preserved,
trowels,60,esdb-inflection,inherited-from-lemma,trowel
troy,60,cleaned-dictionary,preserved,
truancy,60,cleaned-dictionary,preserved,
truce,60,cleaned-dictionary,preserved,
truces,60,esdb-inflection,inherited-from-lemma,truce
truck,60,cleaned-dictionary,preserved,
trucked,60,esdb-inflection,inherited-from-lemma,truck
trucker,60,cleaned-dictionary,preserved,
truckle,60,cleaned-dictionary,preserved,
trucks,60,cleaned-dictionary,preserved,
trudge,60,cleaned-dictionary,preserved,
trudged,60,esdb-inflection,inherited-from-lemma,trudge
trudges,60,esdb-inflection,inherited-from-lemma,trudge
true,60,cleaned-dictionary,preserved,
trued,60,esdb-inflection,inherited-from-lemma,true
truer,60,esdb-inflection,inherited-from-lemma,true
trues,60,esdb-inflection,inherited-from-lemma,true
truest,60,cleaned-dictionary,preserved,
truing,60,esdb-inflection,inherited-from-lemma,true
truism,60,cleaned-dictionary,preserved,
truisms,60,esdb-inflection,inherited-from-lemma,truism
truly,60,cleaned-dictionary,preserved,
trumpet,60,cleaned-dictionary,preserved,
trundle,60,cleaned-dictionary,preserved,
trunk,60,cleaned-dictionary,preserved,
trunks,60,cleaned-dictionary,preserved,
truss,60,cleaned-dictionary,preserved,
trussed,60,esdb-inflection,inherited-from-lemma,truss
trusses,60,esdb-inflection,inherited-from-lemma,truss
trust,60,cleaned-dictionary,preserved,
trusted,60,cleaned-dictionary,preserved,
trustee,60,cleaned-dictionary,preserved,
trusts,60,cleaned-dictionary,preserved,
truth,60,cleaned-dictionary,preserved,
truths,60,cleaned-dictionary,preserved,
try,60,cleaned-dictionary,preserved,
trying,60,cleaned-dictionary,preserved,
tryst,60,cleaned-dictionary,preserved,
trysted,60,esdb-inflection,inherited-from-lemma,tryst
trysts,60,esdb-inflection,inherited-from-lemma,tryst
tsetse,60,cleaned-dictionary,preserved,
tsetses,60,esdb-inflection,inherited-from-lemma,tsetse
tsunami,60,cleaned-dictionary,preserved,
tub,60,cleaned-dictionary,preserved,
tuba,60,cleaned-dictionary,preserved,
tubas,60,esdb-inflection,inherited-from-lemma,tuba
tubbier,60,esdb-inflection,inherited-from-lemma,tubby
tubby,60,cleaned-dictionary,preserved,
tube,60,cleaned-dictionary,preserved,
tubed,60,esdb-inflection,inherited-from-lemma,tube
tuber,60,cleaned-dictionary,preserved,
tubers,60,esdb-inflection,inherited-from-lemma,tuber
tubes,60,cleaned-dictionary,preserved,
tubing,60,esdb-inflection,inherited-from-lemma,tube
tubs,60,esdb-inflection,inherited-from-lemma,tub
tubular,60,cleaned-dictionary,preserved,
tubule,60,cleaned-dictionary,preserved,
tubules,60,esdb-inflection,inherited-from-lemma,tubule
tuck,60,cleaned-dictionary,preserved,
tucked,60,cleaned-dictionary,preserved,
tucker,60,cleaned-dictionary,preserved,
tuckers,60,esdb-inflection,inherited-from-lemma,tucker
tucking,60,esdb-inflection,inherited-from-lemma,tuck
tucks,60,esdb-inflection,inherited-from-lemma,tuck
tuft,60,cleaned-dictionary,preserved,
tufted,60,esdb-inflection,inherited-from-lemma,tuft
tufting,60,esdb-inflection,inherited-from-lemma,tuft
tufts,60,esdb-inflection,inherited-from-lemma,tuft
tug,60,cleaned-dictionary,preserved,
tugged,60,cleaned-dictionary,preserved,
tugging,60,esdb-inflection,inherited-from-lemma,tug
tugs,60,esdb-inflection,inherited-from-lemma,tug
tuition,60,cleaned-dictionary,preserved,
tulip,60,cleaned-dictionary,preserved,
tulips,60,esdb-inflection,inherited-from-lemma,tulip
tulle,60,cleaned-dictionary,preserved,
tum,60,cleaned-dictionary,preserved,
tumble,60,cleaned-dictionary,preserved,
tumbled,60,cleaned-dictionary,preserved,
tumbler,60,cleaned-dictionary,preserved,
tumbles,60,esdb-inflection,inherited-from-lemma,tumble
tumid,60,cleaned-dictionary,preserved,
tummies,60,esdb-inflection,inherited-from-lemma,tummy
tummy,60,cleaned-dictionary,preserved,
tumor,60,cleaned-dictionary,preserved,
tumors,60,cleaned-dictionary,preserved,
tums,60,esdb-inflection,inherited-from-lemma,tum
tumult,60,cleaned-dictionary,preserved,
tumults,60,cleaned-dictionary,preserved,
tun,60,cleaned-dictionary,preserved,
tuna,60,cleaned-dictionary,preserved,
tunas,60,esdb-inflection,inherited-from-lemma,tuna
tundra,60,cleaned-dictionary,preserved,
tundras,60,esdb-inflection,inherited-from-lemma,tundra
tune,60,cleaned-dictionary,preserved,
tuned,60,esdb-inflection,inherited-from-lemma,tune
tuner,60,cleaned-dictionary,preserved,
tuners,60,esdb-inflection,inherited-from-lemma,tuner
tunes,60,esdb-inflection,inherited-from-lemma,tune
tuning,60,esdb-inflection,inherited-from-lemma,tune
tunnel,60,cleaned-dictionary,preserved,
tunnels,60,esdb-inflection,inherited-from-lemma,tunnel
tuns,60,esdb-inflection,inherited-from-lemma,tun
tuple,60,cleaned-dictionary,preserved,
tuples,60,esdb-inflection,inherited-from-lemma,tuple
turban,60,cleaned-dictionary,preserved,
turbans,60,esdb-inflection,inherited-from-lemma,turban
turbid,60,cleaned-dictionary,preserved,
turbot,60,cleaned-dictionary,preserved,
turbots,60,esdb-inflection,inherited-from-lemma,turbot
turf,60,cleaned-dictionary,preserved,
turfed,60,esdb-inflection,inherited-from-lemma,turf
turfing,60,esdb-inflection,inherited-from-lemma,turf
turfs,60,esdb-inflection,inherited-from-lemma,turf
turgid,60,cleaned-dictionary,preserved,
turkey,60,cleaned-dictionary,preserved,
turkeys,60,esdb-inflection,inherited-from-lemma,turkey
turmoil,60,cleaned-dictionary,preserved,
turn,60,cleaned-dictionary,preserved,
turned,60,cleaned-dictionary,preserved,
turner,60,cleaned-dictionary,preserved,
turners,60,esdb-inflection,inherited-from-lemma,turner
turning,60,cleaned-dictionary,preserved,
turnip,60,cleaned-dictionary,preserved,
turnips,60,esdb-inflection,inherited-from-lemma,turnip
turnkey,60,cleaned-dictionary,preserved,
turnout,60,cleaned-dictionary,preserved,
turns,60,esdb-inflection,inherited-from-lemma,turn
turps,60,cleaned-dictionary,preserved,
turret,60,cleaned-dictionary,preserved,
turrets,60,esdb-inflection,inherited-from-lemma,turret
turtle,60,cleaned-dictionary,preserved,
turtles,60,esdb-inflection,inherited-from-lemma,turtle
tush,60,cleaned-dictionary,preserved,
tushes,60,esdb-inflection,inherited-from-lemma,tush
tusk,60,cleaned-dictionary,preserved,
tusked,60,cleaned-dictionary,preserved,
tusks,60,esdb-inflection,inherited-from-lemma,tusk
tussle,60,cleaned-dictionary,preserved,
tussled,60,esdb-inflection,inherited-from-lemma,tussle
tussles,60,esdb-inflection,inherited-from-lemma,tussle
tut,60,cleaned-dictionary,preserved,
tutor,60,cleaned-dictionary,preserved,
tutored,60,esdb-inflection,inherited-from-lemma,tutor
tutors,60,esdb-inflection,inherited-from-lemma,tutor
tuts,60,esdb-inflection,inherited-from-lemma,tut
tutted,60,esdb-inflection,inherited-from-lemma,tut
tutti,60,cleaned-dictionary,preserved,
tutting,60,esdb-inflection,inherited-from-lemma,tut
tuttis,60,esdb-inflection,inherited-from-lemma,tutti
tutu,60,cleaned-dictionary,preserved,
tutus,60,esdb-inflection,inherited-from-lemma,tutu
tux,60,cleaned-dictionary,preserved,
tuxedo,60,cleaned-dictionary,preserved,
tuxedos,60,esdb-inflection,inherited-from-lemma,tuxedo
tuxes,60,esdb-inflection,inherited-from-lemma,tux
twaddle,60,cleaned-dictionary,preserved,
twain,60,cleaned-dictionary,preserved,
twang,60,cleaned-dictionary,preserved,
twanged,60,esdb-inflection,inherited-from-lemma,twang
twangs,60,esdb-inflection,inherited-from-lemma,twang
tweak,60,cleaned-dictionary,preserved,
tweaked,60,esdb-inflection,inherited-from-lemma,tweak
tweaks,60,esdb-inflection,inherited-from-lemma,tweak
twee,60,cleaned-dictionary,preserved,
tweet,60,cleaned-dictionary,preserved,
tweeted,60,esdb-inflection,inherited-from-lemma,tweet
tweeter,60,cleaned-dictionary,preserved,
tweets,60,esdb-inflection,inherited-from-lemma,tweet
tweeze,60,cleaned-dictionary,preserved,
tweezed,60,esdb-inflection,inherited-from-lemma,tweeze
tweezes,60,esdb-inflection,inherited-from-lemma,tweeze
twelfth,60,cleaned-dictionary,preserved,
twelve,60,cleaned-dictionary,preserved,
twelves,60,esdb-inflection,inherited-from-lemma,twelve
twenty,60,cleaned-dictionary,preserved,
twice,60,cleaned-dictionary,preserved,
twiddle,60,cleaned-dictionary,preserved,
twig,60,cleaned-dictionary,preserved,
twigged,60,esdb-inflection,inherited-from-lemma,twig
twigs,60,esdb-inflection,inherited-from-lemma,twig
twin,60,cleaned-dictionary,preserved,
twine,60,cleaned-dictionary,preserved,
twined,60,esdb-inflection,inherited-from-lemma,twine
twiner,60,cleaned-dictionary,preserved,
twiners,60,esdb-inflection,inherited-from-lemma,twiner
twines,60,esdb-inflection,inherited-from-lemma,twine
twinge,60,cleaned-dictionary,preserved,
twinged,60,esdb-inflection,inherited-from-lemma,twinge
twinges,60,esdb-inflection,inherited-from-lemma,twinge
twining,60,esdb-inflection,inherited-from-lemma,twine
twinned,60,esdb-inflection,inherited-from-lemma,twin
twins,60,cleaned-dictionary,preserved,
twist,60,cleaned-dictionary,preserved,
twisted,60,cleaned-dictionary,preserved,
twister,60,cleaned-dictionary,preserved,
twists,60,esdb-inflection,inherited-from-lemma,twist
twit,60,cleaned-dictionary,preserved,
twitch,60,cleaned-dictionary,preserved,
twits,60,esdb-inflection,inherited-from-lemma,twit
twitted,60,esdb-inflection,inherited-from-lemma,twit
twitter,60,cleaned-dictionary,preserved,
twixt,60,cleaned-dictionary,preserved,
two,60,cleaned-dictionary,preserved,
twofold,60,cleaned-dictionary,preserved,
twos,60,cleaned-dictionary,preserved,
tycoon,60,cleaned-dictionary,preserved,
tycoons,60,esdb-inflection,inherited-from-lemma,tycoon
tying,60,esdb-inflection,inherited-from-lemma,tie
tyke,60,cleaned-dictionary,preserved,
tykes,60,esdb-inflection,inherited-from-lemma,tyke
type,60,cleaned-dictionary,preserved,
typed,60,esdb-inflection,inherited-from-lemma,type
types,60,cleaned-dictionary,preserved,
typhoid,60,cleaned-dictionary,preserved,
typhoon,60,cleaned-dictionary,preserved,
typhus,60,cleaned-dictionary,preserved,
typical,60,cleaned-dictionary,preserved,
typify,60,cleaned-dictionary,preserved,
typing,60,esdb-inflection,inherited-from-lemma,type
typo,60,cleaned-dictionary,preserved,
typos,60,esdb-inflection,inherited-from-lemma,typo
tyranny,60,cleaned-dictionary,preserved,
tyrant,60,cleaned-dictionary,preserved,
tyrants,60,esdb-inflection,inherited-from-lemma,tyrant
udder,60,cleaned-dictionary,preserved,
udders,60,esdb-inflection,inherited-from-lemma,udder
ugh,60,editorial,provisional-editorial,
uglier,60,esdb-inflection,inherited-from-lemma,ugly
ugliest,60,esdb-inflection,inherited-from-lemma,ugly
ugly,60,cleaned-dictionary,preserved,
ukase,60,cleaned-dictionary,preserved,
ukases,60,esdb-inflection,inherited-from-lemma,ukase
ukulele,60,cleaned-dictionary,preserved,
ulcer,60,cleaned-dictionary,preserved,
ulcers,60,esdb-inflection,inherited-from-lemma,ulcer
ulna,60,cleaned-dictionary,preserved,
ulnae,60,esdb-inflection,inherited-from-lemma,ulna
ulnar,60,cleaned-dictionary,preserved,
ulster,60,cleaned-dictionary,preserved,
ulsters,60,esdb-inflection,inherited-from-lemma,ulster
ultimo,60,cleaned-dictionary,preserved,
ultra,60,cleaned-dictionary,preserved,
ultras,60,esdb-inflection,inherited-from-lemma,ultra
ululate,60,cleaned-dictionary,preserved,
umbel,60,cleaned-dictionary,preserved,
umbels,60,esdb-inflection,inherited-from-lemma,umbel
umber,60,cleaned-dictionary,preserved,
umbra,60,cleaned-dictionary,preserved,
umbrage,60,cleaned-dictionary,preserved,
umbras,60,esdb-inflection,inherited-from-lemma,umbra
umlaut,60,cleaned-dictionary,preserved,
umlauts,60,esdb-inflection,inherited-from-lemma,umlaut
ump,60,cleaned-dictionary,preserved,
umped,60,esdb-inflection,inherited-from-lemma,ump
umping,60,esdb-inflection,inherited-from-lemma,ump
umpire,60,cleaned-dictionary,preserved,
umpired,60,esdb-inflection,inherited-from-lemma,umpire
umpires,60,esdb-inflection,inherited-from-lemma,umpire
umps,60,esdb-inflection,inherited-from-lemma,ump
unable,60,cleaned-dictionary,preserved,
unaided,60,cleaned-dictionary,preserved,
unalike,60,cleaned-dictionary,preserved,
unarmed,60,cleaned-dictionary,preserved,
unary,60,cleaned-dictionary,preserved,
unaware,60,cleaned-dictionary,preserved,
unbaked,60,cleaned-dictionary,preserved,
unbend,60,cleaned-dictionary,preserved,
unbends,60,esdb-inflection,inherited-from-lemma,unbend
unbent,60,esdb-inflection,inherited-from-lemma,unbend
unbind,60,cleaned-dictionary,preserved,
unbinds,60,esdb-inflection,inherited-from-lemma,unbind
unblock,60,cleaned-dictionary,preserved,
unborn,60,cleaned-dictionary,preserved,
unbound,60,cleaned-dictionary,preserved,
uncanny,60,cleaned-dictionary,preserved,
uncap,60,cleaned-dictionary,preserved,
uncaps,60,esdb-inflection,inherited-from-lemma,uncap
unchain,60,cleaned-dictionary,preserved,
uncle,60,cleaned-dictionary,preserved,
unclean,60,cleaned-dictionary,preserved,
unclear,60,cleaned-dictionary,preserved,
uncles,60,esdb-inflection,inherited-from-lemma,uncle
uncoil,60,cleaned-dictionary,preserved,
uncoils,60,esdb-inflection,inherited-from-lemma,uncoil
uncork,60,cleaned-dictionary,preserved,
uncorks,60,esdb-inflection,inherited-from-lemma,uncork
uncouth,60,cleaned-dictionary,preserved,
uncover,60,cleaned-dictionary,preserved,
unction,60,cleaned-dictionary,preserved,
uncut,60,cleaned-dictionary,preserved,
undated,60,cleaned-dictionary,preserved,
undead,60,cleaned-dictionary,preserved,
under,60,cleaned-dictionary,preserved,
undergo,60,cleaned-dictionary,preserved,
undid,60,cleaned-dictionary,preserved,
undies,60,cleaned-dictionary,preserved,
undo,60,cleaned-dictionary,preserved,
undoes,60,esdb-inflection,inherited-from-lemma,undo
undoing,60,esdb-inflection,inherited-from-lemma,undo
undone,60,cleaned-dictionary,preserved,
undress,60,cleaned-dictionary,preserved,
unearth,60,cleaned-dictionary,preserved,
uneasy,60,cleaned-dictionary,preserved,
unequal,60,cleaned-dictionary,preserved,
uneven,60,cleaned-dictionary,preserved,
unfair,60,cleaned-dictionary,preserved,
unfazed,60,cleaned-dictionary,preserved,
unfit,60,cleaned-dictionary,preserved,
unfits,60,esdb-inflection,inherited-from-lemma,unfit
unfold,60,cleaned-dictionary,preserved,
unfolds,60,esdb-inflection,inherited-from-lemma,unfold
unfunny,60,cleaned-dictionary,preserved,
unfurl,60,cleaned-dictionary,preserved,
unfurls,60,esdb-inflection,inherited-from-lemma,unfurl
unguent,60,cleaned-dictionary,preserved,
unhand,60,cleaned-dictionary,preserved,
unhands,60,esdb-inflection,inherited-from-lemma,unhand
unhappy,60,cleaned-dictionary,preserved,
unholy,60,cleaned-dictionary,preserved,
uni,60,cleaned-dictionary,preserved,
unicorn,60,cleaned-dictionary,preserved,
uniform,60,cleaned-dictionary,preserved,
union,60,cleaned-dictionary,preserved,
unions,60,cleaned-dictionary,preserved,
unique,60,cleaned-dictionary,preserved,
uniquer,60,esdb-inflection,inherited-from-lemma,unique
unis,60,esdb-inflection,inherited-from-lemma,uni
unisex,60,cleaned-dictionary,preserved,
unit,60,cleaned-dictionary,preserved,
unitary,60,cleaned-dictionary,preserved,
unite,60,cleaned-dictionary,preserved,
united,60,cleaned-dictionary,preserved,
unites,60,esdb-inflection,inherited-from-lemma,unite
unities,60,esdb-inflection,inherited-from-lemma,unity
uniting,60,esdb-inflection,inherited-from-lemma,unite
units,60,cleaned-dictionary,preserved,
unity,60,cleaned-dictionary,preserved,
unjust,60,cleaned-dictionary,preserved,
unkempt,60,cleaned-dictionary,preserved,
unkind,60,cleaned-dictionary,preserved,
unknown,60,cleaned-dictionary,preserved,
unlearn,60,cleaned-dictionary,preserved,
unleash,60,cleaned-dictionary,preserved,
unless,60,cleaned-dictionary,preserved,
unlike,60,cleaned-dictionary,preserved,
unlined,60,cleaned-dictionary,preserved,
unlock,60,cleaned-dictionary,preserved,
unlocks,60,esdb-inflection,inherited-from-lemma,unlock
unmask,60,cleaned-dictionary,preserved,
unmasks,60,esdb-inflection,inherited-from-lemma,unmask
unnerve,60,cleaned-dictionary,preserved,
unpaid,60,cleaned-dictionary,preserved,
unquote,60,cleaned-dictionary,preserved,
unravel,60,cleaned-dictionary,preserved,
unreal,60,cleaned-dictionary,preserved,
unripe,60,cleaned-dictionary,preserved,
unriper,60,esdb-inflection,inherited-from-lemma,unripe
unroll,60,cleaned-dictionary,preserved,
unrolls,60,esdb-inflection,inherited-from-lemma,unroll
unruly,60,cleaned-dictionary,preserved,
unsaid,60,cleaned-dictionary,preserved,
unseat,60,cleaned-dictionary,preserved,
unseats,60,esdb-inflection,inherited-from-lemma,unseat
unseen,60,cleaned-dictionary,preserved,
unsent,60,cleaned-dictionary,preserved,
unset,60,cleaned-dictionary,preserved,
unsound,60,cleaned-dictionary,preserved,
unstrap,60,cleaned-dictionary,preserved,
unsure,60,cleaned-dictionary,preserved,
untidy,60,cleaned-dictionary,preserved,
untie,60,cleaned-dictionary,preserved,
untied,60,esdb-inflection,inherited-from-lemma,untie
unties,60,esdb-inflection,inherited-from-lemma,untie
until,60,cleaned-dictionary,preserved,
unto,60,cleaned-dictionary,preserved,
untold,60,cleaned-dictionary,preserved,
untrue,60,cleaned-dictionary,preserved,
untruer,60,esdb-inflection,inherited-from-lemma,untrue
untying,60,esdb-inflection,inherited-from-lemma,untie
unusual,60,cleaned-dictionary,preserved,
unveil,60,cleaned-dictionary,preserved,
unveils,60,esdb-inflection,inherited-from-lemma,unveil
unwed,60,cleaned-dictionary,preserved,
unwell,60,cleaned-dictionary,preserved,
unwind,60,cleaned-dictionary,preserved,
unwinds,60,esdb-inflection,inherited-from-lemma,unwind
unwise,60,cleaned-dictionary,preserved,
unwiser,60,esdb-inflection,inherited-from-lemma,unwise
unwound,60,cleaned-dictionary,preserved,
unwrap,60,cleaned-dictionary,preserved,
unwraps,60,esdb-inflection,inherited-from-lemma,unwrap
upbeat,60,cleaned-dictionary,preserved,
upbeats,60,esdb-inflection,inherited-from-lemma,upbeat
upbraid,60,cleaned-dictionary,preserved,
update,60,cleaned-dictionary,preserved,
updated,60,esdb-inflection,inherited-from-lemma,update
updates,60,cleaned-dictionary,preserved,
upend,60,cleaned-dictionary,preserved,
upended,60,esdb-inflection,inherited-from-lemma,upend
upends,60,esdb-inflection,inherited-from-lemma,upend
upgrade,60,cleaned-dictionary,preserved,
upheld,60,cleaned-dictionary,preserved,
uphill,60,cleaned-dictionary,preserved,
uphills,60,esdb-inflection,inherited-from-lemma,uphill
uphold,60,cleaned-dictionary,preserved,
upholds,60,esdb-inflection,inherited-from-lemma,uphold
upkeep,60,cleaned-dictionary,preserved,
upland,60,cleaned-dictionary,preserved,
uplands,60,esdb-inflection,inherited-from-lemma,upland
uplift,60,cleaned-dictionary,preserved,
uplifts,60,esdb-inflection,inherited-from-lemma,uplift
uplink,60,cleaned-dictionary,preserved,
uplinks,60,esdb-inflection,inherited-from-lemma,uplink
upload,60,cleaned-dictionary,preserved,
uploads,60,esdb-inflection,inherited-from-lemma,upload
upmost,60,cleaned-dictionary,preserved,
upon,60,cleaned-dictionary,preserved,
upper,60,cleaned-dictionary,preserved,
uppers,60,esdb-inflection,inherited-from-lemma,upper
uppish,60,cleaned-dictionary,preserved,
uppity,60,cleaned-dictionary,preserved,
upraise,60,cleaned-dictionary,preserved,
uprear,60,cleaned-dictionary,preserved,
uprears,60,esdb-inflection,inherited-from-lemma,uprear
upright,60,cleaned-dictionary,preserved,
upriver,60,cleaned-dictionary,preserved,
uproar,60,cleaned-dictionary,preserved,
uproars,60,esdb-inflection,inherited-from-lemma,uproar
uproot,60,cleaned-dictionary,preserved,
uproots,60,esdb-inflection,inherited-from-lemma,uproot
upset,60,cleaned-dictionary,preserved,
upshot,60,cleaned-dictionary,preserved,
upshots,60,esdb-inflection,inherited-from-lemma,upshot
upside,60,cleaned-dictionary,preserved,
upsides,60,esdb-inflection,inherited-from-lemma,upside
upsilon,60,cleaned-dictionary,preserved,
upstage,60,cleaned-dictionary,preserved,
upstart,60,cleaned-dictionary,preserved,
upstate,60,cleaned-dictionary,preserved,
upsurge,60,cleaned-dictionary,preserved,
upswing,60,cleaned-dictionary,preserved,
uptake,60,cleaned-dictionary,preserved,
uptakes,60,esdb-inflection,inherited-from-lemma,uptake
uptight,60,cleaned-dictionary,preserved,
uptown,60,cleaned-dictionary,preserved,
uptrend,60,cleaned-dictionary,preserved,
upturn,60,cleaned-dictionary,preserved,
upturns,60,esdb-inflection,inherited-from-lemma,upturn
upward,60,cleaned-dictionary,preserved,
upwind,60,cleaned-dictionary,preserved,
uracil,60,cleaned-dictionary,preserved,
uranium,60,cleaned-dictionary,preserved,
urban,60,cleaned-dictionary,preserved,
urbane,60,cleaned-dictionary,preserved,
urbaner,60,esdb-inflection,inherited-from-lemma,urbane
urchin,60,cleaned-dictionary,preserved,
urchins,60,esdb-inflection,inherited-from-lemma,urchin
urea,60,cleaned-dictionary,preserved,
uremia,60,cleaned-dictionary,preserved,
ureter,60,cleaned-dictionary,preserved,
ureters,60,esdb-inflection,inherited-from-lemma,ureter
urethra,60,cleaned-dictionary,preserved,
urge,60,cleaned-dictionary,preserved,
urged,60,cleaned-dictionary,preserved,
urgency,60,cleaned-dictionary,preserved,
urgent,60,cleaned-dictionary,preserved,
urges,60,cleaned-dictionary,preserved,
urging,60,cleaned-dictionary,preserved,
uric,60,cleaned-dictionary,preserved,
urinal,60,cleaned-dictionary,preserved,
urinals,60,esdb-inflection,inherited-from-lemma,urinal
urinary,60,cleaned-dictionary,preserved,
urinate,60,cleaned-dictionary,preserved,
urine,60,cleaned-dictionary,preserved,
urn,60,cleaned-dictionary,preserved,
urns,60,esdb-inflection,inherited-from-lemma,urn
urology,60,cleaned-dictionary,preserved,
ursine,60,cleaned-dictionary,preserved,
usable,60,cleaned-dictionary,preserved,
usage,60,cleaned-dictionary,preserved,
usages,60,cleaned-dictionary,preserved,
use,60,cleaned-dictionary,preserved,
used,60,cleaned-dictionary,preserved,
useful,60,cleaned-dictionary,preserved,
useless,60,cleaned-dictionary,preserved,
user,60,cleaned-dictionary,preserved,
users,60,cleaned-dictionary,preserved,
uses,60,cleaned-dictionary,preserved,
usher,60,cleaned-dictionary,preserved,
ushered,60,esdb-inflection,inherited-from-lemma,usher
ushers,60,esdb-inflection,inherited-from-lemma,usher
using,60,esdb-inflection,inherited-from-lemma,use
usual,60,cleaned-dictionary,preserved,
usually,60,cleaned-dictionary,preserved,
usurer,60,cleaned-dictionary,preserved,
usurers,60,esdb-inflection,inherited-from-lemma,usurer
usurp,60,cleaned-dictionary,preserved,
usurped,60,esdb-inflection,inherited-from-lemma,usurp
usurper,60,cleaned-dictionary,preserved,
usurps,60,esdb-inflection,inherited-from-lemma,usurp
usury,60,cleaned-dictionary,preserved,
utensil,60,cleaned-dictionary,preserved,
uteri,60,esdb-inflection,inherited-from-lemma,uterus
uterine,60,cleaned-dictionary,preserved,
uterus,60,cleaned-dictionary,preserved,
utility,60,cleaned-dictionary,preserved,
utilize,60,cleaned-dictionary,preserved,
utmost,60,cleaned-dictionary,preserved,
utopia,60,cleaned-dictionary,preserved,
utopias,60,esdb-inflection,inherited-from-lemma,utopia
utter,60,cleaned-dictionary,preserved,
uttered,60,cleaned-dictionary,preserved,
utterly,60,cleaned-dictionary,preserved,
utters,60,esdb-inflection,inherited-from-lemma,utter
uvula,60,cleaned-dictionary,preserved,
uvular,60,cleaned-dictionary,preserved,
uvulars,60,esdb-inflection,inherited-from-lemma,uvular
uvulas,60,esdb-inflection,inherited-from-lemma,uvula
vac,60,cleaned-dictionary,preserved,
vacancy,60,cleaned-dictionary,preserved,
vacant,60,cleaned-dictionary,preserved,
vacate,60,cleaned-dictionary,preserved,
vacated,60,esdb-inflection,inherited-from-lemma,vacate
vacates,60,esdb-inflection,inherited-from-lemma,vacate
vaccine,60,cleaned-dictionary,preserved,
vacs,60,esdb-inflection,inherited-from-lemma,vac
vacuole,60,cleaned-dictionary,preserved,
vacuous,60,cleaned-dictionary,preserved,
vacuum,60,cleaned-dictionary,preserved,
vacuums,60,esdb-inflection,inherited-from-lemma,vacuum
vagary,60,cleaned-dictionary,preserved,
vagina,60,cleaned-dictionary,preserved,
vaginae,60,esdb-inflection,inherited-from-lemma,vagina
vaginas,60,esdb-inflection,inherited-from-lemma,vagina
vagrant,60,cleaned-dictionary,preserved,
vague,60,cleaned-dictionary,preserved,
vaguely,60,cleaned-dictionary,preserved,
vaguer,60,esdb-inflection,inherited-from-lemma,vague
vaguest,60,esdb-inflection,inherited-from-lemma,vague
vagus,60,cleaned-dictionary,preserved,
vain,60,cleaned-dictionary,preserved,
vainer,60,esdb-inflection,inherited-from-lemma,vain
vainest,60,esdb-inflection,inherited-from-lemma,vain
vale,60,cleaned-dictionary,preserved,
valence,60,cleaned-dictionary,preserved,
vales,60,esdb-inflection,inherited-from-lemma,vale
valet,60,cleaned-dictionary,preserved,
valeted,60,esdb-inflection,inherited-from-lemma,valet
valets,60,esdb-inflection,inherited-from-lemma,valet
valiant,60,cleaned-dictionary,preserved,
valid,60,cleaned-dictionary,preserved,
valise,60,cleaned-dictionary,preserved,
valises,60,esdb-inflection,inherited-from-lemma,valise
valley,60,cleaned-dictionary,preserved,
valleys,60,esdb-inflection,inherited-from-lemma,valley
valor,60,cleaned-dictionary,preserved,
value,60,cleaned-dictionary,preserved,
valued,60,esdb-inflection,inherited-from-lemma,value
values,60,cleaned-dictionary,preserved,
valuing,60,esdb-inflection,inherited-from-lemma,value
valve,60,cleaned-dictionary,preserved,
valved,60,esdb-inflection,inherited-from-lemma,valve
valves,60,esdb-inflection,inherited-from-lemma,valve
valving,60,esdb-inflection,inherited-from-lemma,valve
vamp,60,cleaned-dictionary,preserved,
vamped,60,esdb-inflection,inherited-from-lemma,vamp
vamping,60,esdb-inflection,inherited-from-lemma,vamp
vampire,60,cleaned-dictionary,preserved,
vamps,60,esdb-inflection,inherited-from-lemma,vamp
van,60,cleaned-dictionary,preserved,
vandal,60,cleaned-dictionary,preserved,
vandals,60,esdb-inflection,inherited-from-lemma,vandal
vane,60,cleaned-dictionary,preserved,
vanes,60,esdb-inflection,inherited-from-lemma,vane
vanilla,60,cleaned-dictionary,preserved,
vanish,60,cleaned-dictionary,preserved,
vanity,60,cleaned-dictionary,preserved,
vanned,60,esdb-inflection,inherited-from-lemma,van
vanning,60,esdb-inflection,inherited-from-lemma,van
vans,60,esdb-inflection,inherited-from-lemma,van
vantage,60,cleaned-dictionary,preserved,
vapid,60,cleaned-dictionary,preserved,
vapor,60,cleaned-dictionary,preserved,
vapors,60,esdb-inflection,inherited-from-lemma,vapor
vaquero,60,cleaned-dictionary,preserved,
variant,60,cleaned-dictionary,preserved,
varied,60,cleaned-dictionary,preserved,
varies,60,cleaned-dictionary,preserved,
variety,60,cleaned-dictionary,preserved,
various,60,cleaned-dictionary,preserved,
varmint,60,cleaned-dictionary,preserved,
varnish,60,cleaned-dictionary,preserved,
vary,60,cleaned-dictionary,preserved,
varying,60,cleaned-dictionary,preserved,
vase,60,cleaned-dictionary,preserved,
vases,60,esdb-inflection,inherited-from-lemma,vase
vassal,60,cleaned-dictionary,preserved,
vassals,60,esdb-inflection,inherited-from-lemma,vassal
vast,60,cleaned-dictionary,preserved,
vaster,60,esdb-inflection,inherited-from-lemma,vast
vastest,60,esdb-inflection,inherited-from-lemma,vast
vasts,60,esdb-inflection,inherited-from-lemma,vast
vat,60,cleaned-dictionary,preserved,
vats,60,esdb-inflection,inherited-from-lemma,vat
vatted,60,esdb-inflection,inherited-from-lemma,vat
vatting,60,esdb-inflection,inherited-from-lemma,vat
vault,60,cleaned-dictionary,preserved,
vaulted,60,esdb-inflection,inherited-from-lemma,vault
vaults,60,esdb-inflection,inherited-from-lemma,vault
vaunt,60,cleaned-dictionary,preserved,
vaunted,60,esdb-inflection,inherited-from-lemma,vaunt
vaunts,60,esdb-inflection,inherited-from-lemma,vaunt
veal,60,cleaned-dictionary,preserved,
vector,60,cleaned-dictionary,preserved,
vectors,60,cleaned-dictionary,preserved,
veejay,60,cleaned-dictionary,preserved,
veejays,60,esdb-inflection,inherited-from-lemma,veejay
veep,60,cleaned-dictionary,preserved,
veeps,60,esdb-inflection,inherited-from-lemma,veep
veer,60,cleaned-dictionary,preserved,
veered,60,esdb-inflection,inherited-from-lemma,veer
veering,60,esdb-inflection,inherited-from-lemma,veer
veers,60,esdb-inflection,inherited-from-lemma,veer
veg,60,cleaned-dictionary,preserved,
vegan,60,cleaned-dictionary,preserved,
vegans,60,esdb-inflection,inherited-from-lemma,vegan
vegged,60,esdb-inflection,inherited-from-lemma,veg
vegges,60,esdb-inflection,inherited-from-lemma,veg
veggie,60,cleaned-dictionary,preserved,
veggies,60,esdb-inflection,inherited-from-lemma,veggie
vegging,60,esdb-inflection,inherited-from-lemma,veg
vehicle,60,cleaned-dictionary,preserved,
veil,60,cleaned-dictionary,preserved,
veiled,60,esdb-inflection,inherited-from-lemma,veil
veiling,60,esdb-inflection,inherited-from-lemma,veil
veils,60,esdb-inflection,inherited-from-lemma,veil
vein,60,cleaned-dictionary,preserved,
veined,60,cleaned-dictionary,preserved,
veining,60,cleaned-dictionary,preserved,
veins,60,cleaned-dictionary,preserved,
vela,60,cleaned-dictionary,preserved,
velar,60,cleaned-dictionary,preserved,
velars,60,esdb-inflection,inherited-from-lemma,velar
veld,60,cleaned-dictionary,preserved,
velds,60,esdb-inflection,inherited-from-lemma,veld
vellum,60,cleaned-dictionary,preserved,
velvet,60,cleaned-dictionary,preserved,
venal,60,cleaned-dictionary,preserved,
vend,60,cleaned-dictionary,preserved,
vended,60,esdb-inflection,inherited-from-lemma,vend
vending,60,esdb-inflection,inherited-from-lemma,vend
vendor,60,cleaned-dictionary,preserved,
vendors,60,cleaned-dictionary,preserved,
vends,60,esdb-inflection,inherited-from-lemma,vend
veneer,60,cleaned-dictionary,preserved,
veneers,60,esdb-inflection,inherited-from-lemma,veneer
venial,60,cleaned-dictionary,preserved,
venison,60,cleaned-dictionary,preserved,
venom,60,cleaned-dictionary,preserved,
vent,60,cleaned-dictionary,preserved,
vented,60,cleaned-dictionary,preserved,
venting,60,esdb-inflection,inherited-from-lemma,vent
ventral,60,cleaned-dictionary,preserved,
vents,60,esdb-inflection,inherited-from-lemma,vent
venture,60,cleaned-dictionary,preserved,
venue,60,cleaned-dictionary,preserved,
venues,60,esdb-inflection,inherited-from-lemma,venue
veranda,60,cleaned-dictionary,preserved,
verb,60,cleaned-dictionary,preserved,
verbal,60,cleaned-dictionary,preserved,
verbals,60,esdb-inflection,inherited-from-lemma,verbal
verbena,60,cleaned-dictionary,preserved,
verbose,60,cleaned-dictionary,preserved,
verbs,60,cleaned-dictionary,preserved,
verdant,60,cleaned-dictionary,preserved,
verdict,60,cleaned-dictionary,preserved,
verdure,60,cleaned-dictionary,preserved,
verge,60,cleaned-dictionary,preserved,
verged,60,esdb-inflection,inherited-from-lemma,verge
verger,60,cleaned-dictionary,preserved,
vergers,60,esdb-inflection,inherited-from-lemma,verger
verges,60,esdb-inflection,inherited-from-lemma,verge
verging,60,esdb-inflection,inherited-from-lemma,verge
verier,60,cleaned-dictionary,preserved,
veriest,60,esdb-inflection,inherited-from-lemma,very
verify,60,cleaned-dictionary,preserved,
vermin,60,cleaned-dictionary,preserved,
verruca,60,cleaned-dictionary,preserved,
verse,60,cleaned-dictionary,preserved,
versed,60,cleaned-dictionary,preserved,
verses,60,cleaned-dictionary,preserved,
versing,60,esdb-inflection,inherited-from-lemma,verse
version,60,cleaned-dictionary,preserved,
verso,60,cleaned-dictionary,preserved,
versos,60,esdb-inflection,inherited-from-lemma,verso
versus,60,cleaned-dictionary,preserved,
vert,60,cleaned-dictionary,preserved,
vertex,60,cleaned-dictionary,preserved,
vertigo,60,cleaned-dictionary,preserved,
verve,60,cleaned-dictionary,preserved,
very,60,cleaned-dictionary,preserved,
vesicle,60,cleaned-dictionary,preserved,
vespers,60,cleaned-dictionary,preserved,
vessel,60,cleaned-dictionary,preserved,
vessels,60,cleaned-dictionary,preserved,
vest,60,cleaned-dictionary,preserved,
vestal,60,cleaned-dictionary,preserved,
vestals,60,esdb-inflection,inherited-from-lemma,vestal
vested,60,cleaned-dictionary,preserved,
vestige,60,cleaned-dictionary,preserved,
vesting,60,esdb-inflection,inherited-from-lemma,vest
vestry,60,cleaned-dictionary,preserved,
vests,60,esdb-inflection,inherited-from-lemma,vest
vet,60,cleaned-dictionary,preserved,
vetch,60,cleaned-dictionary,preserved,
vetches,60,esdb-inflection,inherited-from-lemma,vetch
veteran,60,cleaned-dictionary,preserved,
veto,60,cleaned-dictionary,preserved,
vetoed,60,esdb-inflection,inherited-from-lemma,veto
vetoes,60,esdb-inflection,inherited-from-lemma,veto
vetoing,60,esdb-inflection,inherited-from-lemma,veto
vets,60,esdb-inflection,inherited-from-lemma,vet
vetted,60,esdb-inflection,inherited-from-lemma,vet
vetting,60,esdb-inflection,inherited-from-lemma,vet
vex,60,cleaned-dictionary,preserved,
vexed,60,cleaned-dictionary,preserved,
vexes,60,esdb-inflection,inherited-from-lemma,vex
vexing,60,cleaned-dictionary,preserved,
via,60,cleaned-dictionary,preserved,
viable,60,cleaned-dictionary,preserved,
viaduct,60,cleaned-dictionary,preserved,
viand,60,cleaned-dictionary,preserved,
viands,60,cleaned-dictionary,preserved,
vibe,60,cleaned-dictionary,preserved,
vibes,60,esdb-inflection,inherited-from-lemma,vibe
vibrant,60,cleaned-dictionary,preserved,
vibrate,60,cleaned-dictionary,preserved,
vibrato,60,cleaned-dictionary,preserved,
vicar,60,cleaned-dictionary,preserved,
vicars,60,esdb-inflection,inherited-from-lemma,vicar
vice,60,cleaned-dictionary,preserved,
viced,60,esdb-inflection,inherited-from-lemma,vice
viceroy,60,cleaned-dictionary,preserved,
vices,60,esdb-inflection,inherited-from-lemma,vice
vicing,60,esdb-inflection,inherited-from-lemma,vice
vicious,60,cleaned-dictionary,preserved,
victim,60,cleaned-dictionary,preserved,
victims,60,cleaned-dictionary,preserved,
victor,60,cleaned-dictionary,preserved,
victors,60,esdb-inflection,inherited-from-lemma,victor
victory,60,cleaned-dictionary,preserved,
victual,60,cleaned-dictionary,preserved,
vicuna,60,cleaned-dictionary,preserved,
vicunas,60,esdb-inflection,inherited-from-lemma,vicuna
video,60,cleaned-dictionary,preserved,
videoed,60,esdb-inflection,inherited-from-lemma,video
videos,60,cleaned-dictionary,preserved,
vie,60,cleaned-dictionary,preserved,
vied,60,esdb-inflection,inherited-from-lemma,vie
vies,60,esdb-inflection,inherited-from-lemma,vie
view,60,cleaned-dictionary,preserved,
viewed,60,esdb-inflection,inherited-from-lemma,view
viewer,60,cleaned-dictionary,preserved,
viewers,60,cleaned-dictionary,preserved,
viewing,60,cleaned-dictionary,preserved,
views,60,cleaned-dictionary,preserved,
vigil,60,cleaned-dictionary,preserved,
vigils,60,esdb-inflection,inherited-from-lemma,vigil
viking,60,cleaned-dictionary,preserved,
vikings,60,esdb-inflection,inherited-from-lemma,viking
vile,60,cleaned-dictionary,preserved,
viler,60,esdb-inflection,inherited-from-lemma,vile
vilest,60,esdb-inflection,inherited-from-lemma,vile
vilify,60,cleaned-dictionary,preserved,
villa,60,cleaned-dictionary,preserved,
village,60,cleaned-dictionary,preserved,
villain,60,cleaned-dictionary,preserved,
villas,60,esdb-inflection,inherited-from-lemma,villa
villein,60,cleaned-dictionary,preserved,
villi,60,esdb-inflection,inherited-from-lemma,villus
villus,60,cleaned-dictionary,preserved,
vim,60,cleaned-dictionary,preserved,
vine,60,cleaned-dictionary,preserved,
vinegar,60,cleaned-dictionary,preserved,
vines,60,cleaned-dictionary,preserved,
vino,60,cleaned-dictionary,preserved,
vinous,60,cleaned-dictionary,preserved,
vintage,60,cleaned-dictionary,preserved,
vintner,60,cleaned-dictionary,preserved,
vinyl,60,cleaned-dictionary,preserved,
vinyls,60,esdb-inflection,inherited-from-lemma,vinyl
viola,60,cleaned-dictionary,preserved,
violas,60,esdb-inflection,inherited-from-lemma,viola
violate,60,cleaned-dictionary,preserved,
violent,60,cleaned-dictionary,preserved,
violet,60,cleaned-dictionary,preserved,
violets,60,esdb-inflection,inherited-from-lemma,violet
violin,60,cleaned-dictionary,preserved,
violins,60,esdb-inflection,inherited-from-lemma,violin
viper,60,cleaned-dictionary,preserved,
vipers,60,esdb-inflection,inherited-from-lemma,viper
virago,60,cleaned-dictionary,preserved,
viral,60,cleaned-dictionary,preserved,
virgin,60,cleaned-dictionary,preserved,
virgins,60,esdb-inflection,inherited-from-lemma,virgin
virgule,60,cleaned-dictionary,preserved,
virile,60,cleaned-dictionary,preserved,
virtual,60,cleaned-dictionary,preserved,
virtue,60,cleaned-dictionary,preserved,
virtues,60,cleaned-dictionary,preserved,
virus,60,cleaned-dictionary,preserved,
viruses,60,cleaned-dictionary,preserved,
visa,60,cleaned-dictionary,preserved,
visaed,60,esdb-inflection,inherited-from-lemma,visa
visage,60,cleaned-dictionary,preserved,
visages,60,esdb-inflection,inherited-from-lemma,visage
visaing,60,esdb-inflection,inherited-from-lemma,visa
visas,60,esdb-inflection,inherited-from-lemma,visa
viscera,60,esdb-inflection,inherited-from-lemma,viscus
viscose,60,cleaned-dictionary,preserved,
viscous,60,cleaned-dictionary,preserved,
viscus,60,cleaned-dictionary,preserved,
vise,60,cleaned-dictionary,preserved,
vised,60,esdb-inflection,inherited-from-lemma,vise
vises,60,esdb-inflection,inherited-from-lemma,vise
visible,60,cleaned-dictionary,preserved,
vising,60,esdb-inflection,inherited-from-lemma,vise
vision,60,cleaned-dictionary,preserved,
visions,60,cleaned-dictionary,preserved,
visit,60,cleaned-dictionary,preserved,
visited,60,cleaned-dictionary,preserved,
visitor,60,cleaned-dictionary,preserved,
visits,60,esdb-inflection,inherited-from-lemma,visit
visor,60,cleaned-dictionary,preserved,
visors,60,esdb-inflection,inherited-from-lemma,visor
vista,60,cleaned-dictionary,preserved,
vistas,60,esdb-inflection,inherited-from-lemma,vista
visual,60,cleaned-dictionary,preserved,
visuals,60,esdb-inflection,inherited-from-lemma,visual
vita,60,cleaned-dictionary,preserved,
vitae,60,cleaned-dictionary,preserved,
vital,60,cleaned-dictionary,preserved,
vitamin,60,cleaned-dictionary,preserved,
vitiate,60,cleaned-dictionary,preserved,
vitriol,60,cleaned-dictionary,preserved,
viva,60,cleaned-dictionary,preserved,
vivace,60,cleaned-dictionary,preserved,
vivas,60,esdb-inflection,inherited-from-lemma,viva
vivid,60,cleaned-dictionary,preserved,
vivider,60,esdb-inflection,inherited-from-lemma,vivid
vividly,60,cleaned-dictionary,preserved,
vivify,60,cleaned-dictionary,preserved,
vixen,60,cleaned-dictionary,preserved,
vixens,60,esdb-inflection,inherited-from-lemma,vixen
vlog,60,cleaned-dictionary,preserved,
vlogged,60,esdb-inflection,inherited-from-lemma,vlog
vlogger,60,cleaned-dictionary,preserved,
vlogs,60,esdb-inflection,inherited-from-lemma,vlog
vocab,60,cleaned-dictionary,preserved,
vocal,60,cleaned-dictionary,preserved,
vocalic,60,cleaned-dictionary,preserved,
vocals,60,esdb-inflection,inherited-from-lemma,vocal
vodka,60,cleaned-dictionary,preserved,
vodkas,60,esdb-inflection,inherited-from-lemma,vodka
vogue,60,cleaned-dictionary,preserved,
vogues,60,esdb-inflection,inherited-from-lemma,vogue
voice,60,cleaned-dictionary,preserved,
voiced,60,esdb-inflection,inherited-from-lemma,voice
voices,60,cleaned-dictionary,preserved,
voicing,60,esdb-inflection,inherited-from-lemma,voice
void,60,cleaned-dictionary,preserved,
voided,60,esdb-inflection,inherited-from-lemma,void
voiding,60,esdb-inflection,inherited-from-lemma,void
voile,60,cleaned-dictionary,preserved,
volcano,60,cleaned-dictionary,preserved,
vole,60,cleaned-dictionary,preserved,
voles,60,esdb-inflection,inherited-from-lemma,vole
volley,60,cleaned-dictionary,preserved,
volleys,60,esdb-inflection,inherited-from-lemma,volley
volt,60,cleaned-dictionary,preserved,
voltage,60,cleaned-dictionary,preserved,
voltaic,60,cleaned-dictionary,preserved,
volts,60,esdb-inflection,inherited-from-lemma,volt
voluble,60,cleaned-dictionary,preserved,
volume,60,cleaned-dictionary,preserved,
volumes,60,cleaned-dictionary,preserved,
vomit,60,cleaned-dictionary,preserved,
vomited,60,esdb-inflection,inherited-from-lemma,vomit
vomits,60,esdb-inflection,inherited-from-lemma,vomit
voodoo,60,cleaned-dictionary,preserved,
voodoos,60,esdb-inflection,inherited-from-lemma,voodoo
vortex,60,cleaned-dictionary,preserved,
vote,60,cleaned-dictionary,preserved,
voted,60,esdb-inflection,inherited-from-lemma,vote
voter,60,cleaned-dictionary,preserved,
voters,60,cleaned-dictionary,preserved,
votes,60,cleaned-dictionary,preserved,
voting,60,esdb-inflection,inherited-from-lemma,vote
votive,60,cleaned-dictionary,preserved,
vouch,60,cleaned-dictionary,preserved,
vouched,60,esdb-inflection,inherited-from-lemma,vouch
voucher,60,cleaned-dictionary,preserved,
vouches,60,esdb-inflection,inherited-from-lemma,vouch
vow,60,cleaned-dictionary,preserved,
vowed,60,esdb-inflection,inherited-from-lemma,vow
vowel,60,cleaned-dictionary,preserved,
vowels,60,esdb-inflection,inherited-from-lemma,vowel
vowing,60,esdb-inflection,inherited-from-lemma,vow
vows,60,esdb-inflection,inherited-from-lemma,vow
voxel,60,cleaned-dictionary,preserved,
voxels,60,esdb-inflection,inherited-from-lemma,voxel
voyage,60,cleaned-dictionary,preserved,
voyaged,60,esdb-inflection,inherited-from-lemma,voyage
voyager,60,cleaned-dictionary,preserved,
voyages,60,esdb-inflection,inherited-from-lemma,voyage
voyeur,60,cleaned-dictionary,preserved,
voyeurs,60,esdb-inflection,inherited-from-lemma,voyeur
vulgar,60,cleaned-dictionary,preserved,
vulpine,60,cleaned-dictionary,preserved,
vulture,60,cleaned-dictionary,preserved,
vulva,60,cleaned-dictionary,preserved,
vulvae,60,esdb-inflection,inherited-from-lemma,vulva
vying,60,esdb-inflection,inherited-from-lemma,vie
wack,60,cleaned-dictionary,preserved,
wacker,60,esdb-inflection,inherited-from-lemma,wack
wackest,60,esdb-inflection,inherited-from-lemma,wack
wackier,60,esdb-inflection,inherited-from-lemma,wacky
wacko,60,cleaned-dictionary,preserved,
wackos,60,esdb-inflection,inherited-from-lemma,wacko
wacks,60,esdb-inflection,inherited-from-lemma,wack
wacky,60,cleaned-dictionary,preserved,
wad,60,cleaned-dictionary,preserved,
wadded,60,esdb-inflection,inherited-from-lemma,wad
wadding,60,esdb-inflection,inherited-from-lemma,wad
waddle,60,cleaned-dictionary,preserved,
waddled,60,esdb-inflection,inherited-from-lemma,waddle
waddles,60,esdb-inflection,inherited-from-lemma,waddle
wade,60,cleaned-dictionary,preserved,
waded,60,esdb-inflection,inherited-from-lemma,wade
wader,60,cleaned-dictionary,preserved,
waders,60,esdb-inflection,inherited-from-lemma,wader
wades,60,esdb-inflection,inherited-from-lemma,wade
wadi,60,cleaned-dictionary,preserved,
wading,60,esdb-inflection,inherited-from-lemma,wade
wadis,60,esdb-inflection,inherited-from-lemma,wadi
wads,60,esdb-inflection,inherited-from-lemma,wad
wafer,60,cleaned-dictionary,preserved,
wafers,60,esdb-inflection,inherited-from-lemma,wafer
waffle,60,cleaned-dictionary,preserved,
waffled,60,esdb-inflection,inherited-from-lemma,waffle
waffles,60,esdb-inflection,inherited-from-lemma,waffle
waft,60,cleaned-dictionary,preserved,
wafted,60,esdb-inflection,inherited-from-lemma,waft
wafting,60,esdb-inflection,inherited-from-lemma,waft
wafts,60,esdb-inflection,inherited-from-lemma,waft
wag,60,cleaned-dictionary,preserved,
wage,60,cleaned-dictionary,preserved,
waged,60,esdb-inflection,inherited-from-lemma,wage
wager,60,cleaned-dictionary,preserved,
wagered,60,esdb-inflection,inherited-from-lemma,wager
wagers,60,esdb-inflection,inherited-from-lemma,wager
wages,60,cleaned-dictionary,preserved,
wagged,60,esdb-inflection,inherited-from-lemma,wag
wagging,60,esdb-inflection,inherited-from-lemma,wag
waggish,60,cleaned-dictionary,preserved,
waggle,60,cleaned-dictionary,preserved,
waggled,60,esdb-inflection,inherited-from-lemma,waggle
waggles,60,esdb-inflection,inherited-from-lemma,waggle
waging,60,esdb-inflection,inherited-from-lemma,wage
wagon,60,cleaned-dictionary,preserved,
wagons,60,esdb-inflection,inherited-from-lemma,wagon
wags,60,esdb-inflection,inherited-from-lemma,wag
waif,60,cleaned-dictionary,preserved,
waifs,60,esdb-inflection,inherited-from-lemma,waif
wail,60,cleaned-dictionary,preserved,
wailed,60,esdb-inflection,inherited-from-lemma,wail
wailer,60,cleaned-dictionary,preserved,
wailers,60,esdb-inflection,inherited-from-lemma,wailer
wailing,60,esdb-inflection,inherited-from-lemma,wail
wails,60,esdb-inflection,inherited-from-lemma,wail
waist,60,cleaned-dictionary,preserved,
waists,60,esdb-inflection,inherited-from-lemma,waist
wait,60,cleaned-dictionary,preserved,
waited,60,cleaned-dictionary,preserved,
waiter,60,cleaned-dictionary,preserved,
waiters,60,esdb-inflection,inherited-from-lemma,waiter
waiting,60,cleaned-dictionary,preserved,
waits,60,esdb-inflection,inherited-from-lemma,wait
waive,60,cleaned-dictionary,preserved,
waived,60,esdb-inflection,inherited-from-lemma,waive
waiver,60,cleaned-dictionary,preserved,
waivers,60,esdb-inflection,inherited-from-lemma,waiver
waives,60,esdb-inflection,inherited-from-lemma,waive
waiving,60,esdb-inflection,inherited-from-lemma,waive
wake,60,cleaned-dictionary,preserved,
waked,60,cleaned-dictionary,preserved,
waken,60,cleaned-dictionary,preserved,
wakened,60,esdb-inflection,inherited-from-lemma,waken
wakens,60,esdb-inflection,inherited-from-lemma,waken
wakes,60,esdb-inflection,inherited-from-lemma,wake
waking,60,cleaned-dictionary,preserved,
wale,60,cleaned-dictionary,preserved,
waled,60,esdb-inflection,inherited-from-lemma,wale
wales,60,cleaned-dictionary,preserved,
waling,60,esdb-inflection,inherited-from-lemma,wale
walk,60,cleaned-dictionary,preserved,
walked,60,cleaned-dictionary,preserved,
walker,60,cleaned-dictionary,preserved,
walkers,60,esdb-inflection,inherited-from-lemma,walker
walking,60,cleaned-dictionary,preserved,
walks,60,cleaned-dictionary,preserved,
wall,60,cleaned-dictionary,preserved,
wallaby,60,cleaned-dictionary,preserved,
wallah,60,cleaned-dictionary,preserved,
wallahs,60,esdb-inflection,inherited-from-lemma,wallah
walled,60,esdb-inflection,inherited-from-lemma,wall
wallet,60,cleaned-dictionary,preserved,
wallets,60,esdb-inflection,inherited-from-lemma,wallet
walleye,60,cleaned-dictionary,preserved,
wallies,60,esdb-inflection,inherited-from-lemma,wally
walling,60,esdb-inflection,inherited-from-lemma,wall
wallop,60,cleaned-dictionary,preserved,
wallops,60,esdb-inflection,inherited-from-lemma,wallop
wallow,60,cleaned-dictionary,preserved,
wallows,60,esdb-inflection,inherited-from-lemma,wallow
walls,60,cleaned-dictionary,preserved,
wally,60,cleaned-dictionary,preserved,
walnut,60,cleaned-dictionary,preserved,
walnuts,60,esdb-inflection,inherited-from-lemma,walnut
walrus,60,cleaned-dictionary,preserved,
waltz,60,cleaned-dictionary,preserved,
waltzed,60,esdb-inflection,inherited-from-lemma,waltz
waltzes,60,esdb-inflection,inherited-from-lemma,waltz
wampum,60,cleaned-dictionary,preserved,
wan,60,cleaned-dictionary,preserved,
wand,60,cleaned-dictionary,preserved,
wander,60,cleaned-dictionary,preserved,
wanders,60,esdb-inflection,inherited-from-lemma,wander
wands,60,esdb-inflection,inherited-from-lemma,wand
wane,60,cleaned-dictionary,preserved,
waned,60,esdb-inflection,inherited-from-lemma,wane
wanes,60,esdb-inflection,inherited-from-lemma,wane
wangle,60,cleaned-dictionary,preserved,
wangled,60,esdb-inflection,inherited-from-lemma,wangle
wangles,60,esdb-inflection,inherited-from-lemma,wangle
waning,60,cleaned-dictionary,preserved,
wank,60,cleaned-dictionary,preserved,
wanked,60,esdb-inflection,inherited-from-lemma,wank
wanking,60,esdb-inflection,inherited-from-lemma,wank
wanks,60,esdb-inflection,inherited-from-lemma,wank
wannabe,60,cleaned-dictionary,preserved,
wanner,60,esdb-inflection,inherited-from-lemma,wan
wannest,60,esdb-inflection,inherited-from-lemma,wan
want,60,cleaned-dictionary,preserved,
wanted,60,cleaned-dictionary,preserved,
wanting,60,cleaned-dictionary,preserved,
wanton,60,cleaned-dictionary,preserved,
wants,60,esdb-inflection,inherited-from-lemma,want
wapiti,60,cleaned-dictionary,preserved,
wapitis,60,esdb-inflection,inherited-from-lemma,wapiti
war,60,cleaned-dictionary,preserved,
warble,60,cleaned-dictionary,preserved,
warbled,60,esdb-inflection,inherited-from-lemma,warble
warbler,60,cleaned-dictionary,preserved,
warbles,60,esdb-inflection,inherited-from-lemma,warble
ward,60,cleaned-dictionary,preserved,
warded,60,esdb-inflection,inherited-from-lemma,ward
warden,60,cleaned-dictionary,preserved,
wardens,60,esdb-inflection,inherited-from-lemma,warden
warder,60,cleaned-dictionary,preserved,
warders,60,esdb-inflection,inherited-from-lemma,warder
warding,60,esdb-inflection,inherited-from-lemma,ward
wards,60,esdb-inflection,inherited-from-lemma,ward
ware,60,cleaned-dictionary,preserved,
wares,60,cleaned-dictionary,preserved,
warfare,60,cleaned-dictionary,preserved,
warhead,60,cleaned-dictionary,preserved,
warier,60,esdb-inflection,inherited-from-lemma,wary
wariest,60,esdb-inflection,inherited-from-lemma,wary
warlike,60,cleaned-dictionary,preserved,
warlock,60,cleaned-dictionary,preserved,
warlord,60,cleaned-dictionary,preserved,
warm,60,cleaned-dictionary,preserved,
warmed,60,esdb-inflection,inherited-from-lemma,warm
warmer,60,cleaned-dictionary,preserved,
warmers,60,esdb-inflection,inherited-from-lemma,warmer
warmest,60,esdb-inflection,inherited-from-lemma,warm
warming,60,cleaned-dictionary,preserved,
warmly,60,cleaned-dictionary,preserved,
warms,60,esdb-inflection,inherited-from-lemma,warm
warmth,60,cleaned-dictionary,preserved,
warn,60,cleaned-dictionary,preserved,
warned,60,cleaned-dictionary,preserved,
warning,60,cleaned-dictionary,preserved,
warns,60,esdb-inflection,inherited-from-lemma,warn
warp,60,cleaned-dictionary,preserved,
warpath,60,cleaned-dictionary,preserved,
warped,60,cleaned-dictionary,preserved,
warping,60,esdb-inflection,inherited-from-lemma,warp
warps,60,esdb-inflection,inherited-from-lemma,warp
warrant,60,cleaned-dictionary,preserved,
warred,60,esdb-inflection,inherited-from-lemma,war
warren,60,cleaned-dictionary,preserved,
warrens,60,esdb-inflection,inherited-from-lemma,warren
warring,60,cleaned-dictionary,preserved,
warrior,60,cleaned-dictionary,preserved,
wars,60,cleaned-dictionary,preserved,
warship,60,cleaned-dictionary,preserved,
wart,60,cleaned-dictionary,preserved,
warthog,60,cleaned-dictionary,preserved,
warts,60,esdb-inflection,inherited-from-lemma,wart
wary,60,cleaned-dictionary,preserved,
was,60,cleaned-dictionary,preserved,
wasabi,60,cleaned-dictionary,preserved,
wash,60,cleaned-dictionary,preserved,
washed,60,cleaned-dictionary,preserved,
washer,60,cleaned-dictionary,preserved,
washers,60,esdb-inflection,inherited-from-lemma,washer
washes,60,esdb-inflection,inherited-from-lemma,wash
washier,60,esdb-inflection,inherited-from-lemma,washy
washing,60,cleaned-dictionary,preserved,
washout,60,cleaned-dictionary,preserved,
washy,60,cleaned-dictionary,preserved,
wasp,60,cleaned-dictionary,preserved,
wasps,60,esdb-inflection,inherited-from-lemma,wasp
wassail,60,cleaned-dictionary,preserved,
wastage,60,cleaned-dictionary,preserved,
waste,60,cleaned-dictionary,preserved,
wasted,60,cleaned-dictionary,preserved,
waster,60,cleaned-dictionary,preserved,
wasters,60,esdb-inflection,inherited-from-lemma,waster
wastes,60,esdb-inflection,inherited-from-lemma,waste
wasting,60,cleaned-dictionary,preserved,
wastrel,60,cleaned-dictionary,preserved,
watch,60,cleaned-dictionary,preserved,
watched,60,cleaned-dictionary,preserved,
watcher,60,cleaned-dictionary,preserved,
watches,60,cleaned-dictionary,preserved,
watery,60,cleaned-dictionary,preserved,
watt,60,cleaned-dictionary,preserved,
wattage,60,cleaned-dictionary,preserved,
wattle,60,cleaned-dictionary,preserved,
wattled,60,esdb-inflection,inherited-from-lemma,wattle
wattles,60,esdb-inflection,inherited-from-lemma,wattle
watts,60,esdb-inflection,inherited-from-lemma,watt
wave,60,cleaned-dictionary,preserved,
waved,60,cleaned-dictionary,preserved,
waver,60,cleaned-dictionary,preserved,
wavered,60,esdb-inflection,inherited-from-lemma,waver
wavers,60,esdb-inflection,inherited-from-lemma,waver
waves,60,esdb-inflection,inherited-from-lemma,wave
wavier,60,esdb-inflection,inherited-from-lemma,wavy
waviest,60,esdb-inflection,inherited-from-lemma,wavy
waving,60,cleaned-dictionary,preserved,
wavy,60,cleaned-dictionary,preserved,
wax,60,cleaned-dictionary,preserved,
waxed,60,esdb-inflection,inherited-from-lemma,wax
waxes,60,esdb-inflection,inherited-from-lemma,wax
waxier,60,esdb-inflection,inherited-from-lemma,waxy
waxiest,60,esdb-inflection,inherited-from-lemma,waxy
waxing,60,cleaned-dictionary,preserved,
waxwing,60,cleaned-dictionary,preserved,
waxwork,60,cleaned-dictionary,preserved,
waxy,60,cleaned-dictionary,preserved,
way,60,cleaned-dictionary,preserved,
waylaid,60,cleaned-dictionary,preserved,
waylay,60,cleaned-dictionary,preserved,
waylays,60,esdb-inflection,inherited-from-lemma,waylay
ways,60,cleaned-dictionary,preserved,
wayside,60,cleaned-dictionary,preserved,
wayward,60,cleaned-dictionary,preserved,
wazoo,60,cleaned-dictionary,preserved,
wazoos,60,esdb-inflection,inherited-from-lemma,wazoo
weak,60,cleaned-dictionary,preserved,
weaken,60,cleaned-dictionary,preserved,
weakens,60,esdb-inflection,inherited-from-lemma,weaken
weaker,60,cleaned-dictionary,preserved,
weakest,60,esdb-inflection,inherited-from-lemma,weak
weakly,60,cleaned-dictionary,preserved,
weal,60,cleaned-dictionary,preserved,
weals,60,esdb-inflection,inherited-from-lemma,weal
wealth,60,cleaned-dictionary,preserved,
wealthy,60,cleaned-dictionary,preserved,
wean,60,cleaned-dictionary,preserved,
weaned,60,esdb-inflection,inherited-from-lemma,wean
weaning,60,cleaned-dictionary,preserved,
weans,60,esdb-inflection,inherited-from-lemma,wean
weapon,60,cleaned-dictionary,preserved,
weapons,60,cleaned-dictionary,preserved,
wear,60,cleaned-dictionary,preserved,
wearied,60,esdb-inflection,inherited-from-lemma,weary
wearier,60,esdb-inflection,inherited-from-lemma,weary
wearies,60,esdb-inflection,inherited-from-lemma,weary
wearing,60,cleaned-dictionary,preserved,
wears,60,esdb-inflection,inherited-from-lemma,wear
weary,60,cleaned-dictionary,preserved,
weasel,60,cleaned-dictionary,preserved,
weasels,60,esdb-inflection,inherited-from-lemma,weasel
weather,60,cleaned-dictionary,preserved,
weave,60,cleaned-dictionary,preserved,
weaved,60,esdb-inflection,inherited-from-lemma,weave
weaver,60,cleaned-dictionary,preserved,
weavers,60,esdb-inflection,inherited-from-lemma,weaver
weaves,60,esdb-inflection,inherited-from-lemma,weave
weaving,60,cleaned-dictionary,preserved,
web,60,cleaned-dictionary,preserved,
webbed,60,cleaned-dictionary,preserved,
webbing,60,cleaned-dictionary,preserved,
webcast,60,cleaned-dictionary,preserved,
webinar,60,cleaned-dictionary,preserved,
weblog,60,cleaned-dictionary,preserved,
weblogs,60,esdb-inflection,inherited-from-lemma,weblog
webs,60,esdb-inflection,inherited-from-lemma,web
website,60,cleaned-dictionary,preserved,
wed,60,cleaned-dictionary,preserved,
wedded,60,cleaned-dictionary,preserved,
wedding,60,cleaned-dictionary,preserved,
wedge,60,cleaned-dictionary,preserved,
wedged,60,esdb-inflection,inherited-from-lemma,wedge
wedges,60,esdb-inflection,inherited-from-lemma,wedge
wedgie,60,cleaned-dictionary,preserved,
wedgies,60,esdb-inflection,inherited-from-lemma,wedgie
wedging,60,esdb-inflection,inherited-from-lemma,wedge
wedlock,60,cleaned-dictionary,preserved,
weds,60,esdb-inflection,inherited-from-lemma,wed
wee,60,cleaned-dictionary,preserved,
weed,60,cleaned-dictionary,preserved,
weeded,60,esdb-inflection,inherited-from-lemma,weed
weeding,60,esdb-inflection,inherited-from-lemma,weed
weeds,60,cleaned-dictionary,preserved,
weeing,60,esdb-inflection,inherited-from-lemma,wee
week,60,cleaned-dictionary,preserved,
weekday,60,cleaned-dictionary,preserved,
weekend,60,cleaned-dictionary,preserved,
weekly,60,cleaned-dictionary,preserved,
weeks,60,cleaned-dictionary,preserved,
ween,60,cleaned-dictionary,preserved,
weened,60,esdb-inflection,inherited-from-lemma,ween
weening,60,esdb-inflection,inherited-from-lemma,ween
weens,60,esdb-inflection,inherited-from-lemma,ween
weep,60,cleaned-dictionary,preserved,
weeping,60,cleaned-dictionary,preserved,
weeps,60,esdb-inflection,inherited-from-lemma,weep
weer,60,cleaned-dictionary,preserved,
wees,60,cleaned-dictionary,preserved,
weest,60,esdb-inflection,inherited-from-lemma,wee
weevil,60,cleaned-dictionary,preserved,
weevils,60,esdb-inflection,inherited-from-lemma,weevil
weigh,60,cleaned-dictionary,preserved,
weighed,60,cleaned-dictionary,preserved,
weighs,60,esdb-inflection,inherited-from-lemma,weigh
weight,60,cleaned-dictionary,preserved,
weights,60,cleaned-dictionary,preserved,
weighty,60,cleaned-dictionary,preserved,
weir,60,cleaned-dictionary,preserved,
weird,60,cleaned-dictionary,preserved,
weirded,60,esdb-inflection,inherited-from-lemma,weird
weirder,60,esdb-inflection,inherited-from-lemma,weird
weirdo,60,cleaned-dictionary,preserved,
weirdos,60,esdb-inflection,inherited-from-lemma,weirdo
weirds,60,esdb-inflection,inherited-from-lemma,weird
weirs,60,esdb-inflection,inherited-from-lemma,weir
welcome,60,cleaned-dictionary,preserved,
weld,60,cleaned-dictionary,preserved,
welded,60,esdb-inflection,inherited-from-lemma,weld
welder,60,cleaned-dictionary,preserved,
welders,60,esdb-inflection,inherited-from-lemma,welder
welding,60,cleaned-dictionary,preserved,
welds,60,esdb-inflection,inherited-from-lemma,weld
welfare,60,cleaned-dictionary,preserved,
welkin,60,cleaned-dictionary,preserved,
well,60,cleaned-dictionary,preserved,
welled,60,cleaned-dictionary,preserved,
wellies,60,cleaned-dictionary,preserved,
welling,60,cleaned-dictionary,preserved,
wells,60,cleaned-dictionary,preserved,
welly,60,cleaned-dictionary,preserved,
welsher,60,cleaned-dictionary,preserved,
welter,60,cleaned-dictionary,preserved,
welters,60,esdb-inflection,inherited-from-lemma,welter
wen,60,cleaned-dictionary,preserved,
wench,60,cleaned-dictionary,preserved,
wenches,60,esdb-inflection,inherited-from-lemma,wench
wend,60,cleaned-dictionary,preserved,
wended,60,esdb-inflection,inherited-from-lemma,wend
wending,60,esdb-inflection,inherited-from-lemma,wend
wends,60,esdb-inflection,inherited-from-lemma,wend
wens,60,esdb-inflection,inherited-from-lemma,wen
went,60,cleaned-dictionary,preserved,
wept,60,cleaned-dictionary,preserved,
were,60,cleaned-dictionary,preserved,
west,60,cleaned-dictionary,preserved,
western,60,cleaned-dictionary,preserved,
wet,60,cleaned-dictionary,preserved,
wetland,60,cleaned-dictionary,preserved,
wetness,60,cleaned-dictionary,preserved,
wetter,60,esdb-inflection,inherited-from-lemma,wet
wettest,60,esdb-inflection,inherited-from-lemma,wet
wetting,60,cleaned-dictionary,preserved,
whack,60,cleaned-dictionary,preserved,
whacked,60,esdb-inflection,inherited-from-lemma,whack
whacks,60,esdb-inflection,inherited-from-lemma,whack
whale,60,cleaned-dictionary,preserved,
whaled,60,esdb-inflection,inherited-from-lemma,whale
whaler,60,cleaned-dictionary,preserved,
whalers,60,esdb-inflection,inherited-from-lemma,whaler
whales,60,esdb-inflection,inherited-from-lemma,whale
whaling,60,esdb-inflection,inherited-from-lemma,whale
wham,60,cleaned-dictionary,preserved,
whammed,60,esdb-inflection,inherited-from-lemma,wham
whammy,60,cleaned-dictionary,preserved,
whams,60,esdb-inflection,inherited-from-lemma,wham
wharf,60,cleaned-dictionary,preserved,
wharves,60,esdb-inflection,inherited-from-lemma,wharf
what,60,cleaned-dictionary,preserved,
wheal,60,cleaned-dictionary,preserved,
wheals,60,esdb-inflection,inherited-from-lemma,wheal
wheat,60,cleaned-dictionary,preserved,
wheaten,60,cleaned-dictionary,preserved,
whee,60,cleaned-dictionary,preserved,
wheedle,60,cleaned-dictionary,preserved,
wheel,60,cleaned-dictionary,preserved,
wheeled,60,esdb-inflection,inherited-from-lemma,wheel
wheelie,60,cleaned-dictionary,preserved,
wheels,60,cleaned-dictionary,preserved,
wheeze,60,cleaned-dictionary,preserved,
wheezed,60,esdb-inflection,inherited-from-lemma,wheeze
wheezes,60,esdb-inflection,inherited-from-lemma,wheeze
whelk,60,cleaned-dictionary,preserved,
whelks,60,esdb-inflection,inherited-from-lemma,whelk
whelm,60,cleaned-dictionary,preserved,
whelmed,60,esdb-inflection,inherited-from-lemma,whelm
whelms,60,esdb-inflection,inherited-from-lemma,whelm
whelp,60,cleaned-dictionary,preserved,
whelped,60,esdb-inflection,inherited-from-lemma,whelp
whelps,60,esdb-inflection,inherited-from-lemma,whelp
when,60,cleaned-dictionary,preserved,
whence,60,cleaned-dictionary,preserved,
whens,60,esdb-inflection,inherited-from-lemma,when
where,60,cleaned-dictionary,preserved,
whereas,60,cleaned-dictionary,preserved,
whereby,60,cleaned-dictionary,preserved,
wherein,60,cleaned-dictionary,preserved,
whereof,60,cleaned-dictionary,preserved,
wheres,60,esdb-inflection,inherited-from-lemma,where
whet,60,cleaned-dictionary,preserved,
whether,60,cleaned-dictionary,preserved,
whets,60,esdb-inflection,inherited-from-lemma,whet
whetted,60,esdb-inflection,inherited-from-lemma,whet
whew,60,cleaned-dictionary,preserved,
whey,60,cleaned-dictionary,preserved,
which,60,cleaned-dictionary,preserved,
whiff,60,cleaned-dictionary,preserved,
whiffed,60,esdb-inflection,inherited-from-lemma,whiff
whiffs,60,esdb-inflection,inherited-from-lemma,whiff
while,60,cleaned-dictionary,preserved,
whiled,60,esdb-inflection,inherited-from-lemma,while
whiles,60,cleaned-dictionary,preserved,
whiling,60,esdb-inflection,inherited-from-lemma,while
whilst,60,cleaned-dictionary,preserved,
whim,60,cleaned-dictionary,preserved,
whimper,60,cleaned-dictionary,preserved,
whims,60,esdb-inflection,inherited-from-lemma,whim
whimsy,60,cleaned-dictionary,preserved,
whine,60,cleaned-dictionary,preserved,
whined,60,esdb-inflection,inherited-from-lemma,whine
whines,60,esdb-inflection,inherited-from-lemma,whine
whinge,60,cleaned-dictionary,preserved,
whinged,60,esdb-inflection,inherited-from-lemma,whinge
whinges,60,esdb-inflection,inherited-from-lemma,whinge
whining,60,esdb-inflection,inherited-from-lemma,whine
whinny,60,cleaned-dictionary,preserved,
whip,60,cleaned-dictionary,preserved,
whipped,60,esdb-inflection,inherited-from-lemma,whip
whips,60,esdb-inflection,inherited-from-lemma,whip
whirl,60,cleaned-dictionary,preserved,
whirled,60,esdb-inflection,inherited-from-lemma,whirl
whirls,60,esdb-inflection,inherited-from-lemma,whirl
whisk,60,cleaned-dictionary,preserved,
whisked,60,esdb-inflection,inherited-from-lemma,whisk
whisker,60,cleaned-dictionary,preserved,
whiskey,60,cleaned-dictionary,preserved,
whisks,60,esdb-inflection,inherited-from-lemma,whisk
whisper,60,cleaned-dictionary,preserved,
whistle,60,cleaned-dictionary,preserved,
whit,60,cleaned-dictionary,preserved,
white,60,cleaned-dictionary,preserved,
whited,60,esdb-inflection,inherited-from-lemma,white
whiten,60,cleaned-dictionary,preserved,
whitens,60,esdb-inflection,inherited-from-lemma,whiten
whiter,60,esdb-inflection,inherited-from-lemma,white
whites,60,esdb-inflection,inherited-from-lemma,white
whitest,60,esdb-inflection,inherited-from-lemma,white
whither,60,cleaned-dictionary,preserved,
whiting,60,cleaned-dictionary,preserved,
whits,60,esdb-inflection,inherited-from-lemma,whit
whittle,60,cleaned-dictionary,preserved,
whiz,60,cleaned-dictionary,preserved,
whizzed,60,esdb-inflection,inherited-from-lemma,whiz
whizzes,60,esdb-inflection,inherited-from-lemma,whiz
who,60,cleaned-dictionary,preserved,
whoa,60,cleaned-dictionary,preserved,
whoever,60,cleaned-dictionary,preserved,
whole,60,cleaned-dictionary,preserved,
wholes,60,esdb-inflection,inherited-from-lemma,whole
wholly,60,cleaned-dictionary,preserved,
whom,60,cleaned-dictionary,preserved,
whoop,60,cleaned-dictionary,preserved,
whooped,60,esdb-inflection,inherited-from-lemma,whoop
whoopee,60,cleaned-dictionary,preserved,
whoops,60,cleaned-dictionary,preserved,
whoosh,60,cleaned-dictionary,preserved,
whop,60,cleaned-dictionary,preserved,
whopped,60,esdb-inflection,inherited-from-lemma,whop
whopper,60,cleaned-dictionary,preserved,
whops,60,esdb-inflection,inherited-from-lemma,whop
whose,60,cleaned-dictionary,preserved,
why,60,cleaned-dictionary,preserved,
whys,60,esdb-inflection,inherited-from-lemma,why
wick,60,cleaned-dictionary,preserved,
wicked,60,cleaned-dictionary,preserved,
wicker,60,cleaned-dictionary,preserved,
wickers,60,esdb-inflection,inherited-from-lemma,wicker
wicket,60,cleaned-dictionary,preserved,
wickets,60,esdb-inflection,inherited-from-lemma,wicket
wicks,60,esdb-inflection,inherited-from-lemma,wick
wide,60,cleaned-dictionary,preserved,
widely,60,cleaned-dictionary,preserved,
widen,60,cleaned-dictionary,preserved,
widened,60,cleaned-dictionary,preserved,
widens,60,esdb-inflection,inherited-from-lemma,widen
wider,60,cleaned-dictionary,preserved,
widest,60,cleaned-dictionary,preserved,
widget,60,cleaned-dictionary,preserved,
widgets,60,esdb-inflection,inherited-from-lemma,widget
widow,60,cleaned-dictionary,preserved,
widowed,60,esdb-inflection,inherited-from-lemma,widow
widower,60,cleaned-dictionary,preserved,
widows,60,esdb-inflection,inherited-from-lemma,widow
width,60,cleaned-dictionary,preserved,
widths,60,esdb-inflection,inherited-from-lemma,width
wield,60,cleaned-dictionary,preserved,
wielded,60,esdb-inflection,inherited-from-lemma,wield
wields,60,esdb-inflection,inherited-from-lemma,wield
wiener,60,cleaned-dictionary,preserved,
wieners,60,esdb-inflection,inherited-from-lemma,wiener
wife,60,cleaned-dictionary,preserved,
wig,60,cleaned-dictionary,preserved,
wigged,60,esdb-inflection,inherited-from-lemma,wig
wigging,60,cleaned-dictionary,preserved,
wiggle,60,cleaned-dictionary,preserved,
wiggled,60,esdb-inflection,inherited-from-lemma,wiggle
wiggles,60,esdb-inflection,inherited-from-lemma,wiggle
wight,60,cleaned-dictionary,preserved,
wights,60,esdb-inflection,inherited-from-lemma,wight
wigs,60,esdb-inflection,inherited-from-lemma,wig
wigwam,60,cleaned-dictionary,preserved,
wigwams,60,esdb-inflection,inherited-from-lemma,wigwam
wiki,60,cleaned-dictionary,preserved,
wikis,60,esdb-inflection,inherited-from-lemma,wiki
wild,60,cleaned-dictionary,preserved,
wildcat,60,cleaned-dictionary,preserved,
wilder,60,esdb-inflection,inherited-from-lemma,wild
wildest,60,esdb-inflection,inherited-from-lemma,wild
wildly,60,cleaned-dictionary,preserved,
wilds,60,esdb-inflection,inherited-from-lemma,wild
wile,60,cleaned-dictionary,preserved,
wiled,60,esdb-inflection,inherited-from-lemma,wile
wiles,60,esdb-inflection,inherited-from-lemma,wile
wilier,60,esdb-inflection,inherited-from-lemma,wily
wiliest,60,esdb-inflection,inherited-from-lemma,wily
wiling,60,esdb-inflection,inherited-from-lemma,wile
will,60,cleaned-dictionary,preserved,
willed,60,esdb-inflection,inherited-from-lemma,will
willies,60,cleaned-dictionary,preserved,
willing,60,cleaned-dictionary,preserved,
willow,60,cleaned-dictionary,preserved,
willows,60,esdb-inflection,inherited-from-lemma,willow
wills,60,esdb-inflection,inherited-from-lemma,will
willy,60,cleaned-dictionary,preserved,
wilt,60,cleaned-dictionary,preserved,
wilted,60,esdb-inflection,inherited-from-lemma,wilt
wilting,60,esdb-inflection,inherited-from-lemma,wilt
wilts,60,esdb-inflection,inherited-from-lemma,wilt
wily,60,cleaned-dictionary,preserved,
wimp,60,cleaned-dictionary,preserved,
wimped,60,esdb-inflection,inherited-from-lemma,wimp
wimping,60,esdb-inflection,inherited-from-lemma,wimp
wimps,60,esdb-inflection,inherited-from-lemma,wimp
win,60,cleaned-dictionary,preserved,
wince,60,cleaned-dictionary,preserved,
winced,60,esdb-inflection,inherited-from-lemma,wince
winces,60,esdb-inflection,inherited-from-lemma,wince
winch,60,cleaned-dictionary,preserved,
winched,60,esdb-inflection,inherited-from-lemma,winch
winches,60,esdb-inflection,inherited-from-lemma,winch
wincing,60,esdb-inflection,inherited-from-lemma,wince
wind,60,cleaned-dictionary,preserved,
windbag,60,cleaned-dictionary,preserved,
winded,60,cleaned-dictionary,preserved,
winder,60,cleaned-dictionary,preserved,
winders,60,esdb-inflection,inherited-from-lemma,winder
windier,60,esdb-inflection,inherited-from-lemma,windy
winding,60,cleaned-dictionary,preserved,
window,60,cleaned-dictionary,preserved,
windows,60,cleaned-dictionary,preserved,
winds,60,cleaned-dictionary,preserved,
windup,60,cleaned-dictionary,preserved,
windups,60,esdb-inflection,inherited-from-lemma,windup
windy,60,cleaned-dictionary,preserved,
wine,60,cleaned-dictionary,preserved,
wined,60,esdb-inflection,inherited-from-lemma,wine
wines,60,cleaned-dictionary,preserved,
wing,60,cleaned-dictionary,preserved,
winged,60,cleaned-dictionary,preserved,
winger,60,cleaned-dictionary,preserved,
wingers,60,esdb-inflection,inherited-from-lemma,winger
winging,60,esdb-inflection,inherited-from-lemma,wing
wingnut,60,cleaned-dictionary,preserved,
wings,60,cleaned-dictionary,preserved,
wingtip,60,cleaned-dictionary,preserved,
winier,60,esdb-inflection,inherited-from-lemma,winy
winiest,60,esdb-inflection,inherited-from-lemma,winy
wining,60,esdb-inflection,inherited-from-lemma,wine
wink,60,cleaned-dictionary,preserved,
winked,60,esdb-inflection,inherited-from-lemma,wink
winker,60,cleaned-dictionary,preserved,
winkers,60,esdb-inflection,inherited-from-lemma,winker
winking,60,esdb-inflection,inherited-from-lemma,wink
winkle,60,cleaned-dictionary,preserved,
winkled,60,esdb-inflection,inherited-from-lemma,winkle
winkles,60,esdb-inflection,inherited-from-lemma,winkle
winks,60,esdb-inflection,inherited-from-lemma,wink
winner,60,cleaned-dictionary,preserved,
winners,60,esdb-inflection,inherited-from-lemma,winner
winning,60,cleaned-dictionary,preserved,
winnow,60,cleaned-dictionary,preserved,
winnows,60,esdb-inflection,inherited-from-lemma,winnow
wino,60,cleaned-dictionary,preserved,
winos,60,esdb-inflection,inherited-from-lemma,wino
wins,60,esdb-inflection,inherited-from-lemma,win
winsome,60,cleaned-dictionary,preserved,
winter,60,cleaned-dictionary,preserved,
winters,60,esdb-inflection,inherited-from-lemma,winter
wintry,60,cleaned-dictionary,preserved,
winy,60,cleaned-dictionary,preserved,
wipe,60,cleaned-dictionary,preserved,
wiped,60,cleaned-dictionary,preserved,
wipes,60,esdb-inflection,inherited-from-lemma,wipe
wiping,60,esdb-inflection,inherited-from-lemma,wipe
wire,60,cleaned-dictionary,preserved,
wired,60,cleaned-dictionary,preserved,
wires,60,cleaned-dictionary,preserved,
wirier,60,esdb-inflection,inherited-from-lemma,wiry
wiriest,60,esdb-inflection,inherited-from-lemma,wiry
wiring,60,cleaned-dictionary,preserved,
wiry,60,cleaned-dictionary,preserved,
wisdom,60,cleaned-dictionary,preserved,
wise,60,cleaned-dictionary,preserved,
wised,60,esdb-inflection,inherited-from-lemma,wise
wiser,60,cleaned-dictionary,preserved,
wises,60,esdb-inflection,inherited-from-lemma,wise
wisest,60,esdb-inflection,inherited-from-lemma,wise
wish,60,cleaned-dictionary,preserved,
wished,60,cleaned-dictionary,preserved,
wishes,60,cleaned-dictionary,preserved,
wishful,60,cleaned-dictionary,preserved,
wishing,60,esdb-inflection,inherited-from-lemma,wish
wising,60,esdb-inflection,inherited-from-lemma,wise
wisp,60,cleaned-dictionary,preserved,
wisps,60,esdb-inflection,inherited-from-lemma,wisp
wistful,60,cleaned-dictionary,preserved,
wit,60,cleaned-dictionary,preserved,
witch,60,cleaned-dictionary,preserved,
witched,60,esdb-inflection,inherited-from-lemma,witch
witches,60,esdb-inflection,inherited-from-lemma,witch
with,60,cleaned-dictionary,preserved,
withe,60,cleaned-dictionary,preserved,
withed,60,esdb-inflection,inherited-from-lemma,withe
wither,60,cleaned-dictionary,preserved,
withers,60,cleaned-dictionary,preserved,
withes,60,esdb-inflection,inherited-from-lemma,withe
within,60,cleaned-dictionary,preserved,
withing,60,cleaned-dictionary,preserved,
without,60,cleaned-dictionary,preserved,
witless,60,cleaned-dictionary,preserved,
witness,60,cleaned-dictionary,preserved,
wits,60,cleaned-dictionary,preserved,
wittier,60,esdb-inflection,inherited-from-lemma,witty
witty,60,cleaned-dictionary,preserved,
wives,60,cleaned-dictionary,preserved,
wizard,60,cleaned-dictionary,preserved,
wizards,60,esdb-inflection,inherited-from-lemma,wizard
wizened,60,cleaned-dictionary,preserved,
wobble,60,cleaned-dictionary,preserved,
wobbled,60,esdb-inflection,inherited-from-lemma,wobble
wobbles,60,esdb-inflection,inherited-from-lemma,wobble
wobbly,60,cleaned-dictionary,preserved,
woe,60,cleaned-dictionary,preserved,
woeful,60,cleaned-dictionary,preserved,
woes,60,esdb-inflection,inherited-from-lemma,woe
wog,60,cleaned-dictionary,preserved,
wogs,60,esdb-inflection,inherited-from-lemma,wog
wok,60,cleaned-dictionary,preserved,
woke,60,cleaned-dictionary,preserved,
woken,60,cleaned-dictionary,preserved,
woker,60,esdb-inflection,inherited-from-lemma,woke
wokest,60,esdb-inflection,inherited-from-lemma,woke
woks,60,esdb-inflection,inherited-from-lemma,wok
wold,60,cleaned-dictionary,preserved,
wolds,60,esdb-inflection,inherited-from-lemma,wold
wolf,60,cleaned-dictionary,preserved,
wolfed,60,esdb-inflection,inherited-from-lemma,wolf
wolfing,60,esdb-inflection,inherited-from-lemma,wolf
wolfs,60,esdb-inflection,inherited-from-lemma,wolf
wolves,60,cleaned-dictionary,preserved,
woman,60,cleaned-dictionary,preserved,
womanly,60,cleaned-dictionary,preserved,
womb,60,cleaned-dictionary,preserved,
wombat,60,cleaned-dictionary,preserved,
wombats,60,esdb-inflection,inherited-from-lemma,wombat
wombs,60,esdb-inflection,inherited-from-lemma,womb
women,60,cleaned-dictionary,preserved,
won,60,cleaned-dictionary,preserved,
wonder,60,cleaned-dictionary,preserved,
wonders,60,cleaned-dictionary,preserved,
wonkier,60,esdb-inflection,inherited-from-lemma,wonky
wonky,60,cleaned-dictionary,preserved,
wont,60,cleaned-dictionary,preserved,
woo,60,cleaned-dictionary,preserved,
wood,60,cleaned-dictionary,preserved,
woodcut,60,cleaned-dictionary,preserved,
wooded,60,cleaned-dictionary,preserved,
wooden,60,cleaned-dictionary,preserved,
woodier,60,esdb-inflection,inherited-from-lemma,woody
woodies,60,esdb-inflection,inherited-from-lemma,woody
wooding,60,esdb-inflection,inherited-from-lemma,wood
woods,60,cleaned-dictionary,preserved,
woody,60,cleaned-dictionary,preserved,
wooed,60,esdb-inflection,inherited-from-lemma,woo
woof,60,cleaned-dictionary,preserved,
woofed,60,esdb-inflection,inherited-from-lemma,woof
woofer,60,cleaned-dictionary,preserved,
woofers,60,esdb-inflection,inherited-from-lemma,woofer
woofing,60,esdb-inflection,inherited-from-lemma,woof
woofs,60,esdb-inflection,inherited-from-lemma,woof
wooing,60,esdb-inflection,inherited-from-lemma,woo
wool,60,cleaned-dictionary,preserved,
woolen,60,cleaned-dictionary,preserved,
woolens,60,esdb-inflection,inherited-from-lemma,woolen
woolly,60,cleaned-dictionary,preserved,
wools,60,esdb-inflection,inherited-from-lemma,wool
woos,60,esdb-inflection,inherited-from-lemma,woo
woozier,60,esdb-inflection,inherited-from-lemma,woozy
woozy,60,cleaned-dictionary,preserved,
word,60,cleaned-dictionary,preserved,
worded,60,esdb-inflection,inherited-from-lemma,word
wordier,60,esdb-inflection,inherited-from-lemma,wordy
wording,60,cleaned-dictionary,preserved,
words,60,cleaned-dictionary,preserved,
wordy,60,cleaned-dictionary,preserved,
wore,60,cleaned-dictionary,preserved,
work,60,cleaned-dictionary,preserved,
workday,60,cleaned-dictionary,preserved,
worked,60,esdb-inflection,inherited-from-lemma,work
worker,60,cleaned-dictionary,preserved,
workers,60,cleaned-dictionary,preserved,
working,60,cleaned-dictionary,preserved,
workman,60,cleaned-dictionary,preserved,
workmen,60,cleaned-dictionary,preserved,
workout,60,cleaned-dictionary,preserved,
works,60,cleaned-dictionary,preserved,
world,60,cleaned-dictionary,preserved,
worldly,60,cleaned-dictionary,preserved,
worlds,60,cleaned-dictionary,preserved,
worm,60,cleaned-dictionary,preserved,
wormed,60,esdb-inflection,inherited-from-lemma,worm
worming,60,esdb-inflection,inherited-from-lemma,worm
worms,60,esdb-inflection,inherited-from-lemma,worm
worn,60,cleaned-dictionary,preserved,
worried,60,cleaned-dictionary,preserved,
worries,60,esdb-inflection,inherited-from-lemma,worry
worry,60,cleaned-dictionary,preserved,
worse,60,cleaned-dictionary,preserved,
worsen,60,cleaned-dictionary,preserved,
worsens,60,esdb-inflection,inherited-from-lemma,worsen
worship,60,cleaned-dictionary,preserved,
worst,60,cleaned-dictionary,preserved,
worsted,60,esdb-inflection,inherited-from-lemma,worst
worsts,60,esdb-inflection,inherited-from-lemma,worst
wort,60,cleaned-dictionary,preserved,
worth,60,cleaned-dictionary,preserved,
worthy,60,cleaned-dictionary,preserved,
would,60,cleaned-dictionary,preserved,
wound,60,cleaned-dictionary,preserved,
wounded,60,cleaned-dictionary,preserved,
wounds,60,cleaned-dictionary,preserved,
wove,60,cleaned-dictionary,preserved,
woven,60,esdb-inflection,inherited-from-lemma,weave
wow,60,cleaned-dictionary,preserved,
wowed,60,esdb-inflection,inherited-from-lemma,wow
wowing,60,esdb-inflection,inherited-from-lemma,wow
wows,60,esdb-inflection,inherited-from-lemma,wow
wrack,60,cleaned-dictionary,preserved,
wracked,60,esdb-inflection,inherited-from-lemma,wrack
wracks,60,esdb-inflection,inherited-from-lemma,wrack
wraith,60,cleaned-dictionary,preserved,
wraiths,60,esdb-inflection,inherited-from-lemma,wraith
wrangle,60,cleaned-dictionary,preserved,
wrap,60,cleaned-dictionary,preserved,
wrapped,60,cleaned-dictionary,preserved,
wrapper,60,cleaned-dictionary,preserved,
wraps,60,esdb-inflection,inherited-from-lemma,wrap
wrasse,60,cleaned-dictionary,preserved,
wrasses,60,esdb-inflection,inherited-from-lemma,wrasse
wrath,60,cleaned-dictionary,preserved,
wreak,60,cleaned-dictionary,preserved,
wreaked,60,esdb-inflection,inherited-from-lemma,wreak
wreaks,60,esdb-inflection,inherited-from-lemma,wreak
wreath,60,cleaned-dictionary,preserved,
wreathe,60,cleaned-dictionary,preserved,
wreaths,60,esdb-inflection,inherited-from-lemma,wreath
wreck,60,cleaned-dictionary,preserved,
wrecked,60,cleaned-dictionary,preserved,
wrecks,60,esdb-inflection,inherited-from-lemma,wreck
wren,60,cleaned-dictionary,preserved,
wrench,60,cleaned-dictionary,preserved,
wrens,60,esdb-inflection,inherited-from-lemma,wren
wrest,60,cleaned-dictionary,preserved,
wrested,60,esdb-inflection,inherited-from-lemma,wrest
wrestle,60,cleaned-dictionary,preserved,
wrests,60,esdb-inflection,inherited-from-lemma,wrest
wretch,60,cleaned-dictionary,preserved,
wriggle,60,cleaned-dictionary,preserved,
wright,60,cleaned-dictionary,preserved,
wrights,60,esdb-inflection,inherited-from-lemma,wright
wring,60,cleaned-dictionary,preserved,
wringer,60,cleaned-dictionary,preserved,
wrings,60,esdb-inflection,inherited-from-lemma,wring
wrinkle,60,cleaned-dictionary,preserved,
wrist,60,cleaned-dictionary,preserved,
wrists,60,cleaned-dictionary,preserved,
writ,60,cleaned-dictionary,preserved,
write,60,cleaned-dictionary,preserved,
writer,60,cleaned-dictionary,preserved,
writers,60,cleaned-dictionary,preserved,
writes,60,esdb-inflection,inherited-from-lemma,write
writhe,60,cleaned-dictionary,preserved,
writhed,60,esdb-inflection,inherited-from-lemma,writhe
writhes,60,esdb-inflection,inherited-from-lemma,writhe
writing,60,cleaned-dictionary,preserved,
writs,60,esdb-inflection,inherited-from-lemma,writ
written,60,cleaned-dictionary,preserved,
wrong,60,cleaned-dictionary,preserved,
wronged,60,esdb-inflection,inherited-from-lemma,wrong
wronger,60,esdb-inflection,inherited-from-lemma,wrong
wrote,60,cleaned-dictionary,preserved,
wroth,60,cleaned-dictionary,preserved,
wrought,60,cleaned-dictionary,preserved,
wrung,60,cleaned-dictionary,preserved,
wry,60,cleaned-dictionary,preserved,
wryer,60,esdb-inflection,inherited-from-lemma,wry
wryest,60,esdb-inflection,inherited-from-lemma,wry
wurst,60,cleaned-dictionary,preserved,
wursts,60,esdb-inflection,inherited-from-lemma,wurst
xebec,70,cleaned-dictionary,preserved,
xenon,60,cleaned-dictionary,preserved,
xeric,70,cleaned-dictionary,preserved,
xerox,60,cleaned-dictionary,preserved,
xeroxed,60,esdb-inflection,inherited-from-lemma,xerox
xeroxes,60,esdb-inflection,inherited-from-lemma,xerox
xylem,60,cleaned-dictionary,preserved,
xylene,60,cleaned-dictionary,preserved,
yacht,60,cleaned-dictionary,preserved,
yachted,60,esdb-inflection,inherited-from-lemma,yacht
yachts,60,esdb-inflection,inherited-from-lemma,yacht
yahoo,60,cleaned-dictionary,preserved,
yahoos,60,esdb-inflection,inherited-from-lemma,yahoo
yak,60,cleaned-dictionary,preserved,
yakked,60,esdb-inflection,inherited-from-lemma,yak
yakking,60,esdb-inflection,inherited-from-lemma,yak
yaks,60,esdb-inflection,inherited-from-lemma,yak
yakuza,60,cleaned-dictionary,preserved,
yam,60,cleaned-dictionary,preserved,
yammer,60,cleaned-dictionary,preserved,
yammers,60,esdb-inflection,inherited-from-lemma,yammer
yams,60,esdb-inflection,inherited-from-lemma,yam
yang,60,cleaned-dictionary,preserved,
yank,60,cleaned-dictionary,preserved,
yanked,60,esdb-inflection,inherited-from-lemma,yank
yanking,60,esdb-inflection,inherited-from-lemma,yank
yanks,60,esdb-inflection,inherited-from-lemma,yank
yap,60,cleaned-dictionary,preserved,
yapped,60,esdb-inflection,inherited-from-lemma,yap
yapping,60,esdb-inflection,inherited-from-lemma,yap
yaps,60,esdb-inflection,inherited-from-lemma,yap
yard,60,cleaned-dictionary,preserved,
yardarm,60,cleaned-dictionary,preserved,
yards,60,cleaned-dictionary,preserved,
yarn,60,cleaned-dictionary,preserved,
yarns,60,esdb-inflection,inherited-from-lemma,yarn
yashmak,60,cleaned-dictionary,preserved,
yaw,60,cleaned-dictionary,preserved,
yawed,60,esdb-inflection,inherited-from-lemma,yaw
yawing,60,esdb-inflection,inherited-from-lemma,yaw
yawl,60,cleaned-dictionary,preserved,
yawls,60,esdb-inflection,inherited-from-lemma,yawl
yawn,60,cleaned-dictionary,preserved,
yawned,60,esdb-inflection,inherited-from-lemma,yawn
yawning,60,cleaned-dictionary,preserved,
yawns,60,esdb-inflection,inherited-from-lemma,yawn
yaws,60,cleaned-dictionary,preserved,
yea,60,cleaned-dictionary,preserved,
yeah,60,cleaned-dictionary,preserved,
yeahs,60,esdb-inflection,inherited-from-lemma,yeah
year,60,cleaned-dictionary,preserved,
yearly,60,cleaned-dictionary,preserved,
yearn,60,cleaned-dictionary,preserved,
yearned,60,esdb-inflection,inherited-from-lemma,yearn
yearns,60,esdb-inflection,inherited-from-lemma,yearn
years,60,cleaned-dictionary,preserved,
yeas,60,esdb-inflection,inherited-from-lemma,yea
yeast,60,cleaned-dictionary,preserved,
yeasts,60,esdb-inflection,inherited-from-lemma,yeast
yeasty,60,cleaned-dictionary,preserved,
yegg,60,cleaned-dictionary,preserved,
yeggs,60,esdb-inflection,inherited-from-lemma,yegg
yell,60,cleaned-dictionary,preserved,
yelled,60,cleaned-dictionary,preserved,
yelling,60,cleaned-dictionary,preserved,
yellow,60,cleaned-dictionary,preserved,
yellows,60,esdb-inflection,inherited-from-lemma,yellow
yells,60,esdb-inflection,inherited-from-lemma,yell
yelp,60,cleaned-dictionary,preserved,
yelped,60,esdb-inflection,inherited-from-lemma,yelp
yelping,60,esdb-inflection,inherited-from-lemma,yelp
yelps,60,esdb-inflection,inherited-from-lemma,yelp
yen,60,cleaned-dictionary,preserved,
yens,60,esdb-inflection,inherited-from-lemma,yen
yeoman,60,cleaned-dictionary,preserved,
yeomen,60,esdb-inflection,inherited-from-lemma,yeoman
yep,60,cleaned-dictionary,preserved,
yeps,60,esdb-inflection,inherited-from-lemma,yep
yer,60,cleaned-dictionary,preserved,
yes,60,cleaned-dictionary,preserved,
yeses,60,esdb-inflection,inherited-from-lemma,yes
yessed,60,esdb-inflection,inherited-from-lemma,yes
yessing,60,esdb-inflection,inherited-from-lemma,yes
yet,60,cleaned-dictionary,preserved,
yeti,60,cleaned-dictionary,preserved,
yetis,60,esdb-inflection,inherited-from-lemma,yeti
yew,60,cleaned-dictionary,preserved,
yews,60,esdb-inflection,inherited-from-lemma,yew
yield,60,cleaned-dictionary,preserved,
yielded,60,cleaned-dictionary,preserved,
yields,60,esdb-inflection,inherited-from-lemma,yield
yikes,60,editorial,provisional-editorial,
yin,60,cleaned-dictionary,preserved,
yip,60,cleaned-dictionary,preserved,
yipped,60,esdb-inflection,inherited-from-lemma,yip
yipping,60,esdb-inflection,inherited-from-lemma,yip
yips,60,esdb-inflection,inherited-from-lemma,yip
yob,60,cleaned-dictionary,preserved,
yobbo,60,cleaned-dictionary,preserved,
yobbos,60,esdb-inflection,inherited-from-lemma,yobbo
yobs,60,esdb-inflection,inherited-from-lemma,yob
yodel,60,cleaned-dictionary,preserved,
yodeled,60,esdb-inflection,inherited-from-lemma,yodel
yodels,60,esdb-inflection,inherited-from-lemma,yodel
yoga,60,cleaned-dictionary,preserved,
yogi,60,cleaned-dictionary,preserved,
yogis,60,esdb-inflection,inherited-from-lemma,yogi
yogurt,60,cleaned-dictionary,preserved,
yogurts,60,esdb-inflection,inherited-from-lemma,yogurt
yoke,60,cleaned-dictionary,preserved,
yoked,60,esdb-inflection,inherited-from-lemma,yoke
yokel,60,cleaned-dictionary,preserved,
yokels,60,esdb-inflection,inherited-from-lemma,yokel
yokes,60,esdb-inflection,inherited-from-lemma,yoke
yoking,60,esdb-inflection,inherited-from-lemma,yoke
yolk,60,cleaned-dictionary,preserved,
yolks,60,esdb-inflection,inherited-from-lemma,yolk
yon,60,cleaned-dictionary,preserved,
yonder,60,cleaned-dictionary,preserved,
yonks,60,cleaned-dictionary,preserved,
yore,60,cleaned-dictionary,preserved,
you,60,cleaned-dictionary,preserved,
young,60,cleaned-dictionary,preserved,
younger,60,cleaned-dictionary,preserved,
your,60,editorial,provisional-editorial,
yours,60,cleaned-dictionary,preserved,
youth,60,cleaned-dictionary,preserved,
youths,60,esdb-inflection,inherited-from-lemma,youth
yttrium,60,cleaned-dictionary,preserved,
yucca,60,cleaned-dictionary,preserved,
yuccas,60,esdb-inflection,inherited-from-lemma,yucca
yuck,60,cleaned-dictionary,preserved,
yum,60,cleaned-dictionary,preserved,
yummier,60,esdb-inflection,inherited-from-lemma,yummy
yummy,60,cleaned-dictionary,preserved,
yup,60,cleaned-dictionary,preserved,
yuppie,60,cleaned-dictionary,preserved,
yuppies,60,esdb-inflection,inherited-from-lemma,yuppie
yups,60,esdb-inflection,inherited-from-lemma,yup
yurt,60,cleaned-dictionary,preserved,
yurts,60,esdb-inflection,inherited-from-lemma,yurt
zanier,60,esdb-inflection,inherited-from-lemma,zany
zanies,60,esdb-inflection,inherited-from-lemma,zany
zaniest,60,esdb-inflection,inherited-from-lemma,zany
zany,60,cleaned-dictionary,preserved,
zap,60,cleaned-dictionary,preserved,
zapped,60,esdb-inflection,inherited-from-lemma,zap
zapper,60,cleaned-dictionary,preserved,
zappers,60,esdb-inflection,inherited-from-lemma,zapper
zapping,60,esdb-inflection,inherited-from-lemma,zap
zaps,60,esdb-inflection,inherited-from-lemma,zap
zeal,60,cleaned-dictionary,preserved,
zealot,60,cleaned-dictionary,preserved,
zealots,60,esdb-inflection,inherited-from-lemma,zealot
zealous,60,cleaned-dictionary,preserved,
zebra,60,cleaned-dictionary,preserved,
zebras,60,esdb-inflection,inherited-from-lemma,zebra
zebu,60,cleaned-dictionary,preserved,
zebus,60,esdb-inflection,inherited-from-lemma,zebu
zed,60,cleaned-dictionary,preserved,
zeds,60,esdb-inflection,inherited-from-lemma,zed
zee,70,editorial-supplement,preserved,
zees,70,editorial-supplement,provisional-editorial,
zen,,editorial-supplement,provisional-editorial,
zenith,60,cleaned-dictionary,preserved,
zeniths,60,esdb-inflection,inherited-from-lemma,zenith
zeolite,60,cleaned-dictionary,preserved,
zephyr,60,cleaned-dictionary,preserved,
zephyrs,60,esdb-inflection,inherited-from-lemma,zephyr
zero,60,cleaned-dictionary,preserved,
zeroed,60,esdb-inflection,inherited-from-lemma,zero
zeroing,60,esdb-inflection,inherited-from-lemma,zero
zeros,60,cleaned-dictionary,preserved,
zest,60,cleaned-dictionary,preserved,
zests,60,esdb-inflection,inherited-from-lemma,zest
zeta,60,cleaned-dictionary,preserved,
zetas,60,esdb-inflection,inherited-from-lemma,zeta
zeugma,70,cleaned-dictionary,preserved,
zigzag,60,cleaned-dictionary,preserved,
zigzags,60,esdb-inflection,inherited-from-lemma,zigzag
zilch,60,cleaned-dictionary,preserved,
zillion,60,cleaned-dictionary,preserved,
zinc,60,cleaned-dictionary,preserved,
zincked,60,esdb-inflection,inherited-from-lemma,zinc
zincs,60,esdb-inflection,inherited-from-lemma,zinc
zine,60,cleaned-dictionary,preserved,
zines,60,esdb-inflection,inherited-from-lemma,zine
zing,60,cleaned-dictionary,preserved,
zinged,60,cleaned-dictionary,preserved,
zinger,60,cleaned-dictionary,preserved,
zingers,60,cleaned-dictionary,preserved,
zingier,60,esdb-inflection,inherited-from-lemma,zingy
zinging,60,cleaned-dictionary,preserved,
zings,60,cleaned-dictionary,preserved,
zingy,60,cleaned-dictionary,preserved,
zinnia,60,cleaned-dictionary,preserved,
zinnias,60,esdb-inflection,inherited-from-lemma,zinnia
zip,60,cleaned-dictionary,preserved,
zipped,60,esdb-inflection,inherited-from-lemma,zip
zipper,60,cleaned-dictionary,preserved,
zippers,60,esdb-inflection,inherited-from-lemma,zipper
zippier,60,esdb-inflection,inherited-from-lemma,zippy
zipping,60,esdb-inflection,inherited-from-lemma,zip
zippy,60,cleaned-dictionary,preserved,
zips,60,esdb-inflection,inherited-from-lemma,zip
zircon,60,cleaned-dictionary,preserved,
zircons,60,esdb-inflection,inherited-from-lemma,zircon
zit,60,cleaned-dictionary,preserved,
zither,60,cleaned-dictionary,preserved,
zithers,60,esdb-inflection,inherited-from-lemma,zither
ziti,60,cleaned-dictionary,preserved,
zits,60,esdb-inflection,inherited-from-lemma,zit
zloty,60,cleaned-dictionary,preserved,
zlotys,60,cleaned-dictionary,preserved,
zodiac,60,cleaned-dictionary,preserved,
zodiacs,60,esdb-inflection,inherited-from-lemma,zodiac
zombie,60,cleaned-dictionary,preserved,
zombies,60,cleaned-dictionary,preserved,
zonal,60,cleaned-dictionary,preserved,
zone,60,cleaned-dictionary,preserved,
zoned,60,cleaned-dictionary,preserved,
zones,60,cleaned-dictionary,preserved,
zoning,60,cleaned-dictionary,preserved,
zonked,60,cleaned-dictionary,preserved,
zoo,60,cleaned-dictionary,preserved,
zoology,60,cleaned-dictionary,preserved,
zoom,60,cleaned-dictionary,preserved,
zoomed,60,cleaned-dictionary,preserved,
zooming,60,cleaned-dictionary,preserved,
zooms,60,esdb-inflection,inherited-from-lemma,zoom
zoos,60,esdb-inflection,inherited-from-lemma,zoo
zoster,60,cleaned-dictionary,preserved,
zydeco,60,cleaned-dictionary,preserved,
zygote,60,cleaned-dictionary,preserved,
zygotes,60,cleaned-dictionary,preserved,
zygotic,60,cleaned-dictionary,preserved,
zymurgy,60,cleaned-dictionary,preserved,
